mark_key,Z_responsiveness,meas_mean
FLYWCH1,0.0409998820450204,5.851761878782372
HOXB9,0.0457283557743546,2.821781253389828
PSMB11,0.0555644008829641,5.517660587406014
PPP5D1,0.3843381126572954,0.9840574121824266
FKBP11,0.2415276893804443,5.780590740021467
DNAH6,1.403959607348964,5.8514626895363415
IRAG1,0.0591465942072262,4.366126447368421
ZNF587B,0.0580892426293862,5.22716105263158
SPACA5,0.1551721726176541,7.833484285714286
HSFY1P1,0.159188299532765,5.268634707080201
FARSB,0.3131382301647285,6.486246305456841
HTR3D,0.2175272902524551,5.129352288533834
SNORA41B,0.6643709761291086,2.194749144736843
GDF2,0.2845626461590104,6.060767565789474
TNFRSF1B,0.2107967405366265,7.602904234765204
MMS22L,0.0863980887238139,2.939618843272183
VDAC3,0.1292464701767833,9.38765030820002
SCRIB,0.2375500557401487,5.499507556050293
PSD3,0.1672834439089165,5.251903705550039
TRIM68,0.2820229372244476,5.406259253427422
RNF212,0.0986813879237548,4.206584813299881
LINC02843,0.3889752076420903,2.5138007236842093
JAKMIP3,0.531940060460076,4.094958179349734
MUC21,0.0804532608874292,5.8763455419799495
TANGO6,0.4990982012891339,5.988440207776545
DLL3,0.5154360868720715,5.6011656437969926
HERC2P10,0.1434763672293176,5.312523881578949
TM4SF1,0.1543260353370821,8.168697765941682
IRGQ,0.0703448275433642,6.104151790192812
TACR2,0.2583543989960732,4.670549740964806
KCNMB3P1,1.2648210399995694,3.791731184210525
KRTAP6-1,0.1354432034063137,2.161478881578948
TROAP-AS1,0.6663311901104073,2.6227438157894736
LINC01538,0.0427889152986335,5.381158142230576
AGBL5,0.5735164123437467,6.14356603005498
MIR183,0.3364247709668794,7.818519523809522
RNU6-1061P,0.6560447851568721,1.4332992434210527
SOX3,0.2536050890181172,5.081433449248118
RNY3P9,0.0778829026085484,5.061572960526314
LINC01011,0.2069555999455931,2.6479420688283826
BTN3A2,0.3380011130860303,3.383347261079076
RNA5SP175,0.1610768679567143,3.670968026315792
KLF14,0.7202478264096485,3.608560031807501
KCNK18,0.0749308618996724,6.098394871553886
PDE4DIPP6,0.6518581728574083,2.424634605263158
RNU6-110P,0.6290798650606884,4.625805855263157
CTAGE11P,0.4443226575662538,5.403042338659149
AARSD1,0.6366325349164255,0.796087297461412
LINC02507,0.6786578439706394,1.768118881578948
BORCS7,0.3614246181580991,6.066483506000473
AURKAIP1,0.8340131669265459,7.516203285861549
PDCL3P4,0.1373579602457479,8.181155714285714
FOXD1,0.3921298914763116,5.580393557330828
ACTR3B,0.0570373872709246,3.988406892781409
PPAN-P2RY11,0.0756525445031247,6.495515368107768
CDKN1C,0.3831275864546054,7.079241969316809
PLIN4,1.6564861802558133,5.995992499999997
CYMP,0.4213703146547873,6.1709515946115285
BIN3,0.0928115243020856,3.833783302206485
DPP4-DT,0.0985237486742871,3.1798476315789475
SNORD83B,0.0271386230211267,7.875131904761903
MCF2,0.493997573509732,2.908609934210528
SNORD3G,0.1706430929893674,1.1755773486842114
MIR607,0.016894261235727,4.843782955827066
LINC02020,0.9662069281735888,1.886557828947368
RPL34-DT,1.1360645016975084,4.018348157894738
MIR1271,0.3234642629879274,5.244694176065163
OSBPL5,0.0885807868166106,6.380996877130039
RNU6-65P,0.3583807855742821,2.7022783552631573
GPR89B,0.1510186005624597,5.929867597677609
NUP210L,0.0954320234624738,5.427989199561404
POLK,0.0166950811719519,5.388116026017318
PFDN4,0.1353204524801229,5.769763070931347
NR2E1,0.161896799020931,5.518369619360904
LINC02691,0.5038297643775906,4.902357697368419
LOC101927418,0.7186436941357601,7.810436428571429
LAMA1,0.0761168493192631,5.540442218045112
DEFB103B,0.6457717167063438,3.8683858552631576
PMP2,0.0962384863604414,5.16599497180451
C1QTNF6,0.5989308305909873,4.202361391637639
PTTG1IP,0.1632969763845959,7.8725618289271
PKNOX2,0.2105489544822144,4.719538293026496
RNF26-AS1,0.6587782272165887,4.898452565789476
ATP8B3,0.4725104917571119,3.674106578947368
LINC01181,0.291174624590558,2.728013552631578
ARMCX2,0.5388064292636568,2.893792774667225
XIST,0.4593649729307284,7.665706650802467
SHC3,0.2477337831010775,4.55663980728074
CASTOR2,0.0428193037181544,2.443916710526316
CELA2A,0.1958687304909721,6.754109749373433
POU5F1B,1.0300272326089206,2.292694802631578
TTF2,0.0838650070851853,4.418666470988345
FRYL,0.3899975063083732,7.273766993145927
A1BG,0.5487791128833809,9.196820300751876
CRTC2,0.1883636324182149,5.992697575885647
MAP3K14,0.0485813923486214,5.27621592167496
CAPN10-AS1,0.1666699162317657,1.0176866696737366
LINC01896,0.2668147558979324,4.069765921052634
TRAM1,0.2738628631831905,8.511054109832626
TPRKB,0.0541641933359839,5.831215840547025
IDH3B,0.0483489189057748,7.923618255403788
PCSK6-AS1,0.6731717719768989,3.596508684210526
TMEM184A,0.4583281215725824,6.695666823308271
PCNT,0.0348548517186556,6.6583790286894144
ADTRP,0.7968898525987861,2.2045437229091074
RPL32P10,0.1013482355646546,2.059806776315789
RITA1,0.4731333002965928,4.885866139001719
LINC00958,0.3974469747915669,2.9786421710526305
ZNF629,0.2698202020018098,5.7766173306139095
FTH1P8,1.4373037652877676,11.265825
RNF185-AS1,0.0132132131503305,4.80341236842105
RNU6-262P,0.9700179357654852,1.4635150657894738
PCOLCE-AS1,0.4167593650996811,4.726218223684212
ITM2B,0.0603660058920194,9.871986765608556
LINC02058,0.3913673331962345,3.831882171052631
LINC00837,1.0569099499526151,2.731011381578948
FAHD1,0.2817523591815651,7.084919034747933
ZNF124,0.3410381073695211,7.883559761904765
AIRE,0.130396144386566,4.685338289473685
RNU6-970P,0.1022646212523133,1.7225287500000004
CREBL2,0.2014921820782846,7.527497041441429
PAXIP1-AS1,0.3517296578223616,7.817238931061468
JCHAIN,1.1856714930060384,5.388362850256864
DPPA2,0.0136655063131773,4.971656159147869
ADGRF3,0.0022131065587351,5.992172238408521
LINC03070,0.8650941026291494,3.658230789473683
SMOC2,0.6583780864028375,5.287423974127391
SETX,0.1096388386311414,6.947030709146884
SNORA74C-2,0.3018889429658284,5.97747690789473
GFUS,1.6418074029348684,5.779149473684212
ABCG8,0.6818487571525442,8.653445197368423
ZNF266,0.8305342189600124,5.7956362239035135
TSPAN14,0.1080893698094157,6.975071448889678
FBXO33,0.4181270805535118,5.9897879960580696
COG1,0.0510118220135856,6.457090566612468
MAML1,0.5558141324358138,5.455078656522844
PGBD1,0.0043344440779839,4.588399761973175
CD200,0.0668261462466741,5.053825468761351
TAF9B,0.6249975898492877,5.451059740202197
C2orf40,0.1001975595092553,4.274166177835193
RNU6-291P,0.221428952561016,1.6004915394736836
IKZF5,0.3845962564149145,6.227955406767083
IL3RA,0.3960768245490312,5.409614839122665
SMIM19,0.3213581098592755,6.032947984141235
RPL8,1.0204044819020233,9.022744836273494
PPM1L,0.1769685555010672,6.248481858071588
C1orf174,0.3011346570575912,5.085899698529584
KCNE5,0.461840208472056,4.575288112446757
TESK2,0.462215876346954,5.0628005054556455
VPS52,0.0433267757162967,6.916494398595705
MYCBP,1.2860424404019688,6.449957527484656
TRAV30,0.0409224521295869,3.1282746710526323
HELQ,0.7547352279635466,5.684818160353875
HCG4,0.011414260919578,6.460677415413535
EI24,0.649745866856357,8.29952568902671
PYCRL,0.1084929456868504,5.153592232082869
CPLX3,0.5703624753857132,6.06548894736842
NHSL3,0.4521929477814029,4.746049736842103
RPS24,0.8544113001095207,8.78598999343951
SIRT7,0.2194613863384782,6.428490009536749
LINC02645,0.6589964607208281,3.2834518421052628
MIR3201,1.0549152704232514,1.6914781118421052
LINC01375,0.340503785696965,2.698901973684211
WDFY3-AS1,0.470439945315554,4.932561381578947
ALDH8A1,0.529569258838014,4.681748093977778
HSPB2-C11orf52,0.4800669895187155,4.666460986842106
TWF2-DT,0.553074667749223,4.711767960526315
WASF1,0.0175190728021422,4.920491473492566
ATP6V1H,0.3113976963270483,4.611686642698265
RP11-399K21.13,0.0093767588560723,1.7548337430635714
ATOSB,0.1322334948763807,6.0671715131578985
KIR2DS1,0.7121312834451395,3.984380855263157
DALIR,0.0176532130042311,7.868777380952379
uc_338,1.4590811905779986,0.826916312799439
CLGN,0.4194563786827578,6.091029508145364
LINC02237,0.3495066955967648,1.7478832894736835
AGXT2,0.3405981329443224,8.30689927631579
APOM,0.4423827363982576,5.5203066092010165
TRAK2,0.311154343930236,7.209684226613272
FAM185BP,0.989533851845746,4.696836315789476
BBS7,0.5828777712709837,3.611275423262155
TACC1,0.4223367751482215,8.48494260845219
EIF4A1P4,1.6288218431225208,3.6139647368421057
RASGRF2-AS1,0.0670146616088937,2.7133138815789475
PCGF3,0.7202313541274895,6.63911833779117
SLC50A1,0.0497036142794664,6.241544136172148
MGAT5,0.3038054103470252,6.1744425958921765
KIR3DL2,0.6644796846908517,6.446203880012533
MIR369,0.2754719972074226,7.866600714285715
ZNF274,0.0115070079059357,5.438921841172167
FNBP1L,0.5471815353308451,6.362569733476913
CRABP2,1.2192286262355458,5.067278596078329
WDR43,0.1409538868210176,5.446371264194916
CTD-3001H11.2,0.0495068347373783,1.0627790890539324
AKTIP,0.7155941884201542,4.651618958650045
SHCBP1L,0.0253788096322856,1.7796443421052637
RP11-165A20.3,0.0260268347863995,1.8645550933484272
C4orf17,0.1413689429099317,3.2848160526315806
MAP4K4,0.138368255067432,7.731126170726966
MIR9-1HG,0.0573512238018081,4.105848486842107
ALDH1A1,0.4630889819696474,8.074006983071861
HIST1H2AG,0.8915139909034676,7.862046666666668
PHOSPHO2,0.483788764718055,5.746416442267782
HSD17B6,0.1381621728100651,8.49642046209273
WDSUB1,0.4439940407687893,5.269079041364948
PHB1,1.0522001816526765,5.468508881578947
CTD-2026K11.6,0.2757772847423666,1.2214116608707748
ATG5,0.0368642392011985,4.8092173687344175
RP11-101E13.5,1.8836150592740184,1.9272442460518813
NPM3,0.0978376887570431,6.636113288303314
MTTP,0.4420020044543298,5.9430536753722265
ULBP3,0.3230246921670331,3.8082179605263176
RNU1-65P,0.1184484513153621,2.25438230263158
CCDC146,0.9556415763233008,3.613160754694301
ADGRE5,0.9619189263339624,7.02708211264273
RNU6-360P,0.9551442358535158,5.028645328947367
MAZ,0.1523526133422084,6.666003520662145
SNORD115-25,0.6649718566863582,6.012631776315792
PDE4DIPP8,2.6118798316712546,6.555680789473687
STKLD1,0.1793771981331201,4.223916315789473
SLC22A15,0.3283023875361565,4.186520166846517
OR2AK2,0.7465840247969011,1.6382928947368411
RNU6-621P,1.586608867108379,2.8538613815789464
TRAJ36,1.6456291712974682,5.237194473684212
ATP2B1-AS1,0.0032688080763764,1.3555180263157898
FARP2,0.3047497353097436,5.677677038841284
ZNF324,0.2885935222629205,4.753078340543499
MIR1324,0.3498819214657959,5.423814970238095
BHLHE22,0.3391309283802372,3.961102165016085
RND2,0.1341368895764111,4.911570835329663
PACRG,0.0037381325872059,6.237551030701752
HLA-DQB1,0.449357583199633,5.98909623332966
ARRDC3-AS1,0.0336349004447466,5.635274531641603
CNIH4,0.1015394063686881,7.295903603801038
SUMF2,0.2797459749506069,7.102671261550448
CSTF3-DT,0.2797280317788793,2.8968199999999986
ARPC1B,0.5265970704660017,6.463751305295984
ACOXL,0.055977883620239,2.642128486842105
FDCSP,0.0580777993479064,1.8411358552631585
DEFB132,1.8431523115161883,5.68639803083071
PPP1R16B,0.2001396303624782,5.30843211321063
CSH1,0.3274434529687035,6.099186409774436
C17orf100,0.1618687237363063,6.66736621867168
HRK,0.0821703930311033,4.320895913263574
SCARNA5,0.655039860051566,7.867476190476189
TDRD7,0.1850657341165323,6.296574094760835
GRM3,0.0318628947863032,5.668358923872178
EEA1,1.1578488997815737,6.761089799644229
NUP93,0.1110534215451047,6.893214160752014
EIF3J-DT,0.5957295310078837,5.2597463157894735
LINC02023,0.9232972847237624,2.19401407894737
RPS14,0.8580493092509927,9.988352560751231
LPCAT2,0.2160805749661338,5.014466040140769
MIR3622B,0.9684254899396876,5.921455789473685
TRAF2,0.1148560022698689,5.174734905424036
RN7SKP125,0.6932795425259286,2.376689868421054
MIR516B1,0.7981786361462323,1.9573364473684207
ARL14EP-DT,1.287282429078846,2.362927368421052
THAP7-AS1,0.0617677509354416,4.140089193396349
PLGRKT,0.1483292895978435,3.9695304717545534
HELT,1.017718898246957,4.200541315789472
C1RL-AS1,0.5572705245444923,4.662200382368388
RNU2-37P,0.0604803198440939,1.3804356644736846
PSMC4,1.267647767241613,7.259364255077583
COX7C,0.6310894624920352,9.642301741276112
PATE1,0.04793994334166,5.743842055137844
SPATA17-AS1,0.8226491338082663,1.9929453947368423
SAPCD1-AS1,0.2068172120070938,4.67154875
ADAMTS9-AS2,1.7524704449420043,3.247672379253866
VCAN-AS1,1.0734486855414616,1.506632427631579
PARVG,0.2984239018037644,5.03272864321666
NCAPH,0.3870945893369183,4.277442946592585
ATP11C,0.4975256234646438,6.187452811629663
RTP3,0.1334296554307439,7.682883179824561
RNU6-932P,0.3900432050419438,2.0935681578947363
STK11,0.2509829614915876,6.657261423515109
MIR4330,0.4941683400052737,4.023170197368422
GIT1,0.5149678022991537,6.598115961740873
RRN3P3,0.5018706467737529,6.635999014724311
ITGB2-AS1,0.9055835460060516,3.515099157796196
SSTR2,0.8519460623633369,5.519157946034973
RPS11,0.81788996282749,12.317932624489316
RNU6-789P,0.4790094237036008,1.895150921052632
LINC02926,1.8371653612121053,2.8450485526315785
CASP5,0.4302071241660504,2.115571513157895
RNY1P12,0.2516781774247272,2.0432096052631583
TMEM209,0.0054149117689982,5.2958416412048175
HOOK2,0.279120364491037,7.262401932148669
SLC23A3,0.1415829571739744,5.069563289473685
NSUN7,0.6912827786880499,5.254573588659149
SMCO3,0.2444996062121203,4.457999539473683
SNX22,0.3522377852887878,2.8130566651755093
RP11-727F15.12,1.039318867144139,1.5483055335557494
IQCC,0.0418215239217469,4.74943446981757
RNA5SP530,0.6524630233172904,3.9698661184210544
TMEM92,0.0059779277650006,5.2184569736842095
SYNPR,0.0032720684013998,2.405922039473684
CD109,0.328102005180536,5.385125637820746
FAM46A,0.9615546982005716,6.518126993225465
SNORA80B,0.1838550276271857,5.650335526315788
MIR548X2,0.0125449358262826,3.506838947368421
ISLR2,0.5152790028834289,5.17421704852321
SRPK3,0.3161947669570411,9.837244761904763
MALRD1,0.2159997564755513,5.230290875626566
CTNNAL1,0.0550031858881568,6.427668401305304
RP11-713M15.2,0.3623459831207479,0.7737907225369665
PADI6,0.2125758450385799,5.821095587406015
GOLM2,0.0246948707936721,7.310576907894738
C1orf94,0.1696992939713577,3.643413092105264
NOL11,0.059746023256147,7.260791580496178
DHX9,0.3682599876304853,6.655088226777884
MFAP5,1.4415022732632845,7.304320500796197
MYOZ3-AS1,0.7035259505130983,5.407344078947368
LINC01079,0.0004313793838273,2.744096644736841
PHF13,0.4817430624246626,6.631109769899161
JMJD6,0.0430760746426464,5.732763441164733
ECI2,0.7375311580418467,7.940108176011717
TMEM200A,0.3091928750174151,5.737568336466166
TENM3,0.5253635613766835,6.105655786340853
ATP5D,0.9015750110946982,6.230745124970246
CTBP1-AS2,0.8866040146666113,2.0031039282048817
COX6C,0.4599696610662576,8.989993914156553
CMPK2,0.0884427686522842,4.991660965287541
RNU6-854P,0.4589951279449967,1.6470288947368426
ZNF721,1.184875712537328,5.171033459762668
SLC25A30-AS1,0.3858506515738552,4.159466184210527
NOXA1,0.5539684179834667,5.240568673835704
CHRM2,0.0069502680734202,5.994303804824561
RNA5SP28,0.7317506203544256,3.517131052631578
MRPS35,0.1337875944091023,7.254344331339908
DAAM1,0.6435775242145098,6.627771202884517
OR9Q2,0.5500315334959324,3.563840526315788
REXO1L2P,0.657102421397524,7.819142380952381
CAMTA1,0.0224446770580612,4.798582962565755
BUB3,0.5116138879154323,5.981176529016012
LOC100505715,0.5416448192112157,8.353366190476192
ELP3,0.5823555128780501,6.714628260712537
GPC1-AS1,0.5772045710580697,4.3831227631578935
ZNG1F,1.0781558142528591,7.320253026315793
RN7SKP284,0.0082934295733352,2.027739736842105
MIR208B,0.0177609345804339,4.589677852443609
ACAT1,0.2082647762117233,6.17351260072885
SNORA35,0.0856304712858053,5.96951897869674
RNY3P12,1.1132664253857716,4.563719736842108
CATSPERE,0.7358949564620001,3.8978354605263146
SLC9A2,0.5042211117259,5.401104458020049
RNU11,0.7577023455955999,8.044379999999999
FAM90A27P,0.2591443767707717,4.613051381578949
LINC01111,0.0590038496686768,1.9134716447368416
AASDHPPT-AS1,0.9336620256214098,3.193925394736844
ZBED9-AS1,0.018971451099597,3.377075394736844
MAGI2-AS2,0.2136065322028809,1.458631052631579
RP11-174G6.5,1.121808755601451,3.1791377850968976
LOC644285,0.229591775487809,7.828566190476191
AP001505.10,0.056034420668369,3.2860853850086222
FAM230I,0.5560084037044939,2.902651973684209
SRRM4,0.0056647426724601,4.733409699248121
RP3-431P23.5,0.4034608932421171,0.7049777179194923
TMEM8C,0.0899197885098156,7.8640630952380945
HLA-DRA,0.4305012909253281,9.653257418859416
EXOC3,0.0438156210387911,6.440099603095395
RP11-667F14.1,2.0274675989002517,1.2387395551133031
PTPN21,0.0046508212842362,5.909573497361186
TENT5B,0.0835294722090811,4.295174078947368
ZNF783,0.4064724634231774,4.591104736842105
ADGRG6,0.2064053947429317,6.097445814463005
MROH7-TTC4,0.5390614817686114,5.052262302631582
RP11-405M12.4,0.1360405195574082,1.2123534967634808
GAREM1,0.6651108033499696,4.285636475356394
CHKB-CPT1B,0.5790684947280705,5.937143947368421
MIR548D1,0.8346458044805061,1.9724604605263167
SBSN,0.1413604909097071,4.818624539473683
CELF2,0.5637761174478818,6.998489639618552
LDLRAD4-AS1,1.3152762480976192,4.276893092105263
LINC01873,0.323778022740832,2.309045592105262
MIEF2,0.0862535254253525,5.047764854060237
RN7SL689P,1.5378421991108222,1.4138905090753913
TSPOAP1,0.4761795159717635,3.747677290615264
LINC02442,0.1433818989143354,2.602047631578947
LINC01569,0.0855937940594949,3.659412697368421
SLC35E2B,0.677315658607103,6.699742188408956
FEZ2,0.8060088280721933,7.957195779092161
ONECUT3,0.0018805160115164,6.076268720238097
SYNE3,0.7974613219109025,3.633629841772221
PWWP2A,0.1673604122152083,5.531013309046784
WWC1,1.885797379016354,4.516310980322151
TMEFF1,0.1543462139842811,4.219820218945241
AVP,0.3779161987886268,2.8312680879621084
GFI1B,0.5608289485119177,6.723406123120301
PIAS2,0.2364139661484064,6.709811707833127
KIZ,0.9141311894614856,5.666931617785887
RP11-78O7.2,0.1883912906831063,2.24076151728884
SPTBN2,0.7692413577202674,5.089363247060002
ANAPC5,0.0806206323131528,5.903269791458817
PRAMEF34P,0.1979265328439911,5.8132282550125325
LINC02299,1.3367075889738131,2.885480592105264
ELOVL2,0.6020249283039822,5.857962723476651
DSTNP2,0.6850567286396372,5.1969695394736855
TNIP2P1,0.9530634251262196,4.739469671052633
LINC00945,0.9539154960295564,2.851575263157895
ITGA3,0.496958528627143,4.991036588362233
TSPOAP1-AS1,0.2428330639923802,2.4640490385819924
RPUSD1,0.3512113076112631,5.269066075763402
LINC01535,0.0064327260092951,4.650176973684212
MRPS23,0.290017715487904,6.210117731038508
CD53,0.2558614982973308,6.038046876493147
EIPR1,0.0348075919886003,4.820451315789471
MIR6853,1.5590058502028168,6.223931710526313
AIPL1,0.1020324433974223,4.922316052631579
LINC01553,0.115886012602173,2.0834186842105265
GPC5,0.8750794643827169,5.878524208959898
CRYL1,0.3031293739590186,7.220722761231816
KRTAP20-2,0.1510245717372571,3.7484675
CTD-3185P2.1,0.1842391667735034,2.4913494225399915
PRR20G,0.9258141200987946,3.3818357894736835
NOB1,0.6852724075536727,6.4837764023190845
CTXN1,0.1495704180670838,6.639128024749374
FOXH1,0.5576876528545546,6.4742309288847135
FEZF1-AS1,0.0936418340218739,5.577687539160402
ZNF140,0.4948462578694981,5.55963343677876
HCN1,0.7924091136625285,5.821253214285712
RNU6-1168P,1.0478926472791663,2.245432960526315
RN7SKP89,0.6907115066287897,5.998291842105263
C5orf15,0.4126155038016279,6.713739980209678
MRPS6,0.3898582064371589,9.4806339992144
CABCOCO1,0.6399188697017774,2.6045929605263143
CLNK,0.0724700082532749,5.147301347117795
PKMYT1,0.0479923530161813,6.087115067355891
TTC27,0.397571278080866,5.678071464136177
ACTN3,1.2240683480946106,3.785275460526316
DDX55,0.3103234402950282,6.343542882767842
DENND4A,0.2187057624491113,6.669577208042444
CDX1,0.2273325212194895,6.37757217575188
CACNB2-AS1,1.6971913581205365,7.291747828947368
BSG,0.06649553417827,7.431879300320612
XRN2,0.124383750604166,6.791268082980937
PROK2,0.1228363319708725,4.488154639398644
EEF2KMT,0.6359539017579325,5.47679775069946
TMEM109,0.3352768307341832,8.207649834288997
RNU6-884P,0.0675350918190772,1.988004407894736
LRRD1,0.2491596474567292,1.7139326315789472
DCAF13,0.274630667621448,5.277152787133635
TRIM49,0.4989474739160653,5.4653954855889735
SNORD114-10,0.7021642014286059,2.216961184210525
SMG1P7,1.1551966260737156,2.23324605263158
TRAJ33,0.2755141435901292,4.568075526315789
RP11-452L6.6,0.3362247580319102,1.504236657059944
LINC02343,0.2521592456502887,3.11784322368421
PENK-AS1,1.0097037309407877,2.881866776315788
PSIP1,0.4228998302398747,6.399908193866987
ALOX5,1.0737635249574735,3.6798236450696495
CASD1,0.251074039520334,5.10131494378926
LINC02403,0.6458491225864227,2.0059403289473687
LOC100288238,0.6010889596575036,7.837365714285712
SLC3A1,0.8155385620049178,5.4888797368421045
LRRC53,0.0579982768102126,2.4680942105263144
RNU6-982P,0.2772879026841455,1.315762013157895
LRRC71,0.1792613372271301,4.528025657894735
NKX2-6,0.094636560849929,6.4705842465538845
SNORA36B,1.3599145642806554,7.809848333333333
JPT1P1,0.693996531878582,3.65214197368421
SLC8A1,0.0216185769500016,5.452293079297189
MIR3652,0.5993892794811684,10.519164078947362
LINC01640,0.5223660238018527,3.226741250000001
ZNF419,0.0132422353293047,6.480971800548424
CCNT1,0.3603861889228777,6.21518314979484
RNU6-994P,1.1667870506755171,2.7949976973684216
POLD4,0.3332864226681749,6.589952046007123
SLC47A1P2,0.1888881999529016,2.4748628947368423
SNORA53,0.660240654682337,5.577871052631579
DLD,0.2699330263124477,8.036381879790508
DLX3,0.1415136387796146,4.256002486696015
EPM2AIP1,0.8201124850290387,7.605959600310572
CTF1,0.1109721316388115,5.65798983614307
H1-9P,0.4918701480868052,4.130139078947368
PCLO,1.0531675178889746,4.203711609230871
GTF2A2,0.3110541255883275,6.598565978732373
PADI1,0.1209066454294477,5.7158814113408525
NAPB,0.2536245195193802,4.182117277214224
EPB41L1,0.3386719751802167,6.975252063547757
ASPN,0.7155233537006934,4.9959666495756005
SQLE,0.3622724113912527,5.243644525964339
DSCR4,0.3284081352651394,2.8751796710526314
LAMC3,0.2484731196743221,6.306916162280703
USP42,0.1024907609598264,5.738664164267426
MIR1203,1.5121435926668447,4.315769078947367
LINC01048,0.296840231656537,1.8079745394736844
C4BPA,0.2082215303555808,11.15717565789474
RNU6-278P,0.0708946637199793,1.1107313355263158
CCNA2,0.2450357616460133,2.6264920837109984
EBI3,0.700042201442729,4.6070955951367845
CLEC7A,0.6001009957291948,5.150854333365524
UNCX,0.4417036687831448,6.548579995300751
XRRA1,0.1891616188754619,5.29110122317802
LOC100132215,0.2070501556717854,7.826733333333333
SNAPC1,0.204248244822277,5.7332851152205935
RNU6-692P,0.1239190834994252,1.17604165131579
RP11-333I13.1,0.7717277282691293,0.8681307406081076
CNPPD1,0.4455509022843251,6.682946180925515
KRTAP4-8,0.1051593727401136,5.033241951754384
LINC02086,0.4318035947559472,3.650792039473685
MAS1L,0.2475707326950391,3.691849671052632
CD52,0.0632100884908198,6.351128176847724
CFAP69,1.27483307972512,3.36990145599274
TRPS1-AS1,0.1503065611672199,1.5092977631578943
NDUFAF4,0.425753495905405,3.507117230573281
PCAT1,0.400220666570333,2.122627044616787
TANK-AS1,0.7649384642079812,1.952889210526317
POMT2,0.2918777122045966,6.117406090832232
NUS1,0.0685013870014042,5.591928637540614
RP11-798M19.6,0.1003014733890624,0.7219190423280308
GEMIN7-AS1,0.1288443432827697,3.962683618421052
RFX8,0.3846733732946145,2.8558570394736846
GCM1,0.2169561099302306,5.720011154448622
RNF130-AS1,0.4359528245765859,2.763133947368418
RBMY2CP,0.228217416265952,1.9398312500000008
C12orf4,0.0980295055391267,4.585497143191534
NELL1-AS2,0.5650287081259315,3.7382380263157895
MIR764,0.1400151793506714,5.33260956140351
RP11-69M1.6,0.3325616508162637,1.2794134951291594
TCEAL1,0.1764880882387478,6.928411293591912
LINC02955,0.6816462416478996,1.5225801973684203
MIR3661,0.0643909742907653,4.972609605263156
H2BC13,0.3618348000298497,4.057933421052631
OGFR-AS1,0.4112356466199537,5.443496381578949
MRTO4,0.0745741916253335,5.8154618261342605
MIR580,0.2309712946779898,4.9846136607142855
RNF111,0.12999864775052,5.848958419093544
POGLUT2,1.5279287591025668,4.724691973684209
CSPG5,0.1577507106349181,4.641675155851442
ZC3H7B,0.0007595087233657,6.840197136963496
LL22NC03-86G7.1,0.583856619591915,2.6219371275204955
C19orf66,1.0301726852756927,4.620333708443232
HLA-DQA2,1.1414539679710438,5.341481085374749
LLGL2,0.1637990085776037,5.738383103844456
LINC01451,0.1480390764481053,6.038531152882205
USO1,0.4949304458880206,8.59288061210543
SUPT16H,0.4991025893206193,7.562585289479504
LY6G5C,0.2696656673047086,4.721194230483526
LHX5-AS1,0.2320125392463222,3.0390597368421046
SLC43A2,1.177129548581438,6.518452266848811
CA6,0.0633717350796202,3.224553815789474
PLXNC1-AS1,1.2800755909165096,3.081645657894737
DPPA5,0.1086124492865181,3.610726249999998
AKIP1,0.5749961918682344,4.609616993515103
GARIN6,0.2686293093735882,1.6013889473684209
C17orf75,0.2657686122521605,3.467107523092922
CEBPD,0.1530501918126003,7.717838952386938
ZBTB46-AS2,0.8029139784043829,5.535342828947368
RANGAP1,0.2505526740385468,7.192374106308397
IGHV3-73,0.1822313594273981,4.185834934210527
KDM7A-DT,0.7864148129825592,4.30098125
QKILA,0.1382181329591656,3.119562631578946
SAFB,0.664617969003167,6.429855201700547
CATSPERH,0.4588964943503754,3.8127832236842094
MIR122HG,1.1925818429398438,7.177208421052632
MIR548I2,1.178950935167087,6.599700344611529
MIR1231,0.96904577134016,5.139803421052632
FRMD4A,0.0844114307696507,6.476901076480396
LSM2,0.2606340338524644,6.735896393614278
SNORD6,0.2961375807008276,4.733166670052895
ZNF784,0.1897037427453494,6.239247800573524
KNOP1,0.0099854582618697,6.006831497002072
MUC20,1.4540223290434553,6.136535000000002
RNU6-1125P,0.2450453337277264,2.17612177631579
SIKE1,0.0978416286343157,4.931857840500249
MARCHF4,0.2877619668438658,4.287227368421054
RNU1-123P,0.8982094844259213,5.2593284210526345
ZNF84-DT,1.0355952811482836,2.962422763157894
KTI12,0.2598528123395496,5.301248727490457
SYNGR2P1,0.2623266478887311,4.474654144736841
LINC02006,0.3014417294172151,1.924467960526314
RNF32,0.3017630912460152,5.681549302944863
LINC02109,0.0858470433249289,1.933670657894736
LINC01839,0.4665841218385132,2.990557631578947
PSMG1,0.2885053033187429,6.415222525705655
LINC01169,0.1571694355758537,2.990503947368421
AMER3,0.5169836648341597,5.579957153822056
RN7SL331P,0.5226579448494624,6.079804407894734
SDSL,0.9146122330597258,5.807535162798279
RNU6-1339P,0.3194274794134443,1.2253142039473683
CTD-3131K8.2,0.8971657139755982,0.9898737081497722
MIR23A,0.0917212519275416,7.868354523809525
ANKRD16,0.7168886085829536,3.4605800501912523
MGST2,1.08544148917795,8.196085480807593
VPS39,0.0634960090626821,6.471042245157752
SETD5,0.5735262763626078,6.893510723899023
TWF2,0.5362473440789615,7.850617312422599
SIAH2-AS1,0.0778128292726465,6.064935197368417
LINC01132,0.0730090232677398,5.74634552631579
WIPF1-AS1,0.2424700476444673,3.296364605263157
RRM1-AS1,0.2385375575094438,3.633807039473684
C6orf25,0.2612160625900017,1.078499346703882
BHLHE40,0.507927795240621,4.836646325646133
ZDHHC6,0.4242168492989502,6.300689656454469
TMEM144,0.2044318117148449,5.620714329458636
TMEM189,0.9342359019026298,7.107643157075535
LINC01610,0.1444918667609817,1.5334862500000002
FAM86DP,0.3439812333635924,5.164870142776167
SLC12A5,0.5093011560314331,5.740809454887218
ZNF57,0.3754370166257249,5.796523273809524
RNU6-770P,0.9962493504497002,1.3609665657894738
LINC02322,0.3119181360993779,4.932097434210526
URI1,0.4909633121038385,6.6823619057115184
RPRML,0.3752383383891273,4.48959694885017
GNB5,0.4095438536615868,4.731449885581511
PFN2-AS1,0.0764827059145225,1.6812361184210527
CBR1,0.0260430900204134,5.998056277308042
TOMM6,0.0419864428160303,9.2980886714846
HTR1F,0.1042835724058391,4.05102567509543
RN7SKP184,0.7815027522118604,4.147232697368421
PPRC1,0.0892900680247941,5.560638510611259
PHEX,0.0579852659876451,5.182206038533836
LINC02064,0.1327863286045039,1.966447105263158
GPR27,0.0637765740156827,4.325502123576814
RNA5SP501,0.6151866443052908,2.342429605263158
FAM216B,0.7976445185809662,2.77650407894737
RHOU,0.2766961966622643,6.152428709633632
NDUFA6-DT,0.6446982046253164,3.762227171052632
CTBP1-DT,0.3449769615423879,5.127967105263159
AHCYP3,0.0686894682670104,2.347472039473683
TMEM42,0.539843665107251,6.605246210940695
FLJ35934,0.1618481484405591,7.847177380952381
MFSD6,0.0418039499871112,5.173061625992855
RNU6ATAC7P,0.0025644460327556,1.25175459868421
FMNL3,0.1107094662051601,5.886508129715892
POLD2,0.0023410831018904,7.546836460367826
GIP,0.1248991332847088,5.925554794799499
RNU6-1113P,0.2329620568389644,1.5370583223684204
SERTM1,0.0192835938157568,4.124906710526315
FBXO10,0.2892681475135676,5.078655124475122
NCAL1,0.9188865054541644,6.213531381578948
LINC02537,0.4195738749110032,3.6933213815789454
RNU6-430P,0.230654383463404,1.6351041907894732
OR4C3,0.0786097378377717,4.807062557957394
SRGAP2B,0.0818957857547457,6.124574539473687
RNU6-618P,0.28467927377016,5.1578732894736845
MIR3064,0.2463764439302392,7.6132036184210525
LINC02504,0.7239429932857584,2.469917565789473
CHRNA6,0.0886349884565938,5.284668511904761
RNU6-307P,0.0544836226178601,1.5466981578947363
TLK2P1,0.666273077794139,9.260973355263154
KRTAP5-5,0.2649044647918657,5.840728640350879
CYB561A3,1.3916108367456723,6.459946902561055
SIRT5,0.7603465982539673,7.5707902233035504
FANCA,0.1558253413658442,4.620580090837406
RERG-AS1,0.4388032908679016,6.145706375313282
PPIP5K1P1,0.4476068873966602,5.4947358552631576
RPS18P6,0.2485343930862358,2.032694539473684
ADAM15,0.6522567436263293,6.718089765308076
ABCC1,0.3688296429929386,4.976065298231156
AGBL5-AS1,0.060128617416361,2.8036793421052626
CHIAP2,0.127516942093184,2.3382257894736846
TRPM2,1.0302377772448186,4.108599315432867
RAP2C,0.2934187549384103,6.536228242953528
LINC01168,0.33304886994165,3.0224354605263155
FHL1,0.2938336631563398,11.900823632061346
ZBTB47,0.5315997040539787,6.920357308897243
PDE7B,0.2637825091970165,5.650231998294508
FARS2,0.0940393883037113,6.6105530513905295
LINC01785,0.0748512734075917,4.678371644736845
FDXACB1,0.1697722951041503,4.335599612744635
RNA5SP100,0.259032592676984,3.117891513157896
GYG1P1,1.624077468315084,1.8542846052631576
TLL2,0.0418269917659702,5.3072708020050126
GRIP1,0.0296172611815297,4.011348486652769
RNA5SP130,1.2734985565839343,4.196209671052629
UBE2S,0.2446996769978767,7.84798857142857
CCDC87,0.3276803715265852,2.822267697368421
LOC286083,0.0007382765282642,7.895343095238094
DIRC3,0.4465575853838227,5.811001881265665
PSPH,0.0376451641579969,5.623903193011938
AFM,0.0766566999161998,11.047521710526317
BPNT2,0.9116460602889505,6.373534671052633
HTR2B,0.0497469536588069,4.385775911478728
LINC01979,1.42945542572681,3.75517789473684
OR10AD1,0.1703729358315039,5.477508975563911
DCTN1,0.1177608866065887,7.325726136449565
FAM49A,1.2487350401275392,6.6150723764933215
CD27-AS1,0.8694891798523329,5.675267926253151
GLP2R,0.0559352965920958,4.769476387050706
DENND1C,0.0333988687670472,5.0642738551628765
MIR642A,0.478571793960805,5.5434938157894775
LINC01842,0.1152365847035673,3.893025
TM7SF2,0.8328038786941785,6.780362361185415
AADACL3,0.7258436973279014,3.6753241447368414
RNA5SP297,0.5492399098532401,3.738568947368423
PAGE2,0.6646790892164645,4.15721230263158
ZNF727,0.8927014012773619,5.743808060776944
AIG1,0.0293787055543464,6.45082155859962
AVPR1A,0.6342086991064202,5.784165612030234
LINC01231,0.2619029238245348,2.5054995394736834
POFUT1,0.019710220302139,8.503958429551048
RHOT1P2,1.4062980228692534,3.1892073026315786
F11,0.3146580364080009,8.783745350877194
KLKB1,0.2600279124690081,8.797526123120301
SLC16A12-AS1,0.4237777521909073,2.375334605263158
MED27,0.0145414496861122,5.283221030275873
SPATA31E1,0.3798088842373288,3.996838881578948
TEX48,0.7576107770407452,4.083970263157895
RNU7-121P,0.2123219794994456,1.1178822368421055
ZBTB26,0.7258157866542229,4.62960642777278
MIR939,0.9213812360438246,7.938779761904763
LINC02572,0.3818086900807163,3.658220000000001
RP11-226M10.3,0.315827024562141,0.6308394823278882
RNU6-799P,0.2519243886024433,1.2901314276315785
TBC1D24,0.9456602275138106,6.753581081131634
LINC02761,0.7651738332794572,3.742746118421052
RNU6-634P,0.2659794571271471,3.286531907894734
RP13-1016M1.2,1.5285607143064608,2.869616294428317
UBE2D3-AS1,0.8825915574314422,3.105017039473683
FCGR3A,0.025317061756938,5.259664489263567
RABL2B,0.3696666137206779,5.953798239950412
ZNHIT2,0.0848002742270833,5.401679986812064
SLC9A9-AS2,0.8178140235282794,2.769738092105265
OR2H1,0.0635229032227714,2.2957053947368413
HBBP1,0.2120945647040154,7.869962380952382
METTL10,0.587240180509045,6.338310281818822
ENTPD7,0.5780937074139043,7.03361822681704
AQP1,1.086793730020617,7.305448264279931
PNOC,0.1055536260498922,6.508959614661652
RNU4-5P,1.181844571351742,4.009292368421052
RPS12,0.5261508323521998,9.980463166280115
MTMR2,0.042386358442054,5.879245393211765
UPK1A,0.5503384156070037,6.054393941102755
OR10G8,0.3375870105212927,4.362733421052631
SCARNA7,0.0198416682837753,5.974431964802648
RCN2,0.4476614438824507,7.26750846664473
CIITA,0.140852069249542,5.61091414057969
TSC22D1-AS1,0.1196506649800966,2.852306376150407
SPATA31A6,0.1374749554597263,4.941072078634085
AARSD1P1,0.0749853839687597,3.508951776315792
RNU6-78P,0.0299604057652917,2.343184605263158
HOXC6,0.2097671390376959,6.706795655616598
AGAP12P,1.1738308462927045,8.097267105263166
PRSS59P,0.6211658833067387,2.630011315789473
STYXL2,0.2185777385511269,3.734099934210526
TNS2-AS1,0.4459586304556031,4.9408926973684215
KRT31,0.1192637149153138,6.140639356203007
MLLT1,0.0946559203979268,6.460973644000089
SNORD86,0.4426789642051635,7.685252697368421
RNU6-1169P,0.142026551876185,1.3550898552631576
SCNN1G,0.072905345463463,5.752717805451126
USP28,0.4901509092113494,5.3413893871203975
HCCAT5,0.5067527665436844,5.220661513157896
BHLHE41,0.3756355359425153,5.0242564896512585
C12orf45,0.1247723233118453,4.475930669595889
FZD6,0.2512195490230967,5.4375256759900426
RPS7P8,0.5899271069314459,1.8503407236842109
CFAP410,0.0708892901233055,5.161956842105261
LINC02268,1.9443098125831264,5.110401907894738
ITGB1BP2,0.3927559456880315,8.085315476190479
SNORA33,0.1814731478667394,7.949419523809523
FNDC8,0.297527889923097,5.689539013157894
LINC01044,0.3258109888855997,3.850482828947369
RNU6-797P,0.744663218613266,3.4024356578947383
DOCK10,0.0037262301855164,5.862703512039926
TRBV7-3,0.112396720702734,2.6441186184210523
ARSA,0.3008754098779159,5.922829556129162
PDE10A,6.829518171032536e-05,5.223437863408522
PACS1,0.2640328987704174,6.374534517684697
SNORA47,1.4321837277804956,9.082382922932329
SLC9A6,0.4414812866429142,6.069401256071271
HIST1H2BC,1.3416803923352028,4.552000319778934
GNG7,0.1189327866760608,6.34902413832832
ZNF454-DT,0.1370846612800163,2.939872960526316
BMT2,0.138299172595656,4.696535052901853
TENM3-AS1,0.5697327798638417,2.79106197368421
LINC02545,0.2382212832366169,2.7925267763157904
LINC00159,0.1089014472016148,5.631136427005012
SPDYE6,0.473651189833871,6.075927474937345
BET1L,0.231921635664478,5.272319844050167
PER3P1,0.0100435438350213,1.781405065789473
SCGB1D4,0.1047398467114277,3.139792894736844
CSAG4,0.1116823238152828,2.1279496710526304
MIR4474,0.3942408147381062,4.242180526315787
CTNNA2-AS1,1.2412267868929134,2.8220127631578933
ARID1B-AS1,2.6254199041214514,3.047825986842104
TOMM7,0.5819064536970149,9.494515252303032
HPS3,0.0672456507617191,5.73714024463111
LOC100131023,1.091685990860617,7.851979523809523
TAB2-AS1,0.3183968255885202,1.2082426644736837
LINC02159,0.6985897925761891,3.058599671052632
MT-ND1,0.5857671640566132,6.943154013157893
OR6V1,0.1535460513500092,5.643240277255639
RNU6-895P,0.196687598618706,2.032480065789473
LINC01214,0.6027980960690396,2.435037894736842
NOP14,0.1223504671745942,6.610984875332384
SFTPB,0.0948997819434315,7.878794285714287
PNKP,0.0265090600549301,5.845960176652727
GBGT1,0.0938407719183629,4.95754047896236
DEPP1,0.0371505175441121,6.252802763157892
LINC01309,0.0517956791768923,2.1492853289473683
PTF1A,0.092117092768992,3.53945269736842
SNRPD2P2,0.6510572851821895,2.681474539473684
ADK-AS1,0.8287641557507157,1.8083432894736848
BBS5,0.7721748439036313,2.686606824218331
TEKT5,0.3094525967282595,5.746030988408522
ROMO1,0.6343869827587026,8.6988500712445
TMEM117,0.5796636730917516,4.995371193988715
LINC02488,0.6866404853855147,1.6240388815789466
LINC03016,1.1882257945979815,3.496901184210528
E2F4,0.5889481324101604,6.344835974615854
RCC2,0.1755349222604699,7.134857448102669
ERCC3,0.1550759647225068,6.786355733245597
GOLPH3L,0.210908870811068,6.121109206011314
EPRS,0.6524876997696865,4.766169883966745
BMP2K,0.2246217221671007,5.462795731154643
RNU6-1186P,0.2766703810823909,1.3291577960526315
CDY1,0.2650376760526335,7.844327619047618
PARP16,0.9167438231711802,5.837538989929361
TGFA-IT1,0.7155365499806923,2.7476818421052647
SMYD3,0.3275200008273358,5.802149403800069
RASA1,0.4532541652341778,6.29772541720331
RNU6-938P,0.1168613524382393,1.6481301315789474
LRRC74B,0.0389279280106816,5.750739664786968
BANK1,0.8554939139365407,3.666237694993031
OR52J3,0.5300767659164931,5.448502124060149
AVPI1,0.0933612849706211,5.42622766076998
CLCA3P,0.2834613190617115,2.365007499999999
FHIP1A-DT,0.5682254032004476,3.335920460526316
ZNF582-DT,1.6208449404726684,3.809573223684211
EMD,0.171455218592395,7.965021620301669
RP11-481C4.2,0.5542075927285515,1.8030594936512825
LRRC38,0.0461799959797465,5.9191882095864665
DPYD,0.8227252687537768,6.581576257234855
CTD-2349P21.9,0.85589646620313,0.8530925903502489
RP11-182J1.3,1.3594616699433146,2.10913293525144
C19orf48,0.1017738042570306,2.0630199001689884
RNU4ATAC11P,0.4003251978295565,6.122285855263156
MICAL2-AS1,1.5963862740407857,3.9914269078947378
MIR125A,0.2167787963067909,7.811619285714288
EFCAB6-AS1,0.1347868451500035,5.883257463972431
MIR4744,0.1884288734665098,2.306672697368423
RNU6-251P,0.38482573581624,3.920289078947368
AIDA,0.2140757079998445,3.147724820851169
RNU6-864P,0.443313553259244,1.564779539473684
CTHRC1,0.0639997895480407,5.141649296980089
MUC12,0.0346389911132452,5.608773378759398
PTX4,0.9153836706543126,4.747219407894738
MCRIP2,0.5815528700006634,6.684499326403063
FOXD4L5,0.5045153484403945,5.882412626879698
SAMD11,0.2219346664512535,6.247723051378447
PCDH15,0.0307200730338223,5.228846405075188
FCAMR,0.8189309420776973,4.883888684210528
PPFIBP2,0.5039961692966016,6.199298084782899
LINC00644,0.5658829589232257,1.5233171710526308
SESN1,0.6795410869294414,7.382196913179698
CDH5,0.3517539567812655,7.146309657751101
TOX3,0.3566059661527524,6.659683677944862
RP11-302L19.3,0.1326176310951323,1.1353812962113614
SS18L1,0.5833531414393957,6.1734349410739
OSBPL11,0.4953533324092597,6.699209447940578
GPD1L,1.1528724554946246,7.627432425981848
ANKRD29,0.7629224011853054,3.855888568154115
PCNX4,0.6159030722436933,6.954574464285715
RNU6-623P,0.7572426504357803,2.739421842105262
TMEM147,0.1892429869802998,7.527578200146324
MAN2C1,0.6848866903287161,6.272466562287991
LINC01215,0.0742877616598458,2.733122499999999
CCDC117,0.1764446834348259,5.76531422618076
HHLA1,0.2413310919870477,5.133662424812029
SNX7,0.4503581050724652,5.641255477593666
XPO7,0.3716388856204111,6.907413824186175
BCAS2,0.0501356559520632,5.442384589462164
KATNA1,0.1049254347469369,5.91846127108504
RMDN3,1.1558555367828247,7.227604754374003
LCK,0.0518219122197178,4.650760499442889
GTF3C2-AS1,0.0554882576817103,3.724974868421053
HSPG2,0.1551872816133812,7.91154755420191
TMEM231,0.116115115190981,4.825661298234979
MOV10L1,0.1077431510017423,4.194086962023039
ITGB8,0.4188251179119648,4.009067313806328
RLIG1,0.4204954959885187,6.182700657894738
DHX40P1,0.4736937538223162,3.841382302631578
C8orf90,0.639802125138113,5.086221644736843
TXNDC12,0.1400639940410626,7.163435426872876
B3GNT3,0.0408527142084939,3.3505161842105244
CLDN14,0.4207225487828765,7.614135856829574
HINT1,0.1529932981267606,9.382222911850794
ABL2,0.6590041825719558,4.966385835461572
LINC01198,0.1671214233636752,1.6715453289473674
RP5-875H18.10,0.4855499752442325,2.340576750663572
LINC00540,1.2238379001509574,2.132898223684212
MIR9-2HG,0.8736807425521133,1.597008355263157
CFAP206,0.8578683333939969,1.494791050005153
TRBV29-1,1.0361926329413926,3.652395131578948
PHYH,0.3636809737332286,8.523153942815817
C14orf169,0.0110219028546215,5.821692698476485
USP17L30,0.1478093221411699,7.84800238095238
SNORA63D,0.7017350167006828,7.4632035526315805
RP11-319G9.3,0.1450056643623204,3.8793866526548975
LINC01003,0.1517941689514536,4.849701311664386
LRRC77P,0.5207912737292356,1.809053421052632
TLK2,0.4970300008001386,7.17652654903856
RPL38,0.8010304190571215,9.093104388599208
SYNE1-AS1,0.4181044701897881,4.636884407894735
RBP2,0.0156275676705495,5.873905502819548
TSBP1-AS1,1.435231545536931,4.442716052631577
CEMP1,0.061520978801741,5.935224342105263
PLEC,0.1387085030333098,7.052600778453246
TEX21P,1.3626647701674053,2.640015065789474
RNU7-110P,1.187188190000663,2.5289292763157887
OR4D11,0.088309507381455,2.950590065789473
RNU6-258P,0.4541394737767542,1.4523251118421054
CLTA,0.3256783016875909,7.47867568975578
COL10A1,0.1857102575706093,2.6287023684210515
SP4,0.7214598565479489,5.223755486068108
BHMT,1.245911296435182,10.809896184210526
STIM1-AS1,1.0051798148086892,4.442355065789472
CNNM2,0.4716528269556668,5.162214698779014
SNX2,0.2660962734022337,6.815251415640662
TARSL2,0.5377623616737495,6.0017879028595
PRANCR,1.4822130599249408,1.9683828289473688
RCAN3,0.0988819538714722,4.5595457091643175
USP46-DT,0.5229286012730647,2.761667894736842
ADAMTS16,0.0416873585403862,3.8053862499999993
NSFL1C,0.210214149261622,7.306397625123917
RP11-119F7.5,0.2851599813976219,2.3980215586167994
RNU6-168P,0.0241671505062163,4.233966644736842
FAM95B1,1.3587884436605269,6.576351940789472
RNY3P4,0.4507080962256559,2.0360367763157896
RNU6-831P,0.7255059013078979,1.4644872763157892
CYP2U1,0.3922277856479813,5.527560015610686
NCOA7,0.386400623664875,6.349136149438316
PHC2-AS1,1.7207545155951598,3.675532697368423
SORL1,0.2636328131414664,7.364119310980129
RNF157-AS1,0.2642395623109008,3.576700723684212
SELM,0.5829206484782435,7.053871582676729
XAGE3,0.1027952279640844,2.107227155791373
RNY1P4,0.0379160289676999,1.4408496315789474
LINC03150,0.5714279154735685,1.848804539473684
KCNH6,0.1530635266834936,8.759718513471178
ANKDD1B,0.3282349080481183,3.64597980263158
HCN2,0.2267433429635493,5.684243150062658
KIAA0040,0.5949169929036531,6.929530456367473
RAB11A,0.4502828161266499,7.803789882826204
ROR1,0.343985337346735,4.878884054052066
GOLIM4,0.0485603472194804,7.369208430628904
HEXA,0.0587121701067609,6.851223919852405
SNORD59B,0.4173642722786591,7.911827619047619
RNA5SP470,0.014746150960386,1.7589949999999992
MPC1,0.0586517335991921,6.65472327203331
RNU6-557P,1.1038006400413505,1.4955253947368423
MIR451B,0.1726302201391072,1.35692965131579
LINC00838,0.2012485664947012,3.428772565789474
PTPN13,0.4036332981887792,4.85029556885529
AMZ2P1,0.5308781536542037,4.697097209068283
DRAM1-AS1,0.2809165653655998,1.913735789473684
RNU1-35P,0.2863088809939453,1.9385925
CHST15,0.2414601053979446,6.190808910755007
OR10V2P,0.0658110944033991,3.933619078947367
RNU6-425P,0.2754259590377176,2.6278523026315788
MPP3,0.1498370325870368,4.757271384874149
LINC01965,0.1537715761520404,2.5576569736842103
LINC02606,0.659295936964288,3.4419574999999987
ARHGEF16,0.1420981701585954,4.076359964101015
HDDC2,0.2914423426102411,5.568585059031125
CLEC10A,0.3343659568502873,5.44064516213626
LGR6,0.1282018193026345,6.056774644423559
MOSPD2,0.1007263387605454,5.516619623457708
LANCL1-AS1,0.2130079078392758,2.610378026315789
RNA5SP414,0.3834610119883712,6.055384868421057
ESYT1,0.4100907198162942,8.204010089020318
LUCAT1,0.4798443791983028,2.8049544736842105
UQCRC1,0.0304668775049587,8.578543160349275
CDH1,0.6340423040091526,8.551523394423558
TMEM192,0.1009361216169578,6.902963771156965
SNCAIP-AS3,1.5180836955000203,4.832112171052633
TUT7,0.0942882846338414,7.96142427631579
PSAT1,0.6979667822156529,6.728560946382982
CHN2-AS1,1.1871819294640793,3.131043289473684
SH2D3A,0.0546195964190501,4.521475263157894
LINC02745,0.2279334492439436,1.488923486842105
LINC01101,0.0074330705385715,5.806068161027568
RNU6-593P,1.0494074371313389,2.821680986842104
GARIN3,0.4600845465257973,3.6949442763157903
P4HB,1.2755350196884088,7.331423177189345
PHKA2,0.4713704241359101,6.9047491178788585
LINC02676,0.3775611486215657,2.361852763157894
TUBB,0.2535486662246427,9.643133523817978
RP11-455F5.3,0.1057111691305852,0.8799048982540001
LINC03138,1.826352352929528,3.980378355263159
OLFML2A,0.4817521150632051,5.331430332774853
LINC01787,0.3308797769951717,1.6457946710526314
NPLOC4,0.8000956701173415,7.5356660439223075
KIAA1211L,0.3109324861323019,5.157986466216227
RPL21,0.013912724962869,6.105959733606518
FAM83H,0.5584775733992532,6.949426718358396
LOC388882,0.2995857886818074,7.849987380952383
FAM98B,0.0609608861945457,4.885951713037577
RNU6-834P,0.9447658096869606,2.655692434210525
PRRT1,0.1063965632154642,5.257445438064207
MIR3120,0.9124643384846584,3.0667455921052627
IMPAD1,1.3035132887485037,8.12155617211302
KCTD8,0.0493883051375509,5.070824508145364
RN7SKP18,0.3314962733193168,2.339520131578947
TMEM173,0.068165811852227,5.682114220274093
NSUN5P1,0.4067096341735738,5.5581212966273625
SAXO2,0.0119285914742617,5.527917543859648
FDFT1,0.2063187417364168,7.839753901656434
MIR4432HG,0.168490237583765,2.534351184210527
SCNM1,0.2869243198369661,6.103561173205755
FAM134B,0.0234697687609612,8.896129427153921
GNG3,0.7234118328686086,6.41820651472431
ECT2L,0.2618120014358883,5.424176235902256
LRIT1,0.1357162914403374,5.811589783834585
CXorf66,0.1813431647877536,2.353391052631579
TRIM27,0.2819271667116736,6.22758116806196
AGO1,0.2002959538178952,6.534384648152586
ZNF736,0.413719067858075,5.969486917293233
HSD11B1L,0.0520900894940203,5.671032141469322
LINC01768,0.3156262842904903,2.754699013157894
C12orf43,0.2403851029960801,4.540035212058048
DDX3X,0.1859375636902349,8.298300243667013
UBE2E1-AS1,0.0703093321364286,1.86732769736842
KDM5C-IT1,0.3440221029610706,2.768744342105262
RP5-1024N4.4,0.6556904339995334,0.6569142932822161
SYT2,0.0037759809780112,6.241974650689223
RNA5SP188,0.3885088470112298,2.602324309210526
LEMD3,0.304887365779629,6.004861761906967
LINC03021,0.5067352013157232,3.0325615131578947
PTK7,0.3640335375548628,4.905042073403178
IRAG1-AS1,0.4406111975146138,3.2244423026315787
VKORC1P1,1.0236918001541662,3.180840592105264
PTGFR,0.200763969282704,5.4755711647345615
FOSL1,0.7826133427882153,5.956851362781956
RN7SKP105,0.0590816872117765,3.1296332236842104
WBP2,0.0124806740489034,6.790058049762154
PCDH10,0.0687119116834754,5.72842292293233
CSTP1,0.1842787574774881,3.272701447368421
MIR4704,0.3091656251727597,1.9870957894736845
APOA2,0.0666604243980901,12.504426315789472
SLC44A3-AS1,0.8610708972022352,1.9304592763157888
CYB5R2,0.1080421397863679,5.534525745273911
PPCDC,0.1412379028722314,4.591993293328354
RNY1P1,0.5286028323844645,1.149702302631579
STK24-AS1,0.2531137827330164,2.5613759540039034
MIR4802,0.4157008995382404,3.599019210526316
NMNAT1,0.3971362784160933,5.080554214733684
MIR124-3,0.4446656197985412,1.1726635460526318
FTO,0.5568434609566377,6.559928710236794
KIF19,0.1214148683445499,6.400163446115288
GSPT1,1.141116353753007,8.465945537573392
MIR3142HG,0.3482748318158897,4.543690784067876
LA16c-390H2.4,0.0913596672963574,0.769599680513865
ZNF788,0.0021548171171655,7.873179523809522
TRBV5-7,0.6311480136176817,3.3155260526315806
MAGEA6,0.6078664076009873,5.165772604949876
RPS3AP6,1.2739193761985577,6.8052507236842095
LINC01595,1.2749442879745845,6.639806907894739
MIR551A,0.4623841464221953,5.6442530012531344
LINC01483,0.0517530422190848,1.4217340263157898
CFAP61-AS1,0.6346375485892469,3.628278618421053
METRNL,0.5210342481059266,6.330998777703097
YWHAG,1.2098845148971138,8.763542483948124
EP400,0.3454382013835077,5.687827341152549
SFRP1,0.1641570069009098,6.445560357837146
ZNF37BP,0.5170474131440719,6.0724322258771934
COL5A2,0.549848182546845,6.5484059337885725
PTN,0.1525123139391216,4.336331490023354
OR5G5P,0.7463799851671408,7.896127380952381
RN7SKP270,0.1382431338896391,1.5039177631578953
NLRP3,0.2773129918321016,4.736134191786237
GATD1-DT,1.3856563692611072,6.458158157894737
NUTM1,0.5749193134157685,3.2318319078947355
OR10K2,0.1226582611689844,5.526836926691729
SLC9B1P4,0.7657838334074054,2.526272565789472
SYT17,0.3108506861159368,5.856553248053181
RPL6P22,0.8144846431360211,4.258323026315788
TM4SF19-AS1,0.1617856806682079,3.757036513157896
LINC03122,1.4779396354402703,2.494110657894736
HSBP1,0.0793951654844515,7.701947655466843
GPN2,0.1641848614406096,4.798323881124905
KAT2B,0.0265677619340222,7.680136064254132
LOC283440,0.8457675475442371,7.853176428571428
C1R,0.0677250335468002,9.153576645193535
PAPPA-AS1,0.8868406200103971,2.514550526315789
ZFP28,0.4648662477291505,4.732034513545181
DNAJC22,0.1610899910160307,6.910328403822056
RNU4ATAC9P,0.0033286381300616,1.244418256578947
MIR4473,0.0302557873186325,1.9833269736842087
RNU6-173P,0.628310297396522,2.209661842105262
CFAP61,0.34316913700892,2.5601451655841663
RNU6-1218P,0.0430905487307312,1.8980196052631568
RRP8,0.0544303358571211,5.834137456335245
RNY1P10,0.123511727991553,1.7472150657894736
BTAF1,0.9339109205780328,5.035508413993298
CD1A,0.1016095270817039,5.841576936090226
ZNF276,0.2691359331356521,5.98553226431054
ADAMTS17,0.0768968167151192,5.790602828947369
KLHDC7A,0.1923537414117331,4.724814537730765
LINC01052,0.0816763820456742,2.095171513157894
RNU6-746P,0.0289298997086521,2.0020191447368427
FOXE3,0.010889107380722,5.729647066102757
GIMD1,0.3332514061091929,6.020138323934837
NIPAL2,0.2900080549532509,5.440135396964742
USP32,0.1646635273484133,5.877805407778399
IGLV3-19,0.6288546346098369,3.897714013157895
MS4A4A,0.1864766586895375,5.616587678413765
C17orf80,0.0405464656774123,4.223547296126464
RNU6-579P,0.416278713514612,1.4027143092105263
KIFC3,0.2019840202691893,5.2889470978053685
CACNG2-DT,0.8879197281920241,3.4073299999999995
HHATL,0.1551320926450839,7.26829642073935
AQP11,1.4130368427940778,4.153926257389688
GSTT1,0.502047559536903,7.925951201441101
TTTY1,0.7743137732386682,7.862717142857143
TMEM198,0.5044730364258164,4.404113311754357
CLEC14A,0.3410528507442816,7.2605647305085315
CAMKK1,0.114456324198197,3.055065242483169
PATJ,1.0407852513395204,5.519667316507845
ZNF583,0.6862991874077093,6.019482412280702
PRR4,0.6235255105634356,4.783364923266794
APC2,0.58956224339104,5.021041184210525
TLCD3B,0.0084148153927521,5.467917236842106
SNORD115-3,0.1122651576398863,7.299278092105265
SLC2A8,0.4581988081118793,7.186878163773149
VIMP,0.0968943764454884,8.43522576228453
MAP3K9,0.2551360784854612,4.6494514473684205
BABAM1,0.9335420389591852,6.388242592575962
LIMA1,0.3602378518036414,7.301457356519318
MYT1,0.0349693701736694,6.159947114661653
RNU4-78P,0.0091744240671508,4.890052434210528
MIR3934,0.4545896937848478,5.149943815789476
NSMCE3,0.1063543506324153,4.09717909627385
LYN,0.6067451057550157,6.647610134589995
RNU6-803P,0.8861446244139725,2.69217019736842
SYNE3-AS1,0.3951557308771155,4.206407171052631
RAMP3,0.4492690404874309,5.993626279950081
BMF,0.0926561248077674,4.009300339188116
TIMD4,0.6542357333857867,4.744985065789471
LYRM2,0.4927039356379433,7.656156224629896
MIR499A,0.062442429667128,5.269934227756893
LINC02186,0.6199528621637698,2.164361513157893
OR3A3,0.0321938239965411,6.1616014129072685
PUS3,0.1673442782384273,5.68763479775227
CIDECP1,0.059243555752474,4.806734342105264
LYZL4,0.0396720197879763,3.8366886842105257
LPP-AS1,0.1239062088128277,2.2044700657894736
RNU6-444P,0.4206265623914693,2.544703486842106
RNU6-625P,0.16367364799751,1.626662631578947
CCT5,1.1159061980440592,7.131440175570639
BRDTP1,0.1689119179930644,5.212105302318293
LPAR3,0.448897541417321,5.751260180137844
DHX29,0.4852913640851251,7.006889622551014
GUSBP3,1.767587974682158,5.964528421052633
SFXN3,0.2689223354438462,5.0438295394736805
RN7SKP30,0.1705850648370575,2.8308335368374644
TMEM26,0.3109123713920351,4.296323581171973
LINC02849,0.3949728851550661,3.14446605263158
SLC51A,0.0945228476631212,6.4903056688596505
TTTY15,0.3013018038645212,4.379450492771986
ZFYVE16,0.5084215849916287,6.213464734524332
CD3G,0.2083892361585968,4.629468710264408
CALM3,0.0700920856012969,7.564400888801549
LINC03008,0.4147945560677293,5.333176710526315
LINC01664,0.0877614684172096,3.790680328947368
FAM189A1,0.8363361666956316,7.925847142857144
INE1,0.220790989665383,4.389602763157893
OGA,0.2282593990905136,7.57129625
NUMA1,0.4875690276318429,7.74419244318184
MIR1914,0.7743850042484322,6.9574505294486215
MAGOH3P,0.655588851245875,2.976869605263158
RP6-109B7.5,1.0172467340549214,1.902785604319508
SNORD7,0.7998841389363583,6.078051798245612
FLJ26850,0.1432259573205311,7.888531428571428
PTPRF,0.0459104248517414,8.185290457821438
VSIG10L2,0.1621545919252351,4.503477105263161
RP5-1074L1.4,0.8817225466371926,3.240206940758425
QKI,0.3340369038738635,7.451756785227069
RNU6-398P,0.0454976037716306,4.4719046710526325
TROVE2,0.7938191531936083,7.665238665779084
ITGB1,0.0559302774597207,6.649285687937251
APPBP2,0.0781231097964129,5.881027335974309
GET1-SH3BGR,0.1212639574008871,4.329825789473684
MIR1257,0.3836345376646614,7.83249857142857
SMARCD3,0.295255482812532,6.246777279207112
PKIB,0.4269535173546952,5.371947048872181
RPS10,0.9388097854309072,9.205538497152398
NCDN,0.0842844412357862,5.477343069308037
RNY4P13,0.0650946279259149,4.898742039473683
RNU2-44P,0.2035904776219019,1.2225128421052638
C10orf55,0.4586215418412532,2.277696907894738
TIMM21,0.1973826233678205,4.820840010553815
ALPK1,0.5228991657366221,3.930014466799847
RNASE7,0.1194255216057458,6.057801597744359
HOTAIRM1,0.0174294777666876,3.9987544344507033
ACVR2B,0.6103927365088699,3.815477806827309
PRDM13,0.1176393475925355,5.592036757518796
AAAS,0.0561616517024681,4.580219107417469
XKR4,0.0327978814359468,5.06986655858396
RNU6-626P,0.8957820596287193,1.3647090657894732
LIVAR,0.4677413645862019,2.565840855263158
NBAT1,0.352860948722494,4.712160065789474
MIR578,0.2793640134722022,4.919168193922305
SLC25A43,0.4265525367194259,5.334112028443017
SIGLEC9,0.1597232647688969,4.687401443731406
TAF9,0.5233056852955386,4.613157756843711
OTP,0.0332504282811243,6.6111876660401006
LOC100133985,0.1607487882055434,7.873519047619047
HOXB8,0.0083583798670592,5.713396593045112
RNU6-973P,0.360047552773909,2.104925723684211
SMCR8,0.178302706631739,5.384843897814274
TUBA3D,0.0409053199750388,6.266831442669172
RNU4-14P,0.9699192002936828,1.805615197368421
VSIG10L,0.0067974574111883,3.174664202690051
MAP2K6,0.4719651881666854,5.447920514070359
HCAR1,0.1254364099693389,5.473612674746849
OR52B1P,0.6170305091376357,2.6819012499999992
CLIC2,0.0141620882430622,5.668379419905388
FERD3L,0.1807990562364057,4.834075921052631
MIR632,0.4613575017801267,7.820326428571427
MTARC2,0.9520065214355704,9.386549605263154
RNU6-347P,0.0007213275189864,1.948522500000001
HNRNPLL-AS1,0.1986426256408612,5.294505921052635
LINC01475,0.241278622077328,4.373515526315788
BCL2A1,0.1188251231719452,3.4735076244405905
PPP6R2,0.4889353748872366,6.417262163218811
MYRFL,0.5661444806222393,3.909218684210524
MIR3663,1.13998645398916,2.6372978289473674
LINC02008,0.8506286862966496,1.8036725
NKD2,0.4845016850565276,6.403710291353384
CSF1R,0.5249356645508451,7.360099541542816
N4BP2L2,0.868532339388377,8.189692272725738
EEF1A1P5,0.5205594683755461,11.553221710526325
TMEM161B-AS1,0.6044614268283579,4.748788559154335
MIR941-1,0.4468927146382171,7.547758355263161
RN7SL220P,0.407563697170088,0.9203918874095444
ITGAV,0.9362261933481052,7.239094864240298
CDC25B,0.0113272509387603,6.522574551390236
MGAT3,0.3182884181134841,5.392925714096987
B3GALT2,0.1822605137489767,1.839924754884163
IFNG,0.5696238423591067,5.011456569548871
CST9,0.2163139053655679,5.823565750313284
SLC32A1,0.0634467783024812,4.291001973684213
ZC3H12D,0.3664087647708413,4.543153368004146
ARMC7,0.1952884241899687,3.8738819311709385
SRD5A1,0.1023687091876281,5.515890696627625
SLC25A12,0.3301068425723948,5.542236553561442
SLC31A1,0.6526489153187147,7.422711835385512
AC005498.3,1.3198769912634898,0.9601157874019992
GALNT18,0.2810501868253312,4.857253023903768
COL22A1,0.0995784393058737,4.190538631356644
SNORA74B,0.0222195227744557,6.754525079887217
CFAP20,0.4315604209464685,5.738865495659342
PYGL,0.84773528037892,8.668009276192818
CYP2D6,0.1902980674784053,7.271394116541356
MIR4294,0.3747706332444634,5.186796118421052
PDE11A-AS1,1.332001347786878,3.2399188815789466
ANKDD1A,0.8953092495831393,4.520471472479981
MARCKS,0.1224969384471145,7.635384675547066
RNU6-764P,0.2171036417495226,2.7489221052631585
RP11-417L19.5,0.6405760664419514,1.8260245150998264
CIMIP2B,0.8686240764996823,3.5730738157894737
SPACA6-AS1,1.3571577609742544,4.356949736842104
SCAMP1-AS1,0.4015092991642172,3.6018638912503005
CPNE7,0.3366794155700021,6.022901215538848
H3F3AP4,1.0467065033551448,12.16237380952381
RNA5SP89,0.5429295619574105,1.3038452105263156
ALG1L14P,0.6745342135054022,3.673865526315789
ASZ1,0.0714081833893367,1.5842748026315798
CHST10,0.1557682936336933,4.746069397363493
FAM20A,0.3720130643090603,6.197995063146276
ANKIB1,0.2809459005095363,5.271246354088986
MIR4684,0.0835221099308914,2.2407501315789475
ADISSPP1,0.3255191395762523,2.468091381578949
KRTAP4-2,0.5831619974970429,2.36512125
HARS2,0.0506859226117824,4.929143614932199
KCNG2,0.2818523283577818,7.0695915256892246
NAP1L4P2,0.7935529094023002,2.879482763157896
LINC01100,0.6255738207995777,4.408611907894738
LINC01898,0.5742525416586761,2.324637763157892
CEACAM16,0.0609741394276518,6.022141215538847
SNHG28,0.2594613199125683,4.109899407894734
MIR4452,0.4465469797275679,2.4383290131578947
GK,0.1793624543629965,6.62291244517544
RNU6-1265P,0.1691400421298835,1.170976217105263
CCDC155,0.2893875858221617,7.853065952380952
USP4,0.3828088254200152,6.587571507769014
TEX47,0.1477629808727898,1.81724125
RP11-196G11.5,0.4003425267769723,4.538065062213275
RPL18A,1.0308821372574852,8.593031729635987
LINC00202-2,1.1395868818614308,8.429971428571431
PPEF2,0.1268980393253077,5.29404841322055
LINC01354,0.111902787536352,2.361134218164536
KLC2,0.6098808527211561,5.217601041514259
RNU6-1160P,1.1887170819486277,3.212260592105263
SERHL,0.0722179539171824,4.623658881578949
SET,0.1354616749464285,7.686125388928981
CAMSAP2,0.3783690470709224,5.507763973907336
ZNF513,0.0382898954542907,5.715256998184127
SERTM2,1.8921937268349092,5.273520986842105
RP11-115H13.1,0.2160231716973659,0.5484296724861029
CERS4,0.0095147773057575,5.44738782795802
TBC1D26-AS1,0.3627945710770364,2.056135657894738
PATE4,0.2995011593246725,5.229300081453634
RNU6-245P,0.4205253115471604,2.485164407894735
ZNRD1ASP,0.1640834052910625,2.456237587844216
FBLL1,0.402094075754783,6.528376602443607
BNIP3,0.1523776782947221,7.732573615592338
RNU6-86P,0.0472740620839256,1.3532933552631576
DSN1,0.0505710922486602,6.256801916600147
RSPH3,0.3597448800248622,6.050152690979281
LIRIL2R,0.2983183305357321,1.5267390789473692
LINC03020,0.6297408345228386,2.832290328947367
CSTF2T,0.1253683001845857,5.920644593040891
RNU1-32P,0.2343451262058503,3.6693163157894735
ADAM32,0.046220930595976,1.7976037815122576
NDUFB11,0.1010493045599405,8.504904994905067
TCAM1P,0.1723501390405983,5.34838118264411
RN7SKP3,0.0233945674775009,2.110662236842106
GACAT3,0.1018519629876293,3.178354605263158
RPL29P7,0.0631907103833103,2.963260789473684
RP1-292L20.3,1.3671214548633062,2.2018074072131566
CXCR5,0.0331772311727583,3.880414878425577
DCAF8-DT,0.8176703838221399,3.458090263157894
HMGB2,1.1259665155764824,6.028590558502869
PTGDR,0.6513466149418281,4.696366554942863
LIPM,0.1597086256272239,5.164528803258145
LINC01936,0.0379015067773861,3.815598421052631
RPL36P8,0.4882239992951285,3.609408355263158
FAM127C,0.0266011967948063,5.758103842218058
CFAP107,0.4207482914908453,2.517566381578948
HAPLN1,0.1855427524386748,4.9564079761904765
NAV3,0.8324204511061593,4.8057760602201816
MAP1B,0.9780265333203532,6.295891572057898
MLST8,0.7733040707754056,6.642758036347591
PHOSPHO1,0.2764690272957023,6.696627766290728
LIME1,0.3469252251546763,5.080084608114513
SCUBE1,1.2209454833883109,4.799855777194899
MUC16,0.0515069460557468,6.088727261904761
SCART1,0.0621154715281,5.994520252192982
SETD2,0.4672799169016035,6.762274633521784
MAPK3,0.3957804125916749,7.485874002601597
MRPL2,0.2186349884712655,7.347386246903471
MIR3678,0.0337352800281467,2.9144475000000014
SEC23IP,0.025863717106692,6.044724754226198
LRPAP1,0.3547796569242558,7.083437853536906
RNU2-50P,0.1140701559543881,2.6410723684210526
CRADD-AS1,0.4496049379882494,3.1374033552631584
ZNF295-AS1,0.2097693334670108,3.5482489473684224
RNU1-30P,1.1237982124830244,7.70513611842105
DRD4,0.1321267148762366,4.517568984859678
IGKV1-12,0.5062543624133211,5.245631315789474
FIS1,0.3777791463884123,8.059370030907939
OR10Z1,0.4718784701397364,5.789019722744361
DGCR5,0.5102035837100769,6.2558205592105285
NEU1,0.2978702764331919,6.540412920423826
PDZRN3-AS1,0.8994578117327761,3.418066184210525
VAPB,0.2074070409506773,6.942225272039399
CD81,0.0574981672565478,10.446710564970932
CD96,0.3980154280770415,4.4948609886284006
BLTP3B-DT,1.4909302114754468,5.417817631578947
SMIM29,0.0451670217820959,4.569328618421048
ANTXRL,0.717210317045026,3.297726118421052
PKD1,0.2290337291873274,6.67836636459027
RN7SL329P,1.1861667309568464,1.4229684821887594
RPL23AP4,1.4388906711453533,1.940478289473684
NXNL1,0.197744238057803,4.952516009773512
ZNF226,0.2834166948262093,6.31968382664812
ARHGEF7-AS2,0.0972941986656972,1.0756890419957468
CDY2B,0.4722593946252383,5.790280054824561
SPATA31C1,0.5622660335476583,6.380987420112783
C18orf54,0.1688952211906693,1.6211106123052077
MS4A8,0.050027916448029,6.037197625313285
HPGD,0.1542167925127168,4.507038599188654
CNGB3,0.1035265252646061,2.968952565789473
LAD1,0.3877317890698217,7.000677434210527
RP11-458J1.1,0.8577510377320173,1.3261645716799346
TFAP2E,0.0199450481002492,4.610827697368419
STIM2-AS1,0.406392889397116,3.465671973684209
NEK11-AS1,0.2241493252369853,1.801998552631578
SLC5A1,0.2083865765440027,6.319207125626567
KCNU1,0.2381333679398504,2.35154947368421
TMEM138,0.7736137682772579,6.379031658304231
RP11-242D8.1,1.0681673579399709,2.160818700489721
LINC02943,0.1581276802222873,2.57702697368421
LINC01339,0.1857519194777834,2.553614144736842
CDH2,0.0530742296417697,7.979584097744361
CT83,0.1304891743755551,6.499228032581453
RPL26L1,0.0146168773323582,5.192027094867986
RGMB-AS1,0.0020042206281077,1.934526333399566
TECPR1,0.0442550179889415,6.000177360203473
MEX3B,0.129899832338982,5.71623854793233
HDGFL2,0.3780866324342828,5.731721644736845
MIR4298,0.714883971711174,3.910620526315789
KANSL3,0.622392192139316,8.16703143900135
DHRS9,0.3121666633723133,3.1547080227494924
KRTAP2-4,0.995025657809587,1.879456907894737
TDP2,0.372473268939189,6.039805427449406
ABHD14A,0.0435646891195648,4.002562843553579
HLX,0.0123512060073256,5.989649268679663
ARRDC5,0.0274736559605315,3.931083355263158
RNA5SP118,0.0381861037149095,2.281248289473684
RP11-424G14.1,0.4702653621223572,0.4005694340019697
LAMB4,0.2336438836940262,5.465421113721804
LINC02941,0.0743954252950914,1.83555197368421
STRIP1,0.1079349247972562,6.459780765878289
RP11-134K13.4,1.2162092318457465,0.8701640016820918
GGN,0.1902730662482899,4.892356184210527
MIRLET7D,0.3247049469994083,6.553482094298246
PRSS21,0.013367311182397,5.895346734022556
ARMS2,0.0274097193655644,3.8389676315789454
POTEH-AS1,0.5862100237773555,5.239143684210528
LINC01162,0.3089915447549506,2.4499195394736843
RNU6-681P,0.1076684460255474,1.2050776973684207
NREP-AS1,0.4964472024584128,2.028738421052631
GPD1,0.9419847353833972,9.023665768577745
PLAU,0.0163962450831468,5.486783876221341
RNU6-714P,0.4674732975800761,3.254343881578947
MIR4738,0.2879764271813519,1.389898875
COTL1,1.00147115608649,7.385688209895171
LYSMD2,0.0853091684721728,5.628274370573223
RAC3,0.3847067348984959,5.500650431918061
ADGRF5,0.3189722872463464,7.789098013920889
ZNF474-AS1,0.1554603268517211,2.011885789473684
LDB1,0.5827179047499518,4.561743027132226
TAF11,0.2731369131144686,5.893327189603427
NPEPL1,0.1521775285697518,7.443650504409179
RPS17P16,0.3031394608052899,7.675448947368424
PRRC2C,0.1490255181091843,7.821280797721634
MYL12A,0.5482454541821172,8.938045947861584
FHIP1A,1.9954717271635076,4.2412475657894735
TNRC6C,0.6364637037181887,6.855607462406017
SV2A,0.0319037853399675,5.862174306077694
CMTM7,0.0206298752583119,6.115305260290378
TEX26-AS1,0.6615522048459661,2.423927039473684
CYP7A1,0.2943841340713516,8.197943355263158
EGILA,0.5260942173970896,6.225077236842108
RNU6-256P,0.3960113086194265,1.686692105263158
RFNG,0.17814207658503,6.687491771861045
PFN3,0.2252974398890556,6.100980386904762
ETDB,0.6497489722022918,3.404933815789473
TBC1D23,0.0224185048257856,6.168731651679159
CYP4A22-AS1,0.0318314502123807,5.515185263157894
C8orf58,0.3063438485705124,4.630226776315792
NNT,0.4092058218798265,7.673197705943142
CWC22,0.3053696534326192,6.2703952932314815
PLD2,0.1546909263329533,5.171676482328948
DTWD2,0.5897405855632455,6.545869508418918
FUNDC2P2,0.0140314018243501,1.5997340789473682
EIF3B,0.5882800421630888,8.105440007001585
RN7SKP198,1.8480636470975875,3.177242105263158
RP11-498C9.15,0.3738271959663433,1.9125488244578044
ATP2B2-IT2,0.0966170058656629,2.7781434210526306
HADHBP1,1.7386722581734018,5.6977901973684215
ADSS,0.0757648987795982,4.939415461364786
HLA-DRB7,1.7129738313358496,4.270312894736842
MIR3975,0.6409448783178604,3.017541973684211
UCA1,0.00986505894687,5.548775114348369
LINC01550,1.0328872866792194,2.608865236478031
SORD-AS1,0.8233271241814532,4.130718355263157
CREBRF,0.2743609229130519,5.51232426376164
FAM73B,0.3590211172863423,2.8639433744651925
BCAM,0.4083593753139363,5.700245409787137
MYH15,0.0005417951193706,2.870345263157894
RRH,0.1060036267589724,5.733529714912281
RCC1L,0.2505190615416506,6.321452774127817
EMP3,0.2679517395001765,6.466345147942653
CARD8-AS1,0.0207592868696639,3.0763126879432043
RNU6-228P,0.9926860188153748,3.687559605263157
LINC01659,0.9432537397163924,7.043975855263157
PDYN,0.4545366206862837,5.459026585213032
GOPC,0.3767300397095887,6.867465676759423
SMIM2-AS1,0.4694784121806954,4.504214934210528
CRELD2,0.4088163305509704,6.50618711698857
HEXIM2-AS1,1.7739827099322212,5.241043355263156
ANKRD28,0.5958112378782923,6.29353789473684
MRPL36,0.0852127936105443,6.559224789365426
SLC44A1,0.4861174419834761,7.4498284745667
UGT1A10,0.2609856413424688,7.846272857142857
SATB1-AS1,0.6850668651936559,1.710555921052632
LINC01682,1.1743017550397366,1.8607977631578936
BORCS7-ASMT,0.207365048002736,7.360119407894736
CCDC180,0.5545442694339522,1.7748576416353874
CYYR1-AS1,0.1108300013575085,2.571055592105264
PM20D2,1.1479673501310397,5.178291069884621
CPB2-AS1,1.210859271285412,4.11608947368421
ACTC1,0.109868122412303,1.838150921052632
SELENOF,0.5958567466520921,8.852059671052636
KRT86-AS2,0.3620442751910362,4.100391118421051
MIR3944,0.1623489628462482,6.446248684210528
BNC1,0.0067877594316096,2.246574144736841
ZG16B,0.5559290994885613,4.393778970191984
FSIP2,0.438109760934984,5.0712716510025055
GPM6A-DT,0.6004162453848292,1.9385750000000008
MIR758,0.0674403550232625,7.851701190476188
CCNP,0.5541045563040953,4.335312039473684
PCCA-DT,1.8639310838272696,6.578826710526316
PARVB,0.3058221653642844,6.448057458111795
MIR550B2,0.6315109389204481,2.5468940131578948
LINC02264,1.3145061201778363,2.774226973684212
GTF3C5,0.0818073599280248,6.580910241212656
CTAGE5,0.237490087081158,7.193625489071266
RNASEH2A,0.2239515474791015,5.455545058715296
RNA5SP67,0.3218196830618377,2.5435801973684224
LINC02223,0.5825055373407146,1.9804060526315788
MIR6722,0.0192528700717513,4.437128552631579
OGFRL1,0.9500884834751684,6.395877179203573
SEPN1,0.420803699539582,7.101758327407308
NFATC2IP,0.0595216221458306,7.352287512982959
GSTM3,0.6533460324482988,6.029286311190635
GTF2E1,0.0122535328410463,5.176944035233647
GNPDA1,0.0028078320273881,6.682568813373486
TARID,0.0364875460126587,3.766081250000001
NEDD4L,0.519531237086827,6.918763989787931
ZNF408,0.3234504745859518,5.372014031033676
CRSP8P,0.0324044277720864,8.532679285714286
S1PR4,0.1823641616871647,5.585472986203169
OR7C1,0.0558091905194454,2.485837302631579
RAP1GAP,0.2868304616055044,6.4178845802005
MIR2278,0.3305304236940273,5.901893121867168
EPRS1,0.1605591180097999,6.894354078947366
RBFOX3,0.0558226473106922,6.239754265350877
LUNAR1,0.2055950461754192,3.7235954605263153
IGHV3-16,0.6890341467439364,1.970613684210527
MIR22HG,0.989391546382476,5.299674647619505
CXCL2,0.9628430905238996,5.136652378202296
PRDM5,1.0473780624436806,2.5872798972799678
HADHB,0.4559437736833674,8.97792482031481
ANKLE2,0.1997683554808287,5.226684097546885
FAM160B1,0.0862889252988129,6.857690875045446
LOC652276,0.5029112660875961,7.809535476190475
KTN1,0.1217866816531674,7.890705495520688
CLEC5A,0.1618649110729221,5.489471007205513
TLR10,0.0958805633253462,4.288850960746053
LINC02303,1.2157934154006376,1.9758088157894744
RP11-305E6.4,0.8895702309317833,0.8925464154199085
LINC02679,0.7506600144863503,2.8400161184210533
GTSF1L,0.0844264066638962,5.459373696741855
PSMB6,0.5940053869203018,8.709548425680547
DPY19L2P1,0.0662280447489913,7.852183809523813
MIR4720,0.2799117455433679,1.559709407894737
ARHGEF25-AS1,0.5802392813817348,4.058396907894737
RNA5SP96,0.1829642849702004,2.400101381578948
CNTRL,0.6876679873837576,5.432280613471973
CCM2L,0.2636735855553281,4.555270080053964
LSS,0.3589600263164379,6.662373969139953
TSPYL2,0.5487460290350838,5.5350973390659135
CD7,0.9395356577445672,4.849266843287206
CCR10,0.0237468809311311,4.8012440439440045
LINC02195,0.0521041017069958,1.5960914473684211
C1QTNF2,0.2454273567202,3.740954809532851
PHLDA1,0.4562349258889704,5.846703074622002
PDZRN4,0.7705735664156252,3.651279124835774
LINC01053,0.6983554107211227,3.226264736842104
PPIP5K1,0.0073734567010978,6.168199935644398
TEX36,0.0352433521379783,2.558855789473684
ZER1,0.1125282715422193,6.729507251015414
PDE2A,0.4130681702130235,7.165935421363106
SLC35B1,0.5680787667996633,7.064628731648624
RNU4-20P,0.1567943044588576,1.203657223684211
SULT1C5P,0.0860876868715554,2.508379210526316
ERVV-1,0.1438834688641509,2.729419342105264
RNU6-458P,0.2572628940468566,3.97005085526316
PRKDC,0.0463677875114302,6.310032079021318
PSMD2,0.9809106077914854,7.94317563998077
LGI1,0.0762146801776128,6.621365509085214
PRG3,0.5305367388656028,3.8679348026315776
RNFT1,0.313153589642505,5.340845439443878
IZUMO1R,0.3736033268240285,4.788849802631577
HACE1,0.1711276602050314,3.223233824512438
RNU6-632P,0.3103810639157346,3.982494868421052
PCDHGC5,0.007903642802611,7.829420952380952
CCDC160,0.0483020956336614,5.135158840852131
ADAM6,0.6719194319241225,4.422375065789471
LINC01743,0.9112352712175072,4.16846460526316
RNU6-1009P,0.4558772660146107,1.1978184144736843
TNS2,1.073450803435226,7.602434074717382
LINC02145,0.9145443676173712,4.369814802631581
CEACAM7,0.5195695496129904,2.5710952631578947
FAM208B,0.4722658940801817,2.650513076431937
IL17RA,0.0027744018287705,7.024494805832908
SPATA41,0.4149741262943678,6.227877777255639
LHPP,1.0119161035591888,5.864777388131553
LCMT1-AS1,0.17253422192499,7.944447619047618
VANGL2,0.19786256090973,6.0903465538847135
RN7SKP227,0.0249913700946243,2.2198180921052635
HMCN2,0.2103374548725942,4.653157368421053
LINC00528,0.0584914655564616,2.8145572461676
PPP1R1A,0.0524254822864886,10.067222254858311
RN7SL37P,0.1394671143711693,1.951951799176597
RN7SKP277,0.5612940645181004,1.634239013157895
RNU7-106P,0.2730376716150547,2.515500592105264
ABT1,0.2077374519526584,6.202216581260432
PLCE1-AS1,0.7352528974288071,2.2980855263157896
DTHD1,0.218458995159833,5.0167741854636585
RNU6-119P,0.0190916839650363,4.892114473684213
CLYBL,0.6215048650726518,6.142599875159573
LILRB1,0.462230390069952,6.652552886504497
AFTPH,0.4091711321749667,5.75242603030257
RFC5,0.5654326927781474,4.831506162009521
FRGCA,0.9818731135161272,5.301941381578949
DEGS1,0.6143394439122343,7.128660839209232
CDC42EP3,0.1850856889954499,5.565266587066749
RPL31,0.9305557935734776,8.940911119576048
SLC12A1,0.1431315751560339,5.106362409147869
CPNE3,0.0031748278156972,7.297254963879323
LINC01750,0.3772655796493516,2.8512572368421045
ATP5MJ,0.0923066651983304,5.236638026315787
TEX55,0.2949425246040222,1.8464794736842107
IL12A-AS1,0.0952978418192028,2.5959789473684207
LINC00677,0.3552122666847895,3.6689628289473695
ANO5,0.8857652013329687,2.8314489993469474
RAI1-AS1,0.027086578686407,3.7054521710526327
B4GALNT4,0.0035517888844688,4.450613289473687
TMEM129,0.1651385207522401,6.825170040341621
RNA5SP309,0.5882012693771397,2.0695576315789483
PGM3,0.0113177577413393,6.456131579561226
TMEM155,1.0709525108355562,4.283847275717007
GNA12,1.1196212739149778,6.372539129677034
KLRF2,0.0165472647978155,1.654089078947369
BACE2,0.2249518331851678,4.325156589410468
ANKRD52,0.0408215877315114,5.115486293432374
GARS,0.8151545806756184,7.167117567621197
SWINGN,0.0498014958925158,3.6088236184210527
CIMAP2,0.6237440680555015,3.2748946052631567
GSDME,0.4149588771693111,4.343208749999999
MAP1LC3C,1.4424587056070348,4.200752363484074
RNU6-1296P,0.5637694509211035,1.666602039473685
SSBP4,0.0558356326988096,6.407820461828426
PLG,0.0825162459394942,11.187449342105264
LARGE-IT1,0.4613280459491864,5.071487894736843
STMN4,0.0368680675681212,6.19998307800752
ZFR2,0.2269240364451034,5.9450920567042616
AGGF1,0.0099376431737383,5.673635058404463
SNORD65C,0.333679219637472,1.2408714605263158
EME2,0.0880143098248598,6.254481381578947
RP11-44N22.3,0.0859656887133327,0.8193919967937999
LINC01191,0.0762584725278883,4.016567631578948
LINC02391,1.4265181890059817,3.087687894736842
TNFRSF14-AS1,0.3426902489774878,4.984891118421052
NXT2,0.4991850674602207,5.327942220786535
LINC01376,0.9459355340380792,2.7748828947368414
HNRNPH1,0.3223483448467693,8.003466073755703
RNU6-1307P,0.1724390871547341,1.212836815789473
LRP2,0.1876347902856522,5.708472041040101
PAM,0.3236874979965899,8.950078579789436
IL32,1.4144538113318423,6.3296732232484345
NHS,0.717517604547601,4.753522191155738
KRTAP5-1,0.1290912261912927,7.112936035401
TRIP13,0.0902113436484259,3.8809798565144593
ST6GALNAC2,0.95688439149385,5.77432914107994
TRAJ42,0.0436631551168261,3.75275486842105
USP51,0.9783975020583346,4.491811336450287
BAD,0.5031487322380495,5.279369267982192
IKZF4,0.4605267158363068,5.296390447128468
MTNR1B,0.2755378846623815,6.02536383302005
ZNF772,0.1321128049977267,4.987238408531993
MAFF,0.0552569539535853,5.418266430273804
CCDC152,0.458255355789951,1.9837969225064944
OR5K2,0.1176418412190615,4.785169929511278
LINC00951,0.1428117418464825,3.0615263157894743
ACHE,1.162499985562377,4.713034605263158
TRAV35,0.0953359421382603,1.436241703947368
ITGAM,0.3441667334738464,5.517240084392136
DNAJA1,0.4544279806114107,7.826689401637378
RPL15P4,0.0135979657711199,4.941154407894738
NKAIN1,0.6746038736259521,5.655314547305764
FAM225A,0.3973764037340304,2.691098576271002
LY6D,0.7481434925991707,3.9141375
ENTPD1,0.321276814606982,5.111244141788021
TAL1,0.0646473484338963,5.181340056989473
DNER,0.1617613972369939,3.74379243474813
OTOP2,0.888656888304192,4.677972828947367
MYSM1,0.8717115397954661,4.96347417068094
PARP11,0.14225953432625,5.386863688946614
GSDMC,0.5151853330586796,5.648361044799499
CDPF1,0.0822071326026704,4.258484868669148
RP11-96C23.13,1.6440081444102803,1.9783378837091687
MFHAS1,0.2451043691859737,6.482175388446971
GPA33-AS1,0.9294603336241974,3.0277923026315787
NUP210P1,0.1842827554824385,3.029354736842106
EPB41L4A,0.2987826014694182,5.095376997304386
RNA5SP84,0.1261430084979757,5.566614802631578
SMIM21,0.1324919432558992,5.404605151942355
BLK-AS1,0.6321688501657413,4.172454934210529
FAM174A-DT,0.9948986251316028,2.573257960526317
RN7SKP101,0.819632436654225,1.546721381578947
NUP133,0.401735204225141,5.973968501481491
SAMTOR,0.187138612441042,4.244931644736845
FAM98A,0.9028508822033908,6.609921894931095
PPM1A,0.1756459902745527,6.857647400645477
LY75-CD302,0.621292894475236,5.119879144736841
SHROOM3,0.2367192669737433,7.335346148182957
RNU7-69P,0.0162851458951285,1.247604467105263
ABHD12B,0.9576553945903632,2.538640263157896
RB1-DT,0.652960013315347,4.232838947368419
KIF12,0.1043022682568425,5.853774999999998
UBE2H,0.6435504326024986,7.731252787118543
TSPAN31,0.2409047982347439,6.13010385109714
DEPTOR-AS1,0.0528076732270121,2.326961973684211
TRAJ12,0.8857074354108921,5.606733157894737
FBXL12,0.3378633801417716,5.713315802755183
PARS2,0.0773661305906128,4.668864804985099
RNU6-792P,0.1649871781160456,1.5278905000000007
CECR6,0.169043788839189,4.460426166127383
LOC100128239,0.1809297163523137,7.855187142857143
NOX3,0.1227155058386707,5.586507521929825
PRSS27,0.0918995915892812,4.486696973684212
LHFPL7,0.0178338484437726,4.863003749999999
PPEF1-AS1,0.8237533439309993,1.963269144736841
NBPF9,0.3915264412257403,6.466785439081541
FAM225B,0.0499253612202389,2.084025896519352
PDGFRL,1.1261095189044843,6.207101978383458
OR1D4,0.0889313311423377,3.725584473684208
RNU6-758P,1.250122516535839,4.545099144736842
CCDC88A,0.0347020277988257,5.653420530220215
P4HA2,0.2448813178822303,5.583965811990848
CLUL1,0.3449726766481851,5.715708931704259
SLIT2-IT1,0.6045041120236326,3.8152005263157895
RNA5SP387,1.033597779958758,4.14206802631579
SDF4,0.2594572964288547,7.999462548251568
LINC01144,0.0920055357195303,6.45968976660401
NDUFS1,0.1921611754263172,7.740556491781018
CACNG3,0.2302703229844505,4.172563552631579
RN7SKP106,0.861831398485604,2.49616644736842
PLCH1-AS2,0.1992696930865157,1.7270496710526309
ANO10,0.6482291980396442,5.316977893673954
VCY,0.4989934706572971,3.6267669078947367
POLH,0.1185496800297376,4.957087726553612
RNVU1-15,1.810977651620924,6.736947434210527
PIRT,0.0423042756580427,4.181600657894738
DRICH1,0.2992747742698475,2.837436710526318
HBEGF,0.4370725270727822,5.027116600304585
IFNE,0.433880009984013,4.664573707706768
STAM-AS1,0.6608986492355876,0.9951190800173112
ZNF418,0.4889333871735648,4.471164522306214
RASA4,0.2857184412567439,6.749447150689223
SPRY4-AS1,0.7102681054483987,2.811040723684209
CCNYL1,0.6957351229725652,5.02614493815241
LINC02705,1.2015718616139086,3.8101966447368416
PRSS3P2,0.9222896305908304,7.863170000000001
PRR20C,0.2961272124724847,7.866696666666666
POMGNT2,0.2328942676435376,4.743351436017983
HLA-DRB3,0.3930904726299966,8.25578813909775
EXOC4,0.1034188046717244,6.31802411642698
ELF3,0.8459479451963464,6.571606497493731
PUM2,0.5633669900358228,7.451090747870151
TSKS,0.7671850245527561,3.000171832913126
NRAP,0.6149692944832172,6.763583245614036
USMG5,0.128329460471651,7.905095614942615
RNA5SP467,0.0156214715515605,2.959757105263158
AUTS2,0.6481345414532537,4.743489220145744
CTBP1-AS,0.3277015303185086,4.459551973684211
LINC00957,0.6036173516533152,5.399510131578952
CSN3,0.3824831070550387,2.917062631578948
LINC02825,1.175668483760555,1.718847105263158
PQBP1,0.3651333108089454,6.3280406592139125
DCAF8,0.2404417082397218,8.496372748445658
RSPH14,1.0611537394635178,3.6520213157894754
METTL25,0.6645655968539641,3.346300060547461
PRPS1L1,0.007460053088454,6.088710775375938
RP11-61A14.1,1.3301598554710314,0.6841661149970172
ST7-AS1,0.3673657200444228,4.416848062076494
LOC729603,0.634403561824498,13.813521428571429
F10,0.7683231064139344,6.006478229804347
GAL3ST1,0.0425039560696357,6.340255759711779
LINC00639,1.0497189937863145,1.790228750000001
EXOC3L4,0.7005309020386051,5.534559868421055
PPP1R36,0.6394777597428567,1.817938443218632
TEX13B,0.0809511740524788,5.604448546365914
LINC01512,0.0663194807076408,5.95781480576441
MIR4786,0.2357909988060537,5.445516447368419
AZU1P1,0.0428151352848806,1.3828296973684209
MIR4487,1.4965691731308148,3.5040516447368417
SLC30A9,0.0677009913655634,7.694625193698958
ABCE1,0.0734620592592421,4.973971668654661
IL17A,0.0169383333911601,5.386474100877193
REN,0.1889268546128782,5.5564629151002505
SLC11A2,0.0967384893280644,6.757258960570534
CYP26B1,0.80502630968925,4.759945011482527
ACSM6,0.0743257406915672,2.698571381578947
CDHR1,0.2023777753263786,6.151889146303257
PDHA2,0.2004432367935025,5.439180242794486
RNA5SP458,0.3901303694845743,1.652861578947368
GPSM3,0.0410745599226267,5.773678407455718
GATA3,0.4426828770573757,5.608236464879229
MAPK10,0.15835636590293,6.872949891270911
RNU6-1205P,0.1857538394948876,2.2815212499999986
LRRC28,0.3741404021875033,6.204775913346097
CHFR-DT,0.0334022935922315,3.3648333552631566
POLR2B,0.3494768453356884,7.627398154434661
ARL2BP,0.5066726890953349,6.172753575557945
ADH1C,1.7342137017405117,7.469972071569305
CNTN4-AS1,0.5251131249002151,2.774211842105263
RNU4-42P,0.0088539989628715,1.7390196052631584
C15orf62,0.0985803686078691,4.64871835526316
GNPTG,0.1209515776469195,7.491822360093494
IFITM2,0.1543370374014475,9.29491133584855
DRC2,0.5116343106909302,2.8728367763157903
MYH14,0.9040838914360948,6.419065424144136
OPA1,0.2880129923626532,6.878371128016892
TIFA,0.2035335799770372,4.957694727323345
TRAV4,0.0717490757517662,4.650081842105263
KLHL40,0.4457545050996715,7.624019005325813
LINC00208,0.1035580694102849,3.0644831578947387
RP4-761J14.10,0.4467963674995379,1.85139905373426
RNU6-765P,0.1028116403746232,2.779315855263158
ACYP2,0.376760810183719,4.781799905436071
SPDYE5,1.576329424777688,3.541237960526318
MIR4644,0.8210075158589611,4.982257302631578
STXBP6,0.1479277665065086,4.83917648119806
ALKBH4,0.0672855196890302,4.233123044434851
FKBP2,0.518433223330592,7.641394312261045
TFPI,1.0957706992607383,7.420863148847926
ANP32A,0.3418095702534898,6.91695893314794
TTTY9A,0.3836351741016752,7.820266190476191
CGRRF1,0.3038409686097537,5.546022554745342
CLXN,0.0320633939320929,2.7922100657894733
NFIL3,0.0137908622660422,5.663789947541924
H3C12,1.3958228726140238,2.6728755921052625
SYT13,0.093589800802778,6.09205732612782
CD33,0.1605222261534074,5.182831771658305
CYP2C18,1.172493270117035,8.868874326441102
CCDC122,0.6875748070073371,3.0895725607532616
ZNF718,0.8019687483793051,7.880017142857143
AGTPBP1,0.1143503773768311,4.259517558253179
MIR196A1,0.2304652958668841,5.4939844031954905
LINC00427,0.9714229836148072,2.8258107894736844
HAUS1,0.0063447516612156,2.729754418801273
SMAD4,0.4243528769310262,6.264210172492251
G2E3-AS1,0.3381395203226083,3.239323684210526
PTP4A2,0.1325072286555735,7.646289585121694
UAP1-DT,0.0564691638511583,2.9299334210526298
MIR4436A,0.3833798475905253,2.6583749342105283
SYTL3,0.4316085156706389,5.262664178562626
RNA5SP496,1.662218866616211,2.946861644736841
CPPED1,0.7817533961318762,6.827279495511807
LINC00670,0.229788860771061,2.7280578289473683
AMBRA1,0.137377276505564,5.176937028775423
GOLGA7B,0.3622803988165736,4.350899769140336
NKPD1,0.0755623975704837,6.687148026315789
PHF6,0.2470275160550982,5.445063651254247
RNU6-485P,1.1393713673572692,2.708717697368422
RNA5SP353,0.4241087965588584,1.656991578947368
LINC01877,1.067134006713635,4.447873750000002
AC008746.12,0.1801521037485822,0.6660994843893172
MEG8,0.0114326131597273,5.497328706140349
PENK,0.1080405772179925,1.482344693498882
BTBD10,0.0127615378398537,3.556027950342444
LINC00280,0.0262682384948356,3.790786315789472
LINC01271,0.781818669713746,4.090425460526316
RNU4ATAC,1.1753034518667351,7.987534415327393
SLC41A2,0.8747158019139204,6.5484568211863605
KIF1BP,0.7898066421828674,6.125013494161047
MS4A5,0.1699249404636795,2.385876907894736
ADAM20,0.2125704005263725,4.578479407894736
BICDL3P,0.7146369817947612,2.701475197368421
MYOG,0.3065788951061956,6.900145557644109
LINC00519,0.2547591736350455,5.0800346710526325
SNORD71,0.6855717435552283,9.583960797305764
SMIM32,0.5311206393841661,4.993921447368418
MYO16-AS2,0.3049096902693923,1.7625660526315787
AGPS,0.1391113226436856,4.132373692809188
MIR450A1,0.6138468298108416,7.94530285714286
FAM129C,0.454858740975206,4.34678463120823
LOC729737,0.1671462481640796,7.835622142857145
CFAP77,0.0015245685654286,3.431768421052632
OR5I1,0.2527551305591271,3.287306513157896
MIR1178,0.3468480398856474,7.817530476190479
ZNF569,0.8759627545500396,5.548940526183588
LINC01209,0.5599558473804556,2.9141320394736847
UCP2,0.4700818973587408,7.113019727026374
RPL10A,0.5405320128019158,9.57774435407816
CDCP1,0.4085406274675064,4.602008045434826
CYTH1,0.0550488531893563,6.875883432358918
GYPC,1.366495033378683,7.92988072071212
PRR9,0.0619524398981521,3.128559276315789
TCEA1,0.0029255143353499,5.635761943152232
ZCCHC11,0.5607161557176058,2.698892069644913
DDX43,0.0592811677489686,3.919237942679037
CEACAM5,0.3145854109574876,5.2610337938596485
QPCT,0.2563038088574211,4.410221781555397
FZD4,0.3621523438343863,8.334387742003722
TRIM51,0.0494959722691151,5.565904140037596
LINC01739,1.367151798168699,2.980729210526317
DHFRL1,0.5628636416240496,2.6306924472273048
UCP1,0.0477682823339853,5.66389203320802
RTL8B,0.231856459252437,3.4804357894736846
NKX1-2,0.2458105795789458,6.547637866541352
RALGAPA2,0.6809980915721154,8.135355410401004
SLC2A6,0.9254662357671156,5.126306514726854
MAU2,0.4208525006620457,6.733588830664746
RNF126,0.3128216587908162,6.969280267491089
ARHGEF2,0.2870497141711554,5.84061740641739
LNCEGFL7OS,0.8424764438924424,4.446652828947367
ABITRAM,0.7190724428232669,5.88108269736842
RNU6-561P,0.8564177171724823,4.335516315789475
SYCE3,0.1700276327503558,2.241243092105261
ST6GALNAC1,0.1247130877425331,2.351338753797986
GRK3-AS1,0.3720216178186101,2.233285197368421
MYF6,0.4189305630265751,6.6336961372180445
LCE1E,0.0922953973054852,5.874069385964915
MIR4300HG,0.0399548482926877,2.0100247368421056
KRT18P39,0.8334768062856986,2.7649513157894727
TM4SF5,0.4359961891114116,8.21624822368421
CYP4X1,0.1946243656810714,5.968386451877213
MED19,0.0712825933041816,5.779515740569017
RGS7BP,0.453395192961418,6.315934602130325
LMF1,0.0972060769808309,5.38513925680349
USP44,0.2556536970898991,3.830295154264482
TRIM13,0.5839224987084153,7.614462347051017
PCAT18,0.3361137773951496,5.181349708646617
RN7SKP47,0.0819528509684821,4.8226340789473685
MIR4671,0.0281316869335707,1.1683585394736844
TMEM179B,0.2744058921015542,8.084449521858817
SYNPO2L-AS1,0.951879034016312,4.1972881578947385
LINC00672,0.0333641043770335,4.783947681990752
MIR96,0.2339957648473137,5.131910291353384
DBIL5P,0.0392234795030637,5.6614887640977445
GRB14,0.5846137943041052,6.334162283274551
AIP,0.5659759587199559,4.702949900422071
LINC01584,0.0236619023566812,3.027152763157893
RPAP3,0.3205214523506253,5.866139087194071
ARID5A,0.232054640007502,5.203359215273476
UBE4B,0.3142609626354853,6.864555864327404
CASS4,0.2410124552791513,1.0997669766814195
TMEM139,1.2125035347768636,5.448231966158502
MCHR2-AS1,0.0948790532288246,3.3551129605263164
CSRP1-AS1,0.54250501117169,3.263608092105264
OR10J1,0.0741031812868216,5.24175359962406
KPTN,0.3120506028536072,4.970159332108356
GRID2IP,0.7273226621662549,4.283748749999998
RNU1-46P,1.1728270978339808,4.02369875
LINC01643,0.6708281985518117,1.8430998026315784
SPRED1,0.3747156463554109,6.291126288907094
CARD6,0.1075184581296865,3.6580626033011434
ZC4H2,0.1452191867597455,5.415931990773987
HNF1A,0.1089591088579301,6.792023316102758
TSHB,0.0232578132126594,1.781084802631579
MPP5,0.3140889286824546,6.954756889751775
ARG1,0.9614129203668762,10.238655592105262
LINC02539,0.0283822529458686,2.225874605263158
MIR6820,0.221757561624455,3.1048529819558683
HMGXB4,0.530171955028346,4.979837050061599
AGFG1,0.7441167519060524,6.866146496596351
OR5H6,0.081604514306697,1.688873552631578
PAGE2B,0.2782404581845871,6.410765604636593
CLSPN,0.0378396872080799,1.9976706962978967
C1QTNF5,0.5072190789489326,0.9015952420999486
TXK,0.7729178867284262,5.982389183897244
LINC02387,0.0803940713574784,2.7817782894736856
SCCPDH,0.0496105982394173,7.925654563206692
PDHA1,0.3856459143859332,8.486308769490792
LCAL1,0.0981875468005695,2.9947678947368432
COL23A1,0.2278192017127349,6.769645869360899
TESC-AS1,0.8511462384266462,4.466005460526317
GPLD1,0.7304153492785583,7.043714343766098
SEMA6C,0.3714864928171979,6.442029796767123
RNU6-1323P,1.1133176536001834,2.2752283552631583
CHMP1B2P,0.339766625870415,1.549056315789474
ZBTB6,0.2949200391821585,5.0697897175086535
DHCR24-DT,1.174010009406688,3.940504736842106
RNU6-356P,0.978566766887287,3.1790348026315804
ZFHX2,0.5365116909447959,6.262239996867168
PPP4R3B,0.1621692690725246,6.722399653321779
OR2W3,1.170028112136926,6.293444602130327
CLCC1,0.1928385088672708,4.751439116599479
ARL8B,0.4870047025378691,5.846602597919754
LAIR2,0.7847296472676506,4.886161412907268
ARK2N,0.4677936134326819,5.777688421052634
RN7SKP282,0.099066469643327,1.397747368421052
RP11-156K23.3,0.0684246747675973,2.3530980508237502
HRAT56,0.1731992041694718,7.897865952380951
MIR2117,0.3824767625813639,4.870036854636592
TRAV7,0.7323887175366885,1.6312221710526316
SNORA70D,0.1482693390291369,4.907754736842107
LOC100130872,0.5763355736142163,7.838430000000002
CASP3,0.2921941567546718,4.1136247703806585
KRTAP25-1,0.6239635546261747,5.626888352130328
TRPC4,0.322350177608052,5.20567265037594
RNA5SP390,0.3951824965076927,3.7747694078947385
RRAGC,0.1085852870329762,6.993293936741547
RNU4ATAC15P,0.6797548068967132,2.3663142763157903
SRGAP3-AS3,0.4136298878049082,2.8954728289473666
OR1K1,0.0380916940051524,5.973592023809522
THSD4,0.4462165770546307,6.907853115601503
MAGEC2,0.0320028028009639,6.198600574874687
MCM4,0.062960098365246,5.619849307867799
MAGEB2,0.0467123348484334,5.312923815789474
ERCC6L2-AS1,0.6360457523705572,4.2759638815789485
PYCR1,0.0328598397195579,5.099975253522783
SPOCD1,0.481414074153319,5.871211273496241
SMC2-DT,0.1496688559672148,2.430161710526315
BHLHE22-AS1,0.6346558094685893,3.880167763157896
LTC4S,0.3731689529820684,4.985044959114
HSD17B1-AS1,0.3589514525611854,4.862205657894736
KLC1-AS1,0.0723434590756993,5.045863486842104
DCDC2,0.0346189572990095,6.145588934837091
SLC39A5,0.2702818446826083,8.55356203947368
TRANK1,0.8725100776932887,7.16944490914787
KLHDC8B,0.8369481407896632,7.05817691593064
PIBF1,0.9359215880367802,5.3930242875836605
LINC01277,1.4688619546680772,5.779669736842103
GSE1-AS1,0.7081453808304642,5.440199013157894
GAPDHS,0.2183794208995848,5.969346547619049
ENTREP1,0.1266605826021587,3.373634868421052
PLAC9,1.3006968737190046,7.460472013263008
IPO5,0.0381344055803158,5.739384697750396
GMPPB,0.5602961170714733,5.852697040081902
PCDHB17P,0.9103807178028044,4.71785488878446
RNU6-1179P,0.9290614450082234,1.4281238289473686
PPP6C,0.5100504066986041,8.104836624816256
ARHGAP21,1.173743001862034,6.33489428188273
SHISAL2A,0.1058892215375023,3.329349802631578
MIR1202,0.6531595996445896,5.826213749999999
LMO3,1.2596142502714416,5.178726140939168
KPNA3,0.7484940789142596,5.346456047153274
LGR4-AS1,0.1972096214650586,2.9018302631578945
ATP6V1G2,0.1080491366619675,0.8823689435555565
FBXO17,0.5516211285840105,6.8889639819390895
KLHL23,0.0272392301346184,5.548114294297169
CFAP96,0.3487156407680335,2.6088167105263147
KCNH4,0.0824504195130867,6.0584461231203
GRAMD2B,0.621939189583231,5.762413750000002
PCDHGB4,0.5935490408299925,7.860698809523812
LINC01973,0.7995659205278715,2.9008025
ADA,0.7437702494592604,4.079556811566776
TTTY7,0.0500048045085409,5.579891422305764
SLC43A1,0.4838072129115709,7.257369948555248
VPS13A,0.2478631909467495,6.882946710635096
TMEM232,0.1893445106554099,5.157680795739349
TMED10P1,0.1749713741685788,6.015493917606516
GPR137B,0.1223962744082513,5.874105056579293
SLC29A3,0.1051478023178554,5.749368121388186
NEDD1,0.0331952848649884,6.511437505397801
RP11-46C24.7,1.3210797149882658,2.9834500295916127
MBTPS1,0.1191308980161201,7.065515119631274
CEP350,0.2172019947643045,7.49575401213121
SETD4,0.4536837042450294,5.198464167720098
PYROXD1,0.2894379122525215,5.365222089352492
MYMX,0.2097991109434862,3.599123289473682
MIER3,0.4137285550295883,5.191107779951604
RNASEH2C,0.1291150508340943,6.277914193900874
CDK2AP2,0.7603767806630177,6.612774235375309
RN7SKP65,0.1022713675984642,5.421623157894737
MIR4459,0.0494169165481591,0.654429485657585
MBD3L1,0.1149707506550557,1.4288673026315797
LINC01944,0.1584834119423513,4.098090789473682
NRP2,0.4685480082146486,6.601071584382368
OR14A16,0.0241566575236682,5.073521026002505
RNU6-100P,0.494160914083646,3.2392288157894726
LLPH-DT,1.2534315324846903,4.48580177631579
HNRNPA1P61,0.0370091208317432,1.64895
SFTPA1,0.1349166212564664,7.834293095238097
TRAC,0.9358003596996778,5.933708853407378
DCAF6,0.9331313855237972,8.1107508464322
JAGN1,0.2360648752696136,6.3505413273512765
TRBV4-2,0.177901292037981,4.658018618421055
MESDC2,0.4798859778910336,7.0816984855486425
ERLEC1,0.3628286904425855,5.9359187107880365
NDC80,0.0183194949045405,3.576863526158791
HCFC1,0.0281923195575906,7.873904812455684
ATP1A1-AS1,0.7368658601589456,3.2899729356563627
LINC01355,1.2834574500618618,3.697091907484517
LIFR-AS1,0.916022687163756,1.814160166422485
SSNA1,0.4780313560966072,5.9580673824685775
SUCLG2-AS1,0.4551947349743492,4.509223784477829
OAS3,0.3758008767607745,5.788927009445924
KLHL17,0.2055029790977582,5.233504956475902
RBMX2,0.1973611461164303,6.13641025197207
KCNA2,0.2672812314598062,4.36556967806082
IGFBPL1,0.5735671795504895,5.777534456453634
HBZP1,0.7208058343377447,5.736479934210523
RNU6-1064P,0.5070637602139135,5.7180185526315785
IQCF5,0.3982826527329364,5.119567479636591
PUM3,0.3666110130090822,6.370063104211442
KDELR1,0.3617985851501298,8.81039187707363
OSTCP1,0.00183269116905,3.3626743421052656
POU2AF1,0.0684848780000191,4.210304142285174
ITGA1,0.1095113185161071,7.341994227968087
AP004782.1,0.2962490725998589,0.7120823749151307
COG6,0.0450131648158969,5.472633272609779
CTAGE16P,0.072889590701136,4.479814144736841
AC130469.1,0.2178698994506672,1.5990086958289254
LOC642846,0.5419964961871291,7.855275476190475
GPR135,0.355031599155876,4.70076894633067
LOC441455,0.4800166467876237,8.037149761904763
DDX51,0.080499513328203,7.068854120249664
GAN,0.0139549537670169,5.683357455578073
TMEM8B,0.5074934289240606,6.255889593105714
XXbac-B135H6.18,1.278511885900275,1.796680014395326
TMEM247,0.2176644241491882,7.844408095238094
RNA5SP382,0.394055701333141,2.385343421052633
MIR450B,0.1447184202895239,4.552030336466165
HSBP1L1,0.3312169772102321,5.489010381945108
CRNDE,0.2457507933457713,5.268304660619931
CLTCL1,1.247103441126198,6.390278104091048
LINC01710,1.0846173506740255,2.458978815789473
LSR,0.1029843110555855,6.545921380149667
CASQ1,0.0757207527689429,3.696446973684216
LINC01134,0.3991867780942821,5.719300371240603
SENP3,0.0738129867151166,5.762493182354113
RNA5SP183,0.4078522082402565,2.4312373684210526
MRPL20,0.5347927535139402,7.750732381965193
MIR4482,0.3006401940715602,4.568376710526316
SNORD13E,0.2938348387895587,4.4174632236842095
TRAJ45,0.1361018108183092,3.0886757236842106
MIR526A1,0.0358057957308827,1.3757371513157892
SPSB2,0.0743481466605878,5.070184254674967
KBTBD6-DT,1.5474059788536692,2.9015513157894737
DLEU7,0.1256177201186951,5.869494967105261
TCEB1,0.7811470273727167,8.447235651506592
H2AFZ,0.0971529914333295,9.152233443021927
ZDHHC8BP,0.6115502467985182,3.5499446052631574
MIR610,0.4126402928712466,3.483431578947368
MIR4497,0.577858581951559,4.472920723684209
CXorf58,0.2796768208237286,1.77054394736842
C8orf76,0.293827480440013,3.657199976786963
LINC02162,0.2784506934850009,3.0093834868421068
MIA-RAB4B,0.4808761585933792,5.5048856578947385
ALKBH1,0.3862840023515074,3.34316867569052
GRM7,0.2950911244504211,7.810644285714284
LECT1,0.401487417850358,7.836585238095237
MIR5701-1,0.1430880339848441,4.992529736842105
BTD,0.2927798738506874,5.118181349325327
WDR73,0.2193374573912603,5.436999746850138
RYR2,0.0427489252139931,5.562974356203008
IGKV1-6,0.8238553138324766,5.614426578947371
PPP1R2P9,0.1441915341069717,7.831889047619048
IGHV6-1,1.018594543354766,6.252048157894737
OR12D3,0.4592006701129034,4.613974438753133
CEACAM19,0.0900648352050635,6.674002714598998
TRIL,0.3734489982536957,4.541668155654787
THOC7-AS1,0.4472918118081244,3.0643944736842115
MIR3620,0.9825661407934864,7.40449223684211
CHADL,0.3281950250821611,5.56403482170091
OR6T1,0.1768566629514309,3.094205526315791
ZNF582,0.0678366770666894,4.248253447416701
MIR1305,0.7916334054824871,1.3613881578947364
SH2B3,0.0174265312680688,5.69111472833874
C16orf90,0.3272314707388175,5.058396381578948
OR14K1,0.391158231509477,2.254571907894738
RHOQ,1.022216689578804,8.173266359046599
TBRG4,0.1213845460852652,6.541333543637402
LINC02571,0.5175402348705737,1.9636041447368424
LINC01201,0.0162283921394434,4.477944736842105
RNU6ATAC8P,0.086900638055228,1.7925340789473685
RPL12P27,0.7544814216732249,4.005736052631577
RNA5SP79,0.1552477590765353,3.9801005921052623
RSPO2,0.1736635944044792,5.824709552005013
CTSV,0.1445412320476537,5.38835808897243
HBP1,0.0785561101478315,7.0865747220432
C11orf58,0.2799937567958103,5.303564607886845
SNORC,0.7772759421869666,4.797347039473681
LINC01989,0.9737093270232948,2.356475394736843
RNU1-77P,1.093636734633333,5.618096381578948
MGARP,0.0390985208363786,5.708386577380952
LINC00581,0.1375957106144715,3.1280870394736846
MIR320C2,0.7067702792995828,1.8095131578947368
TTC41P,0.196425456884285,5.599806995614036
SPG21,0.1660042016864044,6.424272388711445
MIR3978,1.143711986359229,5.376792039473685
PHF2P2,0.8820730773117613,4.82207532894737
TMEM123,0.2627763847765175,6.301211555596249
SNORA11F,0.0608080800946047,5.498049342105265
C13orf42,0.6019258452227891,4.008020394736843
RNU6-77P,0.001374051489723,1.4213870592105269
SIM2,0.1982713138153379,5.970400421365913
LINC00353,0.9529827040819812,2.6222366447368417
RN7SKP252,0.5432339482446853,2.235368552631579
EXOSC6,0.0609789603898261,7.352600404655941
SELENOP,0.2482709992782958,8.68863519736842
PCYOX1,0.8975203013185306,9.662597380883858
PPP4R1L,0.5874134897701996,4.702481555363733
MT1CP,2.614549731352436,11.151525986842108
REELD1,0.7314329224493117,4.073368881578949
CCDC88C,0.8711479401448394,4.908647761305115
DICER1-AS1,0.1430057046067591,4.745546249999999
RNA5SP152,0.4659238343202164,3.7367800657894734
LINC00491,0.1102882747344704,2.1370743421052625
SFTPC,0.2324898732469133,6.125797030075189
C9orf153,0.1964647137584975,3.2618212499999992
RBFA,0.4705253626741034,5.351631371554655
MIR3126,0.2061171833745745,1.9932043421052648
GPS2,0.0309707829212198,7.262613626650044
PKHD1L1,0.3423764576189094,5.531535172305764
MIR99AHG,0.2418950500147679,5.138267023895736
RTBDN,0.0044620295781062,6.050197800751879
SLC52A2,0.0738339161295737,4.974961482823339
DHRS12,0.0571129232060739,6.167567772130968
EDRF1-AS1,0.628039845012951,1.8618696710526323
RP11-295P9.3,1.1481409468222177,2.436258479600568
FHAD1,0.2019094236470746,5.873489956140348
RPS18P9,0.5951641315819565,4.784163157894735
IGSF3,0.0529591719422747,4.525976950322175
SULT6B1,0.0803944935301698,5.184597435776942
IL7,0.4798793690011556,6.059153201754385
LINC01264,0.2358733066880092,3.764717631578948
LINC00529,0.0702142639192006,2.882363421052633
TPST1,0.5350444416205214,5.489118421243681
RNU6-416P,0.216120806327695,1.7823901973684215
PRPF40A,0.2834875556815969,6.740194272222524
FAM170A,0.0691653462991628,6.101135701754387
ZDHHC11,0.3055113726293697,4.688340159455527
GLOD4,0.1175381257138983,6.618496963236026
PSPC1,0.331811328847239,5.772640355176429
BMERB1,0.055883243743453,5.566552039473684
RN7SKP190,0.2572301293639812,3.113937960526316
CPVL,0.3094690149208358,6.171216971931711
ERN2,0.0469911481248296,6.046650335213034
LINC02074,0.4120271270120782,2.757729539473686
ARGLU1,0.9304192722880548,6.942210334347223
DCP1B,0.5837160608181895,5.317225714582378
CENPBD1,0.0029655625660959,6.072374065804331
LNPEP,0.2078285210981467,7.22323163689255
NPAP1,0.1723114316540946,4.62820335526316
YBX3P1,0.4436209464549343,4.421069407894737
GAB1,0.5446309907247461,5.765542019637948
ANKRD53,1.5661948362010094,2.7285581737790405
RNU6-114P,0.0415220294474562,1.8988562499999992
PRDM6-AS1,0.1684522162494323,2.401930328947368
PPM1B,0.5111669237204752,7.548047871180241
SELENOKP3,0.4183487161843109,1.673620723684211
IL1R1,0.273817836173536,7.01723416563762
MIR651,0.4159185671066105,4.647740023496241
CTC-471J1.2,0.2021412997415261,0.730247855776007
HMMR-AS1,0.0724079131580633,2.0568865789473683
SH3D21,0.0146815329455824,2.6263843984356243
MIR487A,0.4206689171974435,3.204736513157893
EFCAB6,0.4989120521253457,5.752309851190476
GGT7,0.0285488033950329,5.728209487002277
NPC1L1,0.6496295824426931,7.860942888471176
PPP4R2,0.0912784316499467,6.777718069416788
LINC00391,0.7090090059821254,2.24565125
GH1,0.081276711332327,5.289956987781954
IGHV1-45,0.7787588011150418,1.892753092105263
RNU6-844P,0.4050538646005714,3.107373881578948
RNU7-102P,0.0766458231058096,3.05767230263158
ANGPTL1,1.269670172380268,4.534468792322168
RNA5SP497,1.6530230950926297,3.6250518421052624
RNU6-977P,0.3116185584758234,1.579841177631579
LINC00347,0.0515555659309682,7.927433809523809
FAM71E1,0.7577214056885515,4.388379787299622
TMEM245,0.3967309871971495,7.217828744005082
MTURN,0.3464985989806585,6.83492745736673
LINC00404,0.0714377064558562,4.224183289473682
E2F3-IT1,1.628789677842491,3.1637371710526305
PAUPAR,0.0126976775958276,3.485249736842106
LINC01030,0.5562018053908386,3.2141378289473685
GPD2,0.3995760974102653,5.824075835569204
CRYBG1,0.5909676260493864,6.2776893421052655
NODAL,0.0296148676637861,5.688972886904763
LRRC52-AS1,0.4168866356415501,2.7906046710526304
LINC01856,0.8336703465010123,3.9770698026315774
IZUMO1,0.0259078334601352,5.339313930137845
EPB41L4A-AS2,0.1378000926020722,4.400759095058405
RAD21L1,0.3991393491013991,4.989172769423559
PPP3R1,0.0501679494863944,8.03280941827736
BMPR2,0.1469667813832581,7.122294113477088
SNORD97,0.1874078509226846,9.06085219298246
RNU7-133P,0.636988098196883,1.4492280526315793
CTPS1,0.4035303725539039,5.884244501113389
LINC02648,0.13711502536907,2.934228947368421
CACNB1,0.2445672412971577,2.831419222413638
SNORD116-29,1.9329690506794093,5.898640065789474
NOBOX,0.0664198624801777,5.578223184523808
ASCC3,0.4385347433451793,4.217053748035596
SAMD9,0.0944046500304847,5.674427461237324
CHRDL2,0.1616790608944026,6.504363952067669
LINC00877,0.5493524377226339,2.086614210526314
RTKN,0.5398625882043712,5.720554453403306
AKR7L,0.7269205141368105,6.989467763157894
SYNJ2BP,0.2477246961785094,7.641561082516779
ACVR1B,0.0244387100034472,4.987041276023492
PAPPA,0.966220111419158,4.561651855132509
LINC00316,0.3254670568410629,4.7079742105263165
MLIP-AS1,0.1194911466302237,2.0734939473684206
CBS,0.8342107885541675,6.87916947368421
LINC00415,0.3741838074630269,4.0894701973684215
KIAA0922,0.7514226485354921,6.760538347814089
TMEM184B,1.2188469730603724,6.428245285648512
PRR23C,0.0514568501568696,2.9099458552631576
ACYP1,0.0869735182784793,2.924762017239399
PLA2G2A,0.6858058557423459,6.710570757805745
TRAPPC11,0.2387718730631215,5.7044390399797615
MIR603,1.2164925695946889,2.8936292763157905
KCNMA1,0.1463956384307843,5.985645698163153
GPN1,0.0340521641261259,6.696293847490899
ILK,0.3342970935571077,7.861381098132312
CYP2E1,0.1862596456637069,10.102517202380954
SPNS3,0.0457580040246769,6.521059473684208
KIF5C-AS1,0.7711901481225187,1.805571578947368
HSDL2,0.1676474650112207,9.13421408424984
LILRB2,0.5673714364478856,6.192892786297455
MIR4742,0.2575880419640927,4.577625657894739
EPHX3,0.9726661186267104,2.683689681928016
MIR4293,0.2056382154064778,4.918380460526314
COX6B2,0.1764222733452552,7.867419285714287
ADCY5,0.2029157013553422,5.495896065368989
ARHGAP8,0.1640505981692689,1.812049194084152
RRS1,0.2139271046408298,6.354177064132384
PPP1R9A-AS1,0.6619456932453331,3.1014967763157903
STK3,0.4711904271851853,6.040490811273711
RNU6-1318P,0.3243078220167547,1.7819511184210528
AC022819.3,0.1274863198918375,1.0013278138596051
FGG,0.0570221860634925,9.685236663533836
LL0XNC01-7P3.1,0.2946182415151027,2.102476911492277
ALDH1A3-AS1,1.0635088761535827,3.6014994078947367
CH17-437K3.1,1.7586930028694985,1.147683837877155
BAIAP2L2,0.0157092926095571,3.036334681314893
PTPN11P1,1.0306875562280309,2.1780909210526325
NFE2L1,0.0643779628600864,8.906636729056318
AC144652.1,0.6390648412605687,2.2405705669838123
GGTLC5P,0.634973322776551,6.89929210526316
SGCB,1.3169258465869669,7.724608885292281
GPAT4,0.0741274381370675,6.7925932115798044
SPEG,0.1452716453063277,2.441570680308406
CSNK1A1L,0.1828938006233408,4.704185912525946
SNORA70B,0.5020868508887477,5.9008292747493725
NCALD,0.4013956025049943,6.427014930078172
OR2T3,0.0916094536999102,4.912345394736843
AKT2,0.143500601775731,7.906162579222085
KIAA0408,0.6368422686563122,6.95185109624158
NOA1,0.3412952825792789,4.746775832201965
LINC01767,1.3315749685464349,6.994988421052632
SNORA57,0.5102950324419713,8.01789509398496
NALCN-AS1,0.3575551827436408,3.8131707894736833
RNY3P7,1.2330327623202326,3.459658289473683
SFXN2,0.9754123043578669,5.725174248842376
LINC00592,0.5566913668608301,3.258767171052632
ZNF181,1.4381629679320551,5.839684774637199
MACROD2-IT1,0.1556994254140636,2.3492270394736834
ATXN7L2,0.1450763927391305,2.800303675149684
TCERG1L-AS1,0.9225422026309852,1.368207361842106
TBC1D26,0.0492605993060622,7.81757261904762
EEF1A1P21,0.4848436170039199,2.215833289473684
CLPS,0.1123088747364196,5.565389080513785
RPS28,0.2264827782117342,8.248644705856842
HAUS4,0.8471047891346192,6.190759154344626
CD300LD,0.4079652780691632,5.473792261904762
VWC2L-IT1,0.2635185004928704,1.849308092105264
MYO5A,0.7170099692492415,5.652652761963576
CLMAT3,0.0839185147540614,3.2452076973684187
DPY19L2P4,0.6051978333733229,4.77704117481203
MIR1269A,0.0093928047192643,6.225707080200502
FAN1,0.6690433569084114,6.053018704306865
SYT15B,1.275333982703296,2.958533552631577
LINC00094,0.2513020178031033,5.735503943171548
MAFK,0.1338447186357124,6.114160128595713
RSPO3,0.593483040787235,6.31962219784267
CRLF1,0.2622179361786156,5.215571487007071
FAR2P1,0.009636236983127,2.866213486842104
ERLNC1,0.8535261014187212,5.214519736842105
ELFN1-AS1,0.2156377100673162,4.365069210526314
SLC12A7,0.2642456440413157,6.251457332440194
IGHV4-59,1.0243478830127204,2.7544746710526327
HLMR1,1.924361386485514,7.259540723684211
P2RX5-TAX1BP3,0.6003457210380772,5.354509605263156
BCL7A,0.0164032804156095,3.873883489577232
F2,0.1725748036246015,9.178930693922306
ADGRD2,0.0541057336270227,4.316719276315789
SNORD36A,0.4588399735530368,8.052972857142857
CNTNAP3C,0.6663223101545108,5.398914078947368
PHLPP1,0.808950762828656,6.068440642240543
INTS7,0.5833704872268121,5.580743002860761
TCN1,0.01775281127584,5.078900615601505
AVPR1B-DT,0.0422566493285121,2.1484494078947365
LINC03083,0.5885736760631876,2.1395590131578945
RNU6-706P,0.1776398402465633,3.3218292105263147
KLK3,0.2408557801708377,6.320392141290727
CUEDC1,0.976376767924411,6.377539513083232
CRMA,0.0592607520124374,5.141525197368421
LOC105377443,0.369306135345295,7.95038119047619
SMIM11P1,0.885555674585064,3.346636710526317
RAB32,0.4701345442051459,6.03208389062138
DNA2,0.6810555659692927,4.561277283741743
RNA5SP282,0.0453559217223276,3.240227631578948
NQO1,1.1023679413032892,6.965535964711907
RNU6-497P,0.0260498881525336,1.4617352171052636
STEAP3-AS1,0.1229125170917248,4.182643355263157
ITM2C,0.1464104004162877,5.862747725953954
BCAR4,0.6427965131514628,3.1316771052631585
MIDEAS,0.5661538748748123,5.22218019736842
MIOS-DT,1.7838349712251236,3.4047729605263166
PSMD5-AS1,1.2644942014442453,8.103875476190476
RSRC2,0.4034386681601922,7.741056649120776
COPB2,0.6788219908048482,7.295536760504025
SNORD114-29,0.0987981734265795,7.821906190476188
RP11-573G6.6,0.3767122818768201,0.649925424926447
NUMA1-AS1,0.0394522441594828,5.124149473684212
HAMP,0.197142428465894,6.322429653474288
BRPF1,0.1948732365631712,4.720461679577261
LINC01285,0.9469772851134404,4.366465723684213
RNU5B-4P,0.3146684245750921,2.0247609868421064
LINC02160,3.4335945842660927,3.4044505263157903
RNU1-140P,0.164003689391663,3.1352673026315783
ANK3,0.4418391514147905,4.213501585710963
TRPC5OS,0.1054312937551343,1.845154013157894
SKIL,0.8277915526598911,6.140592371830164
LINC01299,0.0224110018031615,3.814667763157897
DUS4L-BCAP29,0.6292134780708813,5.364651118421053
RNF150,0.5775208259199661,5.659520646273523
TRNAU1AP,0.061031188209741,5.952226649163112
LINC00648,0.8178255627514148,1.5859540131578946
UBFD1,0.2010522482366709,7.465159656954889
TJAP1,0.0359753978949792,6.167826528364483
PIK3R6,0.3942318062350772,6.00334719924812
IGLV1-40,0.5694350844988184,5.503202368421055
SLC10A3,0.1396302443019872,5.581045314480011
PAFAH1B3,0.294030367258197,5.087636251480838
MIR934,0.6567775224531427,2.415280526315789
LRRC4B,0.4984869571336293,6.297924650689222
H2AFX,0.7106814815132423,5.464777783321006
ZNF33A,0.2875866041348409,6.87206400884725
SRGAP3,0.6926874270537395,5.098458496706413
PLXNB1,0.8579901698789664,6.301937035150989
CT55,0.4287675693382625,5.506818952067668
FSCN3,0.1159673553060495,3.621591381578946
RHOXF1-AS1,0.0201158965602059,3.734655197368421
SPSB4,0.0046791108085867,5.915268251879699
TRGV11,0.2336317494226604,1.9870619736842097
RNU6-300P,0.0078203067837398,1.3801956118421053
C17orf97,0.1400530520163566,2.7802176627624786
LINC01992,0.6954498749234119,2.1002055921052647
TADA2A,0.6342191689695821,5.749226603172109
ENDOV,0.5401445361236465,5.382673657519639
THSD1P1,0.1810961273759374,2.94363375
FAM217B,1.081453881794745,3.9463917913839297
CRACD,0.1338748622082577,2.880554210526316
ZNF579,0.246569160409532,6.845391337719297
ADAMTS6,0.4212334967856306,2.0924816833560733
ZADH2,0.679611741014287,7.24650773572283
MAK16,0.278986440234813,5.638537831786148
STIM2,0.2570057670256411,6.345283429084854
LINC01875,0.0324463343594142,4.424073486842107
HYAL6P,0.1200695252055703,1.5849528947368423
RP5-1042I8.7,1.450115491829785,3.960655802559005
ELAC2,0.6319592124975335,6.797942068148648
SAGE2P,0.0857812165472355,1.603033618421053
TRAT1,0.3446291783529628,5.197967410714285
PAM16,0.3189575640769383,7.210281564629744
LINC00489,0.0331877816512593,4.898928026315789
ETV5-AS1,0.2932043316065597,2.0298977631578943
DCST1,0.2384994803345269,6.004320463659148
CD84,0.4243418980614735,5.73994712739358
RN7SKP117,0.0194954676999267,1.488617039473685
CETN1,0.0352539527791884,5.864320285087718
CMAHP,0.0837920740125505,4.85810194235589
MAB21L1,0.2431536563063399,4.012312276641523
LINC00862,0.0407178019384306,5.321628289473685
SLC25A22,0.5324477268494754,3.256394526014725
SKINT1L,0.1531152165101103,7.828652142857144
ISG15,0.0585061463163884,6.43992005462264
RNA5SP143,0.4441803908374501,1.6780725789473685
CCDC28A-AS1,1.522768375011138,4.72199697368421
HIST1H3D,0.6124557629189002,7.843412857142859
LINC02445,0.1509283528591336,2.186151710526316
SCN8A,0.4909963334654326,3.2154696429193814
HMGA2-AS1,0.8235306161068359,3.1374496052631566
KDM5D,0.1547615403532951,4.381909990592487
MIR4263,0.3774927977381815,2.0147201973684226
RASGRP4,0.04360594069466,4.85474709574904
SLITRK2,0.3738455072653245,4.117376745060217
NPAS3,0.8967111350099957,4.437857216111794
CAGE1,0.3975251325170851,1.9035828947368425
LINC01492,0.5213893820611974,2.996368684210525
LINC02601,1.3247855674719071,4.463071578947369
CHAF1B,0.0777937862030722,4.7806855603806975
CAMTA1-AS1,1.212241128305583,1.7445412500000004
LINC01122,0.2212760342271054,2.3060097368421046
RUNX1T1,1.1159238214029616,5.172132216526546
ANG,1.2016536014956698,4.099302861203194
SOCS5,0.0235969447900879,5.671394755733158
PIP5KL1,0.1638563609720527,5.531105289786966
MIR4327,0.8657531431803831,2.9133047368421057
HBA1,1.4394083030044624,10.06895517135481
TERLR1,0.4819291678504926,5.443023815789475
VIM,0.0477963817894927,8.797597619114521
OR4F15,0.0098729898492362,4.875796520989974
AFDN,0.5009875464785613,8.242608684210527
PPFIA3,0.1766922712162201,4.331415332523332
MIR4492,0.8204963468999485,5.6359811184210535
UST,0.6715990619609975,4.861322753371994
PLA2G12A,0.4215898358162472,5.927965778327823
IGLV2-11,1.2282503772054454,6.910627236842104
SAFB2,0.4333421452913109,6.796540153452117
POU6F2-AS2,0.7566839644783796,1.941525592105263
DNM3OS,1.1184145142230326,2.966711608078451
ANKRD46,0.0548192283426193,4.761802112649547
RNU6-1187P,0.3079188519955436,3.469632697368421
ZNF516-DT,0.1394225236880414,5.003794473684212
DSP-AS1,0.2151701362437844,4.886162565789474
TGFBR1,0.1818369589486083,6.062554999256477
ZNF597,0.1618057383209641,4.737883541675236
RP11-253E3.3,0.5053846773747201,1.0630548221934697
MIR4789,0.4311417281054679,2.383594736842105
YY1,0.1795110335267341,6.955784462334107
ZNF267,0.5780559574361748,4.968505163762065
RNU6-1252P,0.0682241560190215,1.1531833421052635
LRRC49,0.8182287094949018,3.9811881249746537
MRC1,0.7650453601793988,7.018629005068963
SEMA3B-AS1,0.7714719457622113,4.421270328947368
ATP23,0.5563989610722647,5.733662792335731
H1FX,0.02337036337484,8.01093803497651
RNA5SP491,0.4049728472525839,5.032102697368421
FOXD4L1,0.0187175942023059,6.136762680137846
SNORD115-2,0.5108937765859848,8.724522631578944
ARHGAP25,0.1785227497644228,4.061838084460534
SHLD2P3,1.987966718016907,6.639629473684209
SLC9A1,0.6557126440254556,5.597942810326157
RNU6-863P,0.745811589539916,1.5562127631578953
HOGA1,0.1753300711441848,4.20742635652349
BCAR3-AS1,2.3177017923858445,5.909849407894735
LINC01399,0.1327044599062634,1.6517401315789466
RNU6-155P,0.422699744828941,4.461929671052632
CYKILR,0.6068850850516804,2.8129664473684213
DPF3,0.910745070516616,4.746688958342471
AMMECR1L,0.3463152928372094,5.468459940864328
POM121L3P,0.2567439540505958,2.862460394736842
FAM219B,0.0007137682845929,6.304843431542395
CAMK2A,0.5488998642322076,4.480984868421053
GBX2,0.0359086607527813,4.62290835526316
SMPDL3B,0.0265672111790313,4.23063592105263
LACE1,1.4489995462733138,5.348640604410784
CRISPLD2,0.1087773202101327,6.090279925402268
AKAP1,1.0251834163079705,6.2466924955270535
TMEM223,0.0264019948497927,5.970906580227989
RPL22P2,1.094304502977431,4.161766052631577
LINC02665,0.2705165289991952,2.776791184210525
AC074212.5,0.0149881270946741,3.0608848525639574
BARD1,0.3346094854840089,3.115079069095113
KATNBL1P6,0.2169289758235299,4.701232885338346
SKIV2L,0.1016089243528059,6.556992124310993
USP17L2,0.1817290908463305,1.2929487763157894
OR6B2,0.3441748441427455,3.039101513157896
COL9A3,0.3708859452089806,4.737179138516422
RNU7-73P,0.544284860582681,2.700828157894737
NMNAT2,1.172778854815284,5.490237708899486
SMIM14,0.4164028837282355,7.964269248038789
REEP6,0.9932139379804664,6.622068840191677
TTC39A-AS1,0.4302818655859536,4.236619539473684
OR10G4,0.1488731645305404,4.909107197681705
ARMC5,0.107661235937928,4.147345266735578
PRR7,0.2943265214712358,5.3534348509082585
HORMAD2,1.386734767097648,5.753695183270676
LIMASI,0.4498060632191812,4.735442565789476
CPQ,0.6991734926270885,7.157906836081435
LOC283332,0.02511459439064,7.920817142857141
SOST,0.285954935520521,6.082996365914787
STK32A-AS1,1.0991230988785512,3.5118098684210515
ADAM9,0.0360342373543598,5.030899902018533
HAUS1P2,0.0091147494524459,1.469086710526317
RNU5A-5P,0.5430792044767849,2.044537828947368
MIR4483,0.4410656278585359,1.6423865921052625
TJP1,0.4754487897015832,6.9368085934380685
F10-AS2,0.3330097239591701,5.313785263157894
RNU6-319P,0.2081858224799148,1.1838928749999995
PGRMC1,0.2377383038536235,8.385682833130032
CERS3,0.0399377699424461,5.465557875939849
C7orf43,0.5412029685095999,1.7583473465260042
FMO3,0.6493458844385347,6.670006107733855
RP11-549J18.1,0.0319659878501032,3.918579077220423
MOCS1,2.010589405190051,6.71826759482747
MIR4698,0.88187086434395,5.917149342105261
RNU6-845P,0.4046026402124991,2.353903092105263
RN7SL818P,0.3263361941312604,5.81243947368421
C2orf69,0.4865764914166458,5.614050381382214
RP11-696N14.1,0.4568919768011126,1.209637170045641
MYO1G,0.1524660761387301,4.766817418200275
TPT1P15,0.3460310129356299,3.756527105263158
RNU7-188P,0.2036524912997652,2.520844999999999
GALE,0.0378568758232335,5.53028066935116
MED29,0.0880956309384781,6.59493627200981
ANKS1B,0.0510751509278592,1.984154525583246
DMXL2,0.220744383794942,6.06153117513604
NUF2,0.0923027645657014,3.817670091339743
STXBP5L,0.0722948912655025,4.926128613721804
MIR662,0.1174860215728892,5.1771776315789495
SEC61G-DT,0.1885531696131874,2.6399497368421043
CROCCP3,0.2032869386501401,4.8590081822011655
PRKAR2B-AS1,0.2927218495754373,3.429556447368421
IL7R,0.2803087686259875,5.50395116043832
TNRC18P3,0.3113679067418533,7.767305526315789
LHFPL3-AS1,0.0620825733470013,2.607831447368421
FOSB,0.4886455554842165,5.205517263689138
ABR-AS1,0.7569609414672269,3.0053505263157896
NRBP2,0.4119753294933933,7.074761003376341
RNF187,0.6639760732646419,7.20793917217483
SNORD15A,0.186503619978098,6.659535328947369
SHISA2,0.2987537402996066,9.845701190476191
LINC01820,0.2859906892173708,3.65498730263158
PCDHGB6,1.0523607280584668,4.901084624390262
TRBV11-2,0.8007449479649776,4.253373618421054
BRF1,0.2351593937620831,5.322954384487423
RNU6-950P,0.4809578255687662,1.4179696842105267
APLN,0.5841871055375325,3.320407352892757
LOC100133091,0.3630269831075824,7.833172380952381
CHST2,0.1875691241452773,4.111205635978215
SPINK1,0.0930692993088832,6.105339584899749
ARL14,0.3292669050139706,1.8026787500000008
BOK,0.519561120682013,7.680449404518602
INE2,0.0265594053929499,2.298846381578948
PREP,0.1874697983085125,6.555220664591848
ADGRE1,0.6561134128262369,5.808304082080199
RN7SKP16,0.9645552609441996,4.56450019736842
RGS9,0.657068121342112,4.6962895394736845
RNU6-421P,1.0964984769188035,3.212157763157894
RN7SKP234,0.3507282823580041,1.4399445328947376
OR51E1,0.5958854105955507,4.390672614856535
ARL2,0.6438730550911929,6.954840398013455
FAM179A,0.8150325018060688,8.211611190476187
RNA5SP158,0.3774701778649419,3.53061236842105
LIPT1,0.4344210503631159,4.957751814950208
ZIC4,0.0413400196701983,7.842484285714283
KRTAP4-16,0.59223283495565,6.9325203947368434
RNA5SP132,0.3741554549042378,8.051661907894738
MAP2K5,0.5693138309272567,5.926618672970549
AQP4-AS1,0.2624513414175636,2.150208092105262
CYP8B1,0.5000084416456329,6.739852229010025
TBC1D27P,0.2596754959046032,4.347046250000002
DUSP23,0.3334550547074199,7.351535627957463
ADCK2,0.6855851013294437,5.314843317122742
NRAS,0.4527574147805958,6.888241148959103
RNU6-1164P,0.066826631159419,1.4568432894736834
FBXO15,0.0123551297287341,4.437631052366272
LOC399886,0.1457010584382338,7.847464761904761
KRTAP5-3,0.2102766464216178,3.0039383552631578
LHFPL3,0.0213898807262071,2.432202565789473
CHD9NB,0.0912895331474914,3.4761328289473674
OR52B6,0.0743679570906429,5.4963879558270685
EIF2AK2,0.1504204985471365,5.877396322348754
H4C9,0.2259102402575531,2.1627892105263173
LINC01881,1.2095505232934294,6.911918421052633
MRS2P2,0.2221433418599649,5.21830252819549
QRSL1,0.2355049708317678,5.714088496012352
PAFAH1B1P2,0.0592290148055093,2.067384802631578
ZIM2,0.2868070263070471,7.854211904761906
GNAO1-DT,1.1364643509774108,3.1760332894736827
PDE7A,0.0270425172084794,5.004980403090712
LINC01400,0.4572037354078717,2.706382236842105
MAPK8IP3,0.5040880647639465,6.551381104945233
LINC02626,0.7478047591591849,3.3297314473684207
CLLU1OS,0.1203280361289906,7.82242380952381
METTL7B,0.0784641679762357,8.016182857142857
CDK5RAP3P1,0.0306559087868558,4.828920460526316
CTC-203F4.2,1.1170764987763204,1.0453824713678197
UBASH3A,0.436449991637918,6.038735618734339
SYNE1,0.6566038279278558,6.240364727657727
BCAN-AS2,1.0736125037157942,1.6655287499999998
PRAC1,0.1263102830396616,3.684512763157896
ZNF830,0.3584376683124733,5.7175475569955205
COG3,0.1043710797560219,6.007308278807055
OR52K2,0.2733938553751071,5.387346481829574
LINC02484,2.962830232527204,6.7563299342105285
GAK,0.2667227310367192,6.85060031800024
FAM222B,0.5352601128070702,5.499326742564822
TNRC6C-AS1,0.9256577309005612,3.144047432580486
ZNF516,0.166256232452345,5.193006688619515
RNA5SP275,0.4329180484576063,1.7093286842105264
MIR3193,1.2370287552539136,3.441961118421053
SNORD58C,0.9682442984243708,7.819922857142855
NPY6R,0.4696509820614637,6.2146328289473685
RNU6-1249P,0.8010926559405186,3.108496907894738
C2CD4A,0.7180702964143643,4.102830855263156
EML2-AS1,0.2022541432513729,4.647528552631579
PITX3,0.3077379218877195,6.313807048872182
RP11-288C18.1,1.233706231799696,1.830818803886472
UBE2H-DT,1.32388770019932,3.533840000000001
BEND6,0.2010877936051048,1.6744909818862694
RN7SKP59,0.0117487425227298,2.457542236842108
LINC02318,1.0959740249423506,3.9575509868421057
RNA5SP341,0.6982631289944656,3.195451907894736
ZPR1,0.4572593135278947,6.290770805926229
PFKFB3,0.046509801251066,8.69789031257632
RP11-486I11.2,0.4548684280423217,1.4788639218100257
RNU4-66P,0.1609182042219245,4.539846907894734
MIR3923,0.0177760595768615,1.1826745394736846
RAB3C,0.1400385877927821,4.372702971127551
GALNTL5,0.109417703021532,5.038862440476192
NOP53-AS1,0.2297365575539897,3.754345263157897
GPR132,0.5074841140098304,4.644459450046951
SNORD114-6,0.8941382840870404,2.703563157894737
CARD11,0.2982760849375215,2.618086483635725
ITPA,0.0304144752559212,7.175432095849473
GZMB,0.6421260917107843,4.0488915140766695
RHBDD2,0.7782079703623223,6.965889241087708
LINC02177,0.5380334726667368,5.171032631578946
CAMKV,0.1573213440779158,4.296893157894735
PAN3,0.4815548821323127,6.844019736842107
IL23A,0.2359230546159805,4.302568385895622
RNU1-57P,0.0277903634736488,4.053874407894737
RP11-736K20.6,1.7241701126745987,0.9717454047962762
SRXN1,0.9627189304900609,6.799849007523453
DSCR10,0.5237474552644797,3.606738947368422
OR52K1,0.1607679541976916,4.763751873433584
MGAT4A,0.2884850197576915,5.416684264441259
PTPRS,0.4407815389075505,5.8196377183822685
RNU6-212P,0.6588865309868005,2.4036876315789484
SPOUT1,0.3894134038368335,5.872350328947369
RUBCN,0.210519593394563,6.111304265350876
RETREG2,0.4766640234926167,5.625600131578946
MOXD2P,0.1453564890227171,5.154008432017544
EIF4A1P7,1.719267230947464,7.058753947368419
HIST1H3A,0.0974854590361267,7.813118095238095
AP4E1,0.037547871754156,3.829250887677576
UBE2V1,0.8796681629922551,7.131162342071468
CFTR,0.0509089147377821,5.487201013471177
AZGP1,1.4450569527375496,6.748943270450837
IGKV3-15,0.1231453416581865,5.975663289473684
FAM86FP,0.5801627356312322,7.879481190476191
STRA8,0.0161568723707737,2.656589605263157
ALG9-IT1,1.2851857417581936,2.661158947368421
SLC35E1,0.5120183215341041,7.890008328397105
RNU6-259P,0.0948684288263936,1.224965631578948
MICU3,0.1927339955731833,5.2588903357019525
ORAI3,0.3956018104298583,6.451707790820518
STARD9,0.9042581386142696,3.1492505438325584
TM4SF19,0.0505535306696515,4.528369170935066
LINC00910,0.3166750066509494,3.826877813349881
CIC,0.4010177642354641,6.372654860100316
CLEC9A,0.0401169333542883,3.7310006190181895
ACTL7B,0.127677467848092,4.084182565789472
CSF2,0.2323480058246336,5.045765571741853
SLC46A2,0.3979895373735334,4.311931776837152
ATP5MC1,0.2712858709145032,5.387902960526313
GNAS-AS1,0.1438509693156437,5.408440928884711
KMT5B,0.4046891914578353,6.7936966687254765
TLX2,0.5050163095236003,6.640420524749374
LSMEM1,0.083479494417069,2.858278024156417
CHRNB2,0.2498577306698956,5.653878834586466
RNA5SP94,0.0029424359079441,1.2290532171052633
PPP2R2C,0.2199135329989486,5.943511900062656
HN1,1.1182899870016472,6.704771324751731
ERICH6-AS1,0.5330530892966071,4.573010986842106
KRT33B,0.0332933834095688,5.475337241541352
ERC1,0.411526549063977,6.483459837114366
TESPA1,0.0924233768686449,2.861126726917299
DDC-AS1,0.4307379430682034,5.237242565789476
LOC729966,0.7984400911006256,7.845646190476192
GPR160,0.5776930687765107,4.646073675674723
RNU6-239P,0.7280749974829681,1.4176798881578945
WFDC10A,0.0101336219323506,5.6438784570802
IRAK3,0.5167594316996021,6.362407034455505
MARCH8,0.0568064656359067,7.094914376989872
MAML3-AS1,1.4995383995219878,2.849727828947369
TMEM182,2.020506932454029,5.454697922997762
DLEC1,0.4478735345374846,4.432549204474642
CPNE4,0.3976971848360179,5.311260546679198
CCDC127,0.0680614234454128,4.646993946997398
ALS2CR12,0.0742570468961972,0.7761309478671415
RNU1-67P,1.0336393672176716,1.318961662708412
GUSBP19,0.6308163525371158,3.87916065789474
TTTY17B,0.5892270182119383,7.797346666666668
EZR,0.3902011421113006,7.235500948009023
CAMK2G-AS1,0.1490631518527513,4.531282236842105
RNU6-1126P,0.3534982959596881,2.2651953947368426
PWWP3B,1.1273374801190497,4.0422448026315765
LINC02599,0.992657792664354,3.3547171710526302
MIR550B1,0.95283022242811,2.327250789473686
ST3GAL1,0.506253217793246,7.50272974408833
ACVR2A,0.6564646631349242,3.99616000426739
MIGA1,0.0907669176102485,8.431527009711779
SIRT4,0.2577358783204715,4.587677391832605
TPSP2,0.4391422114724034,5.302656052631578
PGGHG,0.2556182491259812,5.344463157894738
LRRC75B,0.1666683272081119,3.956877616819151
ADORA1,0.9970970508143032,5.422533269402682
ZNF225-AS1,0.0837373036892169,3.343200065789472
PLD1,1.3720770144083516,6.115829200011004
RNU6-250P,0.1288436905746138,1.628537763157894
UTP3,0.2738057818164962,6.332873786616777
PRDM6,0.0539175839722104,6.005158175125311
CREB3L2-AS1,0.5610024351511713,2.457165131578948
EP300,0.3684993756561826,7.217628450057588
LINC02089,0.6907597270553204,1.7683271710526325
RNU6-563P,0.316304874197317,2.2495006578947363
WWTR1-AS1,0.5580129779897589,3.920524671052632
GAA,0.3896199740257469,6.9161611585662905
ZNF563,0.0369034584703549,4.974729760915039
KCNIP4-IT1,0.2474451818129459,5.219133087406015
CLIC5,0.5323354196177292,5.53432891853506
EHHADH-AS1,0.3971407654330867,4.031030065789475
RN7SKP12,0.0704417025181534,1.9349485526315795
MYH9-DT,0.0943767016613159,2.7714632236842114
POLG,0.0570435152585455,6.1914071933402495
CACNA1G,0.0931638404973899,3.576452302631579
RNU6-377P,1.241676140253807,5.4701644736842105
PPP2CA,0.5437288268948824,7.625751735965866
MIR4457,0.839571114986169,1.8548340131578955
HTR1D,0.0446667420773939,5.39895446585213
APCDD1,0.0091056513327109,5.22868974595978
LINC02382,0.0098921680590432,1.719308223684211
ZNF584-DT,0.2843899514594934,5.087069605263156
VPS4B,0.1966114660693684,7.2820675957300764
LINC02416,0.5688447886152086,2.207839736842106
LMBR1,0.438863085062209,5.540877501264025
MTMR9-AS1,0.5076693386841736,3.0355426973684216
CYCSP46,1.793709965260178,6.414591052631579
MIR101-2,0.076280963493083,5.3909191791979945
CIMAP1D,0.8507119936071206,5.401391250000002
SPIN1,0.2925787842651392,6.8601359664161725
RNU6-1163P,0.1218593562489993,3.061668486842104
LRP10,0.2173203273332485,7.666935783562507
TRIM26,0.3755670256968526,6.299201712562674
CEP15,0.6416234618604846,3.026524078947369
TMCO3,0.0344496809563779,5.465987193724162
CCZ1B,0.1782812384710357,3.3873568272678574
FAM83E,0.2133303709318656,6.466546281328321
OR5A1,0.3148938557370705,5.032263372493735
HCRTR2,0.0752843156435939,5.823623450814537
OSER1-DT,0.1116401511158257,3.986414276315789
MIR591,0.6872785005239181,6.655366622807019
THAP5,0.2519906710744558,6.143930937482601
SERPINF1,1.0662746839999913,9.72961452116148
MORN3,0.0876469655989251,4.283672835302584
FAS,0.7708359831631915,3.950591027424757
ARL14EP,0.0554449914002646,5.155366754842303
LINC02561,0.2342476116689757,2.431745131578948
MT-TF,0.889168287688007,11.1066402631579
IARS,0.7471887532395218,6.553469642382585
GJD4,0.2794217136620094,5.503056925125313
LATS2,0.0163098137181652,6.094690408788736
FKBP3,0.0808527441788191,7.48351173757452
MIR1251,0.1886881420600949,7.8291564285714275
SNCA,1.0874774818452138,4.900655533738771
RNA5SP78,0.11142871459626,4.462188552631579
ZNF222,0.4927357622619224,3.7368949332557055
FAM114A2,0.0751087964028524,5.64239995823307
PAPD4,0.6435536675019543,6.1396653889740325
B4GAT1,0.2492229292099597,6.50108334928442
PSME4,0.2466180528319193,7.838323764038382
LINC00454,0.0440713190073721,3.3817148684210534
RN7SKP232,0.1311297258815894,4.654103815789475
GPX2,0.6380333885388467,7.566450195802005
PRAMEF9,0.0573196944127071,4.428738881578945
RN7SKP217,0.8054217865593042,8.417828947368424
CSRP3-AS1,1.1376974516955332,3.371711315789472
LINC00613,0.3807192052111969,1.3578197763157895
ABL1,0.1419945036939692,6.249744389177571
MTRNR2L12,0.9980506485655994,1.5257177779278035
RNU6-909P,0.3624887125748541,4.729719276315789
RP11-1275H24.2,0.628992027354342,1.6485935854080396
MIR1538,0.6052559704575002,7.462449868421052
DZIP1L,0.927060974257248,5.557981511801884
RNU5D-1,0.353351197750844,5.470656181077693
GDAP1,0.2786114754993097,4.535106575376504
FOXA2,0.4016609730864423,7.20172905858396
RNU7-47P,0.4248506117764083,4.132487763157896
RP11-378A13.2,0.4543938863999251,0.9848492843189892
SVEP1,0.0462920374096574,4.757298490545339
SCG5-AS1,0.4770879935543272,3.634545855263159
KIAA0586,0.2422470581018591,5.932596470126023
RTL1,0.0469211863048075,3.586152039473685
MIR4740,0.7503308578402312,5.088894802631579
LINC02633,0.3366520102374074,3.2802598026315777
MPPED2-AS1,0.0762184602654188,3.3230712500000004
ANXA5,1.37074628099334,7.997338677535665
TMEM143,0.2898628254588489,6.648638820735485
MIR658,0.9623286293355292,6.3598858035714265
PGM5P2,0.8651865172863886,7.583332904135339
CEACAMP5,0.6428418242328867,3.170801644736842
PDGFA,1.144460029685512,5.521636948339736
MYOM1,0.4117680354257675,9.193203564374429
CCR3,0.047781633111115,5.049544470551378
LINC01931,0.3485404529011446,2.0833474342105265
MIR602,0.928621879223311,5.01993184210526
CDIP1,0.2028851566516223,4.825086669941791
PPHLN1,0.0177682057981908,7.268180402550475
RNU1-51P,0.7516990968186522,3.100703026315788
KRTAP10-12,0.065055751905574,6.879930429197997
LINC02932,1.022209794800982,2.470424934210526
GSG2,0.6472391128605725,7.800468809523809
IL1A,0.0428826073366102,5.41717577537594
SPATA31F3,0.2683218421137325,2.49346125
FAM50B,0.6412395262974091,6.158727435101397
RNA5SP335,1.6132886456543714,4.159252105263156
SNORD65B,1.1738350770737027,1.4618819407894748
LNMICC,0.5131271607629805,4.038553947368422
GUF1,0.0006433585411962,4.908912304227743
TAS2R60,1.176733381763638,4.3208619736842095
PTDSS1,0.0605826662177278,6.159077778521297
SNORD115-5,1.7447020770668442,3.5697986842105243
PRAMEF28P,0.9491195226400576,1.7416674342105256
C2CD5-AS1,0.5007435371851436,1.4541813157894732
LINC02724,0.338809279564656,3.826801842105263
RFX1,0.3040036145270651,6.000891035973672
LINC01696,0.489822035050909,2.845040394736841
CDK7,0.0639472894000789,4.069914615441888
NDRG4,1.4952718947667387,5.79779079523957
INTS6,0.3699373093694327,6.310598863640621
ATP5F1E,0.0420920932407439,1.7798517763157893
RNA5SP473,1.0945878549840782,6.27800197368421
CHTOP,0.2210253803540123,5.887198112573117
PPARGC1A-AS1,2.206283687593504,2.749367828947369
C1GALT1,0.341664881624605,5.245035834266971
PRKG2-AS1,0.0453787964830381,1.5959574473684213
AC074286.1,0.2777273805592157,1.265345035672045
OR10A3,0.0337698542969856,4.754994271616541
NFXL1,0.6871163081895431,5.295108883530964
ABHD17AP3,0.4871459369463733,2.7428537499999988
LNC-RHL1,1.4777169709415463,4.322102565789473
TPTE2P4,0.968469463457294,5.807755723684212
LINC01806,0.5453401122266914,4.182309539473686
RGS12,0.5898881405607062,5.706003195347186
CSF2RA,1.5534869198029566,6.099467002872804
MRPS18B,0.5154409064347353,8.85120238932628
KLRK1,0.8010039500393281,2.785499480206933
CNIH2,0.0968034882766453,6.307124902882206
TMPRSS13,0.048680257795865,3.47738375
PLAG1,0.3110493699689479,4.176215232813054
LZTS2,0.2835509863877476,5.960775860082268
ANKRD44-IT1,1.777870606683922,4.563217039473685
ZNF296,0.0131620812814772,4.480715614828289
TMCC2-AS1,0.6200714298822679,2.848749276315792
LOC494141,0.6796938916136819,7.872166904761904
RASSF7,0.2220822040214209,4.876595745805909
DDIT4L-AS1,0.4895759561065836,1.7782936184210516
OR56B1,0.7852541956472779,4.955873754699248
MIR615,0.1166576662612795,3.892941447368421
SLC47A1P1,0.2840241709856244,5.208204999999997
PCED1CP,0.6999531215852791,4.118245657894738
C9orf57,0.1016908521641376,2.0992376973684213
FAM95A,0.4986752440256338,4.652251776315791
ATP5MC2,0.3167821849472621,5.426630460526317
KLK6,0.4079454711707469,5.995475982142856
C14orf2,0.0523631761917273,8.735710112948395
ADAMTSL2,0.2961511595176127,3.444025987061607
GSKIP,0.1165281077819611,3.8578281291181376
PROM1,0.3315541198199996,6.079660203634086
IMMP1L,0.0658212243247991,5.194050727942003
NNAT,1.4657551750071185,6.415189440785468
COMT,0.9430259147839488,8.396862516567278
MAP2K7,0.0973182751190355,6.315345310917917
SYT4,0.0313522319628397,3.073226710526316
C1GALT1C1,0.129637455926821,4.875274511530813
SNHG6,0.26112464563994,9.683645906622578
OSBPL1A,0.2859036438232337,7.810202699200354
RNU6-463P,0.4438939151651829,1.1889338749999994
ZFAND2A,0.0283815379185163,6.514319243753108
ETF1,1.0817315458622978,6.94620997343726
HOXD4,0.8932088844702629,4.777875566350947
LINC02209,0.2971102346484441,2.905591381578948
NLRP10,0.2064596171945973,3.793692631578949
ZNF407-AS1,0.7812566139785392,4.503145131578949
TBC1D25,0.10716322201875,6.006298846534167
HTR2A,0.4890507814739945,5.661957731829574
RN7SKP253,0.806750187120061,1.914683881578948
CTD-2547G23.4,0.0686167798448295,1.952840447953284
SFR1,0.9353858923930924,3.375903902096934
MIR670HG,0.1373886164634042,2.2076067763157887
LOC606724,0.2260266757361433,7.839428809523812
DHRS1,0.0662089695123045,7.637766168258584
AGMAT,0.3245037346692248,9.05126598684211
YWHAH-AS1,0.0308872866485677,3.659460526315789
MZT2B,0.4690072761136378,7.129919548815571
ZBED6CL,0.3910755044994211,1.7900591332744575
LINC02578,0.2182992436869132,2.804312631578949
RPLP0P2,0.1285556615446357,2.9544674999999985
COMETT,0.6169029613246697,1.5945248684210522
MC5R,0.0792967052545079,5.347560590538846
MIR147A,0.0162180281543649,6.462961641604011
EIF4A3,0.3033414476231636,6.848660399782283
TMC8,0.211145267863957,5.574441404532532
ISCA1,0.2236920623901962,6.460564551375789
LINC01058,0.0760539150173356,3.656337302631578
RBMS3-AS3,0.3556655560726189,1.665670328947368
DDX39A,0.012579809768199,6.077135556009111
OPN1MW,0.5644775259997815,7.823918809523811
RNU6-1077P,0.6582353955379852,2.6628600000000007
RNU6-296P,0.0622419747736092,1.3517725065789477
RFPL4AL1,0.3844872965177167,4.058414999999999
RNU6-978P,0.2302503756891099,1.2666024078947369
FAM209B,0.1614238583580191,3.678319407894735
CRYAB,1.2037263907769713,9.150768820069857
RNU6-1335P,0.66971654719057,1.9703555263157888
LINC00589,0.2062813302189059,2.5870257236842105
SSBP2,0.2645934503507609,5.85017657945667
RASSF3,0.4471850230561102,6.758180692517786
AGAP2-AS1,0.3064016118070846,4.71563882072454
ABCC9,0.854299348297742,5.50506786337821
KLF1,0.607986061877535,4.361787058840336
LAPTM5,0.2539082738955969,8.051126745153358
FRMD8,0.0524072536713816,6.531541938726213
TRAV8-2,0.6868009586597348,2.26901197368421
H2AFV,0.6783079105122143,6.903009743838291
INO80E,0.1932365397868241,6.408433219280038
RNU4-67P,0.0840359990435424,1.252540546052632
DMXL1-DT,1.6832674721425804,2.7222691447368423
DDX18,0.2483487357464049,7.086451194165048
RP11-212P7.2,0.0129576586152494,3.4492055986865013
EVI2A,0.1505423481790325,4.637612862287951
CDH4,0.1232938452224628,6.03411519736842
METTL3,0.1725179223714735,5.837685841905354
KIAA1522,0.3144540524799251,5.2755812026720985
RNA5SP195,1.95675592193142,4.617729671052632
RP5-1057I20.4,0.3944672231460909,1.3962595251925165
MAP3K2,0.1376062540733941,6.232203287794388
RNU6-796P,0.0705279930495163,1.348122842105263
CKAP2P1,0.0399343273224887,3.7551045394736833
RN7SKP58,0.2851258618151186,3.828812236842106
RN7SKP154,0.0173737945598776,3.87880480263158
ADAM21P1,0.859487464361828,1.9015367763157909
LINC02912,0.6350049374504009,2.7664274342105246
FBXL20,0.1337637370666232,7.041012653078451
SFRP4,1.4465627919594364,5.927131381740151
TBL2,0.1912113983826276,5.326837968672959
CEP192,0.6621330342305518,5.64747889713315
OR7G3,0.0134041578584231,5.230751508458647
KRT78,0.0555901935741706,4.382403223684211
ROPN1,0.1194401440750383,5.037766243734335
RN7SL172P,1.30737194511132,0.7743260949431919
NPPC,0.5227264635115078,4.069186447368421
NRTN,0.0570079390585966,5.524877434210526
RNU6-1155P,0.0513288858277434,1.4191070394736838
MIR6808,0.1599078880211082,6.369539276315789
INSIG1,1.5833155309292508,7.751595661588527
PWWP3A,1.0215035811380706,6.720254802631579
RP11-872J21.3,0.87770337579246,0.8937374941970612
RNU6ATAC15P,0.0481098788128577,1.3561165855263162
LINC02041,1.2207739678845084,2.828354342105263
ALOXE3,0.2643688024275494,4.352168486842106
ZNF286A-TBC1D26,1.1398944832768172,3.333412894736842
SMIM45,0.3921786449561782,5.484381907894738
LASP1,0.4945105209385325,8.869633648822633
LINC02598,0.1020544827574746,2.4357984868421068
RAD21-AS1,0.5534396849689607,3.922965921052632
CALHM2,0.3406977119324861,4.481792134082179
UTY,0.082772411977032,4.326845739562085
SIGLEC1,0.0982403797936556,5.778697644413512
FASTKD1,0.2213975010267916,5.730518309026228
EIF2S2,0.554422435241765,7.650200097044483
MIR3913-1,0.777987228677786,2.2853082236842104
RN7SKP182,1.0755613436930829,2.602394407894736
SMCR5,0.277720613060024,6.354662114661654
KIAA0907,0.4408750833053541,7.313562747471563
ZNF713,0.3907791693105479,5.867547576754386
EVX2,0.0807299599478338,6.633989718045113
DDX10,0.0340105348913131,5.762538177740932
LINC02752,0.6570334868879528,3.056788289473684
MAP6-AS1,0.4023899326827965,3.5986203289473706
RNU6-147P,0.0137618515629705,1.2199698684210525
LINC02121,0.8198807659945164,2.818880131578947
ACTR1A,1.1780580189455707,6.349919789200582
CDH17,0.1654912887893488,5.310309411027568
H4C4,1.611139554263257,5.572273684210527
MIR4308,0.8239446863160073,2.0212825
MAPRE2,0.273752968599011,7.145862872226785
C7orf25,0.3652958697052732,4.17733980263158
ABHD16A,0.4872442403910706,5.445998284221844
C3orf33,0.0912781750072447,1.9595734795793656
FAM120AOS,0.3317637402331619,7.109178140741644
TMEM57,0.0446670729415878,6.217791269417495
BTF3L4P3,0.9292424734688156,2.5128415131578934
CTSLP8,0.0710789668802415,1.744086578947368
NT5DC4,0.2113525843780501,3.4935384868421058
RN7SKP141,0.5553974154723057,3.3892845394736835
CIMIP7,0.4368781883716305,2.452302368421054
CARMAL,0.8290103334837517,2.921460328947369
ATOSA,0.0780436255608227,6.6543550000000025
PCOTH,0.3680045222701492,4.028290986842105
NPTX2,0.1684514043173719,6.560394754072682
MNAT1,0.0743930725500291,6.054900073354058
H2AC18,1.7728022068030211,7.92407177631579
LINC01345,0.4958712033827334,4.42390177631579
NOS1AP,0.510743515337109,4.970566556444027
FAM76B,0.337887978269671,5.766460764400837
RNA5SP177,0.136449528997849,3.4427726973684205
HS6ST3,0.3067520532322146,2.7272575000000003
RHBDF2,0.358000865089063,5.838394015000528
MOGAT1,1.7433696345527931,6.942615440162907
ONECUT2,0.1068265474917102,7.566873295739349
PIGW,0.0088960969491486,5.944069093045114
PGBD4,0.2638902491266117,4.989276594670304
CORO7,0.1681842146110048,5.86799422480099
PARP9,0.1235347976807867,6.986245917140143
RN7SKP172,0.0101006397155153,2.8965313157894728
PARD6G,0.4520044869071357,4.691503613631503
CETP,0.7886027737731397,6.189928965383643
STPG2,0.7230354982782119,3.436204407894735
RP11-91J19.3,0.3900607236043138,2.9000711204338656
GGNBP2,0.3499098686861719,7.99994567551176
SEPTIN12,1.0832486549490985,3.8982069736842098
PNPT1,0.02674270150033,7.748029089777366
LINC01831,1.6777025543960156,5.409817828947366
POGLUT3,0.2781887050582056,5.5217937500000005
RNU6-633P,0.5322988709242443,1.3456503486842115
BRWD1-AS1,0.4585931994412577,2.910320328947369
PRICKLE2-AS3,0.2126162349742036,2.3071438157894733
SCN1A-AS1,0.3353975197265083,2.589404013157893
PTGES2-DT,0.1136808758724609,4.666648684210529
MACIR,0.5111501202559063,4.55045513157895
TMEM136,0.5824826704467437,5.267358355687573
GP1BA,0.2391203983251719,2.364587604076852
PNLIPRP3,0.0079956954769055,1.8807128289473685
LNX1,1.0865410970218663,5.147491962797449
GLRX5,0.455084318437911,8.270970385824379
ENTPD6,0.3304680389011551,6.43352604901732
RNU5F-1,0.4451327191382823,2.6024498723996468
SPI1,0.2318635541449646,5.715529835237646
PRR14L,0.1447109488650669,5.652935460526315
TRAJ34,0.4864581447203904,3.3932175657894725
GJA1,0.1414710383149009,5.079447160008671
SCMH1,0.3996488952229358,7.115914956716
CYBA,0.6745452843232711,6.186222173389173
EMC7,0.3646082612757132,6.387677949165146
RNU6-613P,0.1214896326648518,1.9321836842105264
HTATSF1P2,0.2498267825562399,7.98763761904762
RP11-418J17.1,0.4212429814834427,1.0471324094447736
CSTB,0.6590321129676793,8.592632556817323
LINC01203,0.0533321562985238,2.3293063815789465
GLRA2,0.2504107575749696,4.993667391917293
AASDH,0.3587936333994951,4.956665786664837
GOLT1B,0.7432072469077683,5.97111140408036
LINC01626,0.0472954535434029,2.218556118421051
STK38L,0.4657093562421667,6.139670476726864
GNRHR2,0.2413543328475711,4.083301381578947
PRDM12,0.2060150739608785,5.028286578947369
RP11-332H14.1,2.0158178539131595,3.6330085275428834
MIR3974,0.8409703460381442,1.8244989473684208
METTL4,0.0468699589324438,5.149822206965301
HYPM,0.6247991401004407,7.84974738095238
HOOK3,0.1620550829208542,6.952793935197431
RPL36P20,0.7396519139494971,3.482434868421052
KRIT1,0.7026028685445612,6.743780631758419
RP11-489E7.4,0.0415838953655713,1.1794966453109033
EIF2B4,0.2671521338121812,6.6485006303509095
SPANXB1,0.016889829371933,5.353243287907268
MINOS1,0.5549568198076853,6.829383810428506
ZFP36,0.3695599712367486,7.007912436200546
LYPD2,0.5459599731931309,6.23614589912281
LINC00668,0.5653471911520723,3.493823421052632
MGAT4C,0.1710290141047897,5.014289505012531
LINC02386,1.307247842271509,3.3150950657894738
LINC03088,0.8546078176836536,2.168059144736842
ODC1,0.952406344393913,5.852410297421134
TNIP2,0.1968257633476655,6.081437574287428
CHKA-DT,0.5087240573955742,4.143110460526313
RP11-834C11.4,1.4722906452498294,3.373521929123719
MIR4536-2,0.4991520796885004,1.2867539473684213
DRC11L,0.7298005222092198,4.360455394736842
ALKBH7,0.2319836268143839,6.078478319664031
HNRNPCL2,0.3832534930879586,3.465438092105264
ATXN1-AS1,0.4778759206682599,5.791856578947368
POU3F3,0.1321976874559063,3.5590844078947383
SMIM9,0.0086252426449577,2.945363092105262
IL12B-AS1,0.6967831155422778,3.448834473684212
RNA5SP104,0.6299241032304705,1.6272717763157891
CHAC1,0.8088464633933375,4.60140472212209
USP34,0.0536654486120723,4.702208882888756
MIR2113,0.2761179775939192,6.4123998057644105
H2AC1,1.743503239180208,4.506291644736842
LINC01352,1.187332559862042,3.181293223684211
C10orf71-AS1,0.1340587432466609,3.0201678947368427
FAM197Y2P,0.5480790151521002,7.854406904761902
IGHM,0.3989022125787985,5.679788645160251
AMPD2-AS1,0.6875301431334055,5.751681710526312
CIAPIN1,0.0350245382332507,5.860721197064298
DNAH14,0.1083740169928726,5.666594774436091
REG1CP,0.0951461520676228,3.8592691447368415
WRN,0.4603628923768196,4.593463778459555
PLEKHG3,0.4461639400936358,5.424538795796238
GFRAL,0.0144843242397009,4.97023424498747
MIR548M,0.1452499470246578,4.999436804511277
TDRD1,0.3110942062035168,5.864464938909774
RBM26-AS1,0.7206942389681532,3.0968719882877096
RNA5SP24,0.6020976197311798,2.3331384868421057
CACYBP,0.4514561295973036,5.143340725425603
SH3BGRL2,0.1755565410129698,7.166058709579867
A1CF,0.4139407033729385,10.288468355263154
STX6,0.8919678516782595,6.012824871872099
RPS16,0.7201130275376583,9.808195249099676
MIR126,0.6064808906744465,2.51430875
GPR31,0.1643608244077134,5.574546981516291
RP11-313P13.5,0.4132440647697908,1.5848586665358495
GXYLT1,0.3729801147892153,6.473412674469484
MIR130A,0.3080289135655449,5.422791914160398
CLK4,1.026851669797342,6.617595733590721
CTD-3157E16.2,0.3203657321601544,2.1415522216948006
TCF25,0.146766492203645,8.30654016694765
BAALC-AS1,0.0367966012374232,2.9849515789473697
AWAT1,0.019068658181133,3.09028427631579
NRK,0.8206633909573214,3.7963206679669583
SPMIP9,0.1683858793571172,2.9237353947368416
LINC00642,0.0298709381550023,2.476013684210525
NEURL2,0.9852574595379994,5.144227645590647
MIR4516,1.386939871127699,6.0541719078947365
MECP2,0.2491975145734197,6.1093775631147045
C3orf80,0.1187585966740552,1.7595978085374764
FAM25A,0.0243281029906536,5.935027684837092
SYPL1P2,1.7714466429713698,2.700478749999999
PLXNA2,0.4124120951737073,5.926221682285527
BBIP1,0.3869485863639276,5.561002024934193
MIR3143,0.07811301443571,1.8597162499999995
MIR1281,0.1797137783524574,7.274538715538848
SCOC-AS1,0.7255249670030984,3.1131608552631587
MIR4451,1.666814368010057,3.7380786184210506
TAC1,0.1021279429038223,5.01832235745614
LPIN2,0.1407183678556794,6.729049929259961
SNORD113-1,1.016367562256377,1.5925840789473686
KLF5,0.3383566567369397,4.522027896124725
PCNX4-DT,0.6962330529194721,3.647441250000001
TTTY23B,0.0573263627065258,5.383918001253134
PPP3CB,0.1209250295887223,7.827823423214195
ZNF236,0.6429728939678429,5.659068791279064
CXADR,0.1545756035362874,5.127237909413478
FARP1,0.683625803255977,6.851559782824083
RN7SL1,0.1391362006000643,14.952345238095234
GSTM2P1,0.1473173399936574,5.9753735119047615
SRP19,0.5532590631114886,6.101019326140783
LINC01482,0.8258228229570261,4.896843486842104
DIS3,0.1060552838074148,6.895998589445727
NCAM1,1.1601337357286847,5.9499351864035095
HYPK,0.2562041585974406,5.854243668672036
IGLV3-22,0.2251195459013635,4.104541118421051
RPSA2,0.2191450228797299,2.1223197368421047
SLC35F2,0.119519747944547,4.393413702145929
LINC00676,0.997237181317028,2.226159736842106
CTAGE9,0.3630515773227518,7.254321718358397
KLHL10,0.8443927789451949,3.426171578947369
CLCA4,0.3164189349860889,4.934675042293234
RN7SKP225,0.1097198019371096,2.4112273026315783
CACNA1D,0.622981484234787,5.124291973684212
LYPLAL1-AS1,0.0178380367179482,3.1968217763157902
LGALS13,0.0606441743620826,4.769643078007517
IGKV6D-41,0.4623974054533982,1.6169405921052644
GABRA5,0.0203267966189229,5.998017244674184
PRSS1,0.0487643459416241,3.023939868421053
SLC39A1,0.1326270502840877,6.192714730218709
GYG2-AS1,1.1278493526480986,1.1311765394736844
RNA5SP86,0.0035796000731272,1.910897302631579
CEP68,0.4706942642842535,6.028393780810252
MIRLET7A2,0.4355691678515193,1.8661153947368432
MRGPRF-AS1,0.0856200551241391,2.7289160912796504
CCNB1,0.0746014172151702,2.2092046905140013
PIGG,0.10057434631951,5.531697367409024
MSH5,0.199738581445358,7.838367857142859
SNORA5A,0.7046097224455367,6.342734337406015
MUS81,0.3561936035241497,6.304845530425354
SMG1P6,1.6054543023093597,7.961897434210525
HDHD3,0.2292318344044492,5.9780863848377885
HIST2H2AB,0.0327864054887313,7.817859523809524
GPATCH2,0.0105045306402141,5.039200115114077
SLC6A6P1,0.7825519527418359,3.55180697368421
WWC3-AS1,0.7711160973681185,3.635034671052631
KCNJ1,0.238454513689884,5.075883203320801
MIR92B,0.2903412911672181,6.964827015977443
MRPL40,0.1655205715904276,7.330456761414422
RPL41P2,0.7142648278412042,11.02849342105263
MBNL1,0.1823022783875143,9.01319039342243
SMIM43,0.0543447360146467,2.7367137500000016
COPS8,0.4901867397470084,7.144473135162817
RASSF1-AS1,1.197681183824881,1.5965005019139809
UBAP1L,0.1432106459675285,4.649722119311069
LRFN5,0.5863946492959351,3.908665071469264
CBX8,0.0013608546137604,3.29144386499783
PYY,0.2749212192199677,6.2704467606516285
NKTR,1.0489895119045978,7.66664972329032
LMF2,0.0799174380003383,6.766167850019474
FAM209A,0.7938524169743256,4.0589347368421045
U73166.2,0.7317185029727228,0.7236098104682196
MED8-AS1,0.00096608091202,4.076093026315791
BSPRY,0.1481868703326593,4.497655592105264
MIR3180-2,0.321569653381012,5.8212596710526325
MIR421,1.5177595127704655,7.807377142857142
AP1G2,0.2150398676241458,3.950293902165328
ZNF469,0.2258764079085984,3.3443269626975898
LGALS8-AS1,0.589374339536482,4.412451118421052
RP11-53O19.3,0.3226433960697063,4.313660771430785
LINC02216,0.5734971649229504,3.047582434210525
C16orf54,0.3618431420340606,5.144371253497788
SNORD59A,0.6854486298486362,8.848884772869672
LMX1A-AS2,0.27881590065645,4.823474078947369
HSD17B3,0.5150711233782312,4.632363615559327
OOSP4A,0.4818170986343187,2.4009210526315794
RNA5SP362,0.0069652145605887,4.71786657894737
RN7SKP164,0.0648826535700505,4.201318815789475
PDLIM7,0.1693368464662135,5.689103370632002
ANKRD13A,0.2211408325662517,5.609719479245701
RCC1,0.0499728126332203,5.114500308743567
EIF4A1P11,0.2237690615116036,4.455883289473685
ACTL6A,0.2786847369988886,3.8067338010085057
SPPL2C,0.1733407355335766,5.825945156641603
LINC01266,0.3286415781068748,1.6075326315789475
NXPH2,0.0250939828688551,5.799304290413534
KDM1A,0.2383008112839719,5.33344165459714
OR2B3,0.1482931531536083,4.82097002036341
DMBX1,0.041448975313719,6.0340631892230565
LINC00460,0.4292529972317422,3.1628912499999995
WSPAR,0.0285664084947658,5.5335513377193
GRHL2,0.0950629789537726,5.834586755952381
ZNF510,0.7052815895407347,4.933248401484699
MFGE8,0.2833136302746277,7.540579036732454
SDC3,0.6025626810114111,6.704892669172934
RN7SKP76,0.1386366123991713,2.607347434210526
CDC45,0.3043562733128332,3.88491
SUPT5H,0.0553712205685268,7.128005023175735
METTL14,0.3360748363704785,6.458405718353319
PCDHGA10,0.1924608254613019,4.430653931773618
KIF20B,0.6872874151607151,4.913671176671197
KIF16B,0.2577821329654677,5.653534097486415
CEP72-DT,0.1017891375665167,4.403696118421053
PEX5L,0.0484849453302202,5.385616340852131
MIR4675,0.6324489208081024,4.7933315789473685
MID1IP1,0.1347724083603298,6.535217132039954
MIR3664,0.5774901326095228,2.6155963815789485
C3orf79,0.7224301618294952,7.864157380952382
RPLP1,0.6382223687417079,8.758701669800077
ORC6,0.0902004205949969,6.459863304985522
EPB41L4A-DT,0.4062675482472018,4.10392644736842
ASTILCS,0.8498722830860138,4.933779078947368
ARMC12,0.0194699889864226,3.3598938815789463
INHBA-AS1,0.6773540412381207,3.5247779605263174
FBXL3,0.173993964929327,5.777514817886505
LINC01074,0.5639987482140482,1.346878815789473
OR4B1,0.2373687990665078,4.867278148496239
EPS8L1,0.3024886024325824,4.292382019152369
LINC02401,0.3605729450480799,2.436113092105262
RBL1,0.2142018505168428,5.137391668139334
TMEM88,0.7100791139202198,6.302716744060546
PHKG1P1,0.0187957687312224,2.964846184210526
OXSR1,0.260043806932441,6.893818614104707
ABCA2,0.8073633699833187,5.276205579877472
RN7SKP273,1.2234079965019855,2.74979019736842
LINC01830,0.769890155944447,2.691507565789472
TRAF1,0.4818832007573525,4.8721387837181895
KAT7,0.3709568674269025,5.851920653281694
MSANTD3,0.0561120492287986,2.819638120493864
IL12RB2,0.6861259954415477,5.253000355576441
C15orf59,1.5627499536844731,0.7658712910048445
PNPO,1.037523368828981,7.384657094324139
PIEZO2,0.1604151458994137,4.873378846218642
RP11-93H24.3,0.6475772950459439,1.203631581712161
ASAH1-AS1,0.0033941543326026,4.043371578947365
RNU1-47P,0.219246144217627,5.9672202631578966
NKX2-5,0.2807246013370169,3.746641973684209
PKIA-AS1,0.6109144383403496,2.061975131578948
TMEM119,0.3332846616241871,5.386563861687517
LCTL,0.4831800216340782,5.312196774749373
KRT33A,0.136443558431125,4.887844577067669
RMP24,0.0549785312871021,4.591096513157895
KATNBL1,0.228226818693886,4.136573895155598
NOL7,0.2561597081018477,6.349220572849695
APOOL,0.6099202321473584,4.1013132686499
OR4M2,0.071303048236137,4.593787661027569
GALNT16,0.2337859058634342,5.157643840446006
SLC26A5,0.4357086988534796,5.399257817982456
TECTB,0.321938431665146,3.360097171052632
IPO4,0.1668535858520407,5.634704393066244
GOLGA2P9,0.6286527911117623,2.7393669078947376
ZNF41,0.5305284987624229,4.396782574167289
LY6E,0.405240833783724,6.693212542131808
NARS,0.5166481669389669,8.435688552770717
SAMMSON,0.2510782487993859,2.635405460526316
SNORD18B,0.5201365974699459,2.5835119736842103
YIF1A,1.1759924387934493,7.232846742409606
OR1J1,0.1883799582996404,5.135223026315789
ZNF252P-AS1,0.2959103815423169,3.9757965131578943
POLG2,0.8279890490065248,5.073157989923996
RP11-135F9.4,1.2387427330133982,1.0894853235584652
SMIM27,0.1059720887821234,3.8041265789473697
USF3,0.2927956079794747,6.730807795602815
PRSS54,0.0057459096103257,5.721555109649123
AATBC,0.0263185758547806,4.293673536239115
FAM217A,0.0772966895481707,2.300637236842105
RPL3L,0.0370332902765199,8.91006052161654
LINC01649,0.1424821436072149,3.92369730263158
C15orf65,1.1530568665860372,0.9261553318941876
MARVELD3,0.0635630933389954,4.5479873026315785
SYT1,0.017495065459734,2.4933425523019817
PHLDB3,0.1408507704771009,3.483322277337237
CALB1,0.0258728993727889,2.4670023684210536
EPN3,0.3412694353093619,6.461042445175439
RIOK1,0.0462806401620966,5.679065334138443
DENND2B,1.4456587346128376,5.617775723684211
BMPR1A,0.6777107203284676,4.886319207351905
REXO2,0.6176912467078466,6.822908854009064
RNF167,0.0766009038288025,7.56583433731937
FSIP1,0.2250629633137177,5.597193222117795
C15orf56,0.0959030078072092,7.943671904761904
WHAMMP2,0.2539977931174771,6.281857813283208
ATN1,0.3065022885911026,6.493659660721685
MIR3116-2,0.0299058851426968,3.812222565789473
MX1-AS1,1.243666017341993,2.7774871052631576
MAPKBP1,0.03297289752593,5.744723310485864
HJURP,0.2002868394181148,6.540132871240601
FMO1-AS1,0.409829183313506,3.712450986842105
HOXC-AS2,0.429976442192419,3.7846148057148303
NTSR2,0.5735580856144245,3.032106578947367
IGHV3-23,0.5780654805396789,5.1214320394736825
UFL1-AS1,0.5375773423478275,2.762938026315789
SYN2,0.1432798529655279,4.693541186581784
EGFL7,0.0834679946437971,6.447060593555612
RNU6-247P,0.5643677390986647,1.5286083223684204
CCDC62,0.0678214971854951,2.109586644736841
LOC105373460,0.7248727843258165,7.904489047619047
THAP6,0.2226632297401946,4.844961723802046
TRIM4,0.7910205466316217,6.35670929540446
FAM160A2,0.5456927721013801,6.537525589684972
CTC-543D15.8,1.1299456483462522,1.074159637716067
SMAD5-AS1,0.2710365321918864,5.813440097117796
FDPSP2,0.1046128710030992,7.890652380952381
SUPT20H,0.4557361477564798,5.798711924937727
CATSPER3,0.5006796849442005,4.373840065789474
SNORD111,2.4052331274747987,6.379016184210526
ZNF658,1.0682385335457203,4.830966152882203
OGG1,0.447735208090743,6.097413737122234
CNOT2,0.0368999002265622,6.814685360241898
MAEL,0.2777126140909454,5.25897820802005
LYSMD3,0.1699368661918928,5.871278005107758
WNT4,0.2309894291177317,6.271889005325814
RN7SKP85,0.0280830876310764,3.1722964473684203
AP000892.6,0.505767114932119,2.2203754350457423
AP5Z1,0.2105696079817141,6.604706488095236
MILR1,0.3060578962868746,3.5488812707888586
RNA5SP146,0.9833278320589884,1.7883778289473689
OR6C74,0.4898679456495989,5.01847717575188
LINC02968,0.7604744698210758,1.629919605263158
TACR3-AS1,0.5907682224464008,1.46440802631579
SLC19A4P,0.1210879844949415,2.557676513157896
MIR576,0.0506992422400949,5.031315642230577
ACAD10,0.1068394476113799,4.8905416612339
PKN2,0.4724044367242784,6.652001409952522
F2RL2,1.0068962405160362,6.771413182957394
ABCC11,0.3150284879671734,4.730896644736843
DYRK1A,0.2879953849177579,7.2462929869545425
CCND2-AS1,1.6684917252651963,5.339193618421052
RP11-1055B8.1,0.0224141437243039,0.8431542253206759
ZNF582-AS1,0.2962159591544844,2.2070939104402223
MIR3125,0.2081260248415661,5.764197894736841
PLIN2,0.360818266747754,8.82618517716106
CCDC144CP,2.0720862110577767,5.050314144736842
VPS33B-DT,0.5953950487160538,4.618027368421054
SLC12A4,0.345283020048641,6.572318617698868
USP10P3,1.2697816103978334,2.568650394736842
GALNT18-AS1,1.3058044266837334,3.6118822368421033
SUB1,1.064901085153631,7.269457294252998
GLIS3,0.3151426015294319,5.037873583062132
MIR1276,1.4292119807331674,1.978954605263158
CKM,0.1063355938941015,9.861505798872184
RNU6ATAC6P,0.2204274820628126,1.4198924868421057
TRAV12-2,0.0300836972999745,2.349407434210527
EIF1,0.1002302820737723,10.010883976070042
TGM5,0.8405933383708392,5.1138287875939845
RNU6-920P,0.3198700506908944,2.608186710526316
ARHGEF39,0.0168994386798284,4.529154802631578
TMEM70,0.1233022659087758,5.982596164538293
XAF1,0.6231924388051776,7.184986050859718
RNU6-370P,0.2001387575494304,1.7690767105263157
LOC100505478,0.3331948410624895,7.837020476190477
RNU6-999P,1.2550316545583269,6.14250019736842
FUZ,0.7901443243874311,5.234556245219012
RNU4-21P,0.3918117123457489,2.364108881578947
SOS1-IT1,1.4738143566588244,3.1667521052631566
DNMT3B,0.0020336450057348,4.719328036145374
PIK3C2G,0.4104131643578237,7.891081080827069
GBA3,0.5802881490867856,8.411051437969924
SPRR2D,0.7997644348383044,5.091950075187971
TXNL4B,0.0469605621457127,5.314516990280652
RNU2-27P,0.5108793880319995,3.7810788157894737
RNU6-635P,1.2230832663920397,3.5732178947368425
INSIG2,0.6134492281809801,5.998633675073189
LINC01133,0.2380981320684681,2.7575871710526307
RNU6-412P,0.1915545944286958,2.536187894736841
MCPH1-AS1,0.580219938537835,3.440037434210526
EXOC3L2,0.9448648551722856,3.163071173088662
SLC30A8,0.0289239634818728,2.4697474342105266
COX17,0.3205355291631004,7.893766267334495
TAF12,0.021900444871935,6.127362871847335
STK26,0.3340939331487477,4.92349767900912
AC012146.7,1.9041277935535592,4.156068917073329
IL1R2,0.7945772817260041,5.009544883080856
TRHDE-AS1,0.179349638369535,5.748491656478711
RP11-467D6.1,0.647420180083206,1.1197920283507965
LINC02317,0.4390732387746196,2.9431261842105263
RNU6-980P,0.148124273672651,2.9617173684210534
BAG6,0.0647489921088798,6.358180107272169
SERPINA7,0.1597941248911335,8.658345394736841
MYH7B,0.186007371517619,4.572125457406439
SNORD45B,0.2502789041237916,7.81914380952381
RP11-367G6.3,0.4223905627483776,1.4659556389253825
VPS13B,0.3620148137771088,5.665971081300266
LINC01871,0.1940581539015192,3.00585710526316
LINC01641,0.0308316428651965,4.54823782894737
RNY1P11,0.5554374063442659,4.657375592105264
NXF4,0.2084882661066345,5.197527496867168
CCDC188,0.2619875548542864,6.191074166666665
METTL22,0.1956167801635958,5.522950590329376
CFAP20DC-AS1,0.4273069104908004,4.15813052631579
PGM2,0.0070583902334104,5.783829137228731
CHTF8,0.5304860501541785,7.873900488632344
SMIM3,0.0026574240431743,5.10392182594641
LHFPL1,0.4241903279662999,3.10841572368421
DNASE1,0.5544860932953178,3.983038192356872
RRM2,0.1401184633147872,4.368941218245688
LILRB5,0.1925002747401533,6.028249664995321
MIR761,0.6175110410007186,5.290906917293233
CUBNP3,0.5869618306373513,3.528533355263157
MYLIP,0.338367684513792,6.9934931967455904
MFAP3L-AS1,0.0327647817660269,3.529680328947368
C11orf45,0.1765963683105267,1.6750736973868867
AP4B1-AS1,0.6997054241162339,2.1029747368421057
RPL36AP18,0.0133498761402538,1.2673607171052632
LINC01293,0.0058700374865154,7.883244523809522
SMIM20,0.2858898473220849,5.351397680652983
FER1L4,0.5962558649131513,5.937143352130326
CAPN2,0.1757282489765757,5.73676637027082
ZNF22,0.4623942815317284,6.786914724838187
MIR510,0.1397994623928741,4.625186450657894
FOXC1,0.27026200178094,6.3819217906301136
ANTXRLP1,0.8300387147866336,2.354887039473685
PTPN2,0.220114188271902,6.005653847015945
PDE8A,0.6697378440071572,6.05504823014184
TAT-AS1,1.674007412888278,7.242644342105264
CD200R1L-AS1,0.2717921289412345,3.4546673026315773
PVRIG,0.1984163569283045,4.826786272181088
MIR548AB,0.6268120969353237,3.117488421052632
CENPU,0.4037357202686591,4.129217583933721
CERK,0.4440017304933948,6.701632522282938
IKBKE,0.00337757379059,4.899776510356124
RNU6-624P,0.0367718459659594,1.2733643421052632
PDZD11,0.2885058680279673,6.43942559140575
NUTM2D,0.278836017117039,5.735572434210527
PACRGL,0.2060133343922367,4.40038684085525
GRK5,0.7122378449444149,6.777858020062783
BORCS6,0.5883554660257436,5.043992817362249
SIGLECL1,0.613296219521046,3.1041222368421044
CYSTM1,0.7978620189480268,6.838498793479873
KLHL25,1.2820247011323824,5.309870859028808
SLC30A7,0.3580234158097112,6.472204755350771
ENPP4,0.4001794374099225,6.409067199045205
GADD45A,0.3168680941517771,7.21613073057284
NDUFS7,0.3324476472812161,7.729537285815316
ADIPOQ,0.1199678330381254,6.588882953169216
C20orf78,0.4482778048427361,7.841199047619049
LINC02446,0.1826560702290498,1.537602763157894
MFF,0.3134479879377208,6.48351712050385
ABO,0.0735517575956889,2.8326288827000328
LAMTOR5,0.4330212290582671,7.821539012946533
C1orf56,0.3103436458343374,3.5448913404830966
MIR4710,0.401903914782867,5.193170723684211
SI,0.0413204174592034,4.858608984962405
SLC1A3,0.3742044135773475,5.793321004101135
JMJD4,0.2403262768694045,5.89378716865247
BEND4,0.0411770138852754,3.651927960526319
CARS1,0.964096227403541,5.758926447368421
MIR3942,1.1732916013050472,3.877149999999999
CAST,0.5971504230348498,5.946715090099056
RNU6-808P,0.0830172431234102,1.9792244736842104
RPL18AP17,0.1816358233313568,1.6112778289473693
DCLK1,1.2953536266197807,4.932191396027192
LAMB1,0.9161679734102576,6.793047043847788
NUDT13,0.5404189632801508,4.733862069647288
OBP2A,0.1341638244048937,6.754663942669172
ENOX1-AS2,0.5451101629899212,3.1500336184210527
CFI,0.0328004209831971,7.836396129498389
RPL10P12,0.1541766695985428,4.980314736842106
ACSL4,0.4972336625959826,5.922056660983218
LINC02516,0.6505545949976563,2.366691907894735
MLANA,0.0094153897745329,5.535998828320803
DEFB131A,0.3852116862350651,2.279750197368421
MIR661,0.0669257828117994,6.29923144736842
TSPAN7,1.0413853842787162,6.99520499087522
ARHGAP28,0.1891558881330606,2.706621667948143
MIR181A2HG,0.3010558487102686,2.9598048026315795
SMIM10L3,0.9856030459632592,5.771497960526311
EPC1,0.3118240631683455,6.474858243520155
RNA5SP465,1.041960742371748,2.494962302631579
BUD31P2,0.4109712323336855,1.7879671381578948
INF2,0.3952612148675476,6.62881134673509
C1orf109,0.0659215375792297,1.3370747343800502
TRDN,1.3664302539310202,5.749321434338435
IGHV1OR15-1,0.2691429621716271,3.4914631578947364
HIVEP2-DT,0.5979990301412632,1.8736598684210528
IRF9,0.4639483024772035,6.616815446838924
FLJ41130,0.6135763682053875,7.887929999999999
MFN1,0.4625461355762363,4.735850945850486
LINC00242,1.03987222594935,2.6327465789473683
ZFYVE19,0.5585007551436217,5.960862045935386
HSD17B8,0.7470771578115027,4.604435079341526
ROR1-AS1,0.8980238749845673,2.1213443421052616
RNA5SP155,0.0864855853740028,1.38280125
AKR1B10,0.2997085652385108,4.273754144736844
RP11-498C9.4,1.0167577801658505,1.0937282057559017
C1QL3,0.0681629407725572,4.160111052631579
MIR340,1.7530345067805937,4.863028881578948
FXYD1,0.7898080920714152,8.053948059461074
LINC01819,0.8817309133934543,5.550640131578947
KHSRPP1,0.4535991366645423,4.524385328947369
RELN,0.3240760491467424,7.920693430451129
LINC01099,0.725299178745348,1.970372368421052
OR2T35,0.1592251995325239,5.194062537593986
MTUS2-AS2,0.2060179052515577,2.1922408552631567
LINC02479,0.305856253294796,1.4219120723684209
TBX18,0.4235107403657003,4.416541357059406
GPC6-AS1,0.0070855186539617,1.5886007894736849
SCAP,0.0316563470265642,7.728055136235084
LINC00903,0.1220937166284461,1.359573355263158
PKD1P6,0.5795993431989325,3.713971189919405
MEST,0.2677926615747644,6.713992369842795
SPACA1,0.084763283457783,5.457744796365914
LINC01164,0.0613444962941581,4.159352894736841
DRC3,0.2373487008235063,6.034342341791978
ERMN,0.1820355109433208,3.8413582751794872
HECW2-AS1,0.3075207355254686,2.897928355263157
FAM166B,0.397381050880715,8.323854047619047
DCTPP1,0.3123056430121346,6.459748943621161
STAT6,0.3733106455111741,7.373136849473133
CTB-58E17.1,0.4186168002329403,2.2910695783879547
PTGER3-AS1,1.3390718521600478,1.843416513157896
TMX2,0.2476578970296293,7.08032368529862
MIR3144,0.6349353366669487,1.4943407763157903
USP15,0.0203291276233829,6.976123155227857
TRBV24-1,0.0404022856970038,2.9267292105263145
LYPD6B,0.4111699132614322,7.858853333333336
HSD11B1-AS1,1.0731875247257197,4.701331381578946
OR6X1,0.2544769043092081,4.734561611842107
TRIML1,0.0405928560574691,5.9671743906641606
KIAA1524,0.2948136957926875,4.6623620691285765
SMIM15,0.0126185160949517,6.6571389209371405
MIR4649,0.1767425819855011,5.945121842105264
FGFBP3,0.1458554407168972,4.929468085812798
ZNF695,0.1774777732663603,7.895273333333333
RNF40,0.0064274885441752,6.035299728306186
AMDHD1,0.4718188605720057,7.993123421052627
SLC25A3,0.2220418537113177,8.957200896507272
FAH,0.6572784820615819,7.876260575872624
NKX3-1,0.5368560245382729,4.837768315006067
RNA5SP107,0.6970664298893138,4.109032368421053
RP11-385F5.5,0.0178739155926568,0.7079771544392662
CACNA1S,0.2586871733089415,3.657175921052629
FTCDNL1,0.3660472671376639,3.419239842531401
RN7SKP249,0.6622241955214054,1.1945700460526318
CENPX,0.0802606787158186,6.672673947368421
LINC01907,0.133321568764205,2.192474013157894
HSPA6,0.624129220748394,4.505139993572283
OR10A6,0.1219238337707967,4.555122549812031
ARFGEF1,0.2916470151764655,6.206706045472242
PCMTD1-DT,0.2890811924349777,3.499385723684211
XBP1,0.411697109424545,8.08228793432741
MIR3136,0.2139456210376727,2.682706381578947
ZNF549,0.2914172105113894,6.4462648458922045
HDAC2,0.2381111281746703,6.841981057093925
ZNF765,0.6387526168948671,4.7704095849624935
DHX35,0.1898897184551028,5.053330835399189
ZFP69B,0.4471380548587766,5.742101422305764
SP9,0.6803589526755487,3.960135986842103
USP2,0.128236122531186,4.770164293950384
RP11-521B24.4,0.1730271535330335,1.8773654352563875
RNU6-1003P,1.5032288698680565,2.654171644736843
RNA5SP230,0.4449024639860429,1.6841764144736842
GNRH2,0.4233139311509396,6.823529509711779
KCNK1,0.9280592562483048,7.865382142857142
RNA5SP91,0.0260060207585142,2.9722094078947365
RIMBP3,0.1174332046118675,6.906379378132835
KCTD5,0.0425305152814587,6.453331000759316
MIR3164,0.9057811610531256,3.996760526315791
SLC8A3,0.3551849186681339,4.761260741842127
LINC03043,0.1919616605995129,1.9794148684210533
BSND,0.3983767810387059,3.7926939473684222
TRAV39,0.1166047639738351,2.069934868421054
SPHAR,0.0850857342784079,8.392694523809526
COX19,0.2582298721708564,6.034946323634087
SYNJ2BP-COX16,0.2063995276232879,7.413533289473682
RNU6-1085P,0.0960743708799127,1.6791785131578951
EEF2K,0.2801584271119588,8.09837317199248
LINC02934,0.5873629807832366,1.5804522368421043
GVQW3,1.2296151205930796,3.423914473684209
NAV1,0.4793568054699597,6.571917606708908
RNU6-869P,1.0375227279636414,1.836672960526316
TGM2,0.1712498157051405,6.496167956890027
RMDN2,0.6040046858266062,5.278152662988551
GK5,0.4344845288951566,5.7442446040973545
LOC101928614,0.0694798803109806,7.858104523809526
ARSH,0.0767402082280017,3.226357960526318
BUB1,0.0663374935314586,2.3621936842105256
FLCN,0.0213607501664157,6.118754815500193
SIGIRR,0.2717566597027422,6.395976128768264
EPS15-AS1,1.5648407014612558,5.579963552631573
IFT140,0.4362121892209749,5.167550641299704
SEC1P,0.8221814362973382,5.738070140977443
RIN3,0.0069920207780641,5.538360071041303
SCARA3,0.6290345101134134,5.349057598488742
MIR210HG,0.2542969618240521,4.61406125
CTC-425O23.5,0.1312630884726502,2.3958694011827366
LINC01036,0.1257648487239864,2.6284306578947376
HMGA2,0.1247977443176457,5.999497319862157
NCR1,0.7952660940825693,5.007830263157891
ERVFRD-1,0.1660906524542711,5.869371124686716
TEKTL1,0.5499285740692472,4.65405177631579
DTX4,0.7127711305114646,6.579266187612873
MIR4295,0.3683419573026817,5.242906513157894
PRRX2-AS1,0.0271754568922157,4.354565723684211
CGN,0.3884377994061333,6.136462894736838
RCAN2,0.4240987477350664,6.361670065779138
CISTR,0.0469813460768884,4.812895394736845
RNU4-62P,1.2541351689474345,3.804425412844129
TAS2R7,0.1819492099663111,1.3994048552631586
ZBTB20,0.1339059341438565,9.516165378017307
MIR3165,0.8646738121718848,2.7618843421052626
PRR33,0.1709972135698579,3.63859105263158
DIS3L2,0.3461881005991787,6.053116255484128
KHDC4,0.4272486641096419,6.072700921052636
SUSD5,0.0821636640909225,4.144411798044154
ZCCHC9,0.0621297872803982,6.331231333685132
C16orf58,0.2877556894373442,3.802281111642786
LMNTD1,0.1774042843308209,4.942400390037594
CRELD1,0.2879197060700103,6.908363370818131
MIR3146,0.2122532055029159,1.1807966513157884
SLC20A1,0.2382440786526286,6.877244969067988
SCAT2,0.1606182251034384,2.171263289473684
MIR10A,0.4807046130611446,4.251032124060933
HMBS,0.9218282058933652,5.905614878871904
NEIL2,0.7047251117144531,6.759540304460059
MIR99B,0.1052597254867025,7.021964389097743
CHST11,0.5127256744562455,5.460516913720457
LINC03076,0.9205638176457004,1.859942302631579
SMIM23,0.1946511451843292,6.347445255325814
DHX9-AS1,0.5214667592378006,4.582483157894738
BMS1P2,1.0104616687052657,7.097678618421053
SHANK2-AS3,0.3564833969304787,4.824922499999998
LINC00536,0.9689977927205468,2.2787970394736843
SLC6A5,0.0381898021509386,5.39832280858396
MIR548K,0.0200914155609539,2.9623649342105254
RNU1-22P,0.1575885154186954,3.177147236842105
CDC42BPB,0.0668440501653172,7.457333827464518
RNU6-934P,0.0875013142315552,1.4370836842105266
GTF2H3,0.1856993847986769,5.700246352572104
EDA2R,0.8485944160954436,4.208450020388639
MIR3127,0.728738016827958,4.098897631578947
FAM111B,0.4705489955558309,3.7870981679574487
DCP1A,0.336350912435791,5.934807544464121
SPDYA,0.1505903439497468,5.411175895989974
DCD,0.3720550551909601,5.160330346177947
AQP4,1.4893588912738522,3.233399407894736
GLTSCR1L,0.798582747519684,4.870106403783732
HILPDA,1.007073288659614,7.154711401091092
CTDSP2,0.5498697723623088,8.218337627549035
FGF9,0.3524911794219563,3.7872606939825335
LINC01757,0.3600757165480044,3.3664068421052624
CYSLTR1,0.0125126986229364,4.635445003107498
RBMY2FP,0.248464528702765,5.5483422572055145
IUR1,1.0808295118516784,3.368463223684212
TAF15,0.122798191285688,7.810294788521108
TAF10,0.8895785795013305,7.824648584007603
RP11-254F7.3,0.3958879287752015,0.9539705798969644
TRBJ2-1,1.6889518882397132,4.48977236842105
CLEC4C,0.3396204248723056,5.3695617167919805
GABRA2,1.1581345461862045,4.9526581860902255
AOC2,0.7232490190734392,2.8274511595498923
MASTL,0.2006669159551772,4.966518778530178
TRAV36DV7,0.0336508967405591,1.602327236842105
KRT18,0.4987565349197435,5.004916997349744
MED26,0.1573438477207019,4.880801855508617
PHACTR3-AS1,0.2134248894049597,3.0987680921052627
RNU7-143P,1.141976865886223,4.511445855263158
PABPC4-AS1,0.5951658798279416,3.2777009868421056
LINC01489,0.989997427218948,2.9914574342105267
H1-2,1.48953424540495,5.791836776315791
LNCAROD,0.4742755583220049,2.576860723684212
MYB,0.1355840821803738,3.751433994242496
FNDC5,0.3706285500381704,6.873502558460017
LIPK,0.1509703081864271,2.1542388157894745
CCDC144NL,0.134134940657361,2.1431199342105267
SLC48A1,0.5180895609493629,6.937127347095525
KYAT1,0.2681078195301193,3.709312408081826
PGK2,0.3609824971851353,5.111042720864662
RNASE13,0.7534513119735341,5.680270878759399
ACMSD,0.234729736195787,7.881341842105264
RP11-87C12.5,1.869144138186728,3.308877626455948
AKAP11,0.7195786466632147,4.905509337437584
LRRC10,0.0792863537315173,6.129088439849626
LINC00028,0.0185480543429661,6.241730040726819
LINC01665,0.9607219231058362,4.0954745394736864
OR6C4,0.3692500728341287,2.1891792105263166
REL,0.2777261294171639,5.96943355111618
NRG1-IT3,0.1282246537066218,2.371245986842106
PMEPA1,1.5213828862599197,7.548254989616763
RN7SKP288,0.5482419128082651,2.9565851973684207
ZNF208,0.3281946185793469,3.9850781710787153
CLK2P1,0.0449569559305323,6.367106560150377
MIR4280HG,0.5689691346914618,1.6250058552631592
RNA5SP338,1.9295067636889915,5.549651907894738
LINC02747,0.52962762911715,4.063708552631578
CFAP65,0.1152741627636756,4.098670592105263
RP11-422P24.11,0.014011359387318,0.8232450161701331
TGFB1,0.6206239658294647,4.332159443393792
TMEM238L,0.6200704984792725,3.465153289473686
HSF4,0.3328579259729212,5.231305096177359
ZNF638,0.7861085994810786,7.0871932108873805
RN7SKP195,0.1888236308089376,3.241835065789472
PAK6-AS1,0.3350961185309487,4.832235657894735
FAM9A,0.2990564400944812,4.995384744674185
THBS3-AS1,0.462279730987884,4.216999736842106
CYP4F35P,0.0877594151004017,4.00722894736842
LINC00205,0.6025261768299032,3.104551250000001
UCK1,0.1722466210568587,6.617508501080881
MIR3945HG,0.1073784970149412,2.302532613436816
FZD3,0.4303478017996616,4.276582189846428
TBC1D9B,0.5382805827894864,6.929706830877574
LAMC1,0.3830068083304078,8.363850718178247
SLC22A14,0.228484835673163,5.825928209586466
ZEB1,0.5833989082024421,6.360717375205408
PSORS1C3,0.0550533710798163,5.483865966478697
SNRPF-DT,0.5338764740402389,2.097934078947369
HCP5,0.2827670336456236,4.137503196245206
MKRN3,0.0168257360493381,5.380679511278194
MOV10,0.5646404045563624,6.727244163337208
RP11-98D18.9,0.4351744362567961,1.169530729231324
OR2A42,0.7596400406253593,6.000873615288222
TERC,0.0026325379771427,6.386984437656642
RP11-540B6.6,0.2973264369754192,0.7419388412972142
TAB1,0.2086512437400041,5.130597681564837
UPF3B,0.078976257596812,6.289475503082669
RP11-266L9.8,0.6823174493336006,4.628131077724109
PLCH1,0.0653275403309353,4.924104432957392
MIR2681,0.0974505575307937,3.037699736842105
SPANXA1,0.4254207020161736,7.829811666666666
TBC1D10B,2.609463019988213e-05,5.758239498921004
CCDC142,0.4127873101576248,4.270806783775771
PDLIM3,0.705250216677201,6.879701928385188
SCAMP4,0.0070162736253347,5.486843603880627
CT70,0.7980741848040233,4.604180394736841
NDST1,0.6350102688425471,6.923429462064308
LINC03097,0.1023193385599075,2.3465048684210523
ZBTB8OS,0.086820519605979,5.973586003932209
GPR150,0.1178914935331416,5.912099581766917
ARF6,0.4102977026942702,6.6544513029282175
IGKJ4,0.8919309233437084,7.069313421052632
ATP5MF,0.3825054118197201,6.560921513157891
LOXL2-AS1,0.0206354610333165,3.915691513157895
NECAP1,0.322155462535389,5.756340203565633
DNAJC1,0.0595578714348428,6.459961249294537
LILRA3,0.1814157799147056,6.067588818922305
ATP1A2,1.089647164200237,4.528088276511612
LINC02780,1.075803053568457,3.330087631578948
DYNLRB2,0.010885888411603,5.080318958333332
MXD3,0.0201561665752957,4.660258904800111
SCARNA6,0.7442201245949835,7.6438913455513795
OR2V1,0.0595208946876912,3.5484305921052623
KDM5A,0.1910430523860733,6.455646666270871
SPRYD3,1.2497150841937472,6.468324351206358
SH2D4B,0.6285712837444833,4.00286019736842
SNORD3P1,0.3856041648851461,5.207515394736843
STIL,1.0534863479153265,4.515196907920417
CLIC4P3,0.049243863575188,2.3727173026315787
PTPRG-AS1,0.209171657747972,1.792865789473685
RN7SKP107,0.435132900845639,2.021858157894737
BSN,0.3878852550997422,4.326497960526316
CDH23-AS1,0.4505760822400834,1.7819261184210513
IRAK1BP1,0.0380835977599686,4.313299126789729
LOC642852,0.3267576873318122,7.8681254761904755
HSPA12A,0.8340539379289389,6.012892579142204
MAILR,0.5976496240011862,2.1455199342105264
MXRA5Y,1.3134855145189084,4.924474999999999
PNPLA4,0.6465402510594264,6.888188344746891
BAG4,0.2824790283770098,4.839092463522826
UNC119B,0.5207236278815887,6.45873394423559
ZCRB1,0.4039946703357515,7.264736338003695
PDXDC2P,0.7403126287066626,4.747333850263095
SNAI1,0.0195503915970407,3.296629272834616
CCM2L-AS1,0.3036482516672195,3.669572499999998
HTR3B,0.2354474599092362,5.254041536654135
RNA5-8SP7,0.55185932853604,2.0930903947368416
LIPT2-AS1,0.123055410453248,5.318845986842104
TAS2R39,0.3201900521386904,4.998087913533835
RNA5SP112,0.03441547105722,1.79137322368421
PCBP1-AS1,0.6535136830998345,3.476487265881105
FRMD7,0.038209814278731,5.456413146929824
SPANXA2-OT1,0.4353634921426371,2.385425855263157
XYLT2,0.0466041262545158,6.235381393431432
MIR3936,2.1045236418198727,5.357417960526314
TTC31,0.4106444826010815,6.018399589889483
RNU6-1135P,0.6877240090521219,3.675985789473684
PGA4,0.6951551365276345,5.282567499999999
NIN,0.50652001415384,5.567338890236935
TMEM252-DT,0.5179419223775493,4.299515065789472
ZNF813,0.664427441306951,5.953105159774434
PLCXD1,0.4239288494092775,6.861024572368422
LINC03003,0.1559844698766849,2.632313421052632
NAPEPLD,0.566664972119845,5.595869988775855
EEF1A2,0.0419879709798595,9.43825533521303
KRT38,0.0011735792404624,3.3279683552631565
GYS2,0.4197758391342606,6.125710042457002
LINC02182,0.2940833548486041,3.779611052631578
MIR200C,0.2469349740498353,5.747317767857144
LINC00607,1.434329039522582,4.07255552631579
C7orf73,1.4242327331020543,5.301854857302252
LINC02787,0.4320928339722099,2.8782635526315787
LINC02874,1.2763153191223366,3.427991776315788
UBL7,0.338128061708296,6.227865365922888
KLC2-AS2,0.3721906800633562,4.869101644736844
UQCRBP1,0.8436110213294793,8.419720183270677
ZFAND2A-DT,0.1539192670443032,5.114709934210526
MIR335,0.2596171764732677,5.052180471491227
GPC5-IT1,0.3925621668116394,1.418491578947368
RP11-5C23.1,0.5861877937107671,1.7358618798288892
ANAPC13,0.696102751074027,5.423855929074916
MCMDC2,0.0581506340328181,2.74212625
LAX1,0.0701710346773153,5.762642478070174
MIR3196,0.0712889714772005,5.223523026315787
C14orf142,1.1509037717165862,3.4518896218475934
RNA5SP128,0.4164255150273225,2.576134671052632
E2F5,0.132976227889016,3.3290301315789463
CYP2D8P,0.5185812901406264,5.400544999999999
LINC00517,0.0229931474829864,2.22463730263158
TMPRSS2,1.130576435042622,6.661028707706766
PI3,0.9035297263815066,4.7395793756511
MIR516A2,0.013494975588985,1.962985197368421
XIRP2-AS1,0.5080474309444533,2.1033440789473685
ZFAND3-DT,0.5541412983231587,2.666462105263157
PSMD5,0.1560745885981884,6.095816541604809
SERPINA11,0.436703747176807,8.639202952694239
RARRES2,0.7106566957630154,8.95246085285126
OVCA2,0.1145036517395842,7.860908571428571
IGKV1OR9-1,0.4817844673362399,4.621211907894737
TPST2,1.2841416865039517,6.833366497147039
SCP2D1,0.1107516522539887,1.7211455263157889
CILP,0.2692578026803506,5.9808675857662825
ESYT3,0.237582173667844,5.407891243734336
RNU6-311P,0.4034935731891478,3.640840460526316
REM2,0.0463039696359607,7.8540535714285715
ERRFI1-DT,0.104968294491999,4.254503157894737
RP11-44F14.6,0.5168269114868143,0.8546119210117368
APOC1,1.5211773358130032,8.397606055966598
SNORD100,0.8671454813312182,7.586410836466166
IGLJ7,0.6212666972204753,5.849651250000002
VIPR1,0.533373348550926,6.081093114970347
SKOR2,0.2897794834530058,5.345117479636592
MIR4502,0.1819581122165015,6.741296842105264
VKORC1,0.141909682707862,7.806396346800935
AFMID,0.5156480042328239,5.931824882750072
AC016747.3,0.1482264619561033,3.31585938936765
TBC1D19,0.1286893470923187,4.707486796767506
RRS1-DT,2.084245798961695,5.09865375
LINC02695,0.7186801119084227,3.1204907236842105
LINC01410,0.3426943048406143,3.441636578947366
PLEKHG4B,0.0657030840312753,4.533619934210527
SYDE1,0.0459318455865874,5.998028645415572
LINC02031,0.1055864895228953,2.5400976315789467
TTYH1,1.1278261269285583,4.925424161891314
CSRNP1,0.6041345736374722,4.225939207432265
RAD23B,0.9042948873281668,9.168253243433634
USP38-DT,1.0680031789707285,4.050174144736839
KBTBD11-AS1,1.583160976813624,4.296700592105264
ADAMTS5,0.554624091741498,5.615460404619094
SCN2B,0.1279015499415718,4.0053958017524005
MIR4505,0.2093738970241165,4.143955000000001
OR5R1,0.07340029168949,7.833920238095239
DPH2,0.4832359461959993,5.646698634607351
RNU6-334P,0.8864019500381359,1.6652735197368411
S100A16,0.844851270574962,6.992665968716632
AIMP2,1.038237107236734,5.98743724994614
MIR567,0.4334776929939726,1.383252828947368
RNU6-415P,0.44521443997102,2.4518737500000003
MYO1A,0.430727293139857,3.491307763157895
SSPOP,0.0006575564235706,5.253904078947367
PHKB,0.4353551041429639,6.869137166271064
TRH,0.3488205996168879,4.400435131578949
H1-5,1.5983645831951685,2.564260789473684
ELOVL7,0.3639666258859748,4.32012378014691
KNTC1,0.4495583284898604,4.666214459576355
MIR3167,0.5334129384586105,1.2792642171052635
ARL6IP6,0.4015843618842066,3.423134750659964
CLOCK,0.1161289920872558,5.463069168979174
KRTAP16-1,0.517787932597003,6.205160256892231
OR1F1,0.3369415229644154,5.0879519204260655
LINC02971,0.7492638553107841,3.289237894736841
ISCU,0.339448665038795,8.24528570873514
TMEM120A,0.0153746762979615,7.889256797059566
OLIG3,0.0843369782741519,5.798378504072682
RP1-40E16.12,1.156208021721392,1.8062464381671304
KRT75,0.3268936521229756,5.719346390977443
FBXL18,0.6661358473834714,5.07319327653427
DUX1,0.3434022453677131,7.839750952380954
PFN1P2,0.7828677007476743,3.3823752631578947
MIR1282,0.6467037995175838,7.0034109868421055
EIF1B,0.0334337848879715,6.85809528102926
LOC105274304,0.0870434953550487,7.930212380952382
ITIH5,0.6264043160366738,6.858631768006764
ASTN2,0.015587848650533,3.2357229895214203
RFPL4B,0.2408282949331398,5.407024437656641
OPCML,0.0180387659464743,5.93727998746867
ING2-DT,1.2373445277729729,3.2677403289473674
ANAPC15,1.1042199895095457,4.65323686968499
TMC6,0.0482225825233475,6.351840403701857
MRLN,0.3475573955389152,1.9243178947368416
IZUMO3,0.0269421548752075,2.0259129605263166
LINC01287,0.9351217618554056,2.6101191447368426
BRK1,0.025540205746725,7.3427764624946175
CPA6,0.1794623120880488,4.815639636591479
CHORDC1,0.070118399210557,5.353321811662912
STX10,0.0598747063486044,6.739748689170344
WDR11-DT,0.430579202268454,4.015302960526316
ALG12,0.0239700451257872,4.752487397795742
EIF4ENIF1,0.1498096857864631,5.881366447287745
LINC00934,0.4064594389978285,5.08876110745614
LRRC10B,0.0742864077895047,4.336014269866731
GLIPR1L1,0.0171608138982647,5.668005568609024
CORO7-PAM16,0.25689329046637,5.827693421052633
MIR4251,0.7042051491139252,1.8445823026315789
CHAC2,0.0265225136008311,5.774787615914788
LINC02022,0.2807338497844124,2.282154276315789
FSTL1,0.5540710532447406,7.726573648333564
MKRN2OS,0.0663032172058456,5.2864365429198
LINC02546,0.6520284525599505,1.4195427631578943
PNMAL1,0.9761343580968668,4.98274668784099
GRB2,0.9927355416282246,7.354293007382419
