mark_key,class,base_sd_mean,Z_responsiveness
AAGAB,reversible,0.2480899851089197,0.6849383770731929
AAMDC,reversible,0.3024765245702622,1.167010904901397
ABCA3,persistent,0.3297198041761339,0.1832462266666802
ABCB8,reversible,0.3738758143446719,0.302574890141533
ABCC10,persistent,0.2915519121108062,0.0141261642219252
ABCD1,reversible,0.4063487408234131,0.5610598202279353
ABCD2,reversible,0.3425314075159525,1.0098145899379332
ABCG2,reversible,0.5773966969014273,1.3939485255328596
ABHD1,reversible,0.3868430945467301,0.5707501027416385
ABHD18,persistent,0.3364072347634074,0.4805986996664309
ABHD2,reversible,0.3142838563316712,0.1805728056010365
ABHD5,reversible,0.4284329335835372,0.6947833588500105
ABI1,reversible,0.2648713552928153,0.3217360512919169
ABI3,reversible,0.3363061214223735,0.2860346965685951
ABL2,reversible,0.2834537930217061,0.6590041825719558
ABR,reversible,0.2758028116680089,0.0659101483567279
ABRACL,reversible,0.4966759104033404,0.0056150941734206
ABTB2,reversible,0.4134412406091173,1.1529671288891692
ACACB,persistent,0.3206104773743544,0.5317479958713051
ACAD10,persistent,0.2664473345977698,0.1068394476113799
ACADS,reversible,0.3057115074444309,0.6956560893640563
ACAP2,persistent,0.2548068205289157,0.0116263492959324
ACBD5,persistent,0.414040404386567,0.292942758126442
ACER3,reversible,0.2151205654361329,0.7010798081314124
ACLY,reversible,0.515408833134896,1.079177332827249
ACO1,persistent,0.2891618524489239,0.2117188438883668
ACO2,reversible,0.3969829139511167,0.8580564138561199
ACOX1,reversible,0.301133516080554,1.4879789611643397
ACP5,reversible,0.6482981169229605,0.2928889741395467
ACP6,reversible,0.3278996556797527,0.6007752483941692
ACSF3,persistent,0.2894209047767752,0.0475665729684573
ACTRT3,persistent,0.3301923020401199,0.0650243167895435
ACVR1,reversible,0.3242376380120199,1.20068605163959
ACVR1B,persistent,0.3583251292943575,0.0244387100034472
ACYP1,reversible,0.3761431559350554,0.0869735182784793
ADAM10,reversible,0.2403768212436597,0.229646012320194
ADAM12,reversible,0.3855835178582681,1.1820001664098805
ADAM33,reversible,0.3056269735413562,0.1139956167362825
ADAM9,reversible,0.399170408773813,0.0360342373543598
ADAMTS4,reversible,0.5303919234711887,2.206852802579665
ADAMTS7,persistent,0.4013162903151921,0.1195365624025981
ADAMTS9,persistent,0.4127730600479059,0.0862369808281529
ADARB1,persistent,0.2492241770103049,0.0304410215148708
ADCK5,reversible,0.2936065470397855,0.383539737907192
ADCY3,reversible,0.3203289018629413,0.6493928390001862
ADGRE2,reversible,0.5726848647213523,0.263300220807124
ADH1B,reversible,0.4582348308888467,2.028613748108376
ADH1C,reversible,0.4141044837343183,1.7342137017405117
ADI1,reversible,0.2296884287772938,0.5200872259087674
ADORA2A,reversible,0.3196096331340315,0.4758749542301065
ADPGK,persistent,0.2725697049327514,0.2634162607855289
ADPRHL1,reversible,0.3906830522197976,0.3541094687658214
ADTRP,reversible,0.3696939055999423,0.7968898525987861
AEBP2,reversible,0.2784144624683876,0.8121217363520251
AFF4,persistent,0.2626538925311167,0.2530532332843988
AFG3L2,persistent,0.2171162474274108,0.0705792089251341
AGAP2,reversible,0.3333574099423715,0.5525757372347497
AGER,reversible,0.3983033519694146,0.1463512383211203
AGGF1,persistent,0.3006635598626249,0.0099376431737383
AGPAT2,reversible,0.4023857109526253,1.5456044492619248
AGPAT4,reversible,0.3397295269091782,0.2552836296044168
AGRN,persistent,0.3374531701327762,0.1309671152131098
AGTPBP1,reversible,0.3114136644353571,0.1143503773768311
AHCYL2,persistent,0.39799443562805,0.1195839331452307
AHI1,persistent,0.376711695036237,0.3300159550368194
AHSP,reversible,0.8034521655563794,1.4177017193499502
AIF1,reversible,0.5053095092441537,0.5699023674216646
AIMP1,persistent,0.2253590418500871,0.0811620995472037
AIMP2,reversible,0.3252863235427649,1.038237107236734
AJAP1,persistent,0.4069769441448608,0.0709155513843139
AK2,reversible,0.2409747001260241,0.0750672128519694
AKAP10,persistent,0.3209126414740046,0.0843957367467429
AKIRIN2,reversible,0.2800588942676495,1.1545782190510805
AKT1S1,persistent,0.3179833075048136,0.4693041581471715
ALAS1,reversible,0.4458112211691269,1.1803950200383413
ALDH1L1-AS2,reversible,0.4221914622158779,1.008961637844833
ALDH3A2,reversible,0.3439054985993989,0.5220201319126906
ALDH8A1,persistent,0.3767266121859258,0.529569258838014
ALDOB,persistent,0.3313559051679705,0.5118174752812046
ALG10,persistent,0.4056090179227676,0.3058233161745735
ALG9,reversible,0.296876323700798,0.9903179672847492
ALKBH1,persistent,0.3514693221640025,0.3862840023515074
ALKBH3,persistent,0.28803968878038,0.0763358690162413
ALKBH4,persistent,0.295040817292315,0.0672855196890302
ALKBH5,persistent,0.2492757654829234,0.4285596628226707
ALKBH6,persistent,0.2754576451491985,0.1562955739209318
ALMS1,reversible,0.3309279979099397,0.964589395387966
ALS2,reversible,0.3090791527494745,0.6262621308487761
AMIGO3,persistent,0.3608204799560828,0.021443809914698
AMOT,reversible,0.4178259454299091,0.86319919457473
AMZ2P1,reversible,0.305638354475187,0.5308781536542037
ANAPC1,persistent,0.3338264679306762,0.2669386370820888
ANAPC15,reversible,0.2380412418603011,1.1042199895095457
ANAPC2,persistent,0.318325289155285,0.1536261798375574
ANAPC5,persistent,0.2052566217334802,0.0806206323131528
ANAPC7,persistent,0.2600912497716021,0.5366324958357329
ANGPT1,reversible,0.3763312971326701,0.9568876850543074
ANGPT2,persistent,0.5531399058149943,0.7203586637536722
ANGPTL4,reversible,0.5784248396898843,0.5083331276792635
ANKH,reversible,0.2621076038421016,0.6089502362142919
ANKIB1,persistent,0.3890532555986911,0.2809459005095363
ANKMY1,reversible,0.2827916428963934,0.5732276107270186
ANKMY2,reversible,0.3044322609935252,1.0304997660989934
ANKRA2,persistent,0.4003446218158811,0.8286190471255662
ANKRD16,reversible,0.3358802217813988,0.7168886085829536
ANKRD40,persistent,0.2853539080657987,0.479984494546644
ANKRD54,persistent,0.2465878920371714,0.0841649110993942
ANKRD9,persistent,0.3108175080380579,0.4315752812623148
ANKS1B,persistent,0.4428172534020693,0.0510751509278592
ANKZF1,reversible,0.2892397194194536,0.7638386294610515
ANO1,persistent,0.3320635691200729,0.1081022428748205
ANTXR2,reversible,0.2829022999655013,1.2584797913103154
ANXA3,persistent,0.4869694986540753,0.0526401174759541
ANXA5,reversible,0.3904690512540146,1.37074628099334
AOC2,reversible,0.4057785822783405,0.7232490190734392
AOX1,persistent,0.4478393331198219,0.3599158549235483
AP2A2,reversible,0.2121364487593076,0.3751138485311694
AP2B1,reversible,0.3069334777760262,0.0863851156483997
AP3B1,persistent,0.4085527272990802,0.0401043116114996
AP4B1,persistent,0.2791942241779738,0.1395304550237259
AP4E1,persistent,0.3062643990483876,0.037547871754156
AP4M1,reversible,0.2521869143839464,0.183279213908733
AP5Z1,persistent,0.1310021689068338,0.2105696079817141
APAF1,reversible,0.4084379670617168,0.3278891755790478
APC,persistent,0.2995882235176448,0.3454418370174856
APCDD1,persistent,0.4496027010509553,0.0091056513327109
APEX1,persistent,0.3663292686008631,0.1369873486778553
APOBEC3G,reversible,0.4093351022584677,0.17965678049856
APOE,reversible,0.4473941987306027,1.7909182879314922
APOOL,reversible,0.3831901107037704,0.6099202321473584
APP,reversible,0.2282754678993886,0.0959200898595709
APPL1,reversible,0.239147332736075,0.3629422723914199
APTR,reversible,0.383294823918329,0.8259059060547894
APTX,reversible,0.2155647160311617,0.4462075724570301
AQP12B,reversible,0.1276014011543336,0.0244132761405778
AQP9,reversible,0.7081168070207542,0.7357049224680283
AQR,persistent,0.2669603007456134,0.120720418066379
AR,reversible,0.2537863444069108,0.4421463044502873
AREG,reversible,0.3994320304495156,0.037032154467929
ARF3,reversible,0.2225555288100636,0.4123374428071746
ARF4,reversible,0.2950843872437599,1.5239524479466429
ARF6,reversible,0.2438788258001278,0.4102977026942702
ARFIP1,persistent,0.2621532216854165,0.0021943688600752
ARFRP1,persistent,0.2638330413200703,0.2979093429745795
ARHGAP11B,reversible,0.1850317270095454,0.7325460850960276
ARHGAP17,persistent,0.2987424668302014,0.0112324847489871
ARHGAP20,reversible,0.4403117602877391,1.1394564953496922
ARHGAP21,reversible,0.323227618393895,1.173743001862034
ARHGAP25,reversible,0.408096869264655,0.1785227497644228
ARHGAP27,persistent,0.2608114561974111,0.0216999065617821
ARHGAP33,reversible,0.3614002844293311,0.901716167669552
ARHGAP4,reversible,0.3453468528873154,0.0292920435954083
ARHGAP5,persistent,0.3230880495821128,0.115085690190448
ARHGAP5-AS1,reversible,0.3367620217517645,0.4654008388134552
ARHGEF11,persistent,0.4324012250666406,0.0352505752479663
ARHGEF3,reversible,0.300712833350622,0.2022322616445332
ARHGEF37,reversible,0.3521688873908984,0.403940682812513
ARHGEF4,persistent,0.4262170234702943,0.1265153347184295
ARHGEF5,persistent,0.3730732093577062,0.1487617057936848
ARIH1,reversible,0.2206058208066211,0.0402279061802556
ARL14EP,persistent,0.3157407990777668,0.0554449914002646
ARL14EPL,persistent,0.1125008261472876,0.1325908484421737
ARL16,persistent,0.3657820221244673,0.1189444840650648
ARL17B,reversible,0.1729363956019003,0.1366311044421548
ARL5B,reversible,0.358800747323466,0.6154070136248262
ARMC6,reversible,0.2940278591243218,1.3364677136434098
ARMC7,reversible,0.3195309985478833,0.1952884241899687
ARMCX1,reversible,0.2945282576551173,0.5415404785407996
ARPC3,reversible,0.3039768833992375,0.1041367087678061
ARRDC2,reversible,0.3206661914434634,0.3283855981282449
ASAH1,reversible,0.3919340889273712,1.6262862796845163
ASAH2B,persistent,0.2030436824089082,0.6464874402719445
ASAP1,reversible,0.2557897874525634,0.1152580565737581
ASB9,reversible,0.465999205437408,1.3301342867797905
ASH1L-AS1,persistent,0.3631100313418852,0.0559771735517675
ASH2L,persistent,0.2761406089283424,0.210964903482395
ASIP,reversible,0.3724613648431609,0.9947827841499878
ASNS,reversible,0.3028950949875985,0.3378221128444971
ASPHD2,persistent,0.399438574471461,0.1370692727979328
ASRGL1,reversible,0.4514219366421869,0.0671926442537266
ATAD1,persistent,0.2268932382369525,0.1766054449308012
ATAD2,persistent,0.429073214393656,0.3017566739530518
ATAD3A,persistent,0.3234218075561927,0.4518544893155397
ATE1,persistent,0.3409509523910436,0.6462895313845196
ATF1,reversible,0.2808460347551718,0.1755945496666271
ATF2,persistent,0.2234956255947493,0.4377335869963183
ATF3,reversible,0.7613627019033827,0.1756940554249638
ATG101,persistent,0.3241266943927228,0.4742630194809474
ATG12,persistent,0.2220568468301313,0.0188557243314067
ATG4D,persistent,0.2743883424428633,0.1272118662391119
ATP10D,reversible,0.3880094412029647,0.1300875099852407
ATP11C,persistent,0.4523416639518347,0.4975256234646438
ATP13A2,persistent,0.3548311022092131,0.7916251864035947
ATP13A3,persistent,0.3812396259175191,0.027730786433704
ATP2B4,reversible,0.4285162025515991,1.1782188967031215
ATP2C1,reversible,0.2362415365191185,0.8937726442210477
ATP6V0A1,reversible,0.34030067647414,0.0713315791068252
ATP6V0B,reversible,0.2971052761329753,0.4616531636198864
ATP6V0D2,reversible,0.4576524729792741,0.9273533128880568
ATP6V0E1,reversible,0.2330055871620421,1.0435602966367163
ATP6V0E2,reversible,0.5635176460772667,0.7268386225243176
ATP6V1B2,reversible,0.3179868229276755,0.065849710064651
ATP6V1D,reversible,0.2997253406397747,0.381444771203925
ATP8B4,reversible,0.3575680141801863,0.7163673610692989
ATP9A,persistent,0.3543667508390373,0.1195404771481929
ATRIP,persistent,0.3365280525490062,0.2271784730014957
ATXN7L2,reversible,0.3737812760312888,0.1450763927391305
AUH,persistent,0.3294626133013365,0.4560400373216435
AUTS2,reversible,0.2699969006212249,0.6481345414532537
AXL,reversible,0.4062010696739978,0.0140238112319397
AZIN1,reversible,0.2716365616667061,0.7537869429039968
B3GAT3,persistent,0.2664391637522295,0.1395441773368702
B4GALT1,reversible,0.2569764608418192,0.1612113642368407
B4GALT3,reversible,0.2661769433273492,0.0716495722400579
B4GALT4,persistent,0.2907504732322622,0.2393484802837496
B4GALT5,persistent,0.3792196078911565,0.947645881472687
B4GALT6,reversible,0.5644208931370243,1.94598123582624
BAD,persistent,0.287155766453969,0.5031487322380495
BAG2,persistent,0.3480561380614437,0.031350055969419
BAG4,persistent,0.2985683853039387,0.2824790283770098
BARD1,reversible,0.3727920594148976,0.3346094854840089
BASP1,reversible,0.6295850695063778,0.7193002676408488
BASP1P1,persistent,0.1400539887026963,0.1146665780626258
BAZ1B,persistent,0.492203946819305,0.3336087485614887
BBS1,reversible,0.2736240753956763,0.4120608122162542
BBS12,persistent,0.3475006694956867,0.1723556322997867
BBS4,persistent,0.3640998479290667,0.1415281636119318
BCAP31,reversible,0.3229328789191856,0.8165702772624743
BCAS4,persistent,0.4997552278192677,0.2477662194534012
BCCIP,persistent,0.3695203803394997,0.1143089631333983
BCHE,persistent,0.5202593889678986,0.5396389054801771
BCL10,reversible,0.3174074029421194,0.126713858334776
BCL2A1,reversible,0.6879580785624925,0.1188251231719452
BCL3,reversible,0.4151022283489584,0.470268003376286
BCL6,persistent,0.4117468781861698,0.042423610116776
BCL7A,persistent,0.5179342729888033,0.0164032804156095
BCL9L,persistent,0.4054811377139947,0.65717015910025
BCR,persistent,0.4898138722910961,0.6892611746186336
BCS1L,persistent,0.2677214643071823,0.3546647726618047
BDH2,reversible,0.3394032383899242,0.9444496495006752
BDKRB2,reversible,0.4324892977257555,0.0428075345639996
BDP1,persistent,0.4707041307919279,0.4411996998344201
BEX4,reversible,0.312241229179565,0.559737035766384
BGN,persistent,0.5168075518053112,0.2014671956829969
BHMT2,reversible,0.4251109027462666,0.9529482241923029
BICD2,persistent,0.3317362149737973,0.5091593099332501
BID,reversible,0.2920152268195409,0.4159637888605166
BIN2,reversible,0.5361049019947873,0.5655984256467391
BLM,reversible,0.3815219297237134,0.3854868339762395
BLVRB,persistent,0.3310853730539852,0.1078646597201255
BMF,reversible,0.3394952224965905,0.0926561248077674
BMP5,persistent,0.4582352092521481,0.0816019908369443
BMP8A,persistent,0.1242220335034426,0.2603985116394549
BMPR1A,persistent,0.304554486094478,0.6777107203284676
BMPR1B,reversible,0.144649115735947,0.2895768258123925
BMS1,persistent,0.3089256644743885,0.6545277894382404
BMX,persistent,0.3342093616733783,0.2357746316563056
BNIP1,persistent,0.2854161159490721,0.0429750576201653
BNIP3,persistent,0.2696505523288356,0.1523776782947221
BOLA1,persistent,0.3163533419486051,0.2816153068110419
BOLA3,reversible,0.38023846659832,0.7604805440014666
BORCS6,reversible,0.2476147042449839,0.5883554660257436
BORCS8-MEF2B,persistent,0.1213024706716664,0.2103993163159245
BPGM,reversible,0.3308966535038771,1.716418111101884
BPIFA1,reversible,0.119376230400764,0.1232865982297342
BRCA1,persistent,0.3200699174424284,0.1325246181801832
BRD8,reversible,0.2666208482923634,0.688092760289343
BRI3,reversible,0.2634769817326198,0.2359970352625498
BRI3BP,persistent,0.2785350956453644,0.3169079564032461
BRIX1,reversible,0.2914994585204961,0.21213907536708
BRMS1,persistent,0.3271392745193366,0.3079754303321906
BRPF1,reversible,0.2698785434115003,0.1948732365631712
BRPF3,reversible,0.2706010422866767,0.6370332839291739
BSCL2,persistent,0.271545020305552,0.217740213240122
BSG,reversible,0.4264428616356382,0.06649553417827
BTBD6,reversible,0.2602120230036354,0.4588430194916457
BTBD7,persistent,0.5027479083322745,0.2763309132530981
BTG2,reversible,0.377760331510745,0.0576341279139332
BTG3,reversible,0.383661437767092,0.5713030766448545
BTK,reversible,0.4720184422847125,0.0350525994898388
BUD13,reversible,0.3250986508759387,0.3081288908672785
C11orf24,reversible,0.3119017130476639,1.0996683324727985
C11orf54,persistent,0.3527712045175437,0.5591967073242424
C11orf58,persistent,0.4618174972037642,0.2799937567958103
C11orf80,persistent,0.2669803112589275,0.0122654815115026
C12orf75,reversible,0.4163792250449184,0.4940521999769064
C14orf93,reversible,0.2923275437066449,0.7956132225453129
C16orf74,persistent,0.3436537263642045,0.1452569806055377
C16orf92,reversible,0.4327786930457973,0.033180171870549
C19orf47,persistent,0.2966494573823356,0.1665717657228066
C19orf68,reversible,0.2527050192496698,0.1077833754574075
C19orf73,reversible,0.3659551232115316,1.408484160617483
C1GALT1C1,persistent,0.2841771362224372,0.129637455926821
C1QC,reversible,0.6918217816408567,0.351870412162318
C1QTNF1,reversible,0.3841683347613973,0.5251785623578074
C1QTNF1-AS1,reversible,0.3398438745290029,0.4508416545304438
C1QTNF6,reversible,0.3822805357840613,0.5989308305909873
C1orf162,reversible,0.5814619712806739,0.2883890768581523
C1orf174,reversible,0.2869756963437357,0.3011346570575912
C1orf198,persistent,0.3976975288450792,0.7778987725898835
C1orf216,persistent,0.2853665663879172,0.0347144707238862
C1orf52,persistent,0.2612185222351746,0.1527945508589593
C21orf58,persistent,0.3179480708663111,0.0329095771311648
C21orf91-OT1,persistent,0.1296127324199052,0.2314764855981619
C2orf49,persistent,0.4925150800031049,0.4394041654282529
C2orf76,persistent,0.3735151576848255,0.2298270309386781
C2orf81,reversible,0.1283696116654247,0.8759648882171849
C2orf88,reversible,0.3441630547840948,0.540211613129203
C3AR1,reversible,0.5169851691278031,0.4993074312444421
C3orf62,persistent,0.2968171440541824,0.1683104454503216
C5AR1,reversible,0.6000626881864628,0.7413662210224843
C6orf120,persistent,0.2939095793145745,0.4399851973264319
C6orf89,persistent,0.254991171297647,0.8049662861255037
C7orf57,persistent,0.1006421073476753,0.001358232421886
C8orf33,persistent,0.3287079566777504,0.2434601323694573
C8orf48,reversible,0.3342426064140182,0.1335699698291179
C8orf88,reversible,0.1535018818616039,0.91373688623254
C8orf89,reversible,0.3582571947955059,0.1378933326244635
C9orf172,reversible,0.2379222261988411,0.2414512090690012
CA11,persistent,0.35465916990583,0.3995179738404586
CA12,reversible,0.4581859768375055,0.6805164845675551
CA5A,persistent,0.7499292948019565,0.3457574793339336
CABP1,persistent,0.4726650957818309,0.3132473900776739
CACNA2D1,reversible,0.4407066150072589,1.2494812981787082
CACUL1,persistent,0.2077097028735675,0.5287055272175155
CADM2,reversible,0.5059698872237903,1.2553397997915734
CADM4,persistent,0.3735871969541203,0.4899071509719195
CAHM,persistent,0.3247192298418808,0.0652594830141828
CALM1,reversible,0.2360047660024291,0.7346993737192483
CALML3-AS1,persistent,0.1770174925452795,0.0388776125026595
CALU,reversible,0.3876966921885912,0.931886107363412
CAMTA1,persistent,0.2328899133527785,0.0224446770580612
CAND2,reversible,0.3276942659706605,0.3491492087578579
CANT1,reversible,0.2392682597138656,0.2583885784537339
CAPRIN2,reversible,0.297385942364415,0.7090833993836257
CARD8-AS1,reversible,0.4024412552835992,0.0207592868696639
CASC15,reversible,0.1280693130520126,0.9618494384840142
CASD1,persistent,0.2940396062505202,0.251074039520334
CASP4,reversible,0.3300216186438282,0.0365980600656905
CASQ2,reversible,0.6330283537363718,1.0139746968450678
CASZ1,persistent,0.4148959745385667,0.208028036900657
CAV2,reversible,0.3876522868687777,1.308724541371166
CBLN1,reversible,0.4828660283004288,1.181368183372123
CBR3,reversible,0.3402325752511386,0.7745016870226444
CBX3,persistent,0.2737560762857489,0.5854786768603187
CBX4,reversible,0.2834418639390869,0.1212442018691549
CBX7,reversible,0.2885577148009928,0.8601793887852959
CC2D1B,persistent,0.3832122183114798,0.0854650488955393
CCDC102B,persistent,0.4363497923973704,0.0344332513950739
CCDC106,persistent,0.3172429878225676,0.6480396183983365
CCDC117,persistent,0.2443012808769645,0.1764446834348259
CCDC122,persistent,0.4307980422194334,0.6875748070073371
CCDC136,persistent,0.4060073809588426,0.1192190592423585
CCDC137,persistent,0.3433162269655603,0.2399015068676898
CCDC7,persistent,0.3998955985678503,0.6767816846535695
CCDC8,reversible,0.3518447740114417,1.302475282037429
CCDC85C,persistent,0.2511815408815439,0.4159159371365674
CCDC9,reversible,0.4046947223941164,0.2424089122462619
CCDC93,reversible,0.1563903300422634,0.8275106947557237
CCL2,reversible,0.8690541328431903,0.133753544518422
CCL22,reversible,0.623447616900938,0.5268024156551538
CCL26,persistent,0.4107808727572018,0.1374750644134625
CCL4,reversible,0.6586677193143717,0.6330511640511239
CCM2,persistent,0.2789157390979581,0.5310791221264922
CCNG2,reversible,0.2407754313797605,0.788912175053895
CCNJ,reversible,0.3692761848855467,0.379826027066679
CCNY,persistent,0.233065406284609,0.1786265363464913
CCPG1,reversible,0.2723610543211041,0.9355049623396856
CCR1,reversible,0.6069396014004035,0.2457435613262274
CCR4,reversible,0.1465432034700288,0.4738196983510848
CCT4,reversible,0.2220428393358708,0.2612893642857921
CCZ1B,persistent,0.9261222788751846,0.1782812384710357
CD180,reversible,0.4305184748433124,0.0794118845856947
CD93,reversible,0.2928705791788805,0.4662991801341475
CDC34,persistent,0.2411423778688561,0.0688381444898312
CDC40,persistent,0.2630751801692572,0.2226937376063368
CDC42BPB,persistent,0.2898852812417244,0.0668440501653172
CDC42EP1,persistent,0.3006055010764107,0.7049341222298361
CDC7,reversible,0.2724649859947062,0.203038865383603
CDCA4,reversible,0.2575518525708763,0.3751113296807411
CDH13,reversible,0.410062572266181,1.3994311255704466
CDH19,reversible,0.2970742002885488,0.2053212877553817
CDH23,reversible,0.3308666260425476,1.3339671590732387
CDH26,reversible,0.1113092010500411,0.7201037164410105
CDH7,persistent,0.1220386974989468,0.0209684577050651
CDHR4,persistent,0.1097966590796108,0.033222922670908
CDK11A,persistent,0.4504162467595762,0.1584920286310628
CDK5,reversible,0.2752856605778325,1.0162394735277194
CDR2,persistent,0.2522561477683805,0.187237039270632
CDX1,persistent,0.1483809739552332,0.2273325212194895
CDYL,persistent,0.181322790435394,0.0225335413370501
CEACAM21,persistent,0.2858402355261222,0.0633183435086142
CECR1,reversible,0.4188478839545085,0.8205628106848293
CECR6,persistent,0.3024392900468734,0.169043788839189
CELA3A,reversible,0.1815342930532008,0.8754075287846601
CELF3,persistent,0.1373111856346998,0.3607407937397622
CELSR1,reversible,0.1410153456599783,0.5577671083466349
CENPB,persistent,0.369590640108512,0.1252969813979685
CENPBD1,persistent,0.1978499076534617,0.0029655625660959
CENPQ,persistent,0.3197919412959481,0.0139008778616764
CEP126,persistent,0.3270572000221965,0.2759189201672228
CEP128,persistent,0.4221436826539007,0.3424922443317971
CEP131,persistent,0.3195144638783922,0.0072366577151066
CEP57L1,persistent,0.4133756610928096,0.3375895876586187
CEP72,reversible,0.1075515548818767,0.2548513255368341
CEP83,persistent,0.4992390050574988,0.2766785711303131
CEP95,reversible,0.3024955714139455,1.3720225957062857
CETN1,persistent,0.1223941872997853,0.0352539527791884
CETN3,persistent,0.2813780748605602,0.3088484686465206
CFAP206,reversible,0.3037842667650816,0.8578683333939969
CFAP47,reversible,0.090510342499169,0.1775430959841677
CFAP69,reversible,0.3940136779996724,1.27483307972512
CFAP97,persistent,0.4243877458611975,0.2614290356291597
CGB1,persistent,0.19202821533261,0.2484019416216378
CGB8,persistent,0.2276158903506891,0.0969948576735382
CHADL,persistent,0.2223428836100831,0.3281950250821611
CHCHD6,persistent,0.1809244991160683,0.0508321115109534
CHKB,reversible,0.2525269162039222,0.9911996546826444
CHMP3,persistent,0.3894560810053662,0.6547959591426481
CHN2,persistent,0.3051506617615719,0.4988147468761663
CHRNA2,reversible,0.1364446846280548,0.0983241204319937
CHRNB4,persistent,0.1193813136061291,0.0186767807413197
CIR1,reversible,0.1687468952365958,0.4327930156234206
CIRBP,reversible,0.3084202900218036,0.9954447609305238
CKLF,persistent,0.3213974295189165,0.0543040865343521
CKMT1A,reversible,0.1309210033875275,0.6890717978996538
CKMT2,reversible,0.5059737396547875,0.6785913933804028
CKS2,reversible,0.2772148083028171,0.2998781747836198
CLASRP,reversible,0.2196260913103203,0.3868605721300462
CLCA4,reversible,0.1377323608985868,0.3164189349860889
CLCN2,persistent,0.2615003629978469,0.2164661209976185
CLCNKA,persistent,0.2067669057679889,0.8957864405438782
CLDN11,reversible,0.3487380973508205,0.855068807698105
CLDN16,persistent,0.1509959174524347,0.0259459479807739
CLEC12A,reversible,0.4695016391470735,0.03015310818704
CLEC18A,reversible,0.1325257131914954,0.0762178840253954
CLEC18C,persistent,0.1640903486500598,0.2671050475959383
CLEC1A,reversible,0.2795121329750664,0.3926321738931169
CLEC2B,reversible,0.3297323344065755,0.2493902946272792
CLEC3B,persistent,0.5382387025740246,0.4759109713436654
CLEC4C,reversible,0.1583465099746936,0.3396204248723056
CLEC4M,persistent,0.2422924653125147,0.4602442046204454
CLIC1,reversible,0.3373431335844354,0.1464908480407654
CLIC3,reversible,0.1303643736244948,0.6744027540945484
CLK2P1,persistent,0.2142978420235623,0.0449569559305323
CLK4,reversible,0.3107167592854745,1.026851669797342
CLMP,reversible,0.300127297334456,1.030732701721594
CLPX,persistent,0.2355629895404927,0.4078837611601066
CLSTN2,persistent,0.3312309703444686,0.0957487772161879
CLTA,persistent,0.1933248469547449,0.3256783016875909
CLVS2,persistent,0.1160539509695744,0.0406556787258407
CMA1,persistent,0.331517917022732,0.0200329579664629
CMAS,reversible,0.2765336446243719,0.048503054443449
CMIP,reversible,0.3495076524787651,0.4049622134148384
CMYA5,reversible,0.3746197755864179,0.8193016372022174
CNGB1,reversible,0.1366196730254145,0.556973224828852
CNOT4,reversible,0.2290271136508608,0.642976451680732
CNST,persistent,0.33348731389328,0.1464075254322442
CNTN3,persistent,0.3045481462236847,0.2246290442218357
CNTN5,persistent,0.1170623601938445,0.0305762336093161
CNTNAP4,persistent,0.1336709123100173,0.3909187872440459
COG4,persistent,0.2818117160257626,0.0993300526511282
COL12A1,persistent,0.2958549235203734,0.7524855624285388
COL23A1,persistent,0.1188334624313143,0.2278192017127349
COL4A4,reversible,0.2026328708646953,0.5214449266660035
COL7A1,reversible,0.3909109559180636,0.7736529645694094
COLCA1,persistent,0.4328031084378603,0.2262001774808986
COLCA2,reversible,0.3121691609680551,0.8169544926201874
COMT,persistent,0.3276531425722359,0.9430259147839488
COQ3,reversible,0.3564529756975286,0.4452190421454191
CORT,persistent,0.2612305411658741,0.0029561082394519
COX6A2,reversible,1.0228692943090263,0.1987577976138521
COX7B2,reversible,0.1289131936149903,0.0619485095470728
CPD,persistent,0.2079048342661845,0.0748450651917564
CPLX3,persistent,0.161930551697585,0.5703624753857132
CPN1,persistent,0.1837665991611046,0.2415616848513865
CPNE1,reversible,0.1821103743847457,0.0765737219775668
CPSF6,reversible,0.1671739276842035,0.5770892767176444
CPSF7,reversible,0.2837383152099723,0.6296308241131577
CPT1A,reversible,0.3531503587787672,0.1424827556273016
CPT1B,reversible,0.4041912111346855,0.9541825462270392
CPT2,reversible,0.3348806246479286,0.3696639042999856
CR2,persistent,0.1009108991484137,0.0998046697961448
CRACR2B,reversible,0.2236979164166679,0.2143120146491346
CRB2,persistent,0.1186051241195434,0.1407474711394501
CRB3,persistent,0.1228382741009297,0.2610595817074816
CREG2,persistent,0.1034654203196918,0.1282578707390157
CRHR2,persistent,0.1156572427779069,0.4089508245641384
CRIP1,reversible,0.5110425866984253,0.2109932991487064
CRNN,reversible,0.1595053615313916,0.0464907578446722
CROCC,persistent,0.2666357357207249,0.0793002014847167
CROCCP2,reversible,0.1963709788517049,0.2839542862509877
CRTAM,reversible,0.124778000129833,0.3081851675004251
CRYGA,persistent,0.1560501590379001,0.0649213878466926
CRYGC,reversible,0.1564051006219047,0.2193873875189719
CS,reversible,0.3291728573607106,0.0557526757687355
CSF1,reversible,0.2520153760654022,0.3521693342599223
CSH2,persistent,0.1635123146518195,0.1829571100502355
CSNK1D,reversible,0.1701233916255114,0.2374529676993985
CSRP3,reversible,0.4549953675731912,0.3753412599536447
CT55,reversible,0.1295028128399729,0.4287675693382625
CT83,persistent,0.1677364566996897,0.1304891743755551
CTAG2,persistent,0.2603066120846362,0.0048447757076206
CTAGE1,persistent,0.1771947075318744,0.1097505856376402
CTAGE15,persistent,0.1282755270367563,0.3038433179297561
CTAGE6,persistent,0.1295361426061344,0.0139967272137228
CTC1,reversible,0.2803648311632954,0.3192263652444316
CTDSP2,reversible,0.2813802624227474,0.5498697723623088
CTNNAL1,persistent,0.3370113400128903,0.0550031858881568
CTR9,persistent,0.3512222593081749,0.1408662442350874
CTRC,reversible,0.1583556373936768,0.206680639893457
CTSC,reversible,0.3780955249780073,0.3658259351230356
CTSS,reversible,0.3748776456546425,0.2526563968583199
CTSV,reversible,0.1410485747375349,0.1445412320476537
CTSW,reversible,0.3585637892075524,0.692906528977569
CTTNBP2NL,reversible,0.2441504025771345,0.015565055534348
CTXN3,reversible,0.2489548304086453,0.3797919563948743
CUTA,persistent,0.2147856924433885,0.33776954068179
CUTC,reversible,0.2485274369069106,0.0391587777937182
CXCL17,persistent,0.1545498792471367,0.0736276945326605
CXCL3,reversible,0.4071108240928169,0.1886859592570166
CYCS,reversible,0.2861315279423051,0.7905099807336693
CYMP,reversible,0.1316698276183623,0.4213703146547873
CYP11B1,persistent,0.1347262841923585,0.5805858860568971
CYP27A1,reversible,0.4354381490817598,0.8328705623227813
CYP2B6,reversible,0.2247161637385077,1.191669539892322
CYP2E1,persistent,0.0746357805307175,0.1862596456637069
CYP2R1,reversible,0.2421893345219495,0.7005158985705348
CYP3A4,persistent,0.2249245859800217,0.6772547551425242
CYP4A11,reversible,0.287477440843353,0.9230607310431114
CYP4F11,persistent,0.1770177794233094,0.0492826211355852
CYP4F2,persistent,0.1510122951388925,0.0540953277234061
CYP4F24P,persistent,0.1545248741959903,0.0763266022920156
CYP4Z1,persistent,0.2395782573715302,0.2654820751019972
CYP8B1,persistent,0.1542892314960651,0.5000084416456329
DAP,persistent,0.1767642881111369,0.1968459481073248
DCAF12L1,persistent,0.1365262244517802,0.0764810609717598
DCAF13,persistent,0.2899543664335752,0.274630667621448
DCAF16,reversible,0.1605087557096499,0.7252468111432689
DCAF17,persistent,0.3165542995217235,0.1389811681207296
DCAF6,reversible,0.3417212426160976,0.9331313855237972
DCC,reversible,0.1049376101446296,0.1810788778158647
DCDC2B,reversible,0.1638705421516591,0.2159704645472313
DCLK3,reversible,0.1364925245815008,0.3122812370573952
DCST1,reversible,0.1137809729976057,0.2384994803345269
DCX,persistent,0.1717652967731884,0.0880776522486035
DDAH1,persistent,0.4076266283938169,0.1055389667727508
DDI2,reversible,0.1206917834915361,0.2940974607652104
DDR1,reversible,0.3463137894710682,1.359500085819734
DDTL,persistent,0.3330928348936758,0.2722640862349085
DDX17,reversible,0.3682017620719024,0.8705528177164664
DDX39A,reversible,0.2454537127938905,0.012579809768199
DDX53,persistent,0.1349153498509809,0.017845768088276
DEDD2,reversible,0.2607322953395839,0.2376341633874332
DEFA1B,reversible,0.2887878353489541,0.962518924355607
DEFB113,persistent,0.2301888626967908,0.1595705974302799
DEFB129,persistent,0.1053991899870291,0.0136600887416174
DEFB133,reversible,0.1228122087641505,0.162994719251559
DENND3,reversible,0.3321002861664475,0.1078196607561578
DENR,persistent,0.3387146765189615,0.0476990242389462
DEPDC1,reversible,0.1215383934833143,0.0675095617861183
DFNA5,reversible,0.4130507782755,1.9087758318970065
DHDDS,reversible,0.2344602636873667,1.117967854616829
DHFR,reversible,0.4074355621081931,0.4328365318084876
DHPS,reversible,0.2907810551753873,0.0459296108017769
DHRS11,reversible,0.2862403128088462,1.1455374808439698
DHRS9,reversible,0.6364473102047016,0.3121666633723133
DHX34,persistent,0.1476553721432002,0.1807952684046756
DIAPH1,reversible,0.3193767123589353,0.3026149403261866
DIRAS1,persistent,0.14276981009841,0.0998128781712702
DIRAS2,reversible,0.130190928253594,0.3588926855096517
DIS3L,persistent,0.305288034011432,0.0076528368088368
DISP3,persistent,0.1906186647854515,0.7149323245119541
DLAT,reversible,0.349218978962122,1.0081635730730203
DLD,reversible,0.273925937976671,0.2699330263124477
DLEU1,reversible,0.2651305745990086,0.0144094594557073
DLST,reversible,0.3043659047018809,0.5372346785801886
DLX1,reversible,0.134463539834234,0.0862006717681183
DLX6-AS1,reversible,0.1037268489387081,0.1821187045726119
DMBT1,reversible,0.1644808436764072,0.3050005462238611
DMP1,reversible,0.1043476919540438,0.3928428294757094
DMRTA2,persistent,0.1372830127982594,0.1446630203202308
DMRTC2,persistent,0.1303282183099008,0.0244275491491323
DMXL1,persistent,0.3456234206197822,0.0276566398723523
DNAAF1,reversible,0.1217482824569045,0.0051749039055204
DNAH1,reversible,0.2629112550743674,1.0570493077236325
DNAH10,persistent,0.0962733883110218,0.2546693025430405
DNAH12,persistent,0.0894642907405182,0.067598330426298
DNAH3,reversible,0.1093510060760867,1.0495912286832925
DNAH9,persistent,0.0918015983672297,0.3395358140384837
DNAJB13,persistent,0.129984572564841,0.001044862940086
DNAJC13,persistent,0.3027953873365809,0.0879033208667541
DNAJC16,persistent,0.1932373922056108,0.0176020457709536
DNAJC22,persistent,0.2224407912759591,0.1610899910160307
DNAJC5B,reversible,0.163074156246805,0.2338129771625764
DNLZ,persistent,0.3623464769297519,0.2195165617725141
DNTT,persistent,0.1182637894267786,0.0716768469119669
DOCK2,reversible,0.4391562675499116,0.5394308862809786
DOHH,persistent,0.3157756371120637,0.2553851846726261
DOLPP1,persistent,0.2235908437484001,0.2923405346029779
DPCD,persistent,0.2131606976434265,0.3610316370743331
DPF3,persistent,0.3191956765507405,0.910745070516616
DPP10,persistent,0.1159598325610698,0.062608740142262
DRD5,reversible,0.1074301100345344,0.1460942928233561
DSE,reversible,0.3409007341475898,0.8285754898424689
DSG4,reversible,0.1444553490035768,0.0029787759777275
DTYMK,persistent,0.2106556118415326,0.2560778823612923
DUS1L,persistent,0.2274448909418408,0.7212174699495858
DUSP7,reversible,0.2402341393416017,0.0946020032064604
DUSP9,persistent,0.1406853202187458,0.2068141829223434
DVL3,persistent,0.2609415901827475,0.2728967774526888
DYDC1,persistent,0.1035798666927819,0.2522443434741026
DYNC1I1,persistent,0.2869667021818178,0.4971697225041604
DYNLL2,persistent,0.2750914652127073,0.4460755650574639
E2F1,reversible,0.3688735771744552,0.6810484774839054
EBF1,persistent,0.3159290854061389,0.5412146805825171
EBLN2,persistent,0.2959531236753778,0.547498067684403
ECH1,reversible,0.3120184404092577,0.4766869503190891
EDN2,persistent,0.1306524332681539,0.0304312721539559
EDN3,reversible,0.1545960193686687,0.8731881504328842
EED,reversible,0.2473180859301993,0.5145132881703206
EEF2,persistent,0.1942293461784346,0.2553666657661878
EFCAB13,reversible,0.4662684105468878,0.986590719634295
EGF,reversible,0.2749316098730542,0.2424822655078727
EGR2,reversible,0.4265258572512013,0.0917178919922538
EHBP1,reversible,0.3070619746802913,0.6027843402575529
EID3,persistent,0.1336964914088497,0.0759352036657481
EIF2AK2,persistent,0.488486893063442,0.1504204985471365
EIF2AK4,persistent,0.3842619895456087,0.0524205768907957
EIF3L,persistent,0.2149834510719718,0.8227900122142334
EIF4EBP1,reversible,0.2642478615205959,0.673020811132492
EIF4EBP2,reversible,0.229326391129276,1.1051456054846776
EIF5AL1,reversible,0.1670249408526398,0.5465086850694787
EIF5B,persistent,0.2735825977940021,0.4769081826774596
ELF3,reversible,0.2163198124785453,0.8459479451963464
ELFN1,persistent,0.1818884264349106,0.2291840177436025
ELFN2,reversible,0.1116145930915863,0.2723066449321744
EMC8,reversible,0.1921785981280021,0.6423756379644617
EMP1,reversible,0.4627209775296768,1.182016441828622
ENAM,persistent,0.1756860193416322,0.0474638762573879
ENC1,reversible,0.3517666590688917,0.811667006069002
ENDOV,reversible,0.2206586561930719,0.5401445361236465
ENPP2,reversible,0.5873520802621636,0.9973568237748486
ENTHD1,reversible,0.1125265843535253,0.29501361148901
EPB41L4A-AS1,reversible,0.3080494416230097,0.8954364926067265
EPDR1,reversible,0.2975579141241176,1.4028381153187297
EPHA5,reversible,0.1124342546969788,0.1617751777722852
EPHA8,reversible,0.2331813605218675,0.3423423754812944
EPHB6,persistent,0.3218180109169711,0.4065157259869951
EPN3,persistent,0.1134098429533409,0.3412694353093619
EPSTI1,reversible,0.3491484908584691,0.1908472271147939
EPYC,reversible,0.1230321800846796,0.216492625870244
ERCC6L,persistent,0.1368932412870831,0.1674368488281206
ERCC6L2,persistent,0.310722000425948,0.1167568377142407
ERCC8,reversible,0.267807766217859,0.2083178547923335
EREG,reversible,0.1351007172863794,0.0325852643887239
ERICH2,reversible,0.3892249262350475,1.4463575721079804
ERN1,reversible,0.5666755033543268,0.0457072499276886
ERN2,persistent,0.1195736083346038,0.0469911481248296
ERO1A,reversible,0.250248427449231,0.398859975693413
ERP27,reversible,0.1535773499852804,0.2284482404674488
ESD,persistent,0.3198705481094253,0.1255133585419039
ESRG,persistent,0.4425251384920898,0.1182939541210928
ESRP1,persistent,0.1229637723505681,0.3022108411537001
EVA1A,persistent,0.1723994168128696,0.030492358613527
EVA1C,reversible,0.3344298072522667,0.0902710129033466
EVC,reversible,0.28839540084421,0.1696799436795364
F2,reversible,0.102741847297939,0.1725748036246015
F2RL1,reversible,0.1633400306958425,0.5935615870658116
F2RL3,persistent,0.4092891801606534,0.0668848928326202
F8A1,persistent,0.3813167250646824,0.352203979113067
F9,reversible,0.1171505212346987,0.4173224432869052
FAAP100,persistent,0.3137467395943424,0.3830976476141832
FABP12,persistent,0.0949823540932022,0.0388012866142258
FAF1,persistent,0.2798212248744622,0.3662902704573847
FAM104B,persistent,0.2887732899060798,0.1329684773431241
FAM114A2,persistent,0.1985442725035951,0.0751087964028524
FAM122A,persistent,0.1611221213777779,0.2653885126243899
FAM127A,reversible,0.3383170979777608,1.0931626774758127
FAM135B,reversible,0.1215946480238105,0.0654543782193781
FAM13A-AS1,reversible,0.1623159028880077,0.5704174423486786
FAM150B,persistent,0.4354386831556514,0.0880475712884142
FAM155A,persistent,0.2845268680781092,0.7019152243699551
FAM157A,reversible,0.1749153120774336,0.5195814716250723
FAM167A,persistent,0.1363235552378707,0.0869936547530908
FAM175B,persistent,0.2364691934443601,0.1939728037785205
FAM180B,persistent,0.3208477096602675,0.0602539093464325
FAM182B,reversible,0.0962262419703463,0.144645235395195
FAM187B,reversible,0.1349504790409482,0.4664201948877985
FAM188B,reversible,0.2825737484127283,0.0252946811411255
FAM20C,persistent,0.2632943327041581,0.3584217760320183
FAM217B,reversible,0.3611738958817787,1.081453881794745
FAM222B,persistent,0.2826059613748055,0.5352601128070702
FAM225B,persistent,0.4135136970488266,0.0499253612202389
FAM229B,persistent,0.3307791793203926,0.2614017226680925
FAM24A,persistent,0.1304758799650449,0.0084912226978804
FAM25C,persistent,0.1422287282394654,0.4264109002850119
FAM46B,reversible,0.3269364700622143,0.7663130528811983
FAM49A,reversible,0.1815969097237414,1.2487350401275392
FAM53A,persistent,0.1565135412683529,0.0007608090917859
FAM53C,reversible,0.2962655164491268,0.3235246703667186
FAM57A,reversible,0.2481887130813877,0.5281026612755868
FAM58A,persistent,0.2596260164836977,0.6898613478936112
FAM78B,persistent,0.1239858720796719,0.3162840823836396
FAM83A-AS1,reversible,0.2375673609724135,0.6961088224813263
FAM83B,reversible,0.1383340777356755,0.1402308206529474
FAM83H,persistent,0.1153161245696314,0.5584775733992532
FAM86B3P,reversible,0.1663121066381203,1.165209841328415
FAM89A,persistent,0.3009022904226436,0.0721897293560285
FAM91A1,reversible,0.2278748965412729,0.1718248697207377
FAM96A,reversible,0.4101469183513165,0.8530535087176284
FAM9C,persistent,0.1056610419804067,0.2973643188470378
FANCB,persistent,0.1277167731801118,0.0463949440735429
FBN1,persistent,0.3072230980235196,0.3905399411917741
FBN3,persistent,0.1191962914070185,0.1371211082622772
FBP1,reversible,0.54795579063732,0.033645728110955
FBRS,persistent,0.1872753008593996,0.3917272032189273
FBXL13,persistent,0.1295244710104424,0.0983029040445451
FBXL7,persistent,0.4379527146286222,0.1815440750582315
FBXO16,reversible,0.1318388373808277,0.8043918633319327
FBXO24,persistent,0.3558745288720254,0.1163096707537805
FBXO36,reversible,0.3553022707115181,0.4258799306368374
FBXO6,persistent,0.3819836148646641,0.4857846497621503
FBXW2,persistent,0.1706269692671787,0.0010965967098621
FCAR,reversible,0.1222530504018635,0.7391965802475248
FCN3,reversible,0.4045739883206936,1.3389655829326423
FCRL4,reversible,0.1416080968171466,0.0477432620653131
FEM1A,persistent,0.3085110496813386,0.5127260866227705
FEM1C,reversible,0.2917137920270936,0.2237926209742311
FERMT3,reversible,0.333267460980839,0.0016255263741964
FES,reversible,0.1985222248061406,0.0395468613693749
FEZF1-AS1,persistent,0.1082385852785158,0.0936418340218739
FGD5-AS1,persistent,0.3595461226767103,0.2283916689372871
FGD5P1,persistent,0.1733394881963076,0.0038166156529953
FGF10-AS1,persistent,0.5340954984067368,0.9829022731619188
FGF13,reversible,0.3859714944365515,1.3237309720116064
FGF21,reversible,0.4018268779312637,0.7516264985404226
FGF4,persistent,0.1204144281726422,0.0786094804948097
FGF6,reversible,0.1199625732709319,0.2650844991266085
FGF8,persistent,0.1379399480385544,0.2627543794418356
FGFR4,reversible,0.1669138405464257,0.7439377279844782
FGGY,reversible,0.3671640233345918,0.8217537958950755
FHL2,reversible,0.4822906987749758,0.4366782236430435
FHOD1,reversible,0.2570747777622345,0.234489014202176
FIBIN,persistent,0.3386528258813453,0.0212974253363082
FKTN,persistent,0.2577307996654608,0.0024037321329419
FLNC,reversible,0.4626362032068165,0.3274790661877689
FOLH1,reversible,0.2205814728553593,1.5016943311033286
FOLH1B,reversible,0.2654482965261061,0.9643847711373412
FOSB,reversible,0.7073753816655263,0.4886455554842165
FOSL2,reversible,0.3287629647098203,0.0260153447613139
FOXA3,reversible,0.159214834658617,0.7074755094110716
FOXB1,reversible,0.1248427215843986,0.3284048895750953
FOXE1,persistent,0.1254633894364598,0.1614692004653861
FOXF1,reversible,0.1152772194939405,0.6345073910623266
FOXK1,persistent,0.1930916859721896,0.0769204032327642
FOXN1,reversible,0.1299634998108186,0.3237068723979908
FOXR1,reversible,0.1077331226891087,0.1019137858966582
FPGT,persistent,0.1873630550791157,0.4743967279026138
FRG1,persistent,0.3658679891056413,0.0987696824779824
FRG1HP,persistent,0.4545497294933961,0.601989265362339
FRG2,persistent,0.1226295508149054,0.0963371766645023
FRMD4B,persistent,0.3044633558772295,0.0052926611690957
FRMPD1,reversible,0.1666833903824681,0.6313693246568551
FRMPD3,persistent,0.1500347791810254,0.011703915518664
FRMPD4,persistent,0.1254921803092519,0.0969639552825396
FRY-AS1,reversible,0.3624759152867317,0.5591739819640391
FSD1L,persistent,0.2396404480118259,0.2180131781777349
FSIP1,reversible,0.2216509929122857,0.2250629633137177
FSIP2,persistent,0.123636478232969,0.438109760934984
FTCD,reversible,0.1620500816612524,0.2809325078132216
FTX,reversible,0.3861738625764918,1.1129233427456455
FUT4,reversible,0.2569734734515975,0.1667461283726335
FUZ,reversible,0.2479014190694807,0.7901443243874311
FXYD5,reversible,0.3092462029182088,0.1790756306884805
FYB,persistent,0.4613586124842641,0.3152857967651383
FZD1,reversible,0.2516630366168869,0.0617018439182235
FZD6,persistent,0.2556071427295633,0.2512195490230967
GABBR2,reversible,0.119257540019761,0.0361217314363668
GABRA5,persistent,0.167460536275272,0.0203267966189229
GABRD,persistent,0.3799254918223597,0.0313752494694804
GABRG2,reversible,0.1070142558007353,0.069049475015999
GADD45G,reversible,0.7550053668956013,0.0134496720808745
GAGE10,persistent,0.2078536809455869,0.258381324532613
GALNT1,reversible,0.2395824097076982,0.9958455315850752
GALNT12,reversible,0.2874933829340404,0.7006675208294103
GALNT3,reversible,0.3420387973950735,0.067595871070306
GALNT4,persistent,0.1956938147531607,0.1567863557450926
GALNT7,reversible,0.2836379428151322,0.0704410958671737
GANC,persistent,0.3041226027419541,0.5842754554917156
GAREM2,persistent,0.3457684711590713,0.6790259236357814
GAS1,persistent,0.4041956028316629,0.0974967353204319
GATA1,persistent,0.107114539003965,0.461120814086118
GBAS,persistent,0.3457158337433349,0.372009476165449
GCC1,persistent,0.2567019139541123,0.5530722710159693
GCLC,persistent,0.2510806911979123,0.1868355026901962
GCN1,persistent,0.254612301708205,0.0218626374282013
GCSAM,reversible,0.1683212982156818,0.107531993833157
GDAP2,persistent,0.1414981514312538,0.4118342570444749
GDPD4,reversible,0.2932422268726633,0.5226623452228425
GFAP,persistent,0.3873560172534879,0.5250760170012477
GGNBP2,persistent,0.223023303724759,0.3499098686861719
GGPS1,reversible,0.2499954055991758,0.7720826038520419
GGT1,reversible,0.160575435831647,0.8305240578410326
GGT8P,persistent,0.1832396544933982,0.1437543190374157
GH1,persistent,0.2133029819937952,0.081276711332327
GHITM,reversible,0.2487590568778084,0.3572471163900955
GHRL,persistent,0.2273995553008489,0.4046140723145548
GID8,reversible,0.2467304743811051,0.4215634039656658
GIP,persistent,0.1279151997846472,0.1248991332847088
GJA10,persistent,0.1162194033969475,0.3285862082453377
GJB6,reversible,0.1235783460532218,0.2295398354250766
GKN1,reversible,0.1212208375510082,0.4086236413582725
GLOD5,reversible,0.1385650600278945,0.2866169785203285
GLP2R,persistent,0.2444454651018746,0.0559352965920958
GLRA2,persistent,0.1494236195992958,0.2504107575749696
GLRA4,reversible,0.1560656940422783,0.2135293059564932
GLRX5,reversible,0.2501911258170899,0.455084318437911
GLYCTK,reversible,0.2819785612185064,1.5465024753961156
GMFG,reversible,0.4251374789895742,0.1531562789992961
GNAL,reversible,0.2705827398511809,0.2292876915455446
GNAT1,persistent,0.1819004401153079,0.0098552738006136
GNG3,persistent,0.1765386578290504,0.7234118328686086
GNL1,reversible,0.2253620728607765,0.1256620661133669
GNL3,persistent,0.4451740903225203,0.0201661905787247
GNPAT,persistent,0.2141754466462224,0.282520988416039
GOLGA6A,reversible,0.1766899497732862,0.0932774557187475
GOT1L1,persistent,0.1064633981287286,0.1747360697898073
GP1BA,persistent,0.3917689866103646,0.2391203983251719
GP9,persistent,0.1829220812795305,0.1651395596126131
GPAT3,reversible,0.6171185384601574,0.4449291134878087
GPC3,persistent,0.4444646718954175,0.1759526269915012
GPC6,reversible,0.2911909076899648,0.9545016420827248
GPD1L,reversible,0.3313922985204576,1.1528724554946246
GPHB5,reversible,0.1046965101670134,0.9164242019275852
GPR137C,persistent,0.2678103784201923,0.1704125571830179
GPR143,reversible,0.1297902318693625,0.1196291167053727
GPR157,persistent,0.2174022102563893,0.0860246609963807
GPR158,persistent,0.1493904629343376,0.0053742165742834
GPR180,reversible,0.3032760090080276,0.63607429050724
GPR32,persistent,0.1271974199293828,0.044385000003504
GPR6,persistent,0.1179641234044702,0.2247908496214453
GPR61,reversible,0.1446395333130859,0.4573514459510149
GPR62,persistent,0.11860893396245,0.3245087691222554
GPR68,persistent,0.1257040551619186,0.0025029879151324
GPR85,persistent,0.3567493253716478,0.046937526756767
GPR87,persistent,0.132400071123967,0.0361059132769696
GPRIN3,reversible,0.1835759736587607,0.2669873825956046
GPSM2,reversible,0.3157612152693339,0.2194300412044228
GPT2,reversible,0.5629262053923922,0.5554563941986911
GPX1,reversible,0.3308881775403484,1.589930294786497
GPX8,persistent,0.2836771748089218,0.1125894656996318
GRID1,reversible,0.4562917563836806,0.0103279911189294
GRID2,persistent,0.1225804218803193,0.0464269898004428
GRINA,persistent,0.3285195506744853,0.3182648856175504
GRK2,reversible,0.2939606236511958,0.1156609988305079
GRK3,reversible,0.3684437182313445,0.9676058773108724
GRK7,reversible,0.1360981322838927,0.0795302409555224
GRM4,reversible,0.1062000872911435,0.0285954741301544
GSTA3,reversible,0.2374717922251847,0.1212149594084384
GSTM2P1,persistent,0.2543186114449813,0.1473173399936574
GSTO1,reversible,0.3163032802155768,0.7155818267041749
GTF2A1,reversible,0.206742973419756,0.1814593128227923
GTF2E2,persistent,0.2546431454493537,0.0022761301375221
GTF2H1,persistent,0.2406513785357341,0.1568111217675423
GTF2I,persistent,0.5530123908580745,0.2243817583819682
GTF3C1,persistent,0.2339087080171902,0.0223951086864093
GTPBP1,reversible,0.1754675854129901,0.058371171294146
GTSE1,persistent,0.4185466187248038,0.246549297208996
GUCY2D,persistent,0.1089952225766686,0.1716278945910452
GUSBP11,reversible,0.1442722039921144,0.8580109859528156
GXYLT2,reversible,0.3242447450508481,1.1858663632179467
H3F3A,persistent,0.5480639001809038,0.0113100584922653
HABP2,persistent,0.1241787672043309,0.2371162373502046
HADHA,reversible,0.2612240815900701,0.1192329612706697
HADHB,reversible,0.3019327961557582,0.4559437736833674
HAMP,reversible,0.5629879054688016,0.197142428465894
HAND1,reversible,0.1142326604318658,0.2531561582309674
HAP1,persistent,0.1621650026209087,0.0275235502041626
HAPLN4,persistent,0.1766060717469522,0.0410829046962147
HAS1,reversible,0.300805611741116,0.7743852292769777
HAUS3,persistent,0.3336905745802639,0.1017081393850711
HAUS4,reversible,0.2297325366998455,0.8471047891346192
HAUS7,reversible,0.1838837681340765,0.2346550913506381
HBG1,persistent,0.6574107822143663,0.083264815932267
HCAR2,persistent,0.3203209686959044,0.4763371781310681
HCFC2,persistent,0.2808582732367378,0.3870531791096717
HCG22,reversible,0.1223393311499121,0.2233903235646405
HCLS1,reversible,0.3062399688155455,0.3218525298231329
HCN3,reversible,0.2610956688448137,0.6561535449361425
HCP5,reversible,0.4764230358421892,0.2827670336456236
HCRT,persistent,0.1459590551012771,0.1187175134209002
HCRTR1,persistent,0.1336694243348998,0.325998088082775
HDAC4,reversible,0.2493347333147424,0.4306445687382664
HDDC3,reversible,0.2197536846034989,0.8838618842836276
HDHD2,persistent,0.2055310853249702,0.1507401329840339
HDLBP,persistent,0.2843181935982758,0.4262762285694642
HEATR1,persistent,0.1559323482851373,0.2441382579137115
HECA,reversible,0.2946136978352524,0.1029901189010276
HECTD2-AS1,reversible,0.2777491519049163,0.1447520556640714
HEPHL1,persistent,0.1114566478966542,0.0233443710456286
HERC2P9,reversible,0.4253135654050363,0.7320940302566067
HEXA,reversible,0.1757184184550546,0.0587121701067609
HHLA3,reversible,0.2288277387669268,0.4610966433965704
HIBADH,persistent,0.5671720686470708,0.3278564676279928
HIBCH,reversible,0.3313478818659146,0.6513929557141515
HIF1AN,persistent,0.2813377804063151,0.0536050985819658
HIGD2B,reversible,0.1505746916115687,0.2327658653914335
HIPK1-AS1,reversible,0.3784767270631535,0.6723762764206374
HIPK3,reversible,0.1968510479682206,0.3486438452070001
HIST1H1C,reversible,0.4742952303724027,1.2830190689915482
HIST1H2AC,reversible,0.3541372134647941,1.6790325913451651
HIST1H2BC,reversible,0.2874520894253095,1.3416803923352028
HIST2H2BE,reversible,0.3466776070398935,2.032313488447264
HJURP,persistent,0.1316184776298418,0.2002868394181148
HLA-A,reversible,0.4917937354699333,0.2985157758761194
HLA-B,reversible,0.3678004427806302,0.0875121573748689
HLA-E,reversible,0.3427221307833932,0.0004335519581346
HLA-F-AS1,reversible,0.3391078394538649,1.1934884235348917
HLA-H,reversible,0.4548213717026731,0.2063540672737703
HMCN1,persistent,0.4376067067789165,0.0609411776421632
HMOX1,reversible,0.373821790186164,0.7609357743982497
HMOX2,persistent,0.276024180931855,0.2644642065747454
HNF1B,reversible,0.1880852689481501,0.0470838149103134
HNRNPK,persistent,0.4345409608444379,0.0191308078282512
HNRNPU,reversible,0.3087677922158511,0.4979118230992595
HOMER2,reversible,0.3663578380069113,0.2230198291324731
HORMAD2,persistent,0.2217279893806496,1.386734767097648
HOTAIRM1,reversible,0.2896806346734675,0.0174294777666876
HOTTIP,persistent,0.1310055967490641,0.3327325353362815
HOXA4,reversible,0.2230034733064847,0.9191216445237416
HOXA7,persistent,0.2100330108580673,0.1353974480500522
HOXB1,persistent,0.1579794916993213,0.0225219616239101
HOXB13,persistent,0.1298045847537512,0.0311504206725546
HOXC10,persistent,0.3220601288656516,0.1667657801190898
HOXC9,persistent,0.2261201108022368,0.0984100685591949
HOXD3,reversible,0.2602257989919596,0.4635120380747696
HPCAL1,reversible,0.2785281247588066,0.0284506531066432
HPGD,reversible,0.5371515361935092,0.1542167925127168
HPS3,reversible,0.2221503827408391,0.0672456507617191
HS3ST3A1,reversible,0.1440355702961054,0.0149079536018823
HS3ST3B1,persistent,0.2929096733510046,0.3464372020442146
HSF2BP,reversible,0.1287666879968495,0.1531735939030128
HSFX1,reversible,0.1278728043665153,0.6475758314604012
HSFY1P1,reversible,0.2470665292475685,0.159188299532765
HSP90B1,persistent,0.3313460227981997,0.1210584552783924
HSPA12A,reversible,0.2461233169937574,0.8340539379289389
HSPA1A,reversible,0.4985695734762741,0.2892554003351595
HSPB1,persistent,0.412714242666949,1.033092802807211
HSPB3,persistent,0.2781447895266364,0.3689865025108357
HSPB7,reversible,0.4391764797972821,1.2505143218779116
HSPE1,reversible,0.506642979095515,0.0482102606428442
HTN3,reversible,0.1321819127987788,0.0904288515266296
HTR1B,persistent,0.1502144442452794,0.0641727378092168
HTR1D,persistent,0.1465748533357465,0.0446667420773939
HTR2A,reversible,0.1623640335898822,0.4890507814739945
HTR3B,reversible,0.1341703775839072,0.2354474599092362
HTR3D,reversible,0.1781081404462881,0.2175272902524551
HTR3E,reversible,0.1344057515705748,0.305270844477912
HYDIN,persistent,0.2267845898076769,0.4451791647447024
HYKK,persistent,0.3371180164289556,0.1820427081342402
HYLS1,persistent,0.1536909657719603,0.2951818465158662
IARS,persistent,0.3195335600761296,0.7471887532395218
ICAM1,reversible,0.3159476728820813,0.2510245187747128
ICAM3,persistent,0.4130845343137174,0.2259762051974801
ICOS,persistent,0.1200588155079862,0.0371898288975821
ID1,reversible,0.4363366791770796,0.913790496497487
IDH2,reversible,0.3412316739876898,0.8607175171134618
IDI2,reversible,0.4395367661671461,0.0972414685007137
IDNK,persistent,0.3492443216172287,0.0505352502030982
IFFO2,persistent,0.1636812969487218,0.1874649161259625
IFI16,reversible,0.2813937894576544,0.003605269872826
IFNA1,reversible,0.1215112553916357,0.7005830346303479
IFNA13,persistent,0.2379008405295995,0.0207995998852797
IFNA2,reversible,0.1473210495129479,0.2129276005240532
IFNAR1,persistent,0.314638308323397,0.2816173667974531
IFNL3,persistent,0.138346453441295,0.0594846668057736
IFNLR1,reversible,0.1898707999146528,0.0817941170103124
IFRD1,persistent,0.3775264177390411,0.0855545907435689
IFT80,reversible,0.2347607366411042,0.8740045151407645
IGDCC4,reversible,0.3434125558625584,0.9093457757971352
IGFBP1,reversible,1.0223869522985465,0.816936721719004
IGFBP2,reversible,0.4712519308117439,0.3899929297445847
IGFN1,reversible,0.5204100305264037,0.1620082470641269
IGHG1,persistent,0.6230974320008099,0.0654078573611058
IGIP,persistent,0.3255322627875098,0.1751157311348421
IGSF1,reversible,0.3215800764582366,1.469688263251848
IGSF11,reversible,0.1776102296968917,0.5383690993440822
IGSF6,reversible,0.4816559822372119,0.2366630918637056
IKBKAP,reversible,0.1534742846218343,0.369218046003356
IKZF1,reversible,0.3208706336651321,0.3543872663016505
IL11,persistent,0.1440859191077094,0.1313600484083081
IL12RB2,reversible,0.144254161840278,0.6861259954415477
IL13RA1,reversible,0.2511859709510624,0.390338198130332
IL17A,persistent,0.1369320701724247,0.0169383333911601
IL17F,persistent,0.1053183077110335,0.0575580482752606
IL17RC,reversible,0.3205154101186094,0.3678083348898307
IL19,persistent,0.1257311342685668,0.006318928094492
IL2,persistent,0.0919453706414792,0.0028141461543961
IL22RA2,persistent,0.114774024435678,0.0104875322320348
IL25,persistent,0.2007406174006345,0.0054063998060764
IL4I1,reversible,0.4014890241113854,0.3526213206099615
IL5RA,persistent,0.0941848213720746,0.0449605408072951
ILDR2,reversible,0.1560315963813154,1.0490157268859202
ILF3-AS1,persistent,0.3735222001101185,0.8177413816716331
IMP3,persistent,0.2463369858238957,0.6344065983416997
IMPDH1,reversible,0.1931944378305692,0.1144704366419987
IMPG1,reversible,0.0835087765073579,0.2467376117540941
INHBC,reversible,0.1946914927020012,1.0218447018769363
INMT,reversible,0.4098359688988559,1.152524023816949
INTS1,reversible,0.2058450656855402,0.269394206121728
INTS10,persistent,0.2755939622675981,0.351695056561163
IQCH-AS1,persistent,0.3314324572202501,0.0131419478794033
IQUB,persistent,0.1118436281730961,0.0794476508030096
IRF2BP1,reversible,0.2636337912010339,0.118649500167995
IRF8,reversible,0.3298179603426857,1.4066171368107538
ISM2,persistent,0.1347466911666292,0.0290842629101558
ITGA7,reversible,0.25346672820559,0.780672130840939
ITGB1,persistent,0.6394874795943011,0.0559302774597207
ITGB2-AS1,reversible,0.6352298406456336,0.9055835460060516
ITK,reversible,0.3710044382545077,0.1142270644776245
ITPK1,reversible,0.2059496116278031,1.6053765016762167
ITPKC,reversible,0.200568034610113,0.206212964419999
IZUMO1,persistent,0.1465719613632954,0.0259078334601352
IZUMO4,persistent,0.3705881916973511,0.0971113642411491
JAG2,persistent,0.3327017337500775,0.1667233177812317
JAZF1,persistent,0.2357350598458205,0.4420746517501051
JMJD1C-AS1,reversible,0.3505278100912516,0.709622709286105
JMJD7,persistent,0.1995499904721783,0.3688486307003396
JMJD7-PLA2G4B,reversible,0.1607246844084026,0.5205969593632426
JPH1,reversible,0.2683992702991111,0.2758821245082251
JPH2,reversible,0.2748226900186729,1.7001180601246275
JRK,persistent,0.2440371047380164,0.0338332937513377
KBTBD12,reversible,0.2467945483707738,0.1258687854180544
KBTBD13,persistent,0.1410589418824294,0.0373771701427602
KCNA6,persistent,0.1612412190713846,0.3597134383496887
KCNB1,reversible,0.3188873238977173,1.3329748234197007
KCND1,reversible,0.2237419472063298,0.7087775918917086
KCND2,persistent,0.29742522473224,0.3117360557964468
KCNE4,persistent,0.3970321844898394,0.056492728559952
KCNH3,persistent,0.1084775425088152,0.3057431176315987
KCNH4,persistent,0.1254114437478929,0.0824504195130867
KCNH7,reversible,0.105077990480492,0.2678030731138087
KCNJ13,reversible,0.1183633942453262,0.1368273045518792
KCNJ14,persistent,0.28699518297379,0.0435234049607525
KCNJ2,reversible,0.4548450707547684,0.8659762634737576
KCNMB2,persistent,0.1326639737622188,0.1054033349408901
KCNQ5,reversible,0.133426474549329,0.3453519252922924
KCNS1,persistent,0.1621262102698556,0.0377878163939235
KCNS3,persistent,0.3726130551106357,0.0148904966678233
KCNV1,reversible,0.1447896827564332,0.2372787837520941
KCNV2,persistent,0.1066850142085949,0.0560353164173583
KCTD12,reversible,0.3161821515537275,0.1760980692317134
KCTD21-AS1,persistent,0.5717324203419277,0.5958843881536783
KCTD7,persistent,0.1218940114754064,0.6912991443313586
KCTD8,persistent,0.1623603608259844,0.0493883051375509
KDM1A,persistent,0.3488203470316856,0.2383008112839719
KDM2A,reversible,0.2081219691197389,0.3119558843546429
KDM4C,persistent,0.2192844526686942,0.4549499298562066
KDM5A,persistent,0.332500877347969,0.1910430523860733
KDM6B,reversible,0.2761811751836502,0.5818536006033256
KHDC1L,reversible,0.1672283107448838,0.0987949859939308
KHDRBS2,reversible,0.120673125064289,0.3807784406590124
KIAA0319,persistent,0.135558251387751,0.0067179763011071
KIAA0391,persistent,0.2346881557419158,0.3388456664314191
KIAA0825,persistent,0.4110442948333185,0.2991940756067372
KIAA1522,persistent,0.2823919264030556,0.3144540524799251
KIAA1549L,persistent,0.3742235705803509,0.7130464206044418
KIAA2022,reversible,0.2508445637090375,0.2804516403346937
KIF11,reversible,0.2596113129877101,0.0863651074407006
KIF15,persistent,0.1135424114698035,0.0128461310541106
KIF18A,reversible,0.1011245132287356,0.2513193413254488
KIF19,persistent,0.1286900659421968,0.1214148683445499
KIF24,reversible,0.1360104039227009,0.271999568577434
KIN,persistent,0.3793798700116791,0.2547413175584644
KIR3DL1,persistent,0.198217369487356,0.4896435298471702
KIRREL3,persistent,0.1650247124551594,0.0213316635212948
KISS1,persistent,0.1282413730276361,0.6024310616561377
KISS1R,persistent,0.1333596684796828,0.3037191337065023
KLF11,reversible,0.4194247136467821,0.0283230003808489
KLF16,reversible,0.2818812863632338,0.0977046703270537
KLHL18,reversible,0.2126928599143087,0.4285436448846824
KLHL4,persistent,0.1420142581129887,0.2354510065720804
KLK14,persistent,0.1123836128503115,0.278223544810105
KLKB1,reversible,0.1623430389343473,0.2600279124690081
KLRG2,persistent,0.143105630676765,0.0784787400694774
KPNA7,reversible,0.120772550995357,0.4827591763418005
KRBOX4,persistent,0.2343512598263592,0.7778347669119781
KRT12,reversible,0.1295978514401383,0.2174343530716458
KRT18,reversible,0.2611854170163402,0.4987565349197435
KRT3,reversible,0.1360065921712352,0.2574511799480301
KRT5,reversible,0.4068145126043698,1.9483309347499715
KRT6C,persistent,0.1700899353913646,0.0696994052063472
KRT76,reversible,0.1428524486422732,0.7553442887379347
KRT80,reversible,0.1549862994244199,0.5572612124847262
KRT85,persistent,0.1375838287062709,0.0037924284439335
KRTAP10-12,persistent,0.1202898723963687,0.065055751905574
KRTAP12-1,persistent,0.1353577275799092,0.0900162099418949
KRTAP19-2,persistent,0.2154110203683251,0.067111295114993
KRTAP19-4,persistent,0.1513665899111864,0.005414043524571
KRTAP27-1,persistent,0.211903893596566,0.1900820922930332
KRTAP3-2,persistent,0.1505703859237315,0.0333536030111782
KRTAP4-12,reversible,0.17682624742306,0.4686936790188669
KRTAP4-7,persistent,0.1801220345928229,0.0217637221408664
KRTAP4-8,persistent,0.1710428232006991,0.1051593727401136
KRTAP5-1,persistent,0.3482144487769837,0.1290912261912927
KRTAP9-1,reversible,0.2118220251874826,0.5214496803115162
KYAT1,reversible,0.3203380695462741,0.2681078195301193
LACRT,persistent,0.1037148680128084,0.1936020664932171
LALBA,persistent,0.1314427204905119,0.0761504578894166
LAMA4,persistent,0.2694253059833973,0.1548594476037034
LAMB2,persistent,0.3119386198186156,0.3460457662116822
LAMB3,reversible,0.2867691702418024,1.3953325334077702
LAMTOR4,persistent,0.1971916493556096,0.2873927990619869
LARGE2,reversible,0.1418091481704734,0.4446005051246423
LAS1L,persistent,0.2601941153186277,0.1182583474793608
LAX1,reversible,0.119089889968368,0.0701710346773153
LBHD1,persistent,0.2929212483444441,0.1720900973043229
LBX1,reversible,0.1945121659176454,0.6156825005375152
LCA5L,reversible,0.1277856086254949,0.1172887589488394
LCE1A,reversible,0.1820342611027408,0.1202847932192012
LCE1B,reversible,0.1333927488395752,0.3650282542921333
LCE1E,persistent,0.1840440565041393,0.0922953973054852
LCE2D,persistent,0.3059096160538,0.020160662320452
LCE3D,reversible,0.1911272300460387,0.2755663033951128
LCE5A,persistent,0.1398630384507085,0.0014086322060521
LCE6A,persistent,0.126024278648394,0.3950868130929436
LCP2,reversible,0.2925100731263211,0.5740636599582521
LCTL,reversible,0.1365102126684497,0.4831800216340782
LDHAL6A,reversible,0.1621280618339369,0.5125201212434359
LDHC,persistent,0.4749420625831842,0.0936497710559153
LDHD,reversible,0.3701634724258939,0.0870618238531101
LEPROT,persistent,0.3283513458329142,0.030194879178139
LGI2,persistent,0.3009453783155921,0.4101653299552941
LHB,persistent,0.1259165154077871,0.5808253593777166
LILRA4,reversible,0.1518536598454295,0.1710972636771139
LILRA6,reversible,0.3798395351712775,0.6413028564092708
LILRB4,reversible,0.5455135180493007,0.9025832475457284
LIMCH1,reversible,0.3620920998965744,1.4410860008451452
LIMS2,reversible,0.2537964706881338,0.4228180324092553
LIN7C,persistent,0.3369278287658077,0.2250583134100654
LINC00052,persistent,0.1545134248143727,0.1068467710493259
LINC00161,reversible,0.1311434012722704,0.6004333947829587
LINC00173,persistent,0.1382820501820006,0.0935390499658185
LINC00226,persistent,0.1158906871746551,0.0078476682982375
LINC00294,reversible,0.3014860544902294,0.1947861785010211
LINC00323,reversible,0.1166421221869207,0.219567265528166
LINC00358,persistent,0.1229691088360463,0.1155098378589415
LINC00526,persistent,0.3427954959554656,0.1108530874241163
LINC00583,reversible,0.1025770286815786,0.2562587276140202
LINC00628,persistent,0.1275910894503225,0.0537191785466
LINC00632,persistent,0.6840131001941222,0.8442444797182442
LINC00638,persistent,0.2760562091338004,0.0007908566596779
LINC00709,persistent,0.1320802305854441,0.0136250984702025
LINC00853,persistent,0.1436471822967227,0.0872911482246495
LINC00896,persistent,0.3770089494055724,0.0907945693107011
LINC00919,reversible,0.1142256136181165,0.1763040185583048
LINC00937,persistent,0.4573381143470708,0.2418195873022359
LINC01018,persistent,0.5626005518710345,0.1329135791668056
LINC01139,persistent,0.1967737106557836,0.025956317636783
LINC01140,reversible,0.3690654989372059,0.2871652595392792
LINC01221,persistent,0.1418980519018249,0.0736394909872913
LINC01252,persistent,0.5055649807861704,0.0426819813643723
LINC01300,persistent,0.1498323265399995,0.1188131279459874
LINC01305,reversible,0.6290291293586194,1.0600579558547685
LINC01326,persistent,0.0954162255947624,0.1421161863172742
LINC01364,persistent,0.160797535253076,0.045654166141746
LINC01412,reversible,0.0966384768290901,0.5360235995143401
LINC01479,persistent,0.1599354499170435,0.0091925595721185
LINC01512,persistent,0.1848474252995264,0.0663194807076408
LINC01521,persistent,0.4600542301751402,0.1745294645376864
LINC01615,reversible,0.1584176690493478,0.1669760089522901
LINCMD1,persistent,0.1808515781815148,0.0011663731310619
LLPH,persistent,0.2268907515813269,0.0506359613918106
LMNTD2,reversible,0.3291288970487314,0.2099956363669695
LOXHD1,persistent,0.110831197781273,0.0592803766419789
LPA,reversible,0.3877556493466407,0.2769769008684062
LPAR5,reversible,0.4513354205878684,0.4794944384673985
LPCAT2,reversible,0.3305070227023092,0.2160805749661338
LPCAT3,reversible,0.2980206844701131,0.4765611625428222
LPGAT1,reversible,0.262797308642886,1.2634815327367592
LPIN3,persistent,0.3758452174928693,1.0377431227654068
LPO,reversible,0.1285886630710404,0.1882349625836399
LRIT2,persistent,0.1188535799663811,0.0233679270751495
LRRC14B,persistent,0.1474009600949059,0.2056727061083594
LRRC25,reversible,0.3276928926287361,0.6476961298207508
LRRC37A2,persistent,0.195839261804234,0.2880405990508628
LRRC38,persistent,0.2811524555058581,0.0461799959797465
LRRC66,persistent,0.2660200865243251,0.9928203738538446
LRRC74B,persistent,0.1498447038873539,0.0389279280106816
LRRFIP2,persistent,0.3242103984302816,0.0453577708292788
LRRTM4,persistent,0.1433780013480888,0.8301227095996166
LRTM1,persistent,0.1381246792960398,0.0761983281663102
LSM14B,reversible,0.129855050513223,0.1465739905708258
LTV1,persistent,0.2669698521365017,0.105523537931457
LURAP1L,reversible,0.6033097992853422,1.535608520979352
LVRN,persistent,0.2098516082021334,0.1752913542025934
LY6G6C,reversible,0.1224270971307913,0.6428498017224138
LY6K,persistent,0.3422621466573655,0.2626644559321624
LYPD6,persistent,0.1034671817341507,0.5265734016820368
LYRM4,persistent,0.1783760068361327,0.0880950515399031
LYSMD1,persistent,0.2533238250985596,0.1476084997903759
MACF1,reversible,0.2288973345993271,0.0348688014712388
MACROD1,reversible,0.3482087279554831,0.8521772039807366
MAFK,reversible,0.2212481428687173,0.1338447186357124
MAGEA1,persistent,0.2769097186361293,0.4597195029151797
MAGEA9,persistent,0.2238779091226386,0.0810765546372358
MAGEF1,persistent,0.2154437726695747,0.1320176514319197
MAGEH1,reversible,0.2397039407868091,0.1615219008271557
MAGIX,reversible,0.26772314549012,0.8022219676588673
MAK16,persistent,0.3371992064963762,0.278986440234813
MALSU1,persistent,0.2976259585347959,0.2331598277476837
MAML1,reversible,0.1839626668505869,0.5558141324358138
MAN2A2,reversible,0.1805116305512669,0.5439777128973395
MAOA,persistent,0.4853580604278775,0.0923286352392404
MAP1A,reversible,0.1947232319812256,0.3538034623363152
MAP2K2,persistent,0.323170867648267,0.4091349211771036
MAP3K10,persistent,0.2686795139991218,0.1133894712809048
MAP3K13,persistent,0.2545526545547951,0.0803789890317499
MAP3K2,persistent,0.3273230092100503,0.1376062540733941
MAP3K5,reversible,0.5820765759785387,0.8043995271901455
MAP6D1,persistent,0.3845082591571025,0.0609405779981835
MAPK4,persistent,0.2316457055206565,0.0967569477038774
MAPKAP1,persistent,0.25324647827643,0.5084778527547812
MAPKAPK5,reversible,0.2059991864176573,0.2217988043614621
MARC1,reversible,0.31600027645833,0.876684287256043
MARC2,persistent,0.2809815995890224,0.239982264406601
MARCH3,persistent,0.2510973290623835,0.1376791399358482
MARCKS,persistent,0.3390553948856445,0.1224969384471145
MARK1,reversible,0.2105562284270567,0.5054170067664936
MASTL,persistent,0.2839742132841312,0.2006669159551772
MATN3,persistent,0.267633570686252,0.4422114133585867
MB21D2,persistent,0.2980952270664409,0.1299532882459197
MBD1,reversible,0.1345334543003326,0.1758901688098212
MBD3L2,reversible,0.1342657376879074,0.0427158124531988
MBL1P,reversible,0.2184476718312056,0.8739461117004677
MBP,reversible,0.3563552166749149,0.2474359080222735
MCAM,persistent,0.469642579314911,0.7863925921991586
MCF2L2,persistent,0.1191711539702903,0.0060658312128599
MCM8,persistent,0.4126789789680003,0.4565848875301267
MED27,persistent,0.2574746769778051,0.0145414496861122
MED6,reversible,0.2367580085887982,0.3236798938076446
MEGF10,reversible,0.2558317134956452,0.265343717897098
MEGF11,persistent,0.1059431596579221,0.0107217673928443
MEN1,reversible,0.1659132346731993,0.115161917997773
MEPCE,reversible,0.2375481638781693,0.1357959449002772
MEPE,reversible,0.1076084442188345,0.2981438094896466
MESDC2,persistent,0.144422894842788,0.4798859778910336
METRNL,reversible,0.2321651031927946,0.5210342481059266
METTL12,reversible,0.2100766712275945,0.8375168647009674
METTL2A,persistent,0.2887340838934008,0.0779905371336401
METTL7A,reversible,0.5742045547585592,0.9740265018960588
METTL9,reversible,0.2268269698402907,0.1970900872000411
MFF,persistent,0.3549658403379164,0.3134479879377208
MFSD12,reversible,0.4211805797125494,0.3005926562885956
MFSD14A,persistent,0.2704326664876325,0.2635235222253351
MFSD2A,reversible,0.5417780556806946,0.1511165058600998
MFSD9,reversible,0.190632479751123,0.2066640373361244
MGAM,reversible,0.5843142429729847,0.0194371761114268
MGARP,persistent,0.1307125682020076,0.0390985208363786
MGEA5,persistent,0.2560859175051526,0.6477024603045776
MGST1,reversible,0.3316213752104366,1.1355241319957587
MGST2,reversible,0.2733878427863851,1.08544148917795
MIA2,persistent,0.1601449115827052,0.0713664913350705
MIA3,persistent,0.3717241700913091,0.1988689714180595
MICB,reversible,0.2643244159256632,0.3264769480686073
MIDN,persistent,0.3200509844724789,0.7581651575424077
MIEN1,persistent,0.2514970470365826,0.676915732246224
MIMT1,reversible,0.0933308744408636,0.6439652739202111
MIR100,reversible,0.1161980726543412,0.3639532951925621
MIR100HG,reversible,0.333326606786239,0.4819526629876297
MIR122,persistent,0.3264899166282696,0.0931125152235062
MIR124-2HG,persistent,0.1192425765702065,0.0155084990020713
MIR1247,reversible,0.1428433052290464,0.8285736856958275
MIR1250,persistent,0.1859233690205322,0.1973483250991325
MIR1253,persistent,0.1570716903986257,0.0055051587653458
MIR1255B1,reversible,0.1227006662434023,0.1198936033178136
MIR128-2,persistent,0.2029121296759193,0.3909047886645045
MIR1281,persistent,0.2090805540292377,0.1797137783524574
MIR1301,persistent,0.1869279326582052,0.2243671944498211
MIR1302-6,persistent,0.2659251609003017,0.0835210231338594
MIR130A,reversible,0.1838247511762304,0.3080289135655449
MIR133B,reversible,0.1576606320599036,0.0362679056795516
MIR135B,persistent,0.147103911690585,0.0282844982411817
MIR146B,reversible,0.2279947830610634,1.1810419659954468
MIR1915,reversible,0.1846742821100001,0.2681086889653877
MIR192,reversible,0.1681991782837483,0.5201979518151838
MIR193B,persistent,0.2094247857785989,0.4346602035001588
MIR196A2,reversible,0.1700599964128064,0.4496987919150692
MIR197,persistent,0.2466419505643914,0.0044690209137612
MIR200A,persistent,0.134580333739947,0.0491529176555779
MIR202,persistent,0.0866726804368987,0.0385386734585774
MIR204,persistent,0.1352788177494068,0.038591709680674
MIR211,reversible,0.1187955122834147,0.1963891176256231
MIR2116,persistent,0.2261202295948624,0.1118688322155639
MIR22HG,reversible,0.423256920238139,0.989391546382476
MIR23B,reversible,0.2082880917475086,0.5621917000200569
MIR29A,reversible,0.3696308448982105,0.930998335597284
MIR302D,persistent,0.2128568960261145,0.1976389038583138
MIR326,persistent,0.1966182496662014,0.2358896087196916
MIR335,persistent,0.1438272206441794,0.2596171764732677
MIR339,persistent,0.1572266243604286,0.7168056394646958
MIR345,persistent,0.1961659367971087,0.271009233045979
MIR346,persistent,0.1177645946856929,0.1747987732287907
MIR422A,persistent,0.1620777836961318,0.4690217934476567
MIR4458HG,persistent,0.3469576285653558,0.0427111040671901
MIR454,persistent,0.1437481822336128,0.2161059476658638
MIR487B,persistent,0.0939180592156158,0.0496962726573473
MIR491,reversible,0.1565493921348971,0.5089912529592675
MIR513A2,persistent,0.3288501371867276,0.0607030858772844
MIR515-2,persistent,0.0907103908697868,0.0131099714485918
MIR525,reversible,0.1568063247987758,0.6425035352272817
MIR548A1,reversible,0.2405565637740627,0.6116736029892461
MIR558,persistent,0.1836913420625685,0.1714110965778041
MIR571,persistent,0.1926612919910411,0.0384717950442311
MIR572,persistent,0.1568058033815593,0.2211194637025794
MIR576,persistent,0.2610754539722145,0.0506992422400949
MIR584,persistent,0.1514643025694179,0.0151387262749681
MIR588,persistent,0.1110002679730168,0.0643986368674988
MIR595,reversible,0.1240614383735139,0.3608551911520986
MIR596,persistent,0.1693802285869541,0.0421305945031863
MIR607,persistent,0.1564422876415534,0.016894261235727
MIR618,persistent,0.1731602174363677,0.0869427110410604
MIR620,persistent,0.1833150706894031,0.0997918116699307
MIR627,persistent,0.1303050075204267,0.2331132814825278
MIR633,persistent,0.1009350407701988,0.0360297898753257
MIR640,persistent,0.1613949804034952,0.1483301342937296
MIR644A,reversible,0.2478160842837199,1.5000286982391968
MIR646,persistent,0.1582383877284184,0.0825340399646066
MIR659,persistent,0.1986131306819349,0.1360262324695045
MIR759,persistent,0.0994265287385176,0.0050158679359595
MIR760,reversible,0.1149682734723616,0.1590188973884247
MIR764,persistent,0.112925871841568,0.1400151793506714
MIR765,reversible,0.1702813123790821,0.6808377052934177
MIR802,reversible,0.1737074149362917,0.0301677844120611
MIR874,reversible,0.1963486403794314,0.4114004471518266
MIR887,persistent,0.1601031741985037,0.0662090828089028
MIR9-3,persistent,0.1913717386591643,0.9146701747982012
MIR99AHG,reversible,0.3772345646321697,0.2418950500147679
MIR99B,persistent,0.2498895712468541,0.1052597254867025
MIRLET7BHG,reversible,0.3640143564619575,0.1470609852316515
MIRLET7G,persistent,0.2134688554512314,0.3554547324569215
MIS12,persistent,0.3908980312251087,0.6565487726619904
MIS18A,persistent,0.3948920355067548,0.0201200279653042
MITF,reversible,0.2693772909182141,0.1637939959333797
MKL1,reversible,0.1828073612791482,0.2936635604705538
MLN,persistent,0.1885873429468583,0.1066622798216893
MMD,reversible,0.4082381673346369,1.836269697772064
MMP13,reversible,0.1389059099884207,0.4425075791316223
MMP14,reversible,0.2491972843031562,0.7194632374084895
MMP17,reversible,0.2792315681070727,0.7999686711363233
MMP24,persistent,0.2569422557993066,0.0150187612682718
MMP28,reversible,0.2412142820594358,0.2923139936156047
MNAT1,persistent,0.3205010048746425,0.0743930725500291
MOB2,persistent,0.1741436258914692,0.0661219644816081
MOB3A,reversible,0.2468764819792042,0.4514502807012082
MOGAT1,reversible,0.2898320124563319,1.7433696345527931
MOGAT3,persistent,0.2824288477473755,0.1234806519676974
MORC3,reversible,0.3509666598078794,0.7883805678257706
MORN2,persistent,0.3110349821744552,0.017833006021552
MORN4,reversible,0.244783964976054,0.3625797228596227
MPC1L,reversible,0.1147559572348836,0.082727502581295
MPO,persistent,0.1254095714929478,0.1535624418932326
MPP5,reversible,0.2361909087397777,0.3140889286824546
MPP7,persistent,0.2764003627187748,0.2838181640982273
MRFAP1,persistent,0.2844216530817181,0.3247677541127301
MRGPRD,persistent,0.1327491631311544,0.2358942638313269
MRGPRX2,persistent,0.1752432477908181,0.0580718447767844
MRI1,persistent,0.3573869761635142,0.029332193590475
MRM2,persistent,0.2140936409979866,0.153304969112342
MROH5,persistent,0.1296516469616279,0.0287237143937552
MRPL1,persistent,0.2761718544458396,0.0520930226635461
MRPL16,persistent,0.2286407029445469,0.038342485811866
MRPL27,reversible,0.235190829711015,0.6125241184146714
MRPL39,persistent,0.346833556268407,0.3570799223186047
MRPL48,persistent,0.3113825336874802,0.056573620448178
MRPS16,reversible,0.2474181246734574,0.2348731873293263
MS4A13,persistent,0.0976451070978744,0.0755167209176119
MSANTD2,reversible,0.3170699566225692,0.7404462657173625
MSH6,reversible,0.2329301298423475,0.6954473270887589
MSLN,persistent,0.1259663229635421,0.0258327521968147
MSR1,reversible,0.5887108851903781,0.3225166120256464
MSRB2,reversible,0.2766662835355741,0.7432420733499423
MSRB3,reversible,0.3764316792813463,1.105386367375805
MSX2P1,persistent,0.206124713015199,0.0459196932614306
MT1A,reversible,0.9201356092250322,0.1826432422323144
MT1F,reversible,0.4103135601288686,0.1447625678121164
MT1G,reversible,0.6526370820970357,0.1236631684197599
MT1M,reversible,0.5149564199895251,0.1830210427705899
MT1X,reversible,0.8062195936969704,0.0232823826047262
MT2A,reversible,0.5306609408623492,0.3168631891910929
MT4,persistent,0.1484461066211555,0.0547379361658385
MTCH2,reversible,0.2724941175642442,1.5275559676598744
MTFP1,reversible,0.3414034915757504,0.0614872258371177
MTG2,persistent,0.3483624616775453,0.4924602052182145
MTHFD2,reversible,0.3815605471796962,0.3463821776507811
MTRR,persistent,0.3636033312352427,0.3303843776527145
MTSS1L,reversible,0.2741800405823285,0.0970975053522147
MTURN,reversible,0.2695801904541057,0.3464985989806585
MUC13,persistent,0.1796726068240461,0.0730766108613464
MUC16,reversible,0.1276233027687501,0.0515069460557468
MUC21,persistent,0.1105195012033889,0.0804532608874292
MUC6,reversible,0.2155309901182777,0.4475737205515567
MUM1,persistent,0.2112720699855358,0.0063469275171135
MVB12B,reversible,0.2772946029060882,0.3203739362518586
MXRA8,persistent,0.2118053618909281,0.2273797897273737
MYBPC1,reversible,0.6702629157408556,0.2035583461234364
MYCBP,reversible,0.1940595551093217,1.2860424404019688
MYF6,reversible,0.7802316494607848,0.4189305630265751
MYH1,reversible,0.7146354218510382,0.9616373672626396
MYH3,reversible,0.4064492380032015,0.9124597930861352
MYL12A,reversible,0.2931013501280356,0.5482454541821172
MYLK2,reversible,0.4677846347446061,0.5676537422255528
MYO1E,reversible,0.3668054427529859,0.2091357568586139
MYO3A,reversible,0.1058358457417047,0.0193031107041371
MYO3B,persistent,0.2436487105303892,0.0851259959676663
MYO5B,reversible,0.1197959553546148,0.5226658551600426
MYOT,reversible,0.3662118163430123,0.0600724224294074
MYOZ1,reversible,0.4699848181080575,0.7920328703231433
MYT1L,reversible,0.1219979472092484,0.0086318482691546
MYZAP,reversible,0.2378432711393232,0.3332314241539002
N4BP2L2-IT2,reversible,0.4386337091922613,0.7464900362725045
NAA20,persistent,0.3258152633208507,0.2092805090959845
NAA35,persistent,0.2020115492981241,0.2520293133416594
NAALADL2,persistent,0.2551210033791163,0.0915721060874437
NABP2,persistent,0.2139333121397776,0.0477096267671601
NAGK,reversible,0.2608219782322733,0.02403420501084
NANOG,persistent,0.1799552127085897,0.0492321401347489
NAP1L1,reversible,0.2810648180253859,0.7771528289480991
NAP1L3,reversible,0.1636257197391066,0.3947299312497602
NAPRT,reversible,0.312426138002717,0.1479419179645363
NARFL,persistent,0.2679741138884932,0.1876042201040391
NASP,reversible,0.2351831171549527,0.8756605864741518
NAT6,persistent,0.2281399274759782,0.4916391565567364
NAT9,reversible,0.2078382537073407,0.4253879327481257
NBPF22P,persistent,0.1492483691376284,0.2150553502606037
NBPF6,persistent,0.1922126556870708,0.0004143190888093
NCEH1,reversible,0.6017256809025774,0.1079278998256164
NCF1C,reversible,0.1857318486715829,1.397933730542125
NCF2,reversible,0.3605163234749229,0.5913314115888072
NCKAP5,persistent,0.1793640595694387,0.3369417423121755
NCR3,persistent,0.2308091204160925,0.287535764834605
NCS1,reversible,0.3099655595606015,0.3442488089135411
NDE1,reversible,0.3736773726344705,0.3968387737146071
NDUFA12,persistent,0.2734934401158901,0.0384550512594687
NDUFAB1,reversible,0.2795375617920818,0.4340558342704395
NDUFAF2,persistent,0.2981890425617032,0.41262403226224
NDUFAF4,reversible,0.3259688533592499,0.425753495905405
NDUFAF7,persistent,0.2997566750009225,0.4189669028177556
NDUFB2,reversible,0.2737606399532211,0.0629094192442127
NDUFB5,reversible,0.2480093190665014,0.5476650032122916
NDUFC2,persistent,0.1676496260601074,0.2146773500614721
NDUFS6,reversible,0.1704918800275537,0.4911279684548906
NECAP2,reversible,0.1940215292758979,0.2267058809117546
NEIL3,reversible,0.1511200590826104,0.9804078061954612
NEK6,reversible,0.1870514460429855,0.4445377255628657
NETO1,persistent,0.1426296115071156,0.4126448003990413
NEURL4,reversible,0.2068875475888033,0.4358400905648431
NFAM1,reversible,0.4105589249149008,0.6621677876936207
NFE4,persistent,0.47786618883656,0.3366732288058529
NFIA,persistent,0.2542264248041425,0.1051986175805528
NFKB1,reversible,0.2396950267798113,0.3355577103028425
NFKB2,reversible,0.2393411905771723,0.2186041126875868
NFYC,reversible,0.2092457000437743,0.2932990492016323
NIF3L1,persistent,0.2955347434393379,0.2762590665955868
NIPBL,persistent,0.2443401361469606,0.3168406321306566
NKX2-6,persistent,0.1364377612168137,0.094636560849929
NLRC4,reversible,0.3692625440775577,0.2951002879737739
NLRP9,reversible,0.127278118873983,0.5100404504803931
NME8,reversible,0.1001064353553728,0.0282404686094288
NNMT,reversible,0.5077618625322038,0.0630374878760995
NOCT,reversible,0.4414355128551419,0.5817998567853527
NOS1,reversible,0.1178678644776899,0.4360763900495368
NOS1AP,persistent,0.313870662685689,0.510743515337109
NOTCH3,reversible,0.3939783392498188,0.952843977258382
NOX5,reversible,0.1124733752824373,0.0465654354929629
NOXO1,persistent,0.1632736111513635,0.1024781313237379
NPAS3,reversible,0.2452902152112645,0.8967111350099957
NPC2,reversible,0.4091952545556649,0.0963533805582045
NPEPPS,reversible,0.2842791235166946,0.5798259640059866
NPHP1,reversible,0.2599164957019409,0.5515801432095335
NPPB,persistent,0.1633418298302691,0.0206160813461989
NPTX1,reversible,0.172482120954866,0.847827832064899
NQO1,reversible,0.4063664917862632,1.1023679413032892
NR4A3,reversible,0.4538945578421552,0.8702813219848852
NRAP,reversible,0.5086032216651488,0.6149692944832172
NRF1,reversible,0.1863296678484938,0.3548856537135846
NRG4,persistent,0.2696222693301463,0.9023255221766896
NRROS,reversible,0.4490470882380009,0.2845738758901279
NSFP1,persistent,0.3285862430014281,0.6253732405637884
NSMAF,reversible,0.2735089336072558,0.005714554817823
NSMCE1,persistent,0.250149196688612,0.0095417863786861
NSMF,persistent,0.2680211968499288,0.1518661581322125
NSRP1,persistent,0.3764241867690332,0.0870492659161449
NSUN3,persistent,0.2256498384237849,0.1348305791031788
NT5DC1,persistent,0.3054505832130627,0.1465723938695863
NTRK1,persistent,0.1385098057156408,0.1179189569959413
NUDT1,persistent,0.2335834940685184,0.1427811315257155
NUDT14,persistent,0.3191658883626829,0.0365283673205462
NUDT15,persistent,0.3194954422331428,0.0334771815371252
NUDT16L1,persistent,0.2181002894913674,0.1476371312621419
NUDT2,persistent,0.3312977498826147,0.1163180155305859
NUDT8,reversible,0.2735462057740527,0.2918102889348612
NUDT9,persistent,0.3002542911630281,0.1015197675854072
NUP54,persistent,0.253239333729575,0.3742864427996315
NUPL2,persistent,0.2670917513052646,0.2894412008234163
NUTM2G,persistent,0.1862713529221523,0.0435955489957818
NVL,reversible,0.2021235667394925,0.5639307235561789
NWD2,reversible,0.1378667117622512,1.240905950210296
OACYLP,reversible,0.1242043245617403,0.1956076781042574
OARD1,reversible,0.288638936106759,0.7549656939776559
OASL,reversible,0.3293494860310622,0.5133926499855276
OAZ3,reversible,0.1491222019226868,0.205542715845965
OBP2B,persistent,0.3301852491956202,0.008204576587536
OBSCN,reversible,0.3829164612336243,0.1896643665359087
OIP5-AS1,persistent,0.2708112128451665,0.6744450734291026
OLFML3,persistent,0.296676412797259,0.3652329388325221
OMA1,persistent,0.3653111844310947,0.3258303600204709
ONECUT1,reversible,0.1624848177949197,0.3329337542412018
OPRK1,persistent,0.1398345226769239,0.658325673081067
OPRPN,reversible,0.2969901729920141,0.6840231256776556
OR10A2,persistent,0.1945770532294259,0.0826482439991896
OR10AD1,persistent,0.1880755945253814,0.1703729358315039
OR10H2,reversible,0.2494248924016863,0.3457597513110405
OR10K2,persistent,0.15566603490176,0.1226582611689844
OR10T2,reversible,0.1280931384786411,0.157415536330802
OR11A1,reversible,0.1055627284597921,0.3915008318241985
OR11G2,reversible,0.0906574565354041,0.1037451317274039
OR11H1,persistent,0.2765768853648199,0.7217263898221028
OR1B1,reversible,0.1547732755541925,0.326313443632127
OR1F2P,persistent,0.1522671339519377,0.0131106187456222
OR1L3,persistent,0.1544760144173599,0.1405389407647765
OR1N1,persistent,0.1707531542966565,0.1297021415137532
OR2A14,persistent,0.2224409974799368,0.089428383266507
OR2AE1,persistent,0.1785567351910322,0.0670693442000072
OR2D2,persistent,0.1316331101038418,0.1034134194130931
OR2G2,reversible,0.1878759890991572,0.1799360708895226
OR2L3,persistent,0.3448156655525816,0.2142258182122843
OR2M3,persistent,0.1334692780189666,0.0013123488067373
OR2M7,persistent,0.1702364693205175,0.2024890646432435
OR2T12,persistent,0.1760693774036475,0.0001448762841632
OR2T29,persistent,0.1292858684260337,0.0356109270699041
OR2T4,persistent,0.2166611893858413,0.0744961861457303
OR4A47,reversible,0.1074732863057832,0.979173123291053
OR4C13,reversible,0.1296490910483695,0.8214836042889343
OR4F6,persistent,0.1378013106239204,0.0141177753906417
OR4K1,reversible,0.1394892817625306,0.0113370232554164
OR4K15,reversible,0.1089379611026998,0.0338339166561606
OR4N5,persistent,0.1811870663484599,0.1468822442652566
OR4S2,persistent,0.1955929755702882,0.1819645035456133
OR51B5,persistent,0.1275915483874845,0.3945546400461122
OR51I2,persistent,0.1085123049124278,0.0155003793729005
OR51Q1,reversible,0.1063235586243228,0.0899719941795752
OR52H1,reversible,0.1260045339194541,1.3434067296194772
OR52I1,persistent,0.2028766276640413,0.4847663196582545
OR52K2,reversible,0.2211967254014397,0.2733938553751071
OR52L1,persistent,0.1404305097973454,0.0871961503103254
OR52N5,reversible,0.1449240583665408,0.0402768633959585
OR52R1,reversible,0.1394852264264333,0.1874618324550778
OR56A5,persistent,0.1506611939809474,0.0393738352765091
OR56B1,reversible,0.1682349100865766,0.7852541956472779
OR5A2,persistent,0.2856978637575343,0.0513080796116615
OR5D14,reversible,0.1331344315919393,0.4203474808050583
OR5H1,reversible,0.1198695041570096,0.3025980142326113
OR5L1,persistent,0.1527400739121229,0.0282489557809993
OR5M3,reversible,0.1405514725706068,0.6289964527909868
OR5P3,reversible,0.1375614454810362,0.1395359062275217
OR6C2,persistent,0.1366626715822147,0.0630004196874872
OR6N1,persistent,0.1587577275114058,0.0488231903839064
OR6S1,persistent,0.1468390949765823,7.929637640443939e-05
OR7A5,reversible,0.1155666826049806,0.4758702808812316
OR7C2,persistent,0.1491663237782409,0.0511323150649598
OR7E24,persistent,0.1708275486629052,0.0754952858309919
OR8A1,persistent,0.1338636509786032,0.1599247610916129
OR8K3,persistent,0.149126317038406,0.3030147457748378
ORM1,reversible,0.23419435010625,0.3607053610420019
OSBPL6,reversible,0.38328557303963,1.016945968203384
OSTM1,reversible,0.2055849581762877,0.9152598585531022
OTOA,reversible,0.4245484520837348,0.1492014771563924
OTOF,reversible,0.1170183427659201,0.8345177625131537
OTUD7B,persistent,0.3218553687076907,0.0722533425882922
OXER1,reversible,0.3961254922251307,1.095957900387528
OXSM,reversible,0.2324660848085552,0.2001332201399849
P2RX3,reversible,0.1437423724145412,0.0020655190421649
P2RX5,reversible,0.4291412220200707,0.1406031467810197
P2RY11,reversible,0.3132020421188113,0.5040437853093789
PABPN1,persistent,0.2989487678453434,0.1550256836422937
PACRG-AS1,reversible,0.1352332246582975,0.4775000736845238
PACSIN3,reversible,0.4039067813189889,1.1665608196320576
PAEP,persistent,0.1824162814295755,0.0622578171454585
PAG1,reversible,0.2227741009267674,0.0420135811949686
PAGR1,reversible,0.2548090072190285,0.239185889515862
PALM,persistent,0.3303918391667959,0.7991451998454832
PAQR4,reversible,0.3319150967855713,0.0771758370775591
PARG,reversible,0.1287331573734243,0.0773381820857357
PARK2,reversible,0.3072680144030822,0.908721985399903
PARL,persistent,0.2725031888434492,0.2047430626133907
PARP14,persistent,0.505772450281177,0.1301969153040738
PARP15,reversible,0.2945617429853308,0.3247132772595988
PART1,persistent,0.1221474227681515,0.1328262685926939
PATE3,persistent,0.125280520474167,0.0476637218769041
PAXBP1-AS1,reversible,0.3512453578552932,0.569707743226392
PBOV1,persistent,0.1180830850534773,0.0885891065667535
PBRM1,reversible,0.2399075523008345,0.8582593285740147
PBX2,reversible,0.2064406779129589,0.2893500322101218
PCBP1-AS1,reversible,0.3103118004978805,0.6535136830998345
PCDH1,persistent,0.4404491444087293,0.2208561802875279
PCDHB17P,reversible,0.1223036017332515,0.9103807178028044
PCDHGA10,persistent,0.3113303754735391,0.1924608254613019
PCDHGA5,persistent,0.2625137987354219,0.0927888603750238
PCDHGB6,persistent,0.3389184965525631,1.0523607280584668
PCGEM1,persistent,0.1718139906657853,0.2314256358568738
PCP2,persistent,0.1401045291459209,0.4962109975225808
PCSK1,reversible,0.1095424474374983,0.0392829232182555
PCYOX1,reversible,0.378840718553281,0.8975203013185306
PDE1C,reversible,0.1249381629824844,0.9888244211004108
PDE2A,reversible,0.2317699171882199,0.4130681702130235
PDE4B,persistent,0.4649464262377553,0.9574333367675746
PDE6C,reversible,0.097287023797474,0.0490272140285292
PDE6H,reversible,0.1184332666656863,0.5516481438660742
PDE7B,persistent,0.3527258425366115,0.2637825091970165
PDHA1,reversible,0.2966724609024068,0.3856459143859332
PDK3,persistent,0.2946104568714656,0.0997096526582143
PDLIM4,persistent,0.3995453450634802,0.1445048728357405
PDLIM7,persistent,0.4253480622380439,0.1693368464662135
PDP2,persistent,0.2807761024297899,0.0594056640475474
PDZD3,reversible,0.3469066496080357,0.6528106692458886
PDZK1IP1,persistent,0.4290160505787693,0.7010932658436323
PEA15,reversible,0.3233294499958346,0.939090118181979
PEX11G,persistent,0.242845889369006,0.0888981760490782
PF4,persistent,0.8036106119135537,0.4761015546647122
PFN4,persistent,0.1187368169435932,0.1558304756418159
PGAP2,persistent,0.2000713160457602,0.0864110253846622
PGBD4,persistent,0.2249357038979184,0.2638902491266117
PGK2,persistent,0.1148982343153506,0.3609824971851353
PGM1,reversible,0.3103463714510071,0.4830921682027778
PGM2L1,reversible,0.2684180331458932,0.082049505253585
PGR,reversible,0.3394254767021905,0.3823589197697629
PGRMC1,persistent,0.221019947006458,0.2377383038536235
PHAX,persistent,0.3364214528403779,0.0894144791070225
PHB,reversible,0.2394725329958574,0.3730889295058152
PHC3,reversible,0.1617362763537843,0.6174341085044711
PHEX,persistent,0.1574620981169161,0.0579852659876451
PHF19,reversible,0.2396842314752909,0.0686119139417898
PHLDA1,reversible,0.4080904806114786,0.4562349258889704
PHOSPHO1,persistent,0.1125951257830018,0.2764690272957023
PHOX2A,persistent,0.1232342174186933,0.0346883316923512
PHYKPL,persistent,0.25992884491445,0.0560100996744485
PI4K2A,reversible,0.2711047461342207,0.5475817712621687
PI4KAP1,persistent,0.1602503843710091,0.2976696305531609
PICSAR,persistent,0.2134964141739866,0.1054631332030741
PIGN,persistent,0.2987392493419663,0.117199049163377
PIGP,persistent,0.2750957712666367,0.4612993429922671
PIGQ,persistent,0.2344535754734621,0.641362222880299
PIK3C3,persistent,0.2796966329116981,0.2535114571046306
PIK3CA,reversible,0.1851206496790408,0.1561488784019498
PIK3R5,reversible,0.4328492130630573,0.3486425995674317
PILRA,reversible,0.3620674529224996,0.1226893291524017
PILRB,persistent,0.2986013209599015,0.0995503688861941
PIN1P1,reversible,0.2285345457046699,0.5648823510155621
PITHD1,reversible,0.2055262631588537,0.9226792389095096
PITPNB,reversible,0.1755235576781849,0.0890484638919374
PKLR,persistent,0.1830956216948159,0.028449850981181
PKP3,persistent,0.3301386696816752,0.0173918525224607
PLA2G12B,persistent,0.1741293902895206,0.0200630528129795
PLA2G16,persistent,0.3079674568382178,0.1106854772143791
PLA2G2A,reversible,0.6254600872442341,0.6858058557423459
PLA2G3,persistent,0.1301725926410369,0.0065330453458139
PLA2G4F,persistent,0.1779604390502079,0.191511153908652
PLA2G5,reversible,0.3116063578084351,0.5171162399329693
PLA2G7,reversible,0.6064357311774443,0.8867443049640007
PLAC1,persistent,0.1208215135426549,0.0650483478962522
PLAUR,reversible,0.3623556841163493,0.0095005687506128
PLCD3,persistent,0.3087418318118695,0.6581782044945318
PLCD4,reversible,0.3809027244452039,0.7102682713139374
PLCH1,reversible,0.1270391302229759,0.0653275403309353
PLCXD1,persistent,0.2333070601900859,0.4239288494092775
PLCZ1,persistent,0.1154740590613672,0.0423991466881165
PLD4,persistent,0.1414613589959313,0.7639864618785044
PLEK,reversible,0.3783117164717308,0.3851858169816266
PLEKHG4,reversible,0.3855640532789922,0.2455098854618333
PLP2,reversible,0.3494412030409883,0.5395347396976133
PLPP1,reversible,0.4012635044175206,1.1929799715150549
PLPPR4,persistent,0.2712572157188343,0.3306378514332924
PLTP,reversible,0.4451188131503136,0.1618833302263163
PLXNB3,reversible,0.4280178523205398,2.113656794979995
PLXNC1,reversible,0.4121902021001209,0.4471585008838145
PMPCA,persistent,0.3088150129018711,0.282842800680709
PMS2,persistent,0.2123190492639106,0.1026332680073345
PNLIPRP1,reversible,0.1604391810523682,0.0536855800738396
PNMA2,reversible,0.1304689320814691,0.3976525329271439
PNMA5,persistent,0.3445507107210425,0.0932357986108377
PNMAL2,reversible,0.372034942977348,1.2401035715435518
PNO1,reversible,0.257818030706626,1.0285603636658904
PNOC,persistent,0.1315021310709388,0.1055536260498922
PNPT1,persistent,0.3837707802668844,0.02674270150033
POC5,persistent,0.3757643073502805,0.4479765988165505
PODXL,reversible,0.2496318916449565,0.6790932238852938
POLD3,reversible,0.2438433217477527,0.5445429763045045
POLE3,persistent,0.2017311555161114,0.2131754322437254
POLR1D,reversible,0.2349344561331543,0.3326406516592637
POLR3F,persistent,0.2791823565596378,0.0356854238924676
POM121,persistent,0.2675025757268027,0.2375631300601915
POMT1,persistent,0.2730391254052657,0.1392191392265563
POP4,reversible,0.2712717556316396,0.7661274613554723
POP7,persistent,0.2346246119322294,0.2358867058055444
POPDC2,persistent,0.328484107444154,0.1140553510172467
POTEI,persistent,0.188314651256814,0.0102941005806602
POU2F2,reversible,0.2625022403120956,0.3639879198586803
POU3F2,reversible,0.1337596248941663,0.0923120998179029
POU4F1,reversible,0.1605862519429099,0.3127637478811976
POU6F2,reversible,0.2740868270859009,0.8654744158221002
POU6F2-AS1,persistent,0.1704124388866297,0.1848889176633591
PPARGC1A,reversible,0.6596798763949822,0.6428847938413742
PPFIBP2,persistent,0.2085628372675194,0.5039961692966016
PPIE,persistent,0.2387736923388115,0.2432769479308455
PPIH,persistent,0.186624836276105,0.0574492852621023
PPP1R14C,reversible,0.2735858519376375,0.0163024311988726
PPP1R18,reversible,0.2737056218177577,0.0254069317153951
PPP1R27,reversible,0.6045421962888614,0.0034421763131649
PPP1R36,persistent,0.3372011050887429,0.6394777597428567
PPP2R5C,persistent,0.2301311189788898,0.2690878297097151
PPP4R4,reversible,0.1611357891586755,0.7080447582402274
PPP6R1,persistent,0.1277190158517957,0.1311568089250369
PPP6R3,persistent,0.2279722457265906,0.1476428380140851
PPWD1,reversible,0.3721912971355198,1.030176019018168
PRAMEF10,reversible,0.4077527124299273,0.8159215281685168
PRAMEF19,persistent,0.1443692878350747,0.0711156728273062
PRAMEF4,persistent,0.1791052662832117,0.1900771985870375
PRAMEF7,persistent,0.1275621068247336,0.0275644541202366
PRB2,persistent,0.1593650684281186,0.0166949728796672
PRB3,persistent,0.1324072994425283,0.0340078951155053
PRDM13,persistent,0.1397963981138068,0.1176393475925355
PRDM14,reversible,0.1420399935858175,0.1234734246986929
PRDM6,persistent,0.1329459649212661,0.0539175839722104
PRDM7,persistent,0.2020495678390333,0.1829966199291278
PRG4,reversible,0.3307705933984376,1.9861579093648345
PRKAB1,reversible,0.1713752815415435,0.030747978784318
PRKAR1B,reversible,0.2496516230514329,0.0768584190159776
PRKDC,persistent,0.2824793102214861,0.0463677875114302
PRLH,reversible,0.1438705151675313,0.1307617238533362
PRM1,reversible,0.1419418261630554,0.6131745266604113
PRMT6,reversible,0.309652547445642,0.2488721049370453
PRMT8,persistent,0.1158149723951293,0.0073247024941272
PROK1,reversible,0.3981330102585636,0.8084675398039853
PROKR2,persistent,0.1262741702748457,0.0448491971301385
PROM1,reversible,0.2016427655958712,0.3315541198199996
PROM2,persistent,0.1807591484068008,0.1446683402861519
PROX1,reversible,0.3773854708102727,0.3976146702174808
PRPF4B,persistent,0.3622434114565348,0.5772625282436206
PRPH,persistent,0.2557075998540302,0.4391279864670669
PRR12,reversible,0.1124383064699327,0.0095585437286683
PRR23D1,reversible,0.1233085457850449,0.342804428127507
PRRG4,persistent,0.4131794842534202,0.1890196291529506
PRRT2,reversible,0.3683482269913086,0.8313573097968292
PRSS21,persistent,0.135683528636981,0.013367311182397
PRSS23,reversible,0.4638374905739356,0.3081476452114319
PRSS48,reversible,0.1587623055249173,0.2391826678535602
PRSS58,persistent,0.1194631095630382,0.1750416373939404
PSD4,reversible,0.303669913320248,0.7385538961349735
PSG2,reversible,0.1445599441998757,0.2014649177386467
PSG4,persistent,0.1947020094410882,0.6320352004406147
PSG6,persistent,0.1968179580514293,0.1043002048975047
PSMC6,persistent,0.4511914537705045,0.2876768434393585
PSMD6,persistent,0.2778714867915803,0.0062907688430062
PSME1,reversible,0.2081273451697216,0.3120583479695024
PSMG1,persistent,0.2536251917741943,0.2885053033187429
PSORS1C1,reversible,0.3794075093997509,0.0263245712663579
PTAFR,reversible,0.436872320224602,0.2917174295611827
PTGDS,persistent,0.6055367155740446,0.741929284136844
PTGER2,reversible,0.2933148055275933,0.4986867022853931
PTPA,persistent,0.4013576562546451,0.2309504678650799
PTPN13,persistent,0.2959161334492473,0.4036332981887792
PTPN20,persistent,0.1856084086290038,0.2891210863676134
PTPN5,persistent,0.1269171258913409,0.0643531397013271
PTPRF,persistent,0.2953829573347766,0.0459104248517414
PTPRN,persistent,0.1329288649669064,7.21766470885584e-05
PUM3,persistent,0.2203424336174186,0.3666110130090822
PVALB,reversible,0.3784713325307089,0.8973053385894311
PWAR1,reversible,0.2049849325179163,0.9332133625595842
PWAR5,reversible,0.2588508197535965,0.4830092434348217
PWP1,persistent,0.1935815720777521,0.2786557472421569
PWRN1,reversible,0.1791813726036963,1.5568682023182046
PYGO2,reversible,0.18029089744852,0.0152589668319149
PYHIN1,reversible,0.3214209645695901,0.1424088146187215
PYROXD2,persistent,0.4739633593893791,0.0446780013123242
PYURF,persistent,0.3510118652936398,0.2320082006268786
PYY2,persistent,0.1837921372870288,0.0122891698786573
QKI,persistent,0.2369179810064925,0.3340369038738635
RAB11B,reversible,0.2213828746764487,0.0116331430986968
RAB11FIP2,persistent,0.3109261718112587,0.0957940688809765
RAB20,reversible,0.2638082993671996,0.0434249521756558
RAB27B,persistent,0.3330613710138724,0.2389284963137644
RAB33B,persistent,0.3809914356846544,0.4300283140233112
RAB35,reversible,0.2403883561148986,0.0863864244100783
RAB3B,reversible,0.1446797249821139,0.0420970674965893
RAB4A,persistent,0.2347061610841317,0.0729331709283483
RAB6C,persistent,0.2043439852456337,0.6798736113162328
RAB8A,reversible,0.248716504638887,0.0208070488738558
RABEPK,persistent,0.3366070236099728,0.0562560897239032
RAET1E,reversible,0.129154643273712,0.2351462231719032
RAET1K,persistent,0.1400588919219353,0.0237679802540958
RALA,reversible,0.2610505187849717,0.7001538593810196
RALB,reversible,0.246655218041533,0.0210361756779879
RALGAPB,reversible,0.1950174790310603,0.0136798450254613
RAMP2,reversible,0.4109880007314802,0.8237325886773534
RANBP1,persistent,0.2788292880865317,0.2692235759161863
RANBP6,persistent,0.3072461173442471,0.2991959214592697
RAP1GAP,persistent,0.149899711617906,0.2868304616055044
RARRES2,reversible,0.3789562012693673,0.7106566957630154
RASL10B,reversible,0.3464746722698493,2.1593800298198875
RASSF10,persistent,0.3984654355437147,0.0229346018892845
RBKS,persistent,0.2711505488442745,0.234203117749527
RBM17,persistent,0.2844381853497195,0.1640334651174455
RBM24,reversible,0.6583101268454687,0.0679420000279639
RBM34,persistent,0.2656449008641825,0.1129124995811201
RBM4,persistent,0.3303688419365579,0.0456213931938479
RBM46,reversible,0.1089020001961171,0.0720578171463713
RBPMS,reversible,0.1636421800288741,1.2517528441200034
RCBTB1,persistent,0.2208230453351433,0.1755667884032598
RCBTB2,persistent,0.3114236141432625,0.096129045539812
RCHY1,persistent,0.3072304884722543,0.1011472318397655
RDH10,reversible,0.2623806461765214,0.7246268392076588
RDX,persistent,0.2878620475847325,0.0727452621641903
REEP1,reversible,0.3007126683263096,0.5884936318686214
REEP6,reversible,0.3713036639748925,0.9932139379804664
RETNLB,reversible,0.1201182907967444,0.2380790762517466
RFPL2,persistent,0.1841622259214541,0.2430188161469123
RFPL4A,persistent,0.1835638065967044,0.0623536193663873
RFX6,persistent,0.1124218842235449,0.0141198109531187
RGAG4,reversible,0.1868415853056438,0.6942918668599437
RGP1,persistent,0.2503683124195472,0.0021729211857289
RGPD3,reversible,0.1638279471482918,0.1762104271060542
RGS11,reversible,0.2403517311279399,0.8432108457975351
RGS4,persistent,0.2484668408750988,0.1945505213834082
RGS7BP,reversible,0.1773172372718058,0.453395192961418
RGS8,reversible,0.1237812165355836,0.4183849576078883
RGS9BP,persistent,0.2446879368534942,0.9155791207210584
RHBDL1,persistent,0.3306919387342185,0.0174824943898421
RHBG,reversible,0.2104111328058355,0.739554000367111
RHCG,persistent,0.2712338132389023,0.4335387955774473
RHNO1,reversible,0.3306511303828377,0.048631223489423
RHOA,reversible,0.2553143047947131,1.155065757230913
RHOV,reversible,0.1799984769912102,0.2927706837687253
RHOXF1,reversible,0.4526091354318744,0.8952729779897243
RIC3,reversible,0.2901982168425239,0.2947030525853087
RIMBP3,persistent,0.1401999040963839,0.1174332046118675
RINL,reversible,0.1331188475929302,0.2073994870155726
RIPPLY1,persistent,0.146724179329458,0.3146869677686289
RIPPLY3,persistent,0.1415491028225196,0.1509834213731342
RMDN3,reversible,0.2241700792493405,1.1558555367828247
RMI1,reversible,0.3461440389626825,0.4416581034124745
RMND1,persistent,0.2258950806476443,0.2264494932404547
RN7SK,persistent,0.3751481765094849,0.0460487100895605
RN7SL559P,persistent,0.586589557893475,0.299514710862393
RNF103,reversible,0.2255190114571157,0.4360142898148102
RNF146,persistent,0.3813400094464768,0.7100012740012683
RNF148,persistent,0.1727202935127786,0.2310446317244
RNF17,persistent,0.0999392182792981,0.0843881552654945
RNU1-33P,persistent,0.3959946579898861,1.0412996137825647
RNU4-2,persistent,0.5351126239175734,0.1096851832244722
RNY4,persistent,0.512158127421637,0.1577426630340542
ROR1,persistent,0.2473080154105397,0.343985337346735
RP1L1,persistent,0.1483232043932694,0.099487240516633
RPEL1,persistent,0.131842593704453,0.1860797242446718
RPGRIP1,persistent,0.1264956863073295,0.314527347575867
RPL10A,reversible,0.7809903169587891,0.5405320128019158
RPL13,reversible,0.2592071150563659,0.2016845373437368
RPL13A,reversible,0.3632392299827858,0.6774574357053171
RPL13AP5,persistent,0.6862768592846487,0.4252046766611306
RPL36A,reversible,0.2772248797854345,0.8329234592887388
RPL6,persistent,0.2563454294014025,0.3492880737937778
RPL7L1,persistent,0.3765015715113192,0.1739098815695338
RPL8,reversible,0.2233185143979726,1.0204044819020233
RPLP2,persistent,0.2814747942283585,0.15312422580563
RPPH1,reversible,0.1746578180437827,0.0235041439990149
RPS26,persistent,0.61336601177983,0.0385830658545882
RPS26P11,persistent,0.7586879170910883,0.03754379418732
RPS3A,reversible,0.4956255242816331,0.7190564306268625
RPSAP9,persistent,0.2655050358693839,0.1965217337960989
RRAS,reversible,0.3136621602632551,0.0403207369639535
RRN3P1,reversible,0.2991817669202615,0.6130183555491763
RSPH10B2,reversible,0.1413951628906212,0.0209103973135386
RTP5,persistent,0.1519707458237212,0.0038841118167123
RUBCN,reversible,0.7190117298217332,0.210519593394563
RUFY4,persistent,0.1671791927176683,0.0976982358507729
RUNX1,reversible,0.2758511160065997,0.658649776963361
RUSC1-AS1,reversible,0.3691974588654024,0.0561118343255802
RWDD2A,persistent,0.3230737921022156,0.4179277716122528
S100A10,reversible,0.4340765785296535,0.4063931337995202
S100A5,persistent,0.1354758031256347,0.0108653393312669
SAA1,reversible,0.7378164310616798,2.6887047195004463
SAG,persistent,0.1667289714779973,0.0970045344753366
SAMD10,persistent,0.2088088595928255,0.415613784680901
SAMD3,reversible,0.1176854638880101,0.4865954462399659
SAMD8,reversible,0.2539536126527177,0.8613074747953584
SAMM50,reversible,0.295451038079067,0.5157816767172919
SARS,persistent,0.315676262533933,0.0296230674558481
SASS6,persistent,0.2565799715914482,0.172736190574046
SBF2,persistent,0.1837835886581955,0.4124884160941698
SBSPON,persistent,0.1325989568377646,0.0332081582492516
SCAF1,persistent,0.1481271193754086,0.0927093241982282
SCAND2P,persistent,0.2706888553504942,0.1097019840041928
SCARB2,reversible,0.2458260171097903,0.8749897271794684
SCARNA10,reversible,0.3925439299861526,0.979089786471806
SCARNA9,persistent,0.5086023316603138,0.7214828933244773
SCGB1C2,persistent,0.1256500219772094,0.512684178545384
SCGB1D1,persistent,0.1201149693095792,0.0519028483952474
SCGB1D2,reversible,0.2310375025829138,0.2817077674032842
SCGB2B2,reversible,0.167962509595898,0.6704443062145161
SCIMP,reversible,0.5013499545728535,0.2978386526906016
SCLY,persistent,0.1941760352504141,0.0248750196464288
SCN1A,persistent,0.1256253781336934,0.1823896895861924
SCN7A,reversible,0.27331316084035,0.7818135012428791
SDC3,reversible,0.1738508168243485,0.6025626810114111
SDC4P,reversible,0.1379500388774052,0.0459314555185922
SDCBP2-AS1,reversible,0.4112812532288531,0.2513821872362277
SDCCAG3,persistent,0.2416852324118386,0.4800011261338524
SDHAF4,reversible,0.3130687108522528,0.0567241765302902
SDPR,reversible,0.3282480965464003,1.273491961226525
SDR9C7,reversible,0.1347981414988156,0.5096160524868186
SEC13,persistent,0.2438186461768647,0.9297750775765704
SEC14L3,reversible,0.2287115180289519,0.2143942637859338
SEC14L4,persistent,0.2326714694016359,0.3961385219872581
SEC22B,persistent,0.2215555731774578,0.5084377832656136
SEMA3B,persistent,0.2970449001241924,0.4295472781819218
SENP1,reversible,0.3296100790185823,0.2189918214347567
SEPHS2,persistent,0.2598685057188389,0.1950761129344568
SEPN1,reversible,0.328573966803835,0.420803699539582
SEPT4,reversible,0.2797028041624029,1.1304292686227513
SEPT6,reversible,0.2122191186834975,0.2522151348542979
SEPT9,reversible,0.3212650546566984,0.107309546580301
SEPW1,persistent,0.3220886388968818,0.9872122300791188
SERF2,reversible,0.6770921879009973,0.420966539769551
SERPINA9,persistent,0.1199924081807885,0.0109149762928325
SERPINB7,persistent,0.1210503260419521,0.3129149888391555
SERPIND1,persistent,0.0878569931344239,0.0104241311516687
SERPINF2,reversible,0.2702123431391791,0.3455377544958089
SETD1B,persistent,0.1536210689050547,0.1652055114288646
SETD9,persistent,0.3810723383704701,0.5695369608953288
SETMAR,persistent,0.2356298386552084,0.5142652372145944
SEZ6L,persistent,0.1073995386242941,0.0154925153226352
SF3B1,reversible,0.2271978454592934,0.5089982495129763
SF3B5,persistent,0.2928267960288648,0.058809758151682
SFRP2,reversible,0.6339057044962014,1.4354717324755395
SFTA3,reversible,0.1169824628711277,0.2859164894644949
SGCA,persistent,0.4126099588800008,0.0336622721244079
SH2D2A,reversible,0.312422244261814,0.809743158663659
SH2D7,persistent,0.1510546388799181,0.3711484499808457
SH3BGR,reversible,0.6553248465176279,1.1030794841665872
SH3BP5-AS1,reversible,0.4103002972628808,1.6982706287863132
SH3D21,reversible,0.3597976214292574,0.0146815329455824
SHANK1,persistent,0.1380910209021302,0.0155318644463924
SHARPIN,persistent,0.2193310156384219,0.1742817472024271
SHB,persistent,0.3639649121324698,0.065408366598472
SHC4,persistent,0.1629225371449545,0.3278025020452995
SHF,reversible,0.1176996349050236,0.4971654286352028
SHOX,reversible,0.1696683038159369,0.1498167336321606
SHOX2,persistent,0.3444288332955467,0.0919521628056077
SHROOM1,persistent,0.3717140331146903,0.0647424129252905
SIGLEC12,reversible,0.1339816115143748,0.6927937980756919
SIGLEC5,reversible,0.1809842025652078,0.4680150805986849
SIK1,reversible,0.4824611722401085,0.7409691667122735
SIKE1,persistent,0.3139804335045888,0.0978416286343157
SIRPA,reversible,0.2937895614607261,0.3018720559996976
SIRT4,reversible,0.2748985489325123,0.2577358783204715
SIX6,persistent,0.1137225860574459,0.1051057747348173
SKIDA1,reversible,0.3718697311708068,0.7537614013793364
SLA,reversible,0.3404751937091744,0.2017386091258603
SLC12A4,reversible,0.2549197430874761,0.345283020048641
SLC14A1,reversible,0.3953422388493587,1.6299165004718674
SLC15A3,reversible,0.2866684935707899,0.0880496266847291
SLC16A9,reversible,0.1897601531044033,0.0558388507211143
SLC18B1,reversible,0.4027363462934818,0.7441493419613504
SLC22A10,reversible,0.5386243702367157,0.1562774020134997
SLC22A11,persistent,0.1164650461620065,0.0166760961841432
SLC22A14,reversible,0.1098075284986295,0.228484835673163
SLC22A24,reversible,0.1738042811585942,0.3334735212242552
SLC22A25,reversible,0.202779892430521,0.721111391910452
SLC22A6,persistent,0.1192778550579111,0.0512755503757614
SLC22A9,reversible,0.2087437274477353,0.805561506695091
SLC24A1,persistent,0.253281701423167,0.3814094117252844
SLC24A5,persistent,0.1137685639279268,0.1466502609127907
SLC25A11,reversible,0.2608783546078829,0.4754151079327552
SLC25A15,reversible,0.2983559945844645,0.3540458805421644
SLC25A20,reversible,0.2979447899526784,1.1354651126422806
SLC25A23,persistent,0.3978511831507312,0.1783565485968294
SLC25A24,reversible,0.2275373944245228,0.1366348031024749
SLC25A25-AS1,reversible,0.3614949851924936,0.028557686482406
SLC25A27,reversible,0.3124718140826225,1.5823987761890903
SLC25A3,reversible,0.2972571066690837,0.2220418537113177
SLC25A48,persistent,0.1507690817100951,0.020750581515278
SLC26A4-AS1,persistent,0.1240046192938361,0.0398170556397231
SLC26A8,reversible,0.1263363769837641,0.5980191001258635
SLC27A3,reversible,0.2537521339412828,0.9077353222236272
SLC29A3,reversible,0.3400082965120931,0.1051478023178554
SLC2A12,persistent,0.3650003386993875,0.3036437770880483
SLC2A14,persistent,0.1585767090966656,0.0573856107395459
SLC2A3,reversible,0.4053881629306361,0.1940058398625049
SLC33A1,persistent,0.2362188566240544,0.1128293227307985
SLC34A1,reversible,0.1239926871174424,0.2505877056165223
SLC35A3,persistent,0.2235642389035197,0.3728392576089344
SLC35A5,reversible,0.307848025687205,0.0614798134161592
SLC35F2,persistent,0.2318533981705516,0.119519747944547
SLC35F6,reversible,0.265972797560447,0.4107474310384876
SLC36A2,reversible,0.2914331439702711,0.4468528457357851
SLC37A2,reversible,0.4529916097667272,0.4174575240804143
SLC38A4,reversible,0.2157984218508598,0.8509189016162471
SLC39A14,reversible,0.2519591562332218,0.4622641210500552
SLC39A4,persistent,0.2192751456215664,0.1992874758715011
SLC39A9,reversible,0.2160437438311844,0.7644891482894529
SLC44A2,reversible,0.3625788008208575,0.4101876933115047
SLC44A4,persistent,0.3480763713462921,0.1041175815740872
SLC4A2,persistent,0.2353732427958357,0.1468044607041519
SLC51A,reversible,0.2358292717923391,0.0945228476631212
SLC52A2,persistent,0.2656216704116181,0.0738339161295737
SLC5A10,persistent,0.1423636724027997,0.1060839478693156
SLC5A12,persistent,0.4584630249268864,0.0916428774592403
SLC6A13,reversible,0.1396423322446087,0.2993874011145467
SLC6A19,reversible,0.1302587424642046,0.3053655772752665
SLC6A6,reversible,0.2940484936107359,0.2374069973869126
SLC6A7,reversible,0.1239127654836996,0.2266297043013303
SLC7A8,reversible,0.287365235353931,0.4705475815030127
SLC9A2,persistent,0.2089201410283178,0.5042211117259
SLC9A3,persistent,0.1443240811328178,0.0939018357273383
SLC9A3R2,persistent,0.4161840898573757,0.1388658834108214
SLC9A5,persistent,0.263476095810277,0.1309771847741423
SLC9A7,reversible,0.372560386916047,0.6833958196685123
SLF1,persistent,0.4738601001857898,0.0279458312579549
SLFN11,reversible,0.2681098041538687,0.2907967249856793
SMAD1,persistent,0.2402028743482504,0.3143723194858794
SMARCA1,reversible,0.2231380931202005,0.7105842027465343
SMC6,persistent,0.3999075815989693,0.5946924391482604
SMCR5,persistent,0.2872743425298632,0.277720613060024
SMDT1,persistent,0.2994844054301874,0.1804872982116133
SMIM14,persistent,0.2407102067892353,0.4164028837282355
SMIM20,persistent,0.3003043160844544,0.2858898473220849
SMIM22,persistent,0.1432752991511595,0.0545368149161772
SMIM5,persistent,0.4224283427386255,0.4653753039723685
SMIM7,persistent,0.2711153250725051,0.1691732476836631
SMR3A,persistent,0.3060901391614528,0.0426664099704044
SMR3B,persistent,0.1438722333595742,0.5100301432040294
SMS,reversible,0.3043919824316237,0.3668664070560855
SNAI1,reversible,0.4811850221324778,0.0195503915970407
SNAI2,reversible,0.3520990320068801,1.266432810907424
SNAI3-AS1,persistent,0.3002220932733466,0.0985740005751072
SNAPC2,reversible,0.2222584256291459,0.0220238552240398
SNF8,persistent,0.2019723876590813,0.5215129607677789
SNHG1,reversible,0.3104515973718859,0.8084399583045143
SNHG15,reversible,0.2473969594289495,0.2279463057738028
SNORA16B,persistent,0.2786938785907351,0.7612651198959879
SNORA30,reversible,0.2256068621753805,0.6016797990522579
SNORA38B,persistent,0.3488139175910507,0.6207685287288981
SNORA48,persistent,0.1419754795452271,0.153567186862146
SNORA53,reversible,0.4329205458745033,0.660240654682337
SNORA59B,persistent,0.2580536502921604,0.0167240152093926
SNORA5B,persistent,0.1415476960244914,0.3219798187970574
SNORA65,reversible,0.4281507237278497,0.3137905634797647
SNORA70B,reversible,0.2004643269927558,0.5020868508887477
SNORA7B,persistent,0.265502701118854,0.5111157824631881
SNORA80E,reversible,0.4023782188992711,1.723298496192843
SNORD111B,reversible,0.1179765947360691,0.7756432741960607
SNORD112,reversible,0.1560601307504721,0.165337159661532
SNORD113-3,persistent,0.3338734256191952,0.0955307044592509
SNORD113-9,persistent,0.2674168697149931,0.8987874301290404
SNORD114-27,persistent,0.3795077215866438,0.0265441229205921
SNORD114-4,reversible,0.1243754790051038,0.829922940132079
SNORD117,persistent,0.2629867775489455,0.8448455427431114
SNORD127,reversible,0.1827951820495494,0.7000100443419804
SNORD12B,persistent,0.2753412579015512,0.3154820155112748
SNORD14A,persistent,0.2505470878122498,1.0843654091316466
SNORD43,persistent,0.2778303979555488,0.0436788252138102
SNORD53,persistent,0.1813895973752051,0.1808021754980651
SNORD56B,persistent,0.2244154595629587,0.1584105659366872
SNORD59A,persistent,0.3053216267966683,0.6854486298486362
SNORD72,reversible,0.2619928006241541,0.6719029040260163
SNORD8,persistent,0.342699567846997,0.0116667288187209
SNORD9,persistent,0.2608178374617768,0.5625974401077479
SNORD90,reversible,0.3383540649537354,0.2758719214548898
SNRK,reversible,0.3209473042957513,0.4020354557333176
SNRNP40,persistent,0.3166726658274716,0.1011964370190589
SNRPE,persistent,0.1982759950042541,0.1897939250930599
SNX10,persistent,0.4669918854489894,0.7966330680512199
SNX2,reversible,0.2636076561177185,0.2660962734022337
SNX20,reversible,0.3584773709918173,0.4980872258665226
SNX22,reversible,0.4262472186551189,0.3522377852887878
SOBP,reversible,0.1505579208661938,0.7647513364701541
SOCS1,reversible,0.3895044760799324,0.2597411876558442
SOCS2,reversible,0.3374948216803209,0.6090124185450432
SOD2,reversible,0.3252920403222684,0.0270872663037336
SOWAHD,reversible,0.4209477939322443,0.4097806900572578
SOX10,reversible,0.1230702444920631,0.0006092182969639
SOX8,reversible,0.1669666161195029,0.0483252485591777
SOX9,reversible,0.4290348262280409,0.4526184647875502
SP140,reversible,0.3440252329730268,0.1186366162640051
SP140L,reversible,0.22810622765722,0.2838588635077388
SP3,reversible,0.289517972950179,0.5441792570536212
SP4,reversible,0.4121196582848103,0.7214598565479489
SP8,persistent,0.1421265709773108,0.0666632270129998
SPACA1,reversible,0.1167888784275217,0.084763283457783
SPAG11A,persistent,0.2645640416236476,0.0389463352083249
SPAM1,persistent,0.1195547360553898,0.0325356708156783
SPATA18,persistent,0.4120174977029293,0.2988989544915198
SPATA20,persistent,0.4003309300329735,0.0700013334245039
SPATA22,persistent,0.1696333441307179,0.3332700212545408
SPATA31A6,persistent,0.1553590971453072,0.1374749554597263
SPATA31D3,reversible,0.1815712247869108,0.4879465227072761
SPC25,reversible,0.1300838001093544,0.595716624006808
SPDYE1,persistent,0.1774894193598932,0.1416562784277307
SPDYE3,persistent,0.1732282957993887,0.272631484919989
SPG20,reversible,0.1976566112858497,0.2747935439806938
SPI1,reversible,0.3295373370280511,0.2318635541449646
SPIN1,persistent,0.2657090390444463,0.2925787842651392
SPIN2A,persistent,0.1953909381523422,0.6829784722674928
SPINK13,reversible,0.1117533811958156,0.1104661805367332
SPINK6,persistent,0.1244930286563122,0.0112166202333308
SPINT1,persistent,0.1421187447328763,0.1059073641168048
SPON2,persistent,0.2633432595441597,0.4402427690044305
SPP1,reversible,1.044210752777878,0.5503710401392539
SPRR1A,persistent,0.211450551396107,0.3520091800201867
SPRR2A,persistent,0.272404884968294,0.0091299279393249
SPRR2G,persistent,0.127486430189108,0.3654900319956903
SPRYD4,reversible,0.1908787734637713,0.0318680128357561
SPRYD7,persistent,0.2827293487241031,0.2922732861593813
SPTA1,reversible,0.2892036078658487,1.1958666929179436
SPTBN5,persistent,0.1476745816294416,0.0901873718078196
SRD5A2,reversible,0.3117894725724872,0.2850876409134337
SRF,reversible,0.3927222873545067,0.2634803240822981
SRGN,reversible,0.5103771783938621,0.0918500983429068
SRRM1,persistent,0.3939884437136333,0.1262700245152774
SRSF7,reversible,0.2900936937483402,1.142834670231884
SS18L1,reversible,0.2525332346472372,0.5833531414393957
SSBP2,reversible,0.3002330739143995,0.2645934503507609
SSTR3,persistent,0.155332763829066,0.0521854315612627
SSX4,persistent,0.114974302881756,0.0663375190334588
SSX5,reversible,0.1938949024030901,0.4068935871590687
ST3GAL5,reversible,0.3714139421281625,0.2242847924657081
STAC3,reversible,0.4686378653379592,0.094702055931137
STARD4,persistent,0.2856188203504871,0.2632581172657209
STARD5,persistent,0.3171150034765206,0.1020881945957146
STARD9,reversible,0.3177027456166905,0.9042581386142696
STATH,persistent,0.1155686070695896,0.0085442226032466
STIM1,reversible,0.2723875307343379,1.2195154898683485
STMND1,persistent,0.1559384088812489,0.0278216224509427
STPG1,reversible,0.3413069696084501,0.2226139787961905
STX18-AS1,reversible,0.1187009842627707,0.2471916508243874
STX2,persistent,0.3200827897362151,0.0999014565061386
SUCO,reversible,0.2717278503209454,0.2092294763284304
SUDS3,reversible,0.2768567428167304,0.4701674820705999
SUGP2,persistent,0.2688820655068345,0.0160518969680888
SUGT1,persistent,0.23028484339805,0.2269498472763456
SULF1,reversible,0.3085101956877301,1.2946068164133544
SULT1A2,reversible,0.4964809145555707,0.9376548837609456
SUMO1P3,persistent,0.3637084119384264,0.1005004956909171
SUV39H2,persistent,0.2265681645787512,0.1804903887895275
SVBP,persistent,0.5463240173611348,0.3029330300266278
SWI5,persistent,0.2207788817373974,0.1260687217165172
SYCE2,reversible,0.1295485180129252,0.0770023197407746
SYCN,persistent,0.1922894437146274,0.3125211677550034
SYCP2,persistent,0.2663746334419984,0.3433093567770426
SYN1,persistent,0.1357637898142193,0.132196193752881
SYNC,reversible,0.2876892663456694,0.9352590763246214
SYNGAP1,persistent,0.1160408599401544,0.0108341102375004
SYNJ1,persistent,0.3506038172832786,0.0976489279423271
SYS1,reversible,0.1405184225087947,0.2537266724943828
SYT9,reversible,0.1548048712290532,0.7967659764842417
TAC3,persistent,0.1556458143350113,0.0238170156546322
TACC3,reversible,0.251439290834122,0.0714685302333161
TAF11,persistent,0.2991162353139914,0.2731369131144686
TAF1L,persistent,0.181447026858517,0.344417360441175
TAF6,persistent,0.2369141203578373,0.4921247963462323
TAL2,reversible,0.2220011440427729,0.2591918337742646
TAMM41,reversible,0.3139040940069196,0.7253425110427929
TAPBP,reversible,0.2543882868110312,0.1724544004304018
TAS2R1,reversible,0.1031429739427886,0.3351409207617193
TAS2R13,reversible,0.2171425547619785,0.8416609622711554
TAS2R3,reversible,0.1832723782675258,0.6915149171403836
TAS2R5,reversible,0.1634133958504887,0.7637369879016167
TATDN2,persistent,0.1764000127603052,0.0412612610030732
TAZ,reversible,0.1931319850703483,0.3801535555292858
TBCB,reversible,0.2530148603157578,0.3606680297402837
TBX1,persistent,0.3304641932558698,0.0918332238336049
TBX5,persistent,0.2915941561479283,0.2672292936018337
TCAF2,persistent,0.5027588786369949,0.0784365962928648
TCAIM,persistent,0.3245769753032635,0.4319888695617634
TCEAL5,persistent,0.1410552270231427,0.1140134547687166
TCEANC2,persistent,0.361499377972877,0.0504201370279258
TCTEX1D1,persistent,0.3073311388358087,0.5773952999613022
TDRD9,persistent,0.1172791162091375,0.157784040041066
TDRG1,persistent,0.1302293717283077,0.0122254670815164
TEAD4,persistent,0.3661970147674804,0.1797432680766329
TECRL,reversible,0.4077374308912455,0.0583114931850611
TEDDM1,reversible,0.1364821013903684,0.2676201791683364
TEKT5,persistent,0.1718761249209508,0.3094525967282595
TESK2,reversible,0.3012007642603774,0.462215876346954
TEX13B,reversible,0.1544173656324367,0.0809511740524788
TEX14,persistent,0.179090294671694,0.1205009970788507
TGFB1,reversible,0.4558927201725573,0.6206239658294647
TGFBR3L,persistent,0.1803215544781367,0.7504915771219209
TGIF2,persistent,0.2205485287237066,0.0991811975994116
TGM1,reversible,0.5371142038379396,1.0773723937287647
TGM2,reversible,0.402530904523091,0.1712498157051405
TGOLN2,persistent,0.2966836368742643,0.3375781801687652
TGS1,persistent,0.2500318963780918,0.3739030424108672
THAP10,persistent,0.2211417474986489,0.0623401104200429
THAP9,reversible,0.1821723373460577,0.0552050105887299
THBD,reversible,0.420270390957601,0.2595327616194753
THBS4,reversible,0.6243900266077167,0.0571362419237397
THEMIS2,reversible,0.5097723173947544,0.3214730286767519
THNSL2,persistent,0.5743791720561205,0.1896483859746265
TIAM2,reversible,0.1281660087574354,0.5216164634630962
TIFAB,persistent,0.1545541616374804,0.0686139705329049
TIGD4,persistent,0.1143402526460854,0.3317885846921071
TIMELESS,persistent,0.2461468893431277,0.2310832728450759
TLDC1,reversible,0.1914001538709079,0.4109283129836622
TLL1,persistent,0.2889425825872179,0.0760865266411238
TLR2,reversible,0.348516516386735,0.2419784161671447
TM6SF1,reversible,0.3870001580687681,0.1219902031978241
TMA16,persistent,0.3652529040654954,0.4926538967702036
TMCO5A,persistent,0.1027799036022537,0.0260529091016618
TMED8,persistent,0.2848436234426408,0.1672599136606662
TMEM100,reversible,0.3859398965971903,0.1837593412388847
TMEM105,persistent,0.1646416073598636,0.2566836971479412
TMEM126B,persistent,0.267333404631682,0.1198874859510892
TMEM127,reversible,0.2608297701822802,0.4444802600540938
TMEM129,persistent,0.1816620096683288,0.1651385207522401
TMEM132D,persistent,0.1362438116184855,0.0329072561842281
TMEM133,persistent,0.267429158139184,0.1108996682160332
TMEM145,persistent,0.1440108788533897,0.0842526496256535
TMEM150B,reversible,0.4392646287164256,0.186904247665385
TMEM165,reversible,0.2556425248364392,0.7437160048120369
TMEM167B,persistent,0.2020670576904238,0.1153020769982913
TMEM187,persistent,0.2219844878864978,0.1494370710427199
TMEM198,reversible,0.2622952394715334,0.5044730364258164
TMEM200C,persistent,0.1510366178906602,0.1614748815055054
TMEM206,reversible,0.2893476469294925,0.3640832893788099
TMEM217,persistent,0.9457222161295838,0.06636268954844
TMEM232,persistent,0.1325530933943024,0.1893445106554099
TMEM236,persistent,0.2175288509526217,0.4313521754642097
TMEM242,persistent,0.3470253334351509,0.0045046285414184
TMEM243,reversible,0.3828037579832566,0.4014629297380734
TMEM25,reversible,0.3627651256545105,1.4056808967125538
TMEM259,persistent,0.1543655030522815,0.3070643355385138
TMEM31,persistent,0.2503310553463894,0.0727374424420572
TMEM35B,reversible,0.2692246963815285,0.5648028459320354
TMEM51,reversible,0.3259458642498269,0.2617858720744124
TMEM56,reversible,0.2588585413231679,0.9979844294611264
TMEM63B,persistent,0.380292249893579,0.8658215023192285
TMEM63C,reversible,0.118269651633406,0.5992050242042144
TMEM88,reversible,0.3748737568065547,0.7100791139202198
TMIGD3,reversible,0.4407224115217068,0.6810704013619104
TMPPE,reversible,0.1312084946910427,0.3600654949671769
TMPRSS11A,reversible,0.1085113818003334,0.3746961026245847
TMPRSS7,persistent,0.1636342830468668,0.501723112277942
TMSB15A,reversible,0.1387119090906918,0.5255139365807981
TNFAIP8L2,reversible,0.3321738713809735,0.4385283120177444
TNFRSF11A,reversible,0.3525960527940697,0.3870175557977178
TNFRSF14,reversible,0.2662245990597061,0.6596328308594747
TNFRSF1B,reversible,0.2642436894117748,0.2107967405366265
TNFRSF21,reversible,0.2923066746751032,1.0361948930370508
TNFRSF8,reversible,0.3779648849274026,0.4273353049905662
TNFSF15,persistent,0.3460838706790685,0.7038435839233746
TNIK,reversible,0.3258752066215888,0.8457162664103425
TNIP3,reversible,0.1148009973677718,0.5577015678433502
TNNI1,reversible,0.4515776664339327,0.3313819689020462
TNNI2,reversible,0.3820853976725232,0.1879041901153445
TOLLIP,persistent,0.2865515409829404,0.4872950807143045
TOM1,persistent,0.2827420596936982,0.4685390354739952
TOMM34,reversible,0.2504809350196009,0.1925887870790539
TOMM40,reversible,0.2623207712530783,0.1553949698708642
TOMM40L,reversible,0.28131834219095,0.0418234480449897
TONSL,persistent,0.2532828183178446,0.1583211769725548
TOP1,persistent,0.4087037023437414,0.3040530959387512
TOP1P1,reversible,0.280607970782865,0.9692671539061308
TOX3,persistent,0.1912697763471576,0.3566059661527524
TP53RK,reversible,0.2242571962553622,0.2224866285915223
TP53TG5,reversible,0.1531645824924778,0.0415461443816311
TP63,reversible,0.2683373344958742,1.1489284982335162
TPP1,reversible,0.2671694431801363,0.3331161384631597
TPPP3,reversible,0.4765560290918699,0.4945982957688445
TPRKB,persistent,0.4341413991262983,0.0541641933359839
TPRXL,persistent,0.134321552742134,0.0401437494431637
TPTE2P6,reversible,0.1296722053815963,0.5270187184906161
TRAF4,persistent,0.2441420706145249,0.1194705484690508
TRAF7,reversible,0.1654302471924839,0.4788964264124925
TRAFD1,reversible,0.2497279006141642,0.3290762486359277
TRAPPC12,persistent,0.2329397312318191,0.4073917062398408
TRAPPC2B,reversible,0.3672715300822631,0.0309565218312544
TRAPPC9,persistent,0.2582717601673968,0.3327956032984717
TRAT1,reversible,0.167169009183587,0.3446291783529628
TRAV20,persistent,0.2086538823972253,0.3504646223130384
TREM1,reversible,0.4829784287375768,0.5252221641047797
TRHR,persistent,0.1325272288280999,0.0315467429288647
TRIM2,persistent,0.3652816730035246,0.453847733683263
TRIM25,reversible,0.2808998469736076,0.6452459704049506
TRIM34,persistent,0.204570503358797,0.0664435891469474
TRIM37,persistent,0.2085626253476956,0.22794401570691
TRIM43B,reversible,0.166940584429807,0.321977592523995
TRIM44,persistent,0.249637866858129,0.0593781094131189
TRIM49B,reversible,0.1329454724847191,0.6445748421162178
TRIM54,reversible,0.2428971409430594,0.1094458599208722
TRIM58,reversible,0.4339398019971057,0.6933437326888666
TRIM59,reversible,0.1119292169025971,0.0223546510177723
TRIM74,reversible,0.1471698042601824,0.4317575489689552
TRIML1,reversible,0.2772492394581414,0.0405928560574691
TRMT61A,persistent,0.1983301132995814,0.0854470167663828
TROAP,persistent,0.1226768356543947,0.3604169003171312
TRPC2,reversible,0.1318515582024713,0.259380045255215
TRPC4,persistent,0.1281910545289667,0.322350177608052
TRPM2,reversible,0.3452280523239959,1.0302377772448186
TRPM8,reversible,0.1430073140698014,0.4037663084619504
TSACC,reversible,0.3604919452035736,1.6681142845312664
TSC22D1,reversible,0.4712281614475511,0.051242779737468
TSPAN3,reversible,0.581807294582995,1.2095852225096428
TSPO,reversible,0.3429100032824798,0.46429909142963
TSPOAP1,reversible,0.4121127019822802,0.4761795159717635
TSPY2,persistent,0.2170856465898495,0.0155268709362874
TSSC1,reversible,0.2308881944219097,0.6935495056304819
TSSC2,persistent,0.1244599466162805,0.1145248883038464
TSTD1,persistent,0.4430893120753147,0.5585283087302093
TTBK2,persistent,0.3229987099764591,0.5157799035181982
TTC17,reversible,0.180157907519354,0.822236163248914
TTC22,reversible,0.1456339805513855,0.0653976330617279
TTC25,persistent,0.2747898781681216,0.0869388105133431
TTC26,persistent,0.2745000037322232,0.3376100361881281
TTC29,persistent,0.1012767375160609,0.054219839873331
TTC30A,reversible,0.2380341983154018,0.6336764752380816
TTC3P1,persistent,0.1365282554998673,0.2733183652310114
TTC41P,reversible,0.1275987892622551,0.196425456884285
TTC9C,reversible,0.2307130666881295,0.2163477472781784
TTTY13,persistent,0.1464573093420759,0.5742173813995045
TTTY22,reversible,0.242451308489254,0.0274488212089238
TTTY5,persistent,0.1246484051747139,0.3834289736751774
TTYH3,reversible,0.3363440632128074,0.0337057517807545
TUBA3E,reversible,0.160813752716018,0.6732955237273869
TUBB4A,persistent,0.1967963285048795,1.283246979636815
TUBGCP3,reversible,0.2892286441967703,0.4945933330532129
TWISTNB,reversible,0.1570447831026888,0.0817112915728739
TXNDC2,reversible,0.1166536653106957,0.1040086622815744
TXNDC8,persistent,0.1378342944695035,0.0599578686983781
TXNDC9,persistent,0.2719538544661085,0.1711158686577136
TXNIP,reversible,0.4532035517290973,0.2407394951737184
TYROBP,reversible,0.6836331163331903,0.6855849737001892
TYSND1,reversible,0.2092599302211465,0.0071075267527844
TYW1B,persistent,0.5016434441194649,0.5157957748367832
UBASH3A,reversible,0.1301194523530023,0.436449991637918
UBASH3B,reversible,0.3071276936611707,0.1768747811561946
UBE2D2,persistent,0.1962937878923071,0.0897662224751799
UBE2F,reversible,0.1914416680386859,0.8571826668214371
UBE2J1,reversible,0.228570214065499,0.0634446161767132
UBE2L6,reversible,0.2889599937482698,0.2081820322420575
UBE2QL1,reversible,0.5891193924276114,0.1452316907920169
UBE3B,persistent,0.5161868222780748,0.1199324638035592
UBFD1,persistent,0.1796888012503703,0.2010522482366709
UBL3,persistent,0.2750390649907581,0.3505364311991322
UBQLN4,persistent,0.3607527954347158,0.5172979569094973
UBR7,reversible,0.2850610871347911,0.5132908906092439
UBXN11,reversible,0.2638317823610628,0.2053851689500625
UCA1,persistent,0.20276895788166,0.00986505894687
UCHL5,persistent,0.2400859218439227,0.0053503419788845
UCKL1,reversible,0.336319006902665,0.4801289034958367
UFD1L,persistent,0.1721052366228681,1.1036384844985518
UGP2,reversible,0.5059788821710598,0.3462222461390496
UHRF1BP1,persistent,0.4052236255244604,0.209107574311005
UNC119,reversible,0.2169303199357422,0.990077839784626
UNC45B,reversible,0.1162904230204645,0.1208298989958723
UPK1A,reversible,0.1424224248557619,0.5503384156070037
UPK3A,persistent,0.1903693148308476,0.068316134854507
UPP1,reversible,0.230381679752115,0.1512210268557492
UQCC3,persistent,0.2585689956538026,0.0053462009130896
UQCRFS1,reversible,0.2727899358305153,0.3928896657263318
URB2,reversible,0.2640962543906263,0.5856755027002705
USF1,persistent,0.4370452605528472,0.12110386826193
USH1C,persistent,0.1170498642103716,0.0123435347878685
USH2A,persistent,0.1039706357853093,0.0463930805817273
USP27X,reversible,0.2286325883996296,0.1694282484243057
USP33,persistent,0.2450961212307665,0.3399405416687056
USP34,reversible,0.3561882524334478,0.0536654486120723
USP48,persistent,0.204386712670351,0.2210831256333578
UTRN,persistent,0.1699487826832829,0.2678854706651969
UVSSA,persistent,0.4052540054480647,0.0991610600104949
VAV1,reversible,0.291257052100585,0.4053939075231889
VCX2,persistent,0.1752322406505742,0.3045799746989648
VENTXP7,persistent,0.1537493104715791,0.0120808223525923
VGLL2,reversible,0.3368178512794481,0.0141997783932537
VHL,persistent,0.3767273141342468,0.1061890842706565
VILL,persistent,0.3559807525655993,0.2365954063083562
VIT,persistent,0.2920507267753596,0.008981188163019
VKORC1L1,reversible,0.2480559573153498,1.5887768467953682
VMO1,reversible,0.3442987871749756,0.2611712857212888
VN1R1,reversible,0.1609805090686344,0.4766967841572453
VN1R4,persistent,0.1063929857161357,0.0203049376762259
VNN1,reversible,0.3544341827661275,0.3798384179403037
VPS13A-AS1,persistent,0.1205876149325838,0.0075592806496528
VPS13C,persistent,0.2675465556819704,0.2746739094623043
VPS26B,persistent,0.1601145222552916,0.0583801141724336
VSIG10,reversible,0.2844442852380886,0.5624759837150579
VSTM2A,persistent,0.1247570547008818,0.0765322129820044
VSTM2B,reversible,0.1219998079200267,0.7262863025842091
VTI1A,persistent,0.4357480351872761,0.0196977479591698
VWA5B1,reversible,0.1511292071380331,0.3042854499515848
VWC2L,reversible,0.1358236571404943,0.1922633136382532
WBP11P1,persistent,0.1616245267629994,0.1032557554678523
WBSCR17,reversible,0.3305278612892644,0.931663001793166
WDPCP,reversible,0.3313355049517498,0.644572674230881
WDR35,reversible,0.2686923380499808,0.7993094134694598
WDR38,persistent,0.1374191379931132,0.0333430944460252
WDR43,persistent,0.4306634572583073,0.1409538868210176
WDR61,persistent,0.2118014152758367,0.1290941105433977
WDR64,reversible,0.0930474622539943,0.0183100728175982
WDR76,reversible,0.2580716823884071,0.3087612133165271
WDR81,reversible,0.2067309050146277,0.4233339811907657
WDR83OS,persistent,0.2202120611186822,0.3590478962404405
WFDC11,reversible,0.1413127815942073,0.217541072355878
WFDC8,persistent,0.1081460972313181,0.0148850242962367
WFIKKN1,persistent,0.1713747970989647,0.0553309141351108
WHSC1,reversible,0.1528456528636051,0.4958295666008098
WIZ,persistent,0.2109053972493747,0.2001424349364975
WNK2,persistent,0.1511012082643663,0.091401974032683
WNT10A,persistent,0.1322451931737918,0.0531225913965397
WNT6,reversible,0.1415446184577471,0.0975955942396577
WNT7B,persistent,0.1483889213842775,0.0381074693884736
WNT9B,persistent,0.1799595017501718,0.0153483518633892
WSPAR,persistent,0.1561579247782281,0.0285664084947658
WTIP,persistent,0.1362068277324949,0.2388685136405695
WWC1,reversible,0.4596273155208272,1.885797379016354
XAGE2,persistent,0.1603625737951508,0.0195829014374994
XCL2,reversible,0.1613368845340783,0.8765829908001652
XCR1,persistent,0.1595649307523622,0.5163091485441549
XIRP1,reversible,0.4304847807510001,0.4014411562937865
XKR3,persistent,0.1396688999152301,0.0645973220167885
XKR4,reversible,0.151222741650198,0.0327978814359468
XKR8,reversible,0.2608718129176673,0.4852607209075686
XRRA1,persistent,0.4074496437970969,0.1891616188754619
XYLT2,persistent,0.2574743287915732,0.0466041262545158
YBEY,persistent,0.328494234328455,0.0076013114111891
YIPF6,reversible,0.2295013893727512,0.8108922021880514
YKT6,reversible,0.2418739284149837,1.164955186797354
YPEL4,reversible,0.2657881764605312,0.0561515304065024
YTHDC2,persistent,0.2271884808740315,0.1310455643365313
ZAN,persistent,0.1336723968689379,0.4392756280124251
ZBTB18,persistent,0.2394772135162852,0.4417593291792446
ZC3HAV1L,persistent,0.1410072217394289,0.1261025499823956
ZCCHC14,reversible,0.2430089380343846,0.7907635314059546
ZDHHC8,persistent,0.2901635058956214,0.1488030830660112
ZFAND2A,persistent,0.2853324073708947,0.0283815379185163
ZFAND5,reversible,0.4931159306997381,0.4662820764490171
ZFAND6,persistent,0.4226377274362611,0.0019767413348999
ZFHX4,reversible,0.1798342798732339,0.1861938713293646
ZFP36,reversible,0.6943597186195923,0.3695599712367486
ZFP69B,reversible,0.171480838072656,0.4471380548587766
ZFP91,persistent,0.4895914880358941,0.6579557366002463
ZFYVE27,reversible,0.2037270352665084,0.0554777075753058
ZHX1,reversible,0.1719482222450518,0.3375488908269057
ZMAT4,reversible,0.1173697330803213,0.2627871100285817
ZMIZ2,persistent,0.2148472594334255,0.10829048139431
ZMYM4,reversible,0.1870647474346842,0.2243463958070212
ZMYND15,reversible,0.2844928430712173,0.1385862584053364
ZNF114,reversible,0.1376393800083462,0.5293259688007598
ZNF117,persistent,0.361296330088876,0.0002931254805317
ZNF131,persistent,0.3402249052589361,0.5160352478154265
ZNF136,persistent,0.2444425294694416,0.4384001093858595
ZNF195,persistent,0.2091795450752916,0.2490138141010259
ZNF257,reversible,0.2027189830779208,0.0428706183628182
ZNF260,persistent,0.2818829249311146,0.3988836705974375
ZNF280B,persistent,0.1416249089160028,0.3170226250667092
ZNF296,reversible,0.2436076253920919,0.0131620812814772
ZNF311,reversible,0.3462269585927304,0.8920328043907813
ZNF337,reversible,0.3040552662982812,0.8564634903407403
ZNF358,persistent,0.3332327518255848,0.3083590628256427
ZNF362,persistent,0.2392021505412696,0.1497163593136836
ZNF385B,reversible,0.3452370673823542,1.2787068944161608
ZNF385C,reversible,0.3611558879909448,0.8462338708541038
ZNF44,persistent,0.4762342134289019,0.326040215413899
ZNF462,persistent,0.3769465847605733,0.1301795322318435
ZNF479,persistent,0.1860657050732762,0.0814549586615607
ZNF525,reversible,0.182343899671833,0.6058587568532535
ZNF528-AS1,reversible,0.3225884475851923,0.509009183484779
ZNF548,reversible,0.2302452950839098,0.7571239654537181
ZNF556,reversible,0.175185415522185,0.4609854036320182
ZNF573,persistent,0.3542028153385004,0.5410397977870296
ZNF575,persistent,0.1245506695949512,0.3672757768542568
ZNF579,persistent,0.1957730050743406,0.246569160409532
ZNF580,persistent,0.8615202231500808,0.1630985062158539
ZNF582,persistent,0.2721392391258887,0.0678366770666894
ZNF600,reversible,0.4548059983844098,0.8716211704468257
ZNF621,persistent,0.3858433714675768,0.4355211977450068
ZNF627,persistent,0.325351804108289,0.4256797431078577
ZNF658,persistent,0.2009803525095132,1.0682385335457203
ZNF672,reversible,0.2885418957752375,0.0057931607979262
ZNF70,reversible,0.2197213185307295,0.814352651328978
ZNF705B,reversible,0.1445168311813029,0.4645162076480447
ZNF705D,reversible,0.1617501066621136,0.2809730492201691
ZNF713,persistent,0.1346354072548332,0.3907791693105479
ZNF736,persistent,0.2484006839554813,0.413719067858075
ZNF738,persistent,0.4186838404017936,0.5438131514821769
ZNF74,reversible,0.2696773915445959,0.2980333670588697
ZNF749,reversible,0.1458855686472319,0.4469418867380029
ZNF773,persistent,0.4619629004267854,0.0228705745134916
ZNF778,reversible,0.1421272255208473,0.0015957803349435
ZNF790,reversible,0.1226286725638269,0.9509458409830616
ZNF815P,reversible,0.1576577811076516,0.5981093750142731
ZNF865,persistent,0.1593450225385002,0.2603936106275021
ZNF880,persistent,0.4335356072806183,0.4942487169011698
ZNF90,reversible,0.3003677542765002,0.5759028948061062
ZNF98,persistent,0.131854814922804,0.2055578570439073
ZNF99,reversible,0.1256996361981697,0.0998400532734923
ZNRF2,persistent,0.3000834865528132,0.1788648968251885
ZNRF3,reversible,0.347255541014269,0.0740709988666642
ZP4,persistent,0.1703712546170546,0.5812315997574691
ZRANB3,reversible,0.2536778530447927,0.4661868167604608
ZSWIM5,reversible,0.1392840603163723,0.7605387454954408
ZSWIM8-AS1,reversible,0.3463416805555128,0.0514528234131501
ZW10,persistent,0.2109660844789792,0.1382735603208149
ZXDC,reversible,0.2229181904314624,0.8637811665244232
