gene,meth_delta,expr_delta,expr_p,expr_sig
A4GALT,-0.0003749246582984377,-0.20505920617375228,0.1983230239499439,False
AAAS,-0.0028715035015753547,-0.44852649320022464,0.1223723063729992,False
AAED1,0.0011945997369601092,-0.141297014773818,0.502299159097336,False
AAK1,-0.001732228515202805,-0.14394970372529,0.17346333127624097,False
AAMDC,-0.002486252046703781,-0.014926179288022744,0.8965485890636036,False
AAMP,0.0008848470040061411,-0.17912352442651447,0.5826467235924822,False
AAR2,-0.0013619734513094926,0.35636670558005334,0.28876698703040393,False
AARS,-0.0008619890351182925,0.20455399725337767,0.4895328208174514,False
AARSD1,0.0011429239489970085,0.12789592792296434,0.2286195310051436,False
AASDH,0.0025040366248073585,-0.02931268640571429,0.9148314120173247,False
AASDHPPT,0.0011388715326487598,0.2006719613837022,0.15230750927378767,False
AATF,-0.0014353661091449875,0.028997315676204574,0.8481052673476728,False
ABAT,0.0007044319128272444,-0.1278842505907078,0.7330792013765727,False
ABCA5,-3.080437554519284e-05,-0.1533264893027104,0.5455921950700442,False
ABCA7,-0.00104360700518664,-0.28029413213869836,0.414914706410237,False
ABCB1,-0.003107101266654852,-0.5225250415918397,0.06839156956400595,False
ABCB4,-0.0045242630081970495,-0.16775146581347034,0.5063806946738638,False
ABCB7,0.013019290992249893,0.25991883902193075,0.38418014021478164,False
ABCB8,0.0007779737093458562,0.33106712113975706,0.25750556808120023,False
ABCC10,-0.0017452975733661016,0.10490858835027936,0.7402254539552277,False
ABCC3,-0.0003924755690320927,-0.5505485510797341,0.09696845460648963,False
ABCC5,-0.0021867515960397547,-0.02259143510464925,0.950842451766366,False
ABCD3,-0.0007840113338069527,-0.1522451238376339,0.6485938109388483,False
ABCD4,-0.0008962950662937279,0.2128115537117083,0.6575657526704164,False
ABCE1,0.0006431114969994899,0.13766718308908907,0.662341041379957,False
ABCF1,0.00016835249395977258,-0.17018045726341516,0.5369665380258845,False
ABCF2,-0.0007028131483270952,0.3945132887251525,0.01651191084403077,True
ABCF3,0.0007100186797106186,0.15420494949890984,0.4912721396999228,False
ABHD10,-0.0010539498324729805,0.3127195889225683,0.2293813269681798,False
ABHD11,-0.00019216190990906852,-0.11066614542669861,0.6873597048655228,False
ABHD13,0.0011929898758155173,0.2921330184950369,0.32083194079497485,False
ABHD14A,-0.0015441636263511013,-0.04481287544441508,0.801091759313275,False
ABHD14B,-0.0011172100375755516,-0.16069790025386144,0.3345694324250013,False
ABHD16A,0.007447448604906296,-0.19837722910432198,0.21931560341313777,False
ABHD17A,0.0017623410808484828,-0.04135523567886834,0.8475437280676226,False
ABHD2,-0.0028431289381334445,0.15546049279529525,0.48477301472293277,False
ABHD3,-0.0028110295310947555,0.23850443822017034,0.5575887856941437,False
ABHD4,0.0004750282283468419,-0.5928494404263681,0.08563277041199027,False
ABHD5,-0.0005801033676492313,-0.08291726791225283,0.7830977850657923,False
ABHD8,-0.001760681486425442,0.17377506916540691,0.5469563712841663,False
ABI1,-0.0022514986592044013,-0.17098127883542155,0.4156727894674491,False
ABI2,-0.002881202573307896,0.19871096554086598,0.4505037983490032,False
ABI3,0.005308761910190355,-0.14505449534604248,0.6329154494115965,False
ABLIM1,-0.002496062327240262,-0.3000869378330334,0.3889560383821904,False
ABLIM3,-0.003200450354363151,-0.2762726682248155,0.20329102897052148,False
ABO,-0.004660544315071052,0.11176119455327843,0.5547962150286243,False
ABR,-0.0005902919332361857,-0.37151299420932243,0.3117495772572278,False
ABRACL,0.0017375913243061472,0.036009725080056496,0.5666835582481204,False
ABT1,-0.0009591424920021618,-0.2801087309219804,0.15279460905257602,False
ABTB1,-1.0598797436100538e-05,-0.09287860793889664,0.254168385235222,False
ACAA1,0.00016641140733255545,0.21854951562997194,0.5321397776095137,False
ACAA2,0.0029874022987130345,0.03295244381437801,0.6398529403422337,False
ACACA,-0.0017245448347522608,-0.548140006560513,0.10759092045226079,False
ACAD8,-0.0035591680143234237,0.10706266847965264,0.7297750557655343,False
ACAD9,0.00021872916480200364,0.0206085405361537,0.9597096238570422,False
ACADM,-0.001111285826871755,-0.2072703898024759,0.41540910814312637,False
ACADSB,0.000157247846312326,-0.34984516717587655,0.04582462419174158,True
ACADVL,-0.0010244777224774962,-0.10973171124480927,0.6928131836606671,False
ACAP1,-0.0021681427320460957,-0.5404700950081048,0.011558157882718023,True
ACAP2,-0.0017899477541115489,-0.08460868329017648,0.8058608405354981,False
ACAT1,0.0006343894020923156,0.0514065724405941,0.8544033532549246,False
ACAT2,0.00040400138872204774,-0.22311496462759114,0.19128273701625054,False
ACBD4,-0.0005463809380362005,-0.3783425900023041,0.07321138036272945,False
ACBD5,0.0007465331522984592,-0.5166298726127923,0.16531475723248695,False
ACBD6,-0.0012321913280651648,0.5164186445452142,0.02799330580713455,True
ACCS,-0.00624432629191809,-0.3884782719462754,0.1646596696510387,False
ACER3,-0.002161884504971871,-0.043375424874422114,0.8541387760667505,False
ACKR1,0.00021731593817889415,0.21465680925048838,0.30711271657716555,False
ACLY,-0.0015353729537130529,-0.7650657042496005,0.06121228428051075,False
ACO1,-0.00019858824904485893,-0.04963719736809543,0.856831178796578,False
ACO2,-0.0006124301141808,0.0392390599225676,0.9096936931015212,False
ACOT13,-0.0028885612141476163,0.11453079723115482,0.1256738648052561,False
ACOT7,-0.0009910695259606151,0.053742128288171945,0.8178380461668989,False
ACOT8,0.0015466976120824948,-0.034040269236289826,0.774470499207145,False
ACOT9,0.016886216036313968,0.0519828105196773,0.7162560743314089,False
ACOX1,-0.0017076757078825287,-0.05940172041815907,0.7630836408702844,False
ACOX3,0.0008113553302403106,-0.06806102142644363,0.8303717713742139,False
ACP1,-0.00011292915138858212,0.08568935709985867,0.6626927892671204,False
ACP2,0.0007993747450258877,-0.47772388759099393,0.18734754377447407,False
ACP5,-0.00357042602449455,0.29476105817794956,0.4327533273068984,False
ACP6,-0.0008713502499024351,0.09700099217011188,0.7492910816748254,False
ACPP,-0.00563885663640962,-0.04331177944185291,0.842076449604956,False
ACRBP,-0.006416223286008219,0.24191730046189905,0.26491854243258484,False
ACSF2,-0.0013224114935901515,0.46715749738096946,0.15425183504278894,False
ACSF3,0.0008191598136497121,0.3919901003223274,0.20724205438714474,False
ACSL1,-0.0045283901425694955,0.134940025571222,0.8072087021139039,False
ACSL4,0.02242483741130565,-0.030598545508638806,0.9438798457608712,False
ACSL5,-0.0008768662460641158,0.28704750169249843,0.249179079842678,False
ACTA2,-0.0022509724722392242,-0.01435492525885714,0.971500226895406,False
ACTB,0.0013908780809673154,0.014470797786605673,0.9016181420520337,False
ACTG1,0.0002100766084256339,0.27189122828755274,0.24910479038935127,False
ACTL6A,-0.0008427119725683744,-0.25452017052308235,0.22670393485308904,False
ACTN1,-7.992879030559209e-07,-1.0817282405081532,0.013736217085412521,True
ACTN4,-8.014015180748279e-05,-0.2948784056879973,0.17842213384692684,False
ACTR10,-0.0006245937459441136,-0.10484026055479549,0.5412947891088282,False
ACTR1A,0.00011583273570818715,-0.13538882550781958,0.3159423829054536,False
ACTR1B,-0.001778059556738952,-0.4239993429760287,0.30451742174963314,False
ACTR2,-0.00012848170877718932,-0.06860277405413243,0.7496056196061054,False
ACTR3,0.0020291272100317025,-0.03340988738544729,0.7718624467528691,False
ACTR3C,-0.0025624771731270236,-0.3280040371198423,0.1779568809121821,False
ACTR6,-0.0001432470217847651,0.38682503958178704,0.09138971140614606,False
ACTR8,0.0006089212758374185,-0.07201611418971877,0.7797769769097729,False
ACY1,-0.00010397360028209229,0.448554633593852,0.03949764305327399,True
ACYP1,0.001045769272694018,-0.37417674729418865,0.046096830997544025,True
ACYP2,-0.0007748383498737417,-0.0779065094494209,0.5235037176725552,False
ADA,-0.0007623504976795631,-0.481710617619083,0.1789809004622698,False
ADAL,-0.0005943553033193309,-0.40883772822610154,0.10077201930580668,False
ADAM10,-0.0029960742761397045,-0.2722246806442575,0.28699991969262195,False
ADAM17,-0.00011299762680426694,-0.25397773387834965,0.47391208962296083,False
ADAM19,-0.002783564622750506,-0.17999616675378874,0.4220473746224206,False
ADAM28,-0.002132619885689666,-0.2271728676369867,0.3486579006062355,False
ADAM8,0.001891885584294735,-0.6220050804756053,0.1617372508646902,False
ADAMTSL4,0.0013557470142613018,-0.14986359076168485,0.6792467954038655,False
ADAP1,-0.0005869006054193478,-0.5580788517252097,0.015697532044235248,True
ADAP2,-0.00262866480241346,0.25676343928653855,0.33853066298383144,False
ADAR,-0.002608490907348667,0.5114319030035598,0.2960048019982198,False
ADAT1,0.0006154574545599929,0.2950536783346366,0.4518671981177671,False
ADAT2,-0.0014135529914051828,-0.29834535882063407,0.41736040210517367,False
ADCK1,0.0003519513551098615,-0.012637976049915838,0.9557966524684393,False
ADCK3,0.0007023874784602911,-0.5207972379355795,0.1341093806417206,False
ADD1,-0.0022011940045795052,-0.0625366455097754,0.788561000819813,False
ADD3,-0.0028045356107730124,-0.1905927575032627,0.45436017691121533,False
ADGRE1,-0.007430576749897965,-0.09959085583449527,0.6186369803940527,False
ADGRE2,0.0003332347699657218,-0.78289745235006,0.08079165308978266,False
ADGRE3,-0.006056839304406733,-0.13704288845029844,0.43333969854187404,False
ADGRE5,-0.0030858167889304855,-0.22260844933098844,0.3249448351551321,False
ADGRG1,0.00033277803194337876,0.6641634601763435,0.13359539697376893,False
ADGRG3,-0.0018238812029243146,-0.2168569672725727,0.6152761061782378,False
ADGRG5,-3.411606459122847e-05,0.2008008349162243,0.4563989357917789,False
ADH5,-0.00011077120190429449,-0.02914711290234336,0.8173492252408039,False
ADHFE1,0.00011193902928657497,-1.215689814621936,0.004654166117488387,True
ADI1,-0.0009311648822817342,-0.005759464082088359,0.9754101891405291,False
ADIPOR1,0.0005086204786717773,-0.055665008556868796,0.7648584515645847,False
ADIPOR2,-0.002908414370208111,-0.019373187698952847,0.9485328775714217,False
ADK,-0.002205549552175552,-0.015457254454007597,0.9034301132679863,False
ADM,-0.0001674499520975333,-0.34917472482779527,0.3859918537752812,False
ADORA2A,0.0005247990753026879,0.06222001471396194,0.8330436703318922,False
ADORA2B,0.0007783235423023648,-0.24799294562741084,0.277727024574898,False
ADPGK,0.00046706218802905535,0.023766184768177476,0.8842373252161945,False
ADPRHL2,0.0023731756605226448,-0.18398484623699288,0.37983985776548956,False
ADPRM,-0.005947842880663725,-0.18392702300207184,0.5225250708043419,False
ADRB2,0.0019280277209633707,-0.2770036515960295,0.08817870102511643,False
ADRBK1,-0.0014163301665576116,0.5764905416835262,0.12350072824572561,False
ADRM1,-0.0004546993162250011,0.15957995976039463,0.345471295246104,False
ADSL,0.0007855800436305404,-0.08289344132641989,0.38502521562998215,False
ADSS,-0.0018833140830104972,0.25234965596530695,0.08620679401132454,False
AES,0.002057796060101191,0.06186645764942525,0.8630550112084471,False
AFF1,-0.0038945286340708292,0.26524782548137454,0.4814973434377716,False
AFF3,-0.001746993184367295,-0.21381893687502596,0.27368437791671985,False
AFF4,5.1360359002822644e-05,0.288942486869728,0.3131066553677577,False
AFMID,-0.0008791222508962335,0.07654061744212297,0.8162789789645879,False
AFTPH,-0.0012138037986490827,-0.20506879231040245,0.35453509397479754,False
AGA,-0.0019422303488988624,-0.11981153343543147,0.4890938340916603,False
AGAP2,-0.000929409951534183,-0.13473677959231134,0.6407575514918378,False
AGBL2,0.0021211500140752705,-0.057487210085027246,0.860635917377478,False
AGBL3,-0.0011423132658527433,-0.3884696886502288,0.09606968642965247,False
AGER,-0.0009220628727323907,-0.0912815653140716,0.7414223965030282,False
AGGF1,-0.00013088552479887522,-0.5008993988370685,0.06264104923882396,False
AGK,-0.002126517128766553,-0.3588610837879441,0.3795477404179596,False
AGL,-0.0023013526551175683,-0.16621563830473096,0.5397161878667245,False
AGPAT1,0.0009791941470965087,0.4315528653373352,0.09137499903081175,False
AGPAT2,0.006742327312959321,-0.3109034266176256,0.3581047875918851,False
AGPAT3,-0.0004262942896064967,0.20788802459044806,0.48388238244887094,False
AGPAT4,-0.000882470558849754,0.5812865555428781,0.05010424974187728,False
AGPAT5,-0.002685211764980436,-0.14762377683931993,0.48768738748725915,False
AGPAT6,-0.0022889801496380918,-0.49328284812831175,0.1965583279424488,False
AGPAT9,-0.0013518242670680983,-0.528256824041978,0.055691716233429646,False
AGTPBP1,-0.002159630807668375,-0.08075116418520428,0.49731000166609596,False
AGTRAP,-0.00468152165167605,0.05214735887269869,0.6207997080600411,False
AHCY,0.002441680062427288,-0.2318420916454081,0.19016911225549912,False
AHCYL1,-0.0028227698395517755,-0.29733109961335297,0.07972796303825695,False
AHI1,-0.004471935821760436,-0.10003813326607441,0.7176977886882601,False
AHNAK,-0.0025991944537741836,0.14733013767868006,0.41516955488636886,False
AHSA1,0.0016706685327224876,-0.34661720843014526,0.01719863643668764,True
AHSA2,-0.0003685958577283129,-0.7773507068857308,0.018172730422826727,True
AHSP,-0.012012606704188454,0.059388361796996726,0.7771716089051566,False
AIF1,-0.008078434099389777,0.07682632424955926,0.5508776649165742,False
AIFM1,0.010239422501174014,-0.03792161714074988,0.8036706862637875,False
AIG1,-0.0027265885051814837,-0.007389533526291952,0.9686539500123915,False
AIM2,-0.0011883895319665656,0.11928804678654739,0.707165037552552,False
AIMP1,-0.0022847541622746615,-0.043182502767721655,0.8768097515155886,False
AIMP2,-0.0036665370455876544,-0.14025475448138763,0.09114961479968749,False
AIP,-0.0012769567288965222,-0.21874604821033738,0.16160605791656546,False
AK1,-0.002515514196792364,0.019962358212274347,0.9259786531181388,False
AK2,-0.0008923784322465786,0.012570450909942466,0.935526276364474,False
AK5,-0.001996332860347599,-0.09731626660332533,0.7492187887582547,False
AK9,-0.003063262887272368,-0.2508568502753145,0.4794976272180349,False
AKAP8,-0.0025763703039304465,-0.7748417844556239,0.3297563347769821,False
AKAP8L,-0.0017543461272016495,-0.8612961764959556,0.05147720964385978,False
AKAP9,-0.0028179535661694475,-0.5963945196993234,0.03627074434335811,True
AKIP1,0.00167104989635785,-0.04518980940760726,0.8001901088982214,False
AKIRIN2,0.0012540699948408222,0.2467585201467184,0.14550118002793969,False
AKR1A1,-0.00053654715111861,0.17116133342169298,0.2099997283150975,False
AKR1B1,0.0006412754635074218,0.08460026469662305,0.39575055825434313,False
AKR1C3,-0.0017899110438956227,-0.22500139852814374,0.20219847375441194,False
AKT1,0.0005348815047565589,-0.18105626919841036,0.4048593115823862,False
AKT1S1,0.0010571419114931465,-0.0527416933561011,0.798055167983515,False
AKT2,0.000642829459376134,0.03312600969728728,0.9353576522692907,False
AKTIP,-0.0016465762885581377,-0.39270387985170396,0.30319220939415803,False
ALAD,-0.0018690952473508098,-0.43478581475504613,0.2844678856549077,False
ALAS1,-0.00798465558085577,0.20125579880378267,0.5004363251196576,False
ALAS2,-0.018703232428416323,-0.5074724595610834,0.16716952814654049,False
ALDH18A1,-0.0011812408230748726,0.4175514507886009,0.29848128772889754,False
ALDH1A1,-0.002879894887251263,0.2500631215871054,0.13088118807705829,False
ALDH2,-0.0042526473370779845,0.10012439642732722,0.4540642894128909,False
ALDH3A2,-0.0028539122525173036,-0.2538230839441076,0.37113653224071175,False
ALDH3B1,-0.0030196648188956323,0.6353445784837292,0.020142814317140247,True
ALDH5A1,-0.0013648293493630848,-0.24011952559904215,0.35234484566248037,False
ALDH6A1,-0.0029737603753437684,-0.19582530432956838,0.37933575719725465,False
ALDH9A1,-0.002619867644204537,-0.328785702675815,0.18602056187071156,False
ALDOA,-0.00014143127437964452,0.04252838770965046,0.639245963421127,False
ALDOC,-0.0014043592323054702,0.08859671594109002,0.4946698319932775,False
ALG1,-0.0018484335986026885,-0.027457333924524343,0.9140444516684599,False
ALG10,-0.0008023935832776885,-0.38759116208266964,0.21082871840560735,False
ALG11,-6.1020606138143064e-05,-0.016638110021177828,0.9460634358439066,False
ALG12,0.00038965315830909685,0.02549176031196633,0.940983522861359,False
ALG13,0.004143966855254385,-0.04466075676293851,0.8175618419129165,False
ALG14,-0.001280546677799617,-0.016697234962389382,0.9427720016835135,False
ALG2,0.0017909536907993282,0.366882566593297,0.17203516975538585,False
ALG3,0.00017011120624842911,-0.08494692840853348,0.3616885293009929,False
ALG5,0.0011843535720042302,0.14213254733860317,0.29691789043927286,False
ALG6,-0.0003527866920507023,0.28066962122514566,0.17331111527773013,False
ALG8,-0.0010317290911726047,0.39322234172312354,0.13429892071387795,False
ALKBH1,0.0011095908673094477,0.1288130091209127,0.7770728384363182,False
ALKBH2,-0.002884728741373747,-0.26486107677700754,0.0893772408651046,False
ALKBH3,-0.0006601186987061711,0.08182474114396793,0.6756421396941746,False
ALKBH4,0.0003480507428090558,0.22293561103531648,0.33337998858579704,False
ALKBH7,-0.0005080818634968657,0.0010134198090647256,0.9936617504751062,False
ALOX15,-0.004119832311200428,0.21084729292938534,0.5663794449343742,False
ALOX5,-0.0015476670472712502,-0.6248538728418093,0.04424148085511473,True
ALOX5AP,-0.004708189937261713,0.16884628367166224,0.20723830735907472,False
ALPK1,-0.0007284589268520071,-0.37533212867624394,0.282295745292628,False
ALPL,-0.00168037305406135,0.15205774648848502,0.7360425320560291,False
ALS2,-0.0022162040358153718,0.08009955393764424,0.7339094250701449,False
AMACR,-0.001542169452052326,-0.21087558299570497,0.46465666255302385,False
AMD1,0.0002049672977384874,0.09939549204159102,0.41562493576700066,False
AMDHD2,0.00012430839099020365,0.24400642394323568,0.29572107114585805,False
AMICA1,-0.007697259551096896,0.05960226756834105,0.7058892946337435,False
AMIGO2,-0.001160491309796565,0.07046266856933157,0.8188536595346049,False
AMN1,-0.004551958276305724,-0.11128336075319975,0.6022549265891245,False
AMPD2,-0.0016097425275397067,-0.8498022906182479,0.04509889948989119,True
AMPD3,-0.0009453109774095189,0.23714214800474828,0.4145928966572726,False
AMZ2,0.0003924144129661505,-0.239971306647884,0.2807126041710642,False
ANAPC1,0.0020112585559876614,0.2132008926679492,0.4257952358308683,False
ANAPC10,-0.0006183839500116898,0.05596588888892414,0.5705886776431058,False
ANAPC11,-0.0004315274302909349,0.11641248716980278,0.3398402542013644,False
ANAPC13,-0.0003214019190867098,-0.21741688479110888,0.07254631197618151,False
ANAPC15,0.00043608188542750443,0.16976348427658808,0.11346609670436347,False
ANAPC16,-0.0010339548356492023,-0.023679047439660848,0.7325341042918434,False
ANAPC2,-0.0006736947012395769,-0.20078297037734344,0.6668641899357239,False
ANAPC5,-0.0006749553861835598,-0.038388224632207466,0.821062436471537,False
ANGEL1,-0.0027077391953692414,-0.3034195867803743,0.3184513229744491,False
ANGEL2,-0.003524279361880155,-0.08426166141707865,0.7991215520943269,False
ANGPT2,-0.010203206292610798,0.2698017626536868,0.5453400065293439,False
ANK1,0.001363137856331039,0.05268929115938478,0.8410570133625404,False
ANKFY1,-4.080914183550199e-05,0.03613046671825579,0.8943340762633911,False
ANKH,-4.104751758055305e-05,0.22687991498467358,0.5097390339034915,False
ANKMY2,0.000859096453836372,-0.25807080023147566,0.35520288835164215,False
ANKRA2,0.0006404509384485524,0.04298301009085188,0.7705350224833408,False
ANKRD10,-0.0005251506509290161,-0.06113354023596537,0.7354019344077398,False
ANKRD12,-0.002439322157388047,-0.08458475290062184,0.6658820889368056,False
ANKRD13C,-0.002367027870472272,0.1815175450173475,0.43397000342104897,False
ANKRD13D,-0.00024282561700735383,-0.19659228003435933,0.370190870892133,False
ANKRD22,-0.00648126711305035,0.6435340719812924,0.2764535274375287,False
ANKRD27,-0.0029539723599027747,-0.5145164067874541,0.11823047930645549,False
ANKRD34B,-0.005563724217541717,-0.2784205784303838,0.39353469244472516,False
ANKRD37,-0.0015211824479247444,-0.5885611993563208,0.28991063735861927,False
ANKRD39,-0.002535791287882504,-0.22662292252685867,0.25907057712527254,False
ANKRD42,-0.0020764762734721844,0.14619776179827648,0.5301364249858286,False
ANKRD44,-0.0011348720130986828,-0.21940332057246983,0.23280615829428308,False
ANKRD46,-0.0017271676184336937,0.2867040075210052,0.3378248798154941,False
ANKRD49,0.0005935856690597102,0.14036665893004543,0.37760430662464617,False
ANKZF1,-0.0007565551367680632,-0.52221446460826,0.2842892430257547,False
ANO10,-0.0019211089742434183,0.2123921816508934,0.48218489022270106,False
ANO6,-0.0010481161603759634,0.17694841714011453,0.46011912258109366,False
ANO9,0.001408643797747555,0.5353449222492586,0.19526640271878357,False
ANP32A,0.0005532774544177293,-0.08919490947790447,0.8147570882510314,False
ANP32B,-0.001438268136731921,0.0023535301644369688,0.9800976571555209,False
ANP32E,-0.0007950487373734523,-0.3484876643910081,0.14732276847667297,False
ANPEP,-0.0025308481034948716,0.062165305762489895,0.9317085687026514,False
ANTXR2,-0.0036038147490862114,-0.5675675467817477,0.06969669557736603,False
ANXA1,-0.0031464703375130485,0.03706090236530911,0.8826074598386651,False
ANXA11,-0.0008801235125483519,-0.3044339023606113,0.26906076426147846,False
ANXA2,-0.0033610470665522093,0.03433108678939768,0.7260451034491948,False
ANXA2R,0.007695601151464844,0.1683902248039388,0.20251239149702163,False
ANXA3,-0.00616590581904834,0.03767176130721545,0.9276017662303994,False
ANXA4,-0.0022833618421557057,0.06961650494655632,0.707183954313274,False
ANXA5,-0.000998888024479071,0.01726181330462416,0.8775526101582227,False
ANXA6,-0.0026581310863510775,-0.43722264257227816,0.15469526826213537,False
ANXA7,-0.002354697310356388,0.1625225675514299,0.2110128398652604,False
AOAH,0.0004821058298831493,-0.12425446656158456,0.43880076152859737,False
AOC1,-0.007285572741404335,-0.16117447228998327,0.6025890575461386,False
AP1B1,0.0008741701939260517,-0.735569361814071,0.05317032814311335,False
AP1G1,-0.0031634392512607714,-0.21259627851582197,0.40562599242358066,False
AP1G2,0.0013628405612744951,-0.06477026516512928,0.7631091890732884,False
AP1M1,0.0012077763390081241,0.2452252141928586,0.4251077531961217,False
AP1S1,0.0006525549377737833,0.14623888873685528,0.7202064432506718,False
AP1S2,-0.004024395105827787,0.08087463164148373,0.6494082955220463,False
AP1S3,-0.0024078471412175913,-0.12184977330690296,0.6659185354207433,False
AP2A1,-0.0006115571884529603,-0.3866148213410049,0.2994949395778042,False
AP2A2,0.0008422049287060814,-0.16221958506670442,0.2817752964257978,False
AP2B1,-0.001240199454313082,0.5137013005560749,0.13254965865698987,False
AP2M1,0.0009110216736711446,0.025122377628928858,0.8485651300050315,False
AP2S1,-0.001331435365941249,0.09465051811721242,0.23155414881992306,False
AP3B1,-0.002775467457214877,-0.2246272391168909,0.4914575127702606,False
AP3M1,-0.0010646479480072232,-0.03241709715730136,0.9059635473992572,False
AP3M2,-0.0014593942947743962,-0.4259500266428341,0.234576858201966,False
AP3S1,-0.0033454329830272375,0.022458378834008624,0.7875782249645905,False
AP3S2,-0.0027595666635740392,0.25878741656227744,0.07244499647901217,False
AP4B1,0.0004939438521484434,-0.2058067472558161,0.4043830784030299,False
AP4M1,0.0003696773045867211,0.11842116782587314,0.7596850399990343,False
AP5M1,-0.0008457929099813717,-0.4071742988669725,0.11613078950657581,False
AP5Z1,0.005391463668467492,-0.37213616975314984,0.25848858400257385,False
APBB1,-0.0011879052820472863,0.38809716467052247,0.20737568256445355,False
APBB1IP,-0.001817423440957459,0.09361718347822595,0.6521323958279235,False
APBB3,-0.0006321045038856106,-0.07571206642372957,0.7720984879827701,False
APC,-0.0024053637247129322,0.12518144934365596,0.5353338135893901,False
APEH,0.0013318951755297412,0.03210227813498263,0.8731590726110622,False
APEX1,7.286102957395101e-05,-0.09123208845315617,0.21437428284921123,False
APEX2,0.029145719363685027,0.13006690506225468,0.6009513447150847,False
APH1A,0.00031715276600682526,-0.2265577471523528,0.6215911687769025,False
APH1B,0.0013105204874146337,0.054566296666616644,0.6510180996882615,False
API5,-0.002362221541199872,0.0880521538944323,0.6570639405027238,False
APIP,-0.002696714719148273,-0.05849709527494978,0.6908226586695017,False
APLP2,-0.0006427151754878675,-0.7563264814773056,0.03599579837924896,True
APMAP,-0.0013010583945218235,-0.1463041254727798,0.43320560764334193,False
APOA1BP,0.0010731505873985434,-0.14857227750937893,0.3552960514425836,False
APOBEC3B,-0.0016323407897993638,-0.07186555403365544,0.7904674358302112,False
APOBEC3C,-0.0010847358232230517,-0.14400703871974269,0.3381666379307028,False
APOBEC3D,0.0027939255573722743,0.17380983855545545,0.372479278265137,False
APOBEC3F,0.00039305687724850385,0.21451933600157475,0.3876642866612864,False
APOBEC3G,0.0020180952998096855,-0.23495374277076653,0.22042787400781963,False
APOBEC3H,0.0042753665485705545,-0.3907773493791183,0.19467118188368213,False
APOBR,0.000350857187001968,-0.011208369174745584,0.9757716101221494,False
APOC1,-0.00648042303105204,-0.1184004617502566,0.6503604172920774,False
APOC2,-0.0011419769271973491,0.5034254352372857,0.11162162256155331,False
APOL1,-0.0034427726498844386,-0.11190068552719772,0.8222301228714884,False
APOL2,-0.0030215220390339415,0.19111432713003407,0.6266396362804891,False
APOL3,-0.0017949823190182037,-0.14997921774246908,0.44238622430226815,False
APOL6,-0.0004455017731296888,0.398384939795514,0.22058720475778226,False
APOLD1,-0.002211406453388909,-0.21486153909263392,0.13006830667350705,False
APOM,-0.000863491470068891,-0.04599640078904215,0.8232357492587932,False
APOO,0.010151910238459747,0.10540251448286783,0.49238627909034705,False
APOPT1,-0.0006950769858473159,0.02331833369728943,0.8800789867251574,False
APPL2,-0.0007362536132351494,0.14186135098574748,0.5803569005783399,False
APRT,-0.003019717696853738,0.08059270932851821,0.1598221931917037,False
APTX,-0.00478585853399399,-0.053022067088518594,0.8473333756523256,False
AQP3,0.0020768921952727844,-0.15239162368489798,0.5630655041600949,False
AQP9,-0.0018224957308994034,-0.16852026934848416,0.6034870778236268,False
AQR,-0.00492833565288376,0.13913133477008885,0.49454407459786665,False
ARAF,0.00784836894908533,-0.7394588620291616,0.18552261767004072,False
ARAP1,4.520041300932637e-05,-0.2518682119745763,0.65230919518401,False
ARAP3,-0.0020806317444484975,0.13930686589692146,0.8062257509473254,False
ARCN1,-0.00015126593502447284,-0.06564715455504137,0.8100021205065923,False
AREL1,-0.00475579143924031,-0.33167915432572387,0.21006336296548775,False
ARF1,-0.001104581034330752,0.09885084457221548,0.5720958968049017,False
ARF3,0.0006550575355214024,-0.0008422960872176422,0.9973450396595249,False
ARF4,0.0005764946509546648,-0.16257694129808886,0.13842597796049197,False
ARF5,0.0006028161123043637,-0.008804345219839662,0.9325323486498756,False
ARF6,-0.0006659155030023733,0.15445559200877576,0.5963181339882528,False
ARFGAP1,0.0001121945907785915,-0.266022139813145,0.36046880089033684,False
ARFGAP2,-0.003099608246211053,0.6846843029695631,0.031243629025109815,True
ARFGAP3,-0.0014671112355398354,-0.20132706013036036,0.3630773226883139,False
ARFIP1,-0.0020432934747327777,0.12173297655077306,0.7138778420429351,False
ARFIP2,-0.0019588909169971393,-0.11679258935030395,0.7693597614909653,False
ARFRP1,0.000666283277802932,0.2342066591072889,0.06971943780893,False
ARG1,-0.006759973317325708,-0.08188055681156328,0.737026415522086,False
ARG2,-0.0020244922675702595,0.020413504979862176,0.955479908845621,False
ARGLU1,-0.0013535443642318987,-0.31455563658102126,0.10153239521834521,False
ARHGAP1,0.00045806730287154993,0.329384915835531,0.4987810147626335,False
ARHGAP15,-0.00243051560755403,-0.09767664577636292,0.5518193898897472,False
ARHGAP17,-0.0002720861239360005,0.3711256232323028,0.4777854626597705,False
ARHGAP18,-0.0023383001448496372,0.2266231603897231,0.471826386807897,False
ARHGAP19,-0.00011739872855169982,0.07250159807178763,0.7973912491397537,False
ARHGAP24,-0.0023616762566948386,-0.48195087868132386,0.1490910675381585,False
ARHGAP25,-0.002463803844327126,-0.101162215960445,0.5537133127480712,False
ARHGAP30,0.002366623629279209,0.10490524623839385,0.7380311223248066,False
ARHGAP4,0.008127107352403786,-0.5674424602305217,0.14950022540185573,False
ARHGAP6,-0.005936454850470074,-0.45588924288097477,0.15238224141269316,False
ARHGAP9,0.0010342657252525515,-0.8808718026689565,0.047944068523432595,True
ARHGDIA,0.0002893208675526915,-0.2783347369507354,0.3955806359027131,False
ARHGDIB,-0.0001723461747767168,-0.0705344956175641,0.4562393384164365,False
ARHGEF1,0.0015907627354201435,-0.23326778098855627,0.3305387949963872,False
ARHGEF2,0.00035989929053372225,-0.33370579293956626,0.2711285348090383,False
ARHGEF3,-0.0010284659820642282,-0.08257967730800544,0.7923039296799959,False
ARHGEF6,0.00861670315028872,0.3281434273295399,0.37118925921372614,False
ARHGEF9,0.010379166353668423,-0.2071857574556727,0.6328794276449214,False
ARID3B,0.003416631485862592,-0.01437590820511746,0.9692117807352496,False
ARID4A,-8.387667941231336e-05,-0.39064777463892664,0.00865339521766378,True
ARID4B,-0.0012917370931054544,0.18454063347453464,0.6576990547902136,False
ARID5A,-7.681892696333776e-05,-0.2736283081632318,0.31329400749724884,False
ARID5B,-0.0005508457153638904,-0.20581218633178533,0.4685610184015213,False
ARIH2,0.0007833402789567772,0.013267006834572529,0.9306032372740919,False
ARL1,-0.0007299497975686675,-0.10924555238771101,0.727320827463812,False
ARL11,-0.003312038997104609,-0.07958980919806989,0.6338672180355367,False
ARL13B,-0.0022260543328289236,0.02671921087524101,0.9308502996345538,False
ARL14EP,-0.0028929531124375703,0.07400568485714937,0.7428439340140918,False
ARL15,-0.0032944950319150675,-0.2182617836028179,0.44540320497657726,False
ARL2,-0.001823560713674983,-0.0591178993035604,0.7401682488847845,False
ARL2BP,-0.0034205066438847175,-0.4089664170566082,0.050445692402399926,False
ARL3,-0.0004954383944785753,-0.04436985338776115,0.844373215695895,False
ARL4A,0.0015342227765476947,0.2153374354854885,0.3054460894873821,False
ARL4C,-0.001490208012813419,0.14342300258820828,0.4100739465407566,False
ARL4D,0.0005034691727014496,0.4085521936118891,0.23824443403045514,False
ARL5A,-0.0008737381143195352,-0.28358160422762235,0.12016542538326498,False
ARL6,-0.001122939654383611,-0.42156731749928666,0.1308238446335894,False
ARL6IP1,0.0006690312234202686,-0.11877443515877387,0.7807618049341816,False
ARL6IP4,-0.003250956542457682,0.05572723142299364,0.5698847400496503,False
ARL6IP5,-0.0003453719705575874,-9.133451237670126e-05,0.9993981212073857,False
ARL6IP6,0.00155506377190111,-0.006504868178474806,0.9246348460614079,False
ARL8A,-0.00028241323852830065,0.3710241283962204,0.3385445858753027,False
ARL8B,-0.004442471838883701,-0.081575959901606,0.7429753266451845,False
ARMC1,0.0027212777525656975,-0.3156175063386434,0.3439671456870488,False
ARMC2,-0.001887196226893698,0.102626552648571,0.5966652633335496,False
ARMC6,0.0005008872490643029,0.4001352520105253,0.1842081213290807,False
ARMC7,-0.0009615726917748045,-0.015195428455115826,0.95039372218293,False
ARMC8,-0.0028418310054676528,0.16254497222438147,0.30231989123163755,False
ARMCX3,0.015122319686793464,-0.2900551702592165,0.13881447353253235,False
ARMCX6,0.01639144626776571,-0.0438708188732481,0.7970591796676878,False
ARMT1,0.0021722379785597086,0.14615867430409496,0.38903619211202933,False
ARNT,-0.0027831053175265304,-0.4407957835526337,0.15967119875529262,False
ARNTL,0.0012097999455180843,-0.10900478210719987,0.7176464935690436,False
ARPC1A,-0.0021886992682858515,0.15170284906313014,0.3487137467495053,False
ARPC1B,0.0012161022559311844,0.025066449836127172,0.7279404474394772,False
ARPC2,0.00014132842567979125,-0.021023629854310402,0.8350045990093975,False
ARPC3,-0.0009107841019225515,0.06003072133477675,0.4757103604671533,False
ARPC4,0.0019192327230602333,0.0829927098778155,0.8169171240861313,False
ARPC5,0.0012748211244499247,-0.0011307599122864314,0.9919425171662355,False
ARPP19,-0.00202810700229947,0.05898815159692175,0.7655535562067385,False
ARRB1,-0.000290759407722832,0.23025854312665636,0.245202451177861,False
ARRB2,0.002107362274604726,0.07535890712988971,0.7660885561499178,False
ARRDC1,-0.0010506996190244229,-0.17056449674744179,0.5342620037372219,False
ARRDC3,0.00110899366576043,-0.440973326140215,0.131248569547488,False
ARRDC5,-0.0010851702263233226,-0.4163065166219607,0.15839128689506266,False
ARSA,0.0038234310149836744,-0.41423208116232046,0.13263529493444398,False
ARSD,-0.0003269630547113514,0.3212423951924008,0.34206338451651835,False
ARSG,-0.0017462422731013502,-0.35755609163046803,0.15833123319679562,False
ARSK,-0.00013191463343013618,0.21338302580025614,0.5381071214180418,False
ASAH1,-0.002452724760420357,-0.14906090797586438,0.3033914453707702,False
ASB3,0.0006824794575706169,-0.1504009788098879,0.3052443902930302,False
ASB7,-0.002885541563575672,-0.15611833947367576,0.5130489994729945,False
ASB8,-0.0042474907490137525,-0.08713660043444804,0.5188818477810183,False
ASCC1,-0.0030792416318172243,-0.020034824635582173,0.9299827053223004,False
ASCC2,-0.0029147062162128757,-0.17743741854210052,0.5446412056672967,False
ASCC3,0.0010268635159995773,-0.14221840847146305,0.5045488729166615,False
ASF1A,-0.0037359576610880097,-0.1963271358476747,0.21735605729562696,False
ASF1B,3.377811138891219e-05,-0.10223629208763807,0.7078460844040573,False
ASGR2,-0.0055827846737618115,0.27295985815886836,0.2701757997168707,False
ASH2L,-0.005443014151075712,-0.2100511057626344,0.4560941603800832,False
ASL,-6.304607959716205e-05,0.2586479243249824,0.17644339759301675,False
ASNA1,0.0006842587125977843,0.19367060921589482,0.16100321630916808,False
ASNS,0.00017223953077652893,0.026338488604781125,0.9180192753600708,False
ASNSD1,-4.6837420166976216e-05,-0.03442629743008821,0.8860052442561637,False
ASPH,-0.0024453608926448844,-0.4067488161379384,0.22269928738328112,False
ASPSCR1,0.000997417573633312,-0.18166532233387556,0.6523548568096643,False
ASRGL1,-0.003803350499517911,0.3008952887716904,0.18038130002792546,False
ASTE1,-0.0017020365252014577,-0.06939409899654796,0.6457796616219356,False
ASTN2,-0.0024648631697432094,0.2366433321353441,0.2805118644117378,False
ASUN,-0.0010956085314329476,-0.083505103947817,0.7241053863384355,False
ASXL1,-0.0006373411474478992,-0.34221017410194365,0.3135019979939395,False
ATAD1,0.00017593646948777097,-0.49262014266767234,0.14840118467435215,False
ATAT1,-0.0036674416795713233,-0.08887819530167596,0.778293664363941,False
ATE1,-0.002530165399914447,-0.0730482077760521,0.7744990504266928,False
ATF1,-0.002751558052091007,-0.014863869141196319,0.9509809785157424,False
ATF2,-0.0037478860715703995,-0.3395075525931249,0.12542802072876896,False
ATF4,-0.0007534388153628738,-0.08433530527901272,0.4714162534337393,False
ATF5,0.0025692049850235977,0.43261442946879275,0.24755118928299916,False
ATF6,-0.0013492944383123612,-0.572693221147344,0.05218306933014721,False
ATF6B,0.0005769793455295371,-0.39382577039026684,0.06306723991600238,False
ATF7,-0.0017507897889324474,-0.03334133542905023,0.8717922426296039,False
ATF7IP,-0.0005343019883385944,-0.18650157258181674,0.5544927855998001,False
ATF7IP2,-0.0021907368888859162,-0.30180988360161504,0.14124597093660302,False
ATG10,-0.0011203086602608343,-0.3321835680150683,0.21682575163434667,False
ATG101,-0.002751888558450176,-0.031334780902218494,0.8094762650921294,False
ATG12,-0.0013695210585582802,-0.20624047235275592,0.11961251607966661,False
ATG13,-0.0005670949644032206,0.3262621260859959,0.45186670045542576,False
ATG14,-0.0037622109005734194,-0.1205330124848948,0.5621730073193041,False
ATG16L2,-0.002946944647400804,0.13110020131020325,0.707446884148574,False
ATG3,0.00047656474394445277,-0.08254752927465346,0.622833276229567,False
ATG4A,0.01606876770197459,0.1204184428298572,0.6696012356869505,False
ATG4B,0.0006766968888821856,-0.08953301563988446,0.7730478277577144,False
ATG4C,-0.0023015032366636135,0.06671399240398918,0.7972262519140837,False
ATG5,-0.004650328168494942,0.0846417603719331,0.6905112664478921,False
ATG7,-0.001708308730429075,-0.183574041568212,0.5000681610422474,False
ATG9A,-5.487843891960592e-05,-0.6992333317956653,0.08018937385220233,False
ATIC,-0.0009542751954929673,0.1482466603214943,0.34086697861886756,False
ATL1,-0.0009196516447945106,-0.14341974225870838,0.5893671128143464,False
ATL3,-0.001825027684357462,-0.11457101649365525,0.6464944790108962,False
ATM,0.0016730238500893952,0.09391727012510048,0.6217251181252645,False
ATOX1,-0.0012326070098779066,0.21072620054197108,0.13044319372124677,False
ATP10D,-0.0043006423876333156,-0.1149863957080365,0.6182702019039044,False
ATP1A1,-0.0038750926059272725,-0.32646738539779874,0.27851511699399123,False
ATP1B2,-6.82400731576209e-05,0.016652703941854745,0.9215760475619574,False
ATP1B3,-0.005020699516429611,-0.20355350999110466,0.36247259920573294,False
ATP2B4,0.00025696196883866673,0.13988423834779143,0.4951520985094313,False
ATP5A1,-0.0011483632132278285,-0.018335430917047566,0.7429918402897321,False
ATP5B,-0.000991463092564336,-0.07600365040724465,0.3724800528062481,False
ATP5C1,-0.0010219062879675922,0.04919697247141327,0.6747272216035513,False
ATP5D,-0.0004493908866057031,0.21527494068112396,0.2010261688534636,False
ATP5E,-0.0025841838951314497,0.010765065789018714,0.8784437345588335,False
ATP5F1,0.00043571511567607694,-0.030876436497595822,0.4314690044212208,False
ATP5G1,0.0005338120108716331,0.14301840980255165,0.09874160403541925,False
ATP5G3,-0.0025449880605682863,0.1584769437429012,0.04316797789067003,True
ATP5H,-0.001301463631550528,0.0652700409619736,0.3854617313771578,False
ATP5I,0.0004431701359884826,0.03581109420358549,0.6718992594416163,False
ATP5J,0.0004586440966249667,-0.08354347052716252,0.1414092139100835,False
ATP5L,-0.00047802645823309935,-0.004873714604686639,0.8936656104406675,False
ATP5O,-0.0006801847312827475,0.019621521919715928,0.753217226916595,False
ATP5S,-0.003275820922146446,0.08295242648973182,0.6152049476182255,False
ATP5SL,-0.0014190148579948368,-0.053760272576899894,0.8261224347093652,False
ATP6AP1,0.021961694937499526,-0.19009073485307246,0.16970376600858564,False
ATP6AP1L,-0.0013145843795929102,0.11895208989612432,0.6621979565530908,False
ATP6AP2,0.012525198247593038,-0.011440271268817229,0.9330317356972926,False
ATP6V0A1,-0.0023197686217113394,-0.3816276800026657,0.11354967482810462,False
ATP6V0B,0.0016950537058970814,0.09871842441064496,0.35534074124951387,False
ATP6V0C,0.000629221136758275,-0.10030224626589401,0.6234879925688392,False
ATP6V0D1,-0.001029565405017083,0.14953855265408755,0.37438308217380534,False
ATP6V0E1,-0.00037843629354282916,-0.0039108201843822445,0.9717031718097755,False
ATP6V1A,-0.0028047259583925187,0.3165322962135128,0.07112128803529141,False
ATP6V1B2,-0.0007782899090377889,-0.006675914185440372,0.9745832006261654,False
ATP6V1C1,-0.003925299987641924,-0.5041624952353655,0.1859592681948089,False
ATP6V1D,-0.0021029031315357195,0.00955832669782576,0.9560326623954544,False
ATP6V1E1,-0.00162271186395575,0.1164166424469899,0.3303585729242319,False
ATP6V1F,-0.0016778251625848898,0.04269107278403814,0.4769882697801915,False
ATP6V1G1,-0.001558064718931198,0.07458896528206359,0.32453367715286335,False
ATP6V1H,-0.0021469373658912546,0.22817920642245193,0.44474303387235736,False
ATP7A,-0.00402155814228491,0.1369952323452224,0.6582876659720414,False
ATP9B,-0.0010116145914758697,-0.37463085159611775,0.15731111525905497,False
ATPAF2,-0.0019094447379968218,0.15821743660846835,0.4337151182816831,False
ATPIF1,0.0012628544949934365,-0.023484160599581076,0.781607469849985,False
ATRAID,-0.005250003883215857,0.11548457992788613,0.19934561010681917,False
ATXN1,-0.0016866688598783503,-0.1647818032776064,0.3581807197053667,False
ATXN10,-0.00197981258336736,0.04634932339578462,0.7201679921868473,False
ATXN1L,-0.0008402586605736104,0.1485556628531943,0.37713776767298357,False
ATXN3,-0.002106649770907249,-0.09981438699162704,0.5606793971067279,False
ATXN7,-0.0017733213282193584,0.2073122403093587,0.3884261051474369,False
ATXN7L1,-0.0016359860408452288,0.07228711578753327,0.7807780427942654,False
ATXN7L3B,0.001970844155622054,-0.27918414226554983,0.25919350975523153,False
AUP1,-0.0005642557231999397,-0.49556917916516124,0.18119419921132343,False
AURKA,-0.0036052336905586717,-0.4538250159550779,0.12246236090629985,False
AURKAIP1,-0.00037114261184323155,0.0826974919021269,0.3595426636921045,False
AURKB,-0.0010659353115959334,-0.6550038138323592,0.029849953931914655,True
AVPI1,-0.00036890567374146734,0.3880500057201542,0.18902194182554174,False
AZI2,0.000912764478256161,-0.28531112452731605,0.08289808294437241,False
AZIN1,-0.0007642141208280047,-0.3376210451391051,0.0055631145772528975,True
AZU1,-0.005564470763697811,-0.09350508114884337,0.8089654409932819,False
B2M,0.0007405944331289004,0.02597506270655951,0.7539160711146039,False
B3GALT4,0.0005727857350058142,0.10174650405832421,0.7428378759056883,False
B3GAT3,0.0002619662957073902,-0.1822020525499998,0.23096525164554035,False
B3GNT8,-0.0038425415800614543,-0.5402127363986358,0.09817255245620617,False
B4GALT3,0.0004113112735669398,-0.09164161959845332,0.5933166773113505,False
B4GALT4,-0.0009135338804740163,-0.081223755736601,0.687228705417082,False
B4GALT7,-0.0011292472206733007,-0.0071875539718800775,0.9761094361924367,False
B9D1,0.0004789841450832945,0.08829678575484898,0.8210955471599721,False
B9D2,-0.0007023153155953063,-0.019491661487393033,0.869988800271238,False
BABAM1,0.000761810112765626,0.019328816279251093,0.8793516088938096,False
BACH1,-0.00568902650634197,-0.1521415996792189,0.6548086706195688,False
BAD,-0.001428598741187332,0.0501237005667376,0.8920448606512934,False
BAG1,-0.0006092510539852277,-0.033395546157428235,0.7873984410615488,False
BAG2,-0.0010269390607632746,0.12915619767139708,0.6889231634146473,False
BAG4,-0.001428073258876736,0.05898667125560827,0.7553871929237423,False
BAG5,-0.0011079108376583354,0.2678737670682285,0.3313927064693049,False
BAG6,0.000807053034083135,-0.8405118163530999,0.04313123846440481,True
BAIAP2,-0.0007438524895331109,-0.3196580749822868,0.3709899004252261,False
BAK1,-0.0012367408474885917,-0.0044607478213682565,0.9856146981573168,False
BANF1,-0.00017234242839652905,0.09137720573066874,0.221190111324095,False
BANK1,-0.004241176899222357,-0.18251464411088933,0.3717221749197287,False
BANP,-0.0012796201171506336,-0.09150476001550596,0.722628300261043,False
BARD1,-0.0005699171987936202,-0.07055633820851143,0.7447217220209315,False
BASP1,-0.002145975927407249,-0.20237512250414397,0.4128490936240359,False
BATF,2.3662144458074885e-05,0.12972956149146675,0.40957624230159106,False
BATF2,-0.0021787342968419593,0.35345428627243874,0.07796377845093519,False
BATF3,-0.0013039319409200556,-0.3691178996114457,0.08174663435041418,False
BAX,-0.002796214730863499,-0.1408295419138462,0.5853146904294815,False
BAZ1A,0.00021987929922463473,-0.0052651896098532885,0.989257043556216,False
BAZ2A,-0.002246212132879466,0.0722926437039592,0.7669413369617255,False
BAZ2B,-0.004641292956838559,0.13941955020175917,0.5278762031846732,False
BBIP1,-0.00021470987010358542,-0.02121321441990926,0.8902709309122925,False
BBS1,-0.0029367888263715225,0.14491243062844225,0.47471002689244357,False
BBS12,0.0022001018623714662,-0.34352400731741667,0.27017017021471795,False
BBS2,-0.004485146683980468,0.23883283649865758,0.4155191287867639,False
BBS4,-0.0006779160639041278,0.3702332972662935,0.2313031311366705,False
BBS7,-0.003583004853207964,0.013972529572837752,0.9300528795375366,False
BBX,-0.0021048886215581076,-0.540159332014081,0.0798115382817944,False
BCAP29,-0.004023464729110314,0.5111502039961319,0.027736692114362596,True
BCAP31,0.021032752170315232,-0.0749184780649392,0.48775604129436423,False
BCAS2,-0.001758086649435039,0.04782877750285744,0.8203397739034771,False
BCAS3,-0.0025517829133765934,0.021874201416354308,0.94857493614747,False
BCAT1,-0.0031518842769125057,-0.11007698438441567,0.7530959766529798,False
BCAT2,-0.001447603431169281,-0.16345620497384478,0.5881791388749427,False
BCCIP,-0.0013729038773418675,-0.1384786588168264,0.26758098596910135,False
BCDIN3D,0.0007779945774957179,-0.03816218757069313,0.9169360109799729,False
BCKDHA,-0.003486371329187919,-0.1633392894081348,0.6243426357719285,False
BCKDHB,-0.005023481489018644,0.03801296059666808,0.82288750108235,False
BCKDK,0.00222674586381592,-0.06118215718809323,0.8418239827818887,False
BCL10,-0.0003626686635261387,0.22756619707744655,0.2923717855368674,False
BCL11A,-0.000857846949722233,-0.03475234563218282,0.8781034888573866,False
BCL2A1,-0.0016219124182644332,0.11200121087101492,0.6360699847306716,False
BCL2L1,-0.0019223888234509113,0.13205325272745702,0.763854803249269,False
BCL2L11,-0.0011794184672304232,-0.01579266087107863,0.9412871104429998,False
BCL2L13,-0.001461239095718048,-0.05975529240575472,0.7169125127365625,False
BCL6,-0.0003031772446128717,-0.42266446357232845,0.34286576630793114,False
BCL7B,-0.002313823659406933,0.24031480563219468,0.5510800078096927,False
BCS1L,0.0013355734268278294,0.18646049599943756,0.3053783800921359,False
BDH2,-0.0011603972720911839,-0.3837153428614492,0.012948932499210579,True
BECN1,3.2879233467630795e-05,-0.11956490984123934,0.2629555537232168,False
BEND5,-0.00023937636170624736,-0.1909533222267431,0.43706870468132997,False
BET1,-0.0009442377406124101,-0.05681501161350076,0.7769486401830155,False
BET1L,-0.001419611021074295,-0.21398142211687302,0.6283545712176493,False
BEX1,0.008380182184105042,-0.36795968973960885,0.200366714653086,False
BEX2,0.017632157681574327,0.019272527535367838,0.8417098505686531,False
BEX4,0.025893717315523326,0.15947187368184648,0.1288265442705486,False
BEX5,0.02937456196400166,-0.19124290852835887,0.38697600027247425,False
BFAR,-0.0006410927008921819,0.25348946828743474,0.19229174816979908,False
BHLHE40,0.0017895653964283044,0.7667112781673193,0.06534824702954006,False
BID,0.0003164025889776601,0.0024636568115696316,0.9842031463651157,False
BIK,-0.0017268020710893628,0.27407195897556147,0.1948285812601853,False
BIN2,-0.0022825785812102804,0.037944038039816656,0.8694266879696262,False
BIN3,0.00037552869173319907,0.2900087795068144,0.2961998365567853,False
BIRC2,-0.0006797773397062532,-0.07185791491203375,0.6415677728683278,False
BIRC3,0.001112507981153268,0.06516917860403885,0.5894437337027957,False
BIRC5,-0.0007440365597092546,0.13800474796230855,0.5302696303358236,False
BLCAP,0.0013189902113186064,0.026400704710641945,0.9088719823349638,False
BLK,-0.002403420507729826,0.4506250585675235,0.2266490757356959,False
BLM,-0.005881278513564743,-0.20078777273233472,0.6386316702255252,False
BLMH,-0.0004746479386923889,-0.00896752147583012,0.9814072857293021,False
BLNK,-0.0035278959911779306,-0.40490402308984685,0.09500434955898465,False
BLOC1S1,-0.00016425286826008442,0.15956384468408913,0.1804564405876169,False
BLOC1S2,-0.0002498337698158018,-0.044851804574008135,0.7331963982131113,False
BLOC1S5,-0.0043813318801962904,0.17788460955150023,0.46666154160398765,False
BLOC1S6,-0.0006680851954497339,0.24717972327733767,0.4258042242231588,False
BLVRA,-0.0011109439149226425,0.26997132992580286,0.12017140698743047,False
BLVRB,-0.0015332878609885215,0.1398996432384227,0.500444675885475,False
BLZF1,0.00017888915014046972,-0.020622179272569277,0.9406845738015068,False
BMF,-0.0035342244448538633,0.00360672674961984,0.9776418401771845,False
BMS1,0.0014869148124299263,0.11819314884926671,0.6017671391197443,False
BNIP1,-0.0023374290198756075,0.043641009097403066,0.7514695613478829,False
BNIP3L,-0.0036274207030304933,0.0062505353721388586,0.9774469486587937,False
BOD1L1,-0.004559396265752644,-0.6214756635872086,0.14686511991860043,False
BOLA1,-0.0015700550942745496,-0.3344640164614956,0.09837514709925917,False
BOLA3,-0.0017174681601023814,-0.0935953880557305,0.5340735337002642,False
BPGM,0.0014961014367157516,0.09790242665675643,0.7614915260137467,False
BPHL,-0.0017210439924004064,-0.22804984628019995,0.2303558803010648,False
BPI,0.0019514020411880533,0.09618479762033028,0.7762563743024979,False
BPNT1,-0.0008817270184371233,-0.4348884724536375,0.22092316003788812,False
BRAP,-0.0005537182093515676,-0.3449502948332775,0.059957568401426777,False
BRAT1,-2.7903284666506208e-05,-0.15862035675002903,0.707282219194282,False
BRCC3,0.02002296222357649,-0.013914791849546002,0.9720311850287484,False
BRD2,0.0006645535167297172,-0.0809882564298039,0.8151368747794734,False
BRD4,-0.0020216823084514726,0.06745946310628008,0.823845911356831,False
BRD7,-0.003161840618092612,-0.23752387169757908,0.34143338747397706,False
BRD8,-0.0004682587341248343,-0.7300558972796475,0.19892531272621666,False
BRD9,-0.0004900891029542757,-0.39048394068449177,0.2263182867762335,False
BRDT,-0.003028090709187461,-0.176410485617005,0.4797708984200192,False
BRE,-0.004148950512846285,-0.052022085795102986,0.6208215297574953,False
BRF2,0.01122438183215137,-0.3304638858116484,0.35733644566841627,False
BRI3,0.0004716621254385149,-0.26830427125923484,0.23171073307966342,False
BRIX1,-0.0006533259697456507,-0.07699701286921472,0.7423746270828009,False
BRK1,-0.007951853640334138,-0.028709543365807062,0.7788227697186433,False
BRMS1,-0.0014088919754758765,0.04094414905029916,0.8906492807093056,False
BROX,-9.793803652185726e-06,0.042591858296820155,0.7812497808168823,False
BRWD1,-0.0009128266532274292,0.2013491343108671,0.620141036357007,False
BSCL2,-0.0002230890902352873,-0.33253422347500383,0.09236418997462027,False
BSDC1,-0.0004976229777824572,-0.36891311258662657,0.16460301029037158,False
BSG,-0.0002650349187728415,0.09033277303310881,0.6420537447725185,False
BST1,-0.0033488723233314564,0.26256475873080626,0.3639282205939351,False
BST2,-0.003301736339416085,0.3951341262253896,0.10140276377918074,False
BTBD10,-0.002278512038028138,0.019893564900228977,0.9124117986630546,False
BTD,-0.00014629976250280766,0.08656421359263493,0.617196878872293,False
BTF3,0.0003143489112271746,-0.1734647750916039,0.182800567702736,False
BTF3L4,0.00022141831907510198,0.09565191790554432,0.34448298813352085,False
BTG1,-0.0002736012164501502,0.07632531083151711,0.8990049289302751,False
BTG2,0.002611344755930219,0.0224002685244787,0.9266371275517233,False
BTG3,-0.002717475728468554,0.28117498254554146,0.15723417891254007,False
BTK,-0.00979983778815382,0.37961015346592064,0.17142345771449566,False
BTLA,-0.006510806849682159,-0.35363936274231506,0.08152570493443277,False
BTN2A1,0.0010838140944611776,0.3657520132148372,0.37396348706743243,False
BTN2A2,-0.0034459963141377204,0.0057389460380098895,0.984671416384947,False
BTN3A1,0.0025095979469469706,-0.1257099043326001,0.7105605452432581,False
BTN3A2,0.0017272474564346218,0.2357427373515869,0.0636363968301993,False
BTN3A3,-0.004523040450498964,0.0011671488444006488,0.9965681154100083,False
BTNL8,0.008875074518803464,-0.12166601764954536,0.6732528963646257,False
BTRC,-0.0031060238786494547,-0.16046930543714938,0.4583443822680928,False
BUB3,-0.0018020941126947055,0.05035009206251376,0.6365852383633428,False
BUD13,-0.0002568207891796289,-0.26601861289133016,0.13464585578561958,False
BUD31,6.064709533548473e-06,0.11567585433162542,0.23250612614086322,False
BZW1,-0.0008557206321990158,-0.3566179659338519,0.09918420361749912,False
BZW2,-0.002456619722615632,-0.11762035699688297,0.3355185723460278,False
C10ORF11,-3.435049516561395e-05,0.05983585263564955,0.8217619903999986,False
C10ORF128,-0.004273124108162697,-0.10747047923166386,0.45362787716928454,False
C10ORF2,0.0015164728354741769,0.02376689209828703,0.9458309981584099,False
C10ORF32,0.0005715667135611213,-0.043924581761358814,0.6328070729942354,False
C10ORF54,-0.003321813832520152,-0.10148212446462354,0.5460538188296922,False
C10ORF76,-0.004039052118654904,-0.13684177692414246,0.7175345420793173,False
C10ORF88,-0.0007797829715593066,-0.14651637126570824,0.6698481855857353,False
C11ORF1,-0.00039411246038727996,-0.023868345015132145,0.8496636327328181,False
C11ORF21,-0.001155604576876707,0.18498315983823993,0.214046391997278,False
C11ORF24,-0.0018366982989142671,-0.21862808936045333,0.5152671987460884,False
C11ORF30,-0.0008740529894417213,0.22013714739646537,0.1821439586580329,False
C11ORF31,0.0008490741299788137,0.05781998721946784,0.3565349322380376,False
C11ORF49,-0.0027237944844239205,-0.5798687815523402,0.16304912805413505,False
C11ORF54,0.001216791251942351,-0.135061714179827,0.3473947708660281,False
C11ORF57,0.0014961608346816847,-0.09512005673891302,0.4640640035070003,False
C11ORF58,0.0005372394769191916,0.05977937645424861,0.4798295220322355,False
C11ORF71,-0.0036781073641203653,0.19729284719311105,0.1632525659410234,False
C11ORF73,0.00027710967867272093,-0.0017439872930580494,0.9857472647871736,False
C11ORF74,-0.0036836172232934724,0.3656761645080759,0.25069974743967616,False
C11ORF98,0.00016082810127475178,0.09705541297695813,0.38462272378953266,False
C12ORF10,-0.0007204011335942281,-0.2120208825701789,0.16982844496476268,False
C12ORF29,0.0012760132761638454,0.14162554252123108,0.29370266668696315,False
C12ORF43,-0.0015174120060084198,0.3315452855873381,0.012952027292195968,True
C12ORF45,-0.0010740582997255015,0.16419363121264047,0.16167836084310283,False
C12ORF57,-0.0007656582053586617,-0.0828583296070856,0.6170756582492749,False
C12ORF65,-3.24519573310794e-05,-0.2740798348768403,0.3247609876679603,False
C12ORF66,-0.0011744250763876315,0.003264674704543132,0.9924548629291227,False
C12ORF73,0.0020759090425428142,-0.12640089312812908,0.6942009706945043,False
C12ORF75,0.0013027576912181958,-0.18995700806618446,0.1433442895748644,False
C12ORF77,0.0011799517109529283,0.3513294981826314,0.28635633477683226,False
C14ORF1,-0.0006242304265899485,-0.10039082585273541,0.5829026356482377,False
C14ORF119,0.00035403491354512136,0.04917467673536427,0.3284052038491403,False
C14ORF142,-0.0021934998654784136,0.25419441088256217,0.41182552537385175,False
C14ORF159,-0.002211945871600125,-0.46409549823231205,0.07169085660506175,False
C14ORF166,-0.0010388451496606806,-0.10322152959840983,0.17081821546583464,False
C14ORF2,0.0003529140192176874,0.022010364757224385,0.7546037507260628,False
C14ORF93,-0.0012807178274941574,-0.5571817152246231,0.03716781816800544,True
C15ORF39,0.00022663329140405443,0.30676355818889695,0.7296166881531848,False
C15ORF40,0.000388165343094244,-0.12335423442403146,0.33307970609170434,False
C15ORF41,-0.0047110268182117745,-0.08819829393364483,0.7272035676603836,False
C15ORF57,-0.0015262920636120194,-0.1810109503903488,0.39616883074802123,False
C15ORF61,-0.00020713048050195016,0.29528027463003315,0.23220854023440057,False
C16ORF13,-0.0017047302927152524,0.1572567738939277,0.3684876552153428,False
C16ORF45,-0.0018089642257935457,-0.5772101232854481,0.02276676451594907,True
C16ORF54,-0.00020372844988643198,0.05685060634466435,0.8785598426027681,False
C16ORF70,-0.0002318329863642296,-0.10311038060958867,0.6302986460087432,False
C16ORF72,0.00019422859010559168,-0.3627854552873968,0.16855176684533965,False
C16ORF87,-0.0020375946281631675,0.14062368161601585,0.651195602596764,False
C16ORF91,-0.0012585543981657595,-0.2670166207138839,0.0541463150607243,False
C16ORF93,-0.0013862965432052173,-0.3661571039177527,0.2175506232189327,False
C16ORF95,-0.003682403377612388,0.20913964429874463,0.5856292746719507,False
C17ORF100,-0.0021234471937532835,-0.25083253823649476,0.27632608710523227,False
C17ORF49,0.0009493099812872265,0.059703411004656814,0.49792360892309495,False
C17ORF58,-0.0019997294634961347,-0.3443565608967983,0.11866668701437155,False
C17ORF59,-0.0019556153495136493,-0.003807612721410404,0.9859576702565565,False
C17ORF62,-0.0008077370393723528,-0.11739779652437773,0.5686792313504374,False
C17ORF75,0.004543631196160938,0.2972648626185052,0.2753803494776571,False
C17ORF80,0.0008748014125603364,0.32260138617611844,0.20906735680081934,False
C17ORF89,-0.0011968004925147423,0.30377239243733617,0.14337510330234945,False
C17ORF99,-0.0060779908380325905,0.4933015999682173,0.16162257908509178,False
C18ORF21,-0.000623575934833614,-0.18429737922343994,0.13025975238420034,False
C18ORF25,-0.0030284768714083977,-0.4296693638052018,0.1815386117356813,False
C18ORF32,-0.0018986223106962573,0.0024767140443509522,0.9846666903323391,False
C18ORF8,-0.00047349530854674804,-0.15117229672652557,0.4034851369033965,False
C19ORF12,-0.00018391330193438704,0.06451248223055456,0.8131585987044421,False
C19ORF25,0.0018567361975452815,-0.14838326822170395,0.251359134538826,False
C19ORF33,-0.004217753827014531,-0.2578573908642181,0.09989672020588583,False
C19ORF35,0.0013803957841428678,0.40878751500691524,0.5357474657684278,False
C19ORF38,-0.0011157612677723259,0.02639189205992319,0.8456017404361462,False
C19ORF43,0.0009367904968083842,-0.2961036243372617,0.383701353731116,False
C19ORF48,-0.00025645212397927184,-0.028061266182798434,0.8545849311389844,False
C19ORF53,0.00338194155810207,0.1130467463294769,0.23664697376161892,False
C19ORF60,-0.0013477756678845153,-0.055174286284464684,0.676103227878854,False
C19ORF66,0.00028339438408693973,-0.25451703826408106,0.6507932328784187,False
C19ORF70,-0.0008813535596403144,0.10545454316614558,0.12404785886935102,False
C19ORF73,-0.0005199488598031881,-0.3722854667680212,0.4419629273169614,False
C1D,0.00044766542683152594,-0.03197352897742903,0.8184736277820132,False
C1GALT1,-0.0009786001235212306,0.008337456119834805,0.9696349040884986,False
C1GALT1C1,0.018868436093876437,0.24786244792119755,0.2790465571458856,False
C1ORF109,-0.008316479946188424,-0.28344705057500236,0.2582180876084745,False
C1ORF122,0.0015171565108831422,-0.0025612617483720492,0.9877445337948465,False
C1ORF123,0.0001636079796182944,-0.06208686049631762,0.6056013656888,False
C1ORF131,-0.001195136370728671,-0.07479947653761886,0.7189526014290677,False
C1ORF162,-0.005414850521984675,0.03142198513748805,0.8029717071429752,False
C1ORF174,-0.00029860691972612277,0.1151253446871686,0.26595364245167025,False
C1ORF21,-0.0017446074324750352,0.10342303881627414,0.7482381629678825,False
C1ORF35,-0.0038162640520312324,-0.3433625523951058,0.2528535865690932,False
C1ORF43,0.0016123610009420805,-0.13933107434643688,0.3002330235163399,False
C1ORF50,-0.0008970094755892319,-0.1495123479909985,0.38464276211646153,False
C1ORF52,0.0001410673669485838,-0.030502425621298852,0.8311660423610102,False
C1ORF53,-0.0037573052150999702,-0.31760080150448355,0.3284211732905687,False
C1ORF54,-0.004764956603151278,-0.19510369104244213,0.38563142150542995,False
C1ORF56,0.0002022032184685937,-0.7621492354392871,0.0007173816753980465,True
C1QA,-0.002215593456956721,0.07694136009339347,0.7568091944907936,False
C1QB,-0.001386538669184161,0.04639560343323606,0.9002081641475419,False
C1QBP,-0.002811798666176452,0.26844931567296143,0.0032175848358614425,True
C1QC,-0.001996194052702784,0.4016797385033465,0.11431719391491613,False
C1QTNF9,-0.0038721001593797367,0.1356602896533053,0.6223003925008452,False
C1RL,-0.003238768424841924,-0.16050271955315096,0.678554477623983,False
C2,0.0005607254525239899,0.043465079636669665,0.8630252132831047,False
C20ORF196,-0.0016778752120697599,0.05568661807020378,0.7201382080654554,False
C20ORF197,-0.004503079359399731,-0.2617956482191134,0.40909182126464116,False
C20ORF24,-0.002051486787779759,0.21620381961618265,0.49345798362231297,False
C20ORF27,0.0022721118978214633,-0.11405207074089832,0.5432397586897424,False
C21ORF33,-0.00030850167012621123,0.04709135666636241,0.49593155753687634,False
C21ORF58,-0.001117123528671487,-0.26439031493450404,0.19793280429031576,False
C21ORF59,0.0009436343507943362,0.15805075354003228,0.17075264036752016,False
C21ORF91,-0.0034732017677015442,0.07288044299351595,0.8200868864534442,False
C22ORF15,-0.0013091294429653142,-0.5289659441237261,0.0026301974914283745,True
C22ORF34,-0.00137623502412139,-0.28951578685897617,0.2989727956317096,False
C2ORF15,0.001804355325278127,0.002367911308771379,0.9950687119235162,False
C2ORF40,-0.003364289765279308,-0.3757130008956964,0.34193814462673416,False
C2ORF42,0.0018442518231098699,-0.17539620529715053,0.5489583586772372,False
C2ORF44,-0.003272351054352988,0.3765445228369052,0.10858401156172515,False
C2ORF47,-0.0017329305177242566,-0.1846323444874121,0.5085063481146819,False
C2ORF49,0.0012347339711929473,-0.3347981162375546,0.30668107945700096,False
C2ORF68,-0.0023267859106753394,-0.21921458065825572,0.09609007930104449,False
C2ORF74,-0.0015357855015826756,-0.1744027463518029,0.14148021013509998,False
C2ORF76,-0.0012358171442287847,-0.1233338989650315,0.42676654895544186,False
C2ORF88,-0.0038459827685876032,-0.16194902101634076,0.38824146316751573,False
C3AR1,-0.006158603762485824,0.05132475089381819,0.6517904547872341,False
C3ORF14,-0.004524718731723586,0.3256209998298708,0.32911196324850966,False
C3ORF17,-0.0017405925574279723,-0.1892239890940934,0.6073049736850207,False
C3ORF38,0.0016545299575934057,0.5753076081603928,0.007928815885836398,True
C3ORF62,-0.00241427354574478,-0.3380247599782725,0.17767563572166759,False
C4ORF27,-0.002832842516471334,0.026604183131685714,0.8918662622538756,False
C4ORF29,-0.0021915714026217404,0.022933641409324166,0.9071520206417287,False
C4ORF3,-0.0011433172645652857,0.10960929134953329,0.45834228410030875,False
C4ORF33,-0.002072402144331704,0.11723000742322139,0.7132388683750904,False
C4ORF46,0.0018892011488077203,0.5315435040829608,0.05861199784701016,False
C4ORF48,0.0005666741440255221,0.013860259380606163,0.9522502274638618,False
C5AR1,-0.004846688134915599,-0.2540424724247827,0.38414705458666654,False
C5AR2,-0.004881955403672354,-0.09034923998637638,0.8017421467132642,False
C5ORF15,0.004127778743123463,0.059853758188839395,0.7437006717975265,False
C5ORF22,0.0016688815387744436,0.17806642089062133,0.437079357663992,False
C5ORF24,-0.0022518612642636396,0.3955301053758538,0.1593302872617402,False
C5ORF28,-0.0046912243519066955,-0.11336430198830744,0.6837544674864159,False
C5ORF30,-0.0010124626869973683,-0.19226284338007404,0.41966256698506876,False
C5ORF45,-0.0016336154454177209,-0.44392014849762357,0.03149112166359596,True
C5ORF51,-0.0008958504876663194,-0.22405813116403017,0.5204158201418807,False
C5ORF63,0.003701626604325156,-0.05121597362334843,0.8035638171000331,False
C6ORF1,0.0001844639516964276,-0.04337533563351581,0.857338273952121,False
C6ORF136,-0.0022627547233078837,0.07882378368230977,0.7324608999424704,False
C6ORF203,-0.003477960394668056,-0.16821365701857868,0.39397526826945917,False
C6ORF226,-0.0012248708856968703,0.1048913848862702,0.3577096376322096,False
C6ORF25,-0.0009105164610883612,-0.11270989098886568,0.6442832788365875,False
C6ORF48,0.0015301231706156154,-0.13868412113054596,0.5029424397703723,False
C6ORF52,-0.0033907394355524646,-0.16777978213790812,0.5403691043691758,False
C6ORF62,0.002630014523853486,-0.09435372564569373,0.5611064803991509,False
C6ORF89,-0.0014756914308757805,-0.07068576770906497,0.6852500790226757,False
C7ORF25,-0.002832476384941962,-0.3232942055047549,0.19554143568464386,False
C7ORF49,-0.0012411874362137836,0.014612132092982448,0.9481576727648328,False
C7ORF50,-0.00041627957698697104,-0.36293938628067135,0.1749012144489292,False
C7ORF73,-0.0033527448869032635,0.0037932114537480763,0.982501370102776,False
C8ORF31,-0.004332654441548857,0.2595978978681458,0.30065742302417786,False
C8ORF33,-0.0002880349246293442,-0.09721320043809806,0.6680221548314704,False
C8ORF59,0.0017136897219127666,-0.06339234012012114,0.15004687045286208,False
C8ORF76,-0.0018628603397849656,-0.020363163992992206,0.854049492531791,False
C8ORF88,-0.0028679940311039397,-0.4486766948539906,0.06169715930023567,False
C9ORF106,0.00019352300344937414,0.2845482831584478,0.43994963541935983,False
C9ORF114,0.0023580596082073556,-0.11980461459475153,0.5786672856812657,False
C9ORF135,0.000270000694631989,0.04364629291867057,0.40288331599140104,False
C9ORF142,0.0011663712646993224,-0.07801600376853932,0.40525652783757693,False
C9ORF156,-0.0014656888720011151,-0.1834115686599992,0.15935787817350366,False
C9ORF16,-0.001908504802166578,0.026108872583395955,0.8555423869445598,False
C9ORF64,-0.0007626668034184466,0.43419155597161857,0.07940380874174298,False
C9ORF72,-0.0021666360155211156,0.008588175569379717,0.9784036770724548,False
C9ORF78,-0.0023051065808761214,0.054007341355063194,0.8600879956564096,False
C9ORF85,-0.0005817040000280399,-0.06619395482988416,0.7019785968835922,False
C9ORF89,0.0009278199807768627,0.12884147206086688,0.37010740943420345,False
C9ORF9,-3.951687269064416e-05,-0.06701768758589867,0.8411553574006672,False
CA1,-0.002926320407597304,-0.08006660785225211,0.8427340334564253,False
CA2,0.00043481568396982985,-0.19495073452935519,0.2558139335976593,False
CA4,-5.654388610601892e-05,-0.005324342928616795,0.9824930600301188,False
CA5B,0.0011232988277842608,0.09676693390924797,0.7271016051695107,False
CA8,-0.002937662401277973,-0.23023561142436103,0.5016369078063575,False
CAAP1,0.00010531203121202644,-0.22726279096469723,0.47257535504183923,False
CAB39L,-0.0011327474439103721,0.020357509530954596,0.9321630749872272,False
CACFD1,-0.003189663906217957,-0.1990060590436574,0.45606376243980895,False
CACYBP,-0.0029815216401846683,-0.0031284225598128637,0.9746537418785151,False
CAD,0.0017692413808346225,0.04154594723250279,0.8723479466443737,False
CADM1,-0.000498994431476469,0.14978079316101764,0.5726003143972405,False
CADM2,0.0005262203178234328,-0.006468791479497033,0.9853218936895664,False
CALCOCO1,-0.00177121285138667,-0.08631515687205714,0.7584596901946772,False
CALCOCO2,-4.223566586779241e-05,0.13586879273417843,0.39851356988144904,False
CALCRL,-0.008644232950446175,0.09095799541595702,0.7488324905532606,False
CALHM2,-0.0006604090568934037,-0.3048933934297765,0.4778582471613946,False
CALM1,-0.002295354603753386,-0.0014644760231071136,0.9911319859464641,False
CALM2,-0.0020988692029001656,-0.05569955789454184,0.5206088065939976,False
CALM3,0.00022109819030097463,0.09214411361085181,0.4852815130678785,False
CALML4,-0.00250555223178084,0.14688474669486157,0.4038017154206561,False
CALR,-0.0026930061896331486,-0.4054353391770016,0.007458646445791783,True
CALU,-0.0025902220776566035,-0.11467634165505321,0.5893299263216897,False
CAMK1D,-0.0015635626227045857,-0.2361717957104687,0.5121414753431692,False
CAMK2D,-0.0017367795621965204,-0.23039541540513264,0.5503142150111935,False
CAMK2G,-0.0004244514522634682,0.10281975396635959,0.5678744485252307,False
CAMK4,-0.0032909523429919827,-0.04097801399019395,0.7929209735508869,False
CAMKK2,-0.0012114923267150513,-0.5037482759269845,0.36127848024776027,False
CAMKMT,-0.0026433330327247173,0.06244632004774296,0.7910948091582326,False
CAMLG,0.0023007173296788544,-0.0689590410494425,0.3892407067768995,False
CAMP,-0.002035830560529581,0.17915835053761311,0.4355834105370412,False
CAMTA1,-0.00130143762858091,-0.0871605860614305,0.503271671763575,False
CAMTA2,-0.00029896293932345734,-0.12809044206765832,0.731250774535221,False
CAND1,-2.3438914845411616e-05,-0.5081707944795841,0.00569912078544986,True
CANT1,-0.0006078428276501948,-0.1915695062181465,0.639504171011141,False
CANX,-0.0015810946585492341,-0.4357967402436274,0.0870363692596895,False
CAP1,-0.0007663266190799438,-0.07586100716300878,0.7824924185556398,False
CAPG,-0.006119471063270294,0.07044854367474457,0.37748047200863755,False
CAPN1,-0.0014070116378551265,-0.648984272741502,0.1107672595952247,False
CAPN2,-0.001798478262131419,0.2974785739217887,0.30635544564846023,False
CAPNS1,0.0006741940455894953,-0.0830819482650054,0.5413290055247719,False
CAPZA1,-0.0013772724526447246,-0.11702183717604066,0.33862821152788514,False
CAPZA2,-3.710553730595254e-05,-0.18345903646970946,0.17228484822035703,False
CAPZB,-0.001010010072378829,0.028666359402705826,0.8831190694040109,False
CARD16,-0.0019426431826532321,0.13339484382644773,0.408406439385837,False
CARD17,-0.007359219467456301,0.8715860318916029,0.013122510943980665,True
CARD8,-0.003910973749988269,-0.09700921517072174,0.33882947421631343,False
CARD9,-0.0015127757670380703,-0.07157069363344205,0.8867445922021213,False
CARHSP1,-0.0034498578277862638,-0.07113236401187947,0.8608495070130293,False
CARKD,-0.0021470151263850673,-0.24314499825251554,0.3753962765585772,False
CARS,-0.00025578866971241395,-0.3651736463964335,0.11366166031787525,False
CASC3,-0.0019057554893278405,-0.3582348062667349,0.4178468270710788,False
CASC4,-0.0030014860545207697,0.10848819586632788,0.7219352149200715,False
CASP1,-0.0043376845887108904,0.13528687198366096,0.4739124734953356,False
CASP10,-0.006396360430068646,-0.0011741852197929435,0.9963847197254347,False
CASP3,-0.0017159071598511187,-0.05492210035744262,0.7864703168100283,False
CASP4,-0.003430952554608043,0.09075966527123046,0.6124877040757211,False
CASP5,-0.006375770861731873,0.19195803818178986,0.6448951574633784,False
CASP6,-0.003501746845239343,0.032376521074354764,0.895184630405528,False
CASP7,-0.0004971599844320061,-0.11072803106133618,0.6683158390887474,False
CASP8,-8.561496699780591e-05,-0.07266963765658405,0.5428647143860392,False
CASP9,0.0030398347664438246,0.28792614882724676,0.25745507317954247,False
CASS4,-0.0011197538971448586,-0.5100174342818928,0.034376320919153436,True
CAST,-0.001595991717441769,-0.4070737338085334,0.021951905531191605,True
CAT,-0.0014731725842264266,0.15916204277364748,0.2733199628949286,False
CAV1,-0.0005661271997496824,-0.06703867836682308,0.8833018670496011,False
CAV2,-0.0023449017610577055,0.23279220329734493,0.4393699833781627,False
CBFA2T3,-0.0008226440636403605,0.3042980746246514,0.26941566834411823,False
CBFB,-0.005698129668939948,0.4203029728111664,0.1040040825242086,False
CBLB,-0.0007449791495061237,-0.7652163291416011,0.027345952276049745,True
CBLL1,-0.0002824231791543167,-0.3822758166007164,0.10817623570026057,False
CBR1,0.00012017668055377354,0.20595028431119447,0.009357284399676697,True
CBR3,-0.0019464720240431783,0.020451042046113723,0.9464827211926443,False
CBR4,0.0004380207185312236,0.24847701560492277,0.31850811644151195,False
CBWD2,-0.010390623313780298,0.18666831916896257,0.5755947971222592,False
CBWD5,0.0011968224665825562,0.035292724865174256,0.8409250838209661,False
CBX1,-0.002991507844772876,-0.19975746826787313,0.27838849583317266,False
CBX3,0.0005244991662294782,0.10077818176885156,0.5666752130321799,False
CBX5,-0.002730014489603956,-0.23596848992403027,0.3276781643406969,False
CBX6,0.001019457745149336,0.03872159527926297,0.9265822598857416,False
CBX7,-0.0017675519915992582,-0.1610619144332451,0.48100173977085625,False
CBY1,-0.0008138535193105381,-0.28995391938256615,0.3069343271152907,False
CCAR1,-0.004408629656142539,-0.1498789915051023,0.41145052577753993,False
CCAR2,0.0014444910719581968,0.4902877540262034,0.3732394694343203,False
CCBL1,0.000349693851407439,-0.30101050150732356,0.41870252349338033,False
CCDC101,-0.001088237679518579,-0.011106779975999674,0.9127075450504177,False
CCDC102B,-0.0029846706355258126,0.1115935119950059,0.6504156576516595,False
CCDC107,0.010196281958905824,0.17374193123954015,0.28823217792854605,False
CCDC109B,-0.0002188507616004486,-0.2551401626822351,0.4587564630619466,False
CCDC115,0.00013800160965571362,-0.16963699496289505,0.2945945002857417,False
CCDC12,-0.0009346935734096312,0.07290904347420696,0.45860509323917553,False
CCDC122,-0.000938439486983932,-0.4382563803485809,0.020593169540563293,True
CCDC124,-0.001646151187566941,0.053076590253275095,0.6443384838130015,False
CCDC125,-0.0007682200553912153,-0.37251102426075305,0.08579138146290043,False
CCDC126,-0.002876459434169036,0.34951660736528206,0.13028528192807612,False
CCDC127,-0.0011682045408956737,-0.08956833577664641,0.6160716770670283,False
CCDC13,-0.0001935485313894199,0.23267584978270722,0.5516919237062108,False
CCDC130,-0.00017388848063256226,-0.09749077559434832,0.5850691301003073,False
CCDC132,0.0003418693211592295,-0.08421559639343783,0.764157916537411,False
CCDC134,0.00026116870125606915,-0.38589643416150554,0.13919655902199968,False
CCDC141,-0.004902965073414997,0.4356900343651174,0.20048249030550966,False
CCDC153,-0.003866942432204888,-0.10274529910118343,0.5663079613213358,False
CCDC157,-0.0008761211127904464,-0.2900597384529538,0.46167620423948164,False
CCDC159,-0.0026100481755522453,-0.018663880628238132,0.8691879386243089,False
CCDC167,0.003857691737021498,-0.03252230561420926,0.7984392506338382,False
CCDC170,-0.0028293299104906336,-0.13171691507047936,0.5525144475251973,False
CCDC174,-0.0044314346932305,-0.13220762879030326,0.2518758579486037,False
CCDC176,-0.008228127336484868,0.008947052745244754,0.9637662955505981,False
CCDC18,-0.0008922564256358182,-0.02132868281175209,0.9315469794576735,False
CCDC22,0.014751806072361104,-0.2869267630882397,0.5902544246112973,False
CCDC25,-0.0012346268313056764,-0.23986240670796988,0.01659175885541087,True
CCDC28B,0.0005218162056211672,-0.30375289395983535,0.22981677274056414,False
CCDC34,-0.0027322359602682243,0.16359924295319858,0.5133527523445656,False
CCDC43,9.044788177040779e-05,0.024757344073344942,0.932688647927971,False
CCDC47,-0.0028891527364292434,-0.05046949181134244,0.8635708882641296,False
CCDC50,-0.00255534853921478,-0.10130076246714381,0.7605347970711915,False
CCDC51,0.00028004140285665637,0.04024017574298469,0.7456891085598261,False
CCDC53,-0.00016870319010809284,-0.008367208202739384,0.9540959337606354,False
CCDC58,-0.004369322158914111,-0.19139848378983987,0.5729924045844081,False
CCDC59,-0.0014119507499170056,-0.32025788845307956,0.030270653567182653,True
CCDC61,0.0013115422910727685,-0.480385013978859,0.25912824633791537,False
CCDC66,0.0002697878138747648,-0.403229291908574,0.16651133792572187,False
CCDC7,-0.0033319109747734555,-0.04283428815818571,0.8934006636735975,False
CCDC71,0.0017316971691164185,-0.29264382543985856,0.5548212260729495,False
CCDC77,-0.0028496956447884554,-0.2804221363294441,0.4083436198783994,False
CCDC82,0.0017413813819273374,-0.582899247663452,0.01129488538898312,True
CCDC84,-0.003733658426349824,-0.38948973754586524,0.1647748338742235,False
CCDC86,-0.0011681116183427367,-0.5218463622875712,0.17134030296546757,False
CCDC88B,-0.0028035011221985272,-0.183002224555375,0.4940064606481741,False
CCDC9,-0.0005439466518747557,-0.24292553987749888,0.35321303990448216,False
CCDC90B,0.0005252668354424213,-0.1787495826362776,0.17540814216175651,False
CCDC92,0.0013604814048277852,-0.2298544576759664,0.5570680307292908,False
CCDC93,0.000619601082239896,-0.31386854582732365,0.3021192582647217,False
CCDC94,-0.0008147047970889342,-0.4689330889926361,0.080298225759344,False
CCDC97,-0.0019196478675991525,0.3829657967714065,0.36040139200242055,False
CCHCR1,-0.0006310483893211815,-0.21592854292806804,0.49225281553169264,False
CCL2,-0.008744069746882657,0.2797619600038085,0.1447393088445582,False
CCL23,-0.006465142564002959,0.502103098530995,0.17233749824775457,False
CCL28,-0.0037497429185035978,0.055803881949548266,0.8885773676592954,False
CCL3,-0.022342520609235035,-0.3789288353595613,0.4095785117283639,False
CCL4,0.0007836856278587415,-0.0015569649641994981,0.9940747565625889,False
CCL5,0.00038636660227014014,-0.1381068766945709,0.16384113970674843,False
CCM2,-0.001628549423724306,0.10462700847601693,0.7189276702016205,False
CCNB1,-0.0011253089332799553,-0.3522917254110774,0.4738913437278591,False
CCNB1IP1,-0.003899976713138693,-0.23596354901011354,0.1766266275872053,False
CCNB2,-0.0004642862699207555,0.450632678240892,0.374896226379844,False
CCNC,0.00019065531113754517,-0.0005468819694212831,0.9977523529136858,False
CCND2,-0.0003666741897504044,-0.0368915115587127,0.9259645347681138,False
CCND3,0.0005262162915618358,-0.4587827613620623,0.0627094882051029,False
CCNDBP1,0.0019128839008501978,-0.03091403521005108,0.8119847501031787,False
CCNG1,-0.0026318510236535402,0.0020468131842577997,0.9938623087919176,False
CCNH,-0.00321112247899711,-0.0456716898667696,0.6923861296748779,False
CCNI,0.0019160276651293221,-0.26659585721807294,0.06993765442063321,False
CCNJL,-0.004014068405280805,0.10373660790416718,0.6521892412593167,False
CCNK,-0.0006481373842510686,0.09560716724060686,0.784569027336547,False
CCNL1,-0.0008631324351459697,-0.2096963114445091,0.4460057525389668,False
CCNT2,0.0014793539463645374,0.1509622435277485,0.6468772653618857,False
CCNY,-0.005251085926544424,0.4344427716453315,0.0483674056509872,True
CCPG1,-0.0004803638559786878,0.07555489397349385,0.8067866443174906,False
CCR1,-0.0007169020969367861,-0.3438710355801835,0.1855324959071709,False
CCR10,-0.00038253938646823344,-0.15519085048639789,0.47993029295486755,False
CCR2,-0.0019399130505278052,0.30714566122242304,0.3406688257287737,False
CCR3,-0.004623118432322868,0.23546364909638814,0.25880978970900165,False
CCR4,-0.0011487942924435306,0.018694606514038536,0.9154509202537447,False
CCR6,-0.00046834339883258564,0.4634571356948004,0.014141770684966205,True
CCR7,0.00024231977393501542,-0.08753820006995082,0.8497380087812626,False
CCRL2,-0.0022264455490656095,-0.01579501848735824,0.9241758555463624,False
CCS,-0.00501077116925023,0.13190378760041968,0.34917679107835353,False
CCT2,-0.00034181885462772647,-0.03813963807969185,0.6416111020941887,False
CCT3,-0.0026263869267449166,-0.08915778488264782,0.3742500210298848,False
CCT4,-0.0019631428792131283,0.1251650282097384,0.29600098162022925,False
CCT5,0.00031476216894814704,0.07940008943644747,0.15533013818566488,False
CCT6A,-0.0028692717632622282,0.02248361438761985,0.8546069874098303,False
CCT6B,0.00020863782331975722,-1.142507254013082,0.0367938727659136,True
CCT7,-0.001223272028621415,0.2794473612836003,0.24807378922967827,False
CCT8,-0.002359820205544876,-0.31901285815961106,0.027329821679996934,True
CD14,-0.004716162095822979,0.08801083893536345,0.547496506078692,False
CD151,-0.0018893680989996106,-0.15545396127687386,0.6679270539815516,False
CD160,-0.002475422944831726,-0.3315793342426902,0.1130890733098521,False
CD163,-0.0029231745262411355,-0.35320470666746245,0.1350775423549986,False
CD164,0.001169591734341335,0.1810312866123479,0.13128792480833812,False
CD177,-0.003094282497923754,0.20195649428419737,0.6513266541125802,False
CD180,-0.008739186815188945,0.20563269900396738,0.5386908101347627,False
CD19,-0.002454669939046317,0.008680207675628049,0.9822748229559206,False
CD1C,-0.004479284748216844,-0.20331242196313384,0.32888994650633896,False
CD1D,-0.0033407379779505616,0.20495369576243572,0.2885374022677499,False
CD1E,0.0024229142903332457,-0.10313711686558315,0.7015414214941025,False
CD2,0.005845889122815177,-0.08101792346891123,0.5739401730859033,False
CD200,-0.004429903582259409,0.0893398431850571,0.805411868906669,False
CD200R1,-0.004074661990916265,0.0022647608260641075,0.9931830437520699,False
CD22,-0.0033023506648538338,-0.4411679673169905,0.22857731313185248,False
CD226,6.864717211863686e-05,-0.16375167531144527,0.6124656391490491,False
CD244,-0.0009687643738308012,0.11048541439546386,0.6407212083536054,False
CD247,0.0028203422381058115,0.775869958919444,0.18245435038934069,False
CD27,-0.0016928604776424861,-0.0360348147961767,0.8885722692137465,False
CD274,-0.003694114749090871,0.0640515064428381,0.685673574656781,False
CD28,0.0003598310975288959,-0.4235972474573043,0.2968402778620751,False
CD2BP2,-0.0011473670715019554,0.29908968842661376,0.11716656626853877,False
CD300A,0.0017596654581226183,-0.013889453824400199,0.9420320177243875,False
CD300C,0.0009325769070473664,0.011785194388140012,0.955611066115756,False
CD300E,-0.002022228269112662,-0.06192250287531685,0.8095948558883761,False
CD300LB,-0.00760157879466337,-0.1450641418317481,0.6452693018873377,False
CD300LF,-0.0019383680654770012,-0.12583845971356578,0.5571001097866697,False
CD302,-0.007431089472984346,-0.12980660322091808,0.4852040048032705,False
CD320,-0.0014910870890056467,0.03427461316949761,0.5495251094964856,False
CD33,-0.004141916483105227,0.11639866156943669,0.38983416052350894,False
CD36,-0.0022218915900449367,0.09710560204017302,0.40963099903831,False
CD37,0.00023716796741779292,0.07831696101415256,0.19299155111017963,False
CD38,-0.0017643276010984026,-0.5623069272269683,0.12498344502803371,False
CD3D,0.006677636928578405,0.06141869709163612,0.060167238260141115,False
CD3E,0.001307023875518246,-0.10910144280810188,0.6941506874630984,False
CD3EAP,-0.0011226567468401447,0.09397614240419078,0.7840866429945108,False
CD3G,0.0038295236951982814,-0.30439144923781636,0.3118100507273377,False
CD4,0.0005553918206752169,0.23238268172136697,0.4572563583174617,False
CD40,-0.005146078126031188,0.22606816606932917,0.335752669320729,False
CD40LG,-0.0013480995547982685,-0.16491307293202084,0.45661845508225685,False
CD44,-0.00368521785828595,-0.02653221286133108,0.8577257591848191,False
CD46,-0.0012190212298623826,-0.25027631143556095,0.21329275450144433,False
CD47,-0.0006820760107253609,-0.10845218490145392,0.5904366217650651,False
CD48,3.066645813021289e-05,-0.16558439375791897,0.3248047800030404,False
CD5,8.541822791165003e-05,-0.03903380143762636,0.8932028955078889,False
CD52,-0.003667109275435309,0.050189611981108745,0.5437154878983337,False
CD53,-0.0017215280909022353,-0.03967895980193307,0.7926967397278162,False
CD55,-0.00034792056634096744,-0.16069945394714885,0.15247081794911546,False
CD58,-0.0020077719280544703,0.008350846603395171,0.9655377057469825,False
CD59,-0.0025746105164655125,0.14157874330306155,0.43104548703244516,False
CD6,-0.00015087582357961387,-0.2590216478988564,0.10242259702989479,False
CD63,-0.0033363891072982757,0.08780615868819197,0.3680626343574956,False
CD68,-0.009139352176358764,0.19431889804675587,0.6804705630077537,False
CD69,0.00027513829244894605,-0.4223736412909559,0.15270383712329694,False
CD7,0.000988081380268215,-0.41006282262353516,0.16611102121631824,False
CD72,0.0005578571376979242,-0.17034617215816172,0.41346456483917515,False
CD74,-0.00024821248466867215,0.3065504992433464,0.035564082233552674,True
CD79A,-0.001111412980401434,-0.036398239222374805,0.8526030968450647,False
CD79B,-0.003703247115455405,0.016799227799738067,0.8819443704486947,False
CD81,0.0006103376873678722,0.23814371779730545,0.2987191639533365,False
CD82,-0.000734422983541775,0.04522683368194505,0.7830754425511172,False
CD83,-0.008843122814343476,-0.1810311951335778,0.5393554173414735,False
CD84,-0.002736185361740656,-0.09510075266393575,0.7291034931476115,False
CD86,-0.006075034645228157,-0.14044704427602694,0.6914191037205818,False
CD8A,-0.0011720479681080077,-0.14904482712748354,0.35673942050317997,False
CD8B,-0.0026374252073881463,-0.13204868781705306,0.33799945630762157,False
CD9,-0.0028523617525437364,-0.026878376285630858,0.8236465288905801,False
CD96,0.0005321109524328984,-0.21439786669938588,0.2218145184105651,False
CD99L2,0.004316552414035534,-0.22267684705423937,0.5138456999868695,False
CDA,-0.0033521026465646725,0.17029592783407013,0.35120084017039216,False
CDADC1,-0.001549958842779383,-0.5284327327420786,0.06952127851978766,False
CDC123,-0.0018677422478417974,0.00944536075287989,0.9400273776847458,False
CDC16,-0.0021977984498807064,-0.0652029291335637,0.7580576733790698,False
CDC20,-0.0014668615630160817,-0.3092966832645883,0.31530570086835163,False
CDC23,0.0009088724054646009,-0.3968918436797335,0.22840586357500622,False
CDC25B,-0.0008214331676239314,-0.23970643234731584,0.429765545565448,False
CDC26,-0.0018897216785837246,0.09541454648895116,0.11262928051160105,False
CDC27,-0.0009454682308722049,-0.20208471060683922,0.49860220968988134,False
CDC34,0.000891568915614881,0.043501099129318,0.7928436981957523,False
CDC37,-0.0006197094139018516,-0.3543618465203763,0.03309839467518853,True
CDC37L1,-0.0015046926426591487,-0.1223318001777282,0.44255752595063813,False
CDC40,-0.0001143178141077257,-0.32816241775579014,0.2998449505281851,False
CDC42,-0.0013692375371257043,0.088985238011837,0.4180778951296802,False
CDC42EP1,-0.001504512873453168,-0.3185422514946852,0.33135471958524665,False
CDC42EP2,0.002411980148771821,0.3059964416448449,0.24614422090916424,False
CDC42EP3,-0.0004752703149560464,-0.1483622496476466,0.691026979491158,False
CDC42SE1,-0.0008309683905706373,0.05318156785943589,0.5534339743726144,False
CDC42SE2,-0.0033570553208837712,0.09899086999000185,0.6210900759716061,False
CDC5L,-0.0001486822755402329,-0.6031839470585222,0.025177984169369408,True
CDC73,-0.004082158677118358,-0.2703689674445497,0.4700600861003662,False
CDCA3,-0.0009281979038974461,0.2194050540610259,0.48240847177440693,False
CDCA4,-0.0006562192897181076,-0.16766427921931618,0.5180271028005728,False
CDCA5,1.624401239318244e-05,-0.27314328562627055,0.30757265481731905,False
CDCA7L,-0.0021826519743069752,0.2711434476121186,0.2199756268986957,False
CDIP1,0.002494020083849223,-0.7130462580445553,0.23254046384115554,False
CDIPT,0.000399355992128002,0.20011036401368215,0.3791978149349743,False
CDK1,-0.001909762629306419,0.012942090212828265,0.9586737336319897,False
CDK10,-0.0015323136136426798,-0.3097133455144517,0.37851110673846367,False
CDK11B,0.0003479551139032126,-0.37068629451713164,0.21542939523282792,False
CDK16,0.004152982712992898,0.15586379688755003,0.36418930717413683,False
CDK2,0.000934762337847976,-0.13461235941545677,0.7010631506708441,False
CDK2AP1,-0.0016446546539677144,-0.1702130657141915,0.2589445593851594,False
CDK2AP2,4.415310172851097e-05,-0.11077064898635393,0.3153089438541557,False
CDK4,0.0019463223914014012,-0.13190967224503408,0.4658402302354506,False
CDK5,-1.586563903522575e-05,-0.12482601906392501,0.4394947063653122,False
CDK5RAP1,0.001181040569650856,0.11854769122464542,0.6421019653462718,False
CDK5RAP3,-0.0010993441967005085,-0.08851190287968283,0.538106239131266,False
CDK7,0.0015116483795052202,-0.4418184298041816,0.024768873844450447,True
CDK9,4.553975381670805e-05,-0.1923376249738153,0.4694104112529526,False
CDKAL1,-0.001988536610048831,-0.16585816999134126,0.5124439886847445,False
CDKL3,-0.000339556246184474,-0.3227874163486115,0.45194508929576616,False
CDKN1A,0.000378422375332188,-0.0617838621284765,0.8162702465569771,False
CDKN1B,-0.0005107360313504043,-0.19803770274421467,0.47853054237775006,False
CDKN1C,-0.00032221270589984075,0.026423541751777992,0.8893451757884359,False
CDKN2AIP,0.002907086956227457,-0.1922303564774976,0.5568626758010315,False
CDKN2AIPNL,-0.001876087734616064,-0.27250088182377413,0.037482947757678235,True
CDKN2C,0.0009419682439180371,-0.11064968918498375,0.5452840173531781,False
CDKN2D,0.0009289695391082692,-0.5266179832681375,0.050986405457773346,False
CDKN3,-0.000754959348626793,0.09656959700474764,0.7877420003649898,False
CDNF,-0.0027342278770458666,-0.2174433678330178,0.4653674401143957,False
CDPF1,0.0047612774077778084,0.10363033566470979,0.7633355596147493,False
CDS2,-0.00224811243934601,-0.06557624610354137,0.7007719567700004,False
CDV3,0.0008476969250723318,0.2738048694722619,0.11997150851621388,False
CDYL,-0.0020893407703730734,-0.5119321925182594,0.043291802607977756,True
CEACAM1,-0.002979986914326306,0.43389784332790865,0.35806562367664885,False
CEACAM21,-0.00026489298028621605,0.014663245827105579,0.934391419154212,False
CEACAM3,-0.006490588762199415,0.09751003272073991,0.6788603710607932,False
CEACAM4,-0.0021901073115891167,-0.14778034179576205,0.514679532967552,False
CEACAM8,-0.004467948902642561,0.4941667883362377,0.24797868955263958,False
CEBPB,-0.0004502191371922678,-0.05193130952283352,0.8485022624631902,False
CEBPD,-0.0001701826756774222,-0.28133772114012834,0.32119433329917796,False
CEBPE,-0.005882694295958184,0.04898726162034164,0.8266020387762693,False
CEBPG,-0.00024066604873082995,0.2982700624364715,0.4501082306359592,False
CEBPZ,0.0007374402282647602,-0.22034826647266867,0.5632384030515805,False
CECR1,-0.0025036603620193524,-0.10863026124649736,0.6787551551822214,False
CELF1,-0.0002463502773975686,-0.3264030377533057,0.17996059807816248,False
CELF2,0.0010805762466091547,-0.045032169885995156,0.8853134132532868,False
CENPBD1,0.0006016597184185807,0.4684302798560871,0.02270997447646525,True
CENPC,-0.009431349550358582,-0.2830676657672914,0.32527690308865703,False
CENPK,0.001108479561544715,-0.5387109310715633,0.04342828920962535,True
CENPL,0.0002205973326679746,0.05247570505180906,0.8262572859155088,False
CENPM,-0.0013491855523858813,0.03157126305618293,0.9264807642310084,False
CENPN,-0.0018179516593183806,-0.13294781678342274,0.5275788242514989,False
CENPP,-0.002396191325745604,-0.11861380531185535,0.6568707738388928,False
CENPT,-0.0011967948043653713,-0.4280545052546857,0.28253506553642377,False
CENPU,-0.002238340956202359,-0.012677807843976478,0.9703836245144595,False
CENPW,-0.0032684324412425615,-0.040228635118029404,0.7986962045967334,False
CEP135,-0.001888117340502504,-0.5951058565152749,0.037372360887136635,True
CEP170,-0.0008105028713247331,-0.43253045962611747,0.11925113767973657,False
CEP19,0.00238116469384364,-0.1763943190437649,0.48543600686402955,False
CEP41,-0.0019033210497780844,-0.19198889152572982,0.3646758887736612,False
CEP44,-0.004981073506621659,0.12338587415481775,0.6997025256550511,False
CEP57,0.0021434432775186505,-0.16738434512716727,0.48504346049218094,False
CEP57L1,-0.003119833023221964,-0.12369455957028526,0.4362117882189138,False
CEP63,-0.0022681859646068296,-0.42187488575232424,0.08344314935571913,False
CEP68,-0.0034788248808880254,-0.509788596708382,0.06483171770689185,False
CEP72,0.00021481281534921283,-0.3532085178944183,0.1377088206693602,False
CEP76,0.00019597081503343311,-0.022398587360787568,0.9525160520876605,False
CEP85,-0.010689732115297014,0.6230904388788707,0.02421429935284849,True
CEP85L,-0.00245248659753863,0.055816887431075574,0.8777451939365246,False
CEP89,-0.0047398804009069736,0.3534650398003946,0.2082706049708994,False
CEP95,-0.0009448617270345323,-0.5740736503734215,0.03603697556008567,True
CEPT1,-3.720491752102994e-05,-0.1324658527073369,0.4935383804726302,False
CERS2,0.0006618075131718401,-0.09126227329753354,0.671381254485044,False
CERS5,-0.002555666649911475,-0.18953238341882037,0.39506025691080104,False
CES1,-0.002703678334274819,0.5731581913784913,0.1431475751012465,False
CES2,0.0008623560326989291,-0.5527195544611492,0.08482883423884668,False
CETN2,0.0110741951111277,-0.19627246914130245,0.14506047996022137,False
CETN3,0.0017222968332819065,0.3320023497376204,0.031846567030275066,True
CETP,-0.002623743116448185,0.2293840589477344,0.3275197404547022,False
CFAP20,-0.0005726711775127841,0.0074240761040295705,0.9639283891946946,False
CFAP36,-0.0017134242042533053,-0.005856844139702074,0.9791952009919622,False
CFAP97,-0.003269976371917922,0.318580557136409,0.37906228922269647,False
CFD,-0.006472874764785893,0.20843792137752107,0.2352537439137506,False
CFDP1,-0.001576218204561032,-0.07468546483259599,0.45935903189751204,False
CFL1,0.0004545376557303647,-0.19524186567416438,0.3029679031075105,False
CFL2,-0.004556104068737925,-0.5840903100791233,0.012313475159376147,True
CFLAR,-0.001591499904315672,-0.09220898930516697,0.4731351714880855,False
CFP,0.004962149859593673,-0.13454787291067355,0.637224987938368,False
CGGBP1,-0.000759431934528864,0.08291713271431798,0.4721700985343088,False
CGRRF1,-0.0016616985551534812,-0.17812482466582438,0.36161154824262004,False
CHAC2,0.0004265179162229629,-0.1647728643586634,0.5299932819675331,False
CHAF1B,-0.0036231933642343808,-0.09406723243877645,0.7982931773128793,False
CHAMP1,-0.00977185101487542,-0.007993984775339635,0.9705469695342938,False
CHCHD1,-0.0007459920458151986,-0.15662283369990326,0.0829123050612929,False
CHCHD10,0.0004663466413123636,-0.4748265730948344,0.10306405829897357,False
CHCHD2,0.0038826300937613964,0.029138112076752678,0.6343952670532312,False
CHCHD3,-0.003716725627327761,-0.44148562258830126,0.006728676414962852,True
CHCHD4,-0.0011905663776724347,0.22214425345087088,0.39955312198245174,False
CHCHD5,0.002770648796561318,0.1312715977300773,0.2775920679607841,False
CHCHD6,-0.00033894596484915034,-0.8935635854941789,0.004609285178988106,True
CHCHD7,0.002990917956658015,0.03463340684248312,0.7976079993547831,False
CHD1L,-0.0040059294111740515,-0.5005227468225145,0.002047080098895254,True
CHD2,-0.00017859204223141033,-0.34547941476816796,0.39099464189409927,False
CHD6,-0.001348312312785322,-0.5281076858736706,0.07080184750116886,False
CHD9,-0.0030293466673437667,-0.09072358399496847,0.7340596092592511,False
CHEK2,-0.0023887091671650103,-0.13641780435625245,0.7451675336929742,False
CHERP,4.901632793559724e-05,-0.7235311728698617,0.3378816153093967,False
CHFR,0.0003894433979350676,0.26618469045412535,0.4233204341232881,False
CHI3L1,0.00021062123888980266,0.1120589017648176,0.559125604138234,False
CHI3L2,0.0016859002785711017,0.01317535237146577,0.9267969219027286,False
CHIC2,-0.0005486406598816463,-0.03060072147486105,0.9025402519853212,False
CHID1,0.0003366997998351272,-0.4568400291561782,0.0010552345793227984,True
CHKB,-0.002958867062218966,0.02886037013291403,0.8536240533380344,False
CHMP1A,0.005033788794106397,0.0811181639866808,0.5980044661629286,False
CHMP1B,-0.0005595965258298441,-0.09181606567729705,0.6700410465017761,False
CHMP2A,0.002189251883260922,-0.006588397870738739,0.950722651779868,False
CHMP2B,4.5403767900720915e-05,0.10708017412678972,0.6541511965439237,False
CHMP3,-0.008664973813210857,-0.0814297180109749,0.5917403493586699,False
CHMP4A,0.0010058909771383498,0.02509355286310762,0.8999296694309029,False
CHMP5,0.0016542294847650568,-0.0014857153853289834,0.9938551817192568,False
CHMP6,0.0012660938469835625,0.08688791910548711,0.5148817528592115,False
CHMP7,-0.0003304608157010144,-0.09510479232237481,0.7010906561078479,False
CHORDC1,-0.0022015268686118236,-0.24608288610393775,0.09072941202791847,False
CHP1,-0.003790565464084179,0.07597361622753314,0.6864309648805488,False
CHPF2,-0.0006876472115203778,-0.14513920025882485,0.4078844145133905,False
CHRAC1,-0.002601202149951478,-0.19799310241174162,0.3846778266922134,False
CHRM3,-0.0016285864843501787,0.1992765259386687,0.5332267790363491,False
CHST11,-0.0024236400396170817,0.1744288549005067,0.742256428177535,False
CHST15,-0.0022458577475430223,-0.4083343523754472,0.22054823685792654,False
CHTF8,-0.0020424405067695885,-0.17206481275529178,0.6296765414641492,False
CHTOP,0.0015563864221225638,-0.14920387020642054,0.6747637705131886,False
CHURC1-FNTB,-0.0016838088504165403,0.2670245295679395,0.25426312849072863,False
CIAO1,0.0019519825795440281,-0.12419088387809346,0.2971987342910361,False
CIAPIN1,-0.0005270297672753784,-0.06359832947048331,0.7726730236764918,False
CIB1,-0.0031720775889268523,0.0889116378331623,0.2438662784053265,False
CIDEB,0.00243936686688773,-0.11640100648630652,0.6709792992336556,False
CIITA,-0.001960991514866875,0.058970434633191356,0.8759585713329302,False
CINP,-0.00040378799571004194,0.17485105642292056,0.10144357584597544,False
CIPC,0.0010576108966744468,-0.1388971836999075,0.4411610208853275,False
CIR1,-0.0002930376336960542,-0.010270261533627176,0.929217559645051,False
CIRBP,4.961654451897867e-05,0.048648104256740154,0.7641866634540015,False
CIRH1A,-0.0012726681246992826,-0.22657141959967975,0.3878345898048632,False
CISD1,0.002005563912886194,-0.011706988965387922,0.847033120515394,False
CISD2,0.002256020871710336,-0.11674384413300881,0.5088495060560264,False
CISD3,-0.002394642620713225,-0.2020036241937616,0.3730562027977705,False
CISH,-9.451685163355492e-05,-0.16570476135613615,0.3601933281553264,False
CITED2,-0.000612493912083003,0.4770979541307482,0.7357238225982652,False
CIZ1,0.000502160031185055,-0.09065627494004651,0.9215562211566134,False
CKAP2,0.0001735951766327689,-0.1766954106938643,0.6098164738178199,False
CKAP5,-0.002610107042073474,-0.03187134775111139,0.8952734229368848,False
CKS1B,0.0007588148241387972,-0.015752006729127417,0.9435997447421949,False
CKS2,-0.002531889188107979,-0.2073273561084308,0.30104032366792816,False
CLASRP,-0.0020767428727394978,-0.6072556856044975,0.05933812201205195,False
CLC,-0.008821540016066078,0.39828007337110627,0.06119909980927432,False
CLCC1,-0.000473435386048692,0.18151247512699734,0.5805958529899784,False
CLCF1,-0.000517116693998517,-0.17798838604555148,0.5412150520654679,False
CLCN3,-0.0013577023551025167,-0.03720028220961104,0.8836997114841953,False
CLCN6,-0.0017156814193019386,-0.35233691247168064,0.24762404270257632,False
CLDN15,-0.0035899348538016686,-0.3440525113574711,0.2174243774996932,False
CLDND1,-0.0004658265331161299,-0.12169818210091037,0.4893993327305448,False
CLEC10A,0.003040352616561333,-0.13982344297414667,0.6887174614441651,False
CLEC12A,-0.010762383980650365,-0.27246170434892913,0.2964769039010733,False
CLEC16A,0.00021219382421624284,-0.5982074028203421,0.15379922255472128,False
CLEC17A,-0.00784496997916578,0.16528811220874878,0.6175008980369371,False
CLEC1B,-0.0004511971400889806,-0.19309069250008248,0.4367812651896479,False
CLEC2B,0.003861538242667309,0.0101404188230299,0.9655660967123199,False
CLEC2D,-0.0026270282887627715,-0.23547888801752112,0.34339450763527296,False
CLEC4A,-0.0056432170567827945,-0.07436824941856252,0.6936079018595582,False
CLEC4C,-0.012083708024103695,-0.5582858883122211,0.04669183296810054,True
CLEC4D,-0.00658008879777427,-0.24553577845730348,0.5788773723836422,False
CLEC4E,-0.0024715195905528455,0.07412275598861129,0.7133910773822948,False
CLEC5A,-0.0015950599469620075,0.4073621555597054,0.05640709600583134,False
CLEC7A,-0.00955319138950827,-0.03007846240175649,0.8712873647639364,False
CLEC9A,-0.007586193762676779,-0.0775335648083914,0.6776033036164733,False
CLIC1,-0.0029544032125247126,0.21532464030008175,0.16415244665397752,False
CLIC2,-0.0013753746752135944,-0.5472131877004157,0.03982954863618891,True
CLIC3,-0.0005442840407088712,-0.1984204741095762,0.363726230987845,False
CLIC4,-0.0027928958691475474,0.01911604021898239,0.889961966388099,False
CLINT1,-0.0016737933130764337,-0.18930011025840157,0.49926575079313074,False
CLK1,-0.0010269941652419185,-0.3001812546332959,0.09233975059256734,False
CLK2,-0.0014550961868279285,-0.04449287960984952,0.9045024764199676,False
CLK3,-0.0007322009095112715,0.1338963033429882,0.6821684062708798,False
CLK4,-0.002251715949762268,-0.3771671042489417,0.09536954162127591,False
CLMN,-0.0026809640286570217,0.05500472692251639,0.8584951745455518,False
CLN3,-0.0006894178304548533,-0.22932335118756805,0.41523176652334115,False
CLN8,0.0012391288029624118,-0.05883890770694601,0.8157528301521606,False
CLNS1A,0.0005242595792478901,-0.27399312184781377,0.04161103024337308,True
CLP1,-2.0676588751691585e-06,0.05127001177886297,0.7362810657663617,False
CLPB,-0.0007579898135970845,-0.4979917938333915,0.2799264032853818,False
CLPP,0.0003175365311940998,0.14132518422418094,0.10675032414553395,False
CLPX,-0.00022858163956993515,-0.5270770872848204,0.16004505532910135,False
CLTA,-0.0009807731941886058,-0.05229032840985622,0.8502393973346494,False
CLTB,0.0008287782613462086,-0.3036556610526969,0.33015299877958204,False
CLTC,-0.0021451877695614777,-0.31600748726352346,0.2126979489021889,False
CLU,-0.000603701677287479,0.03404994284326365,0.863667890150686,False
CLUAP1,0.0002557212707108838,-0.06997118844135282,0.5989239842509925,False
CLYBL,-0.003371672571472225,-0.018786387027880207,0.8914703689728394,False
CMBL,-0.001664060744028678,-0.291760786470354,0.2373035088784127,False
CMC1,-0.002084882802551768,-0.21939441954777322,0.2314782236536126,False
CMC2,-0.006071539057967895,0.027832809068746793,0.8833724794962574,False
CMKLR1,9.217895716662921e-05,-0.27185169249837265,0.5114159868399875,False
CMPK1,-0.0010112320120848539,-0.0012006866085185013,0.9938415735503389,False
CMSS1,-0.0028452983570894917,0.062222740060695864,0.8005183654999599,False
CMTM1,-0.00448574851778182,-0.3006405996444516,0.4419255892537205,False
CMTM2,0.00025355258081965413,-0.036744542558084396,0.8681720734112989,False
CMTM3,-0.00029996078700872663,-0.24216625766982336,0.5714049926579807,False
CMTM5,-0.0018675071913690938,-0.0709581229397772,0.6635164813153749,False
CMTM6,-0.001341127834144067,-0.0339634030002368,0.8852031087930108,False
CMTM7,-0.0005767082429331396,-0.21933578100769155,0.4776819994729655,False
CMTR2,0.0020710849274524217,0.054945288903878425,0.8633753927027589,False
CNBP,0.0008798964052421396,-0.1103631108736537,0.4325395286879158,False
CNDP2,0.0012241789495712817,-0.19391172965455816,0.1560078877556679,False
CNEP1R1,-0.0032327028558819934,0.10350605405859525,0.42111546915491516,False
CNIH1,-0.010978584468686027,-0.1262962718804012,0.3575088898883447,False
CNIH4,-0.0012018272771912013,0.15006503950360608,0.4609600313630995,False
CNN2,0.002167364346187765,-0.05792903710105573,0.8319595728728273,False
CNOT1,-0.0031428725102831787,-0.011728536766213635,0.9438280433152506,False
CNOT10,-0.0035540159844770517,0.15809070715630652,0.2859814887423449,False
CNOT2,-0.00015123280600834858,0.14910613332132863,0.2875193211342453,False
CNOT3,0.0013713622466083463,-0.555356238747101,0.5682228009738839,False
CNOT4,-0.003071144954446785,-0.3682858706809367,0.13417708209719414,False
CNOT6L,-0.0002737126502119669,0.0848223055303878,0.7242781268696241,False
CNOT7,-0.00038134299217508814,-0.15237419196685634,0.451399750410421,False
CNOT8,0.0017945017280489642,-0.09863223829733798,0.6473199405569315,False
CNP,0.0014526484763974028,0.048854122762510825,0.9012863706793687,False
CNPPD1,0.004348916042841532,0.2602133753359894,0.4579946647943316,False
CNPY2,0.0004928974322862583,0.00036988610681633186,0.9960977567763377,False
CNPY3,0.0004143291270910692,0.17130263412553504,0.1372105175435335,False
CNPY4,0.0010271463925524329,0.16220389884955722,0.6434444644797631,False
CNR2,-0.004642354849469301,-0.17494310110401287,0.5426453424749573,False
CNST,-0.0029816235899862865,-0.2295585754255639,0.2935388632897773,False
CNTD1,-0.0023132900369823356,-0.587944671057847,0.13105707012282047,False
COA1,0.0012830615171150364,0.04095082494730759,0.44212864574764055,False
COA3,0.0003585331532376001,0.094011399160911,0.22549088891436178,False
COA4,0.001090830939523416,-0.09565887530684641,0.30019516880653885,False
COA5,0.0030903390804740707,0.07563895801140043,0.5424558415288748,False
COA6,0.004417236048821139,-0.010530198221346352,0.921242556202761,False
COA7,-0.00770197863121429,-0.24796768156214297,0.3045847305228948,False
COASY,-0.001267974145687677,-0.2118343847724168,0.28089607436731423,False
COG1,-0.00451211299622872,0.5065680110977864,0.11192844850782353,False
COG2,-0.00025284028434450226,-0.08072462985209307,0.6536748993613398,False
COG3,-0.0031821483981918012,0.1670367843377497,0.2841011460047022,False
COG4,0.0005525082848575726,-0.19993743768654307,0.46029517365612127,False
COG6,-0.0014653613482357563,0.2958599160260754,0.335690878183173,False
COG7,-0.0009230558612759893,-0.13799428230278069,0.689810084672539,False
COIL,-0.002982543941734162,-0.2086740280749272,0.46314014383337776,False
COL19A1,-0.00024665171498884723,-0.14944757851923005,0.49005652794427157,False
COL4A3BP,-0.0016438445142045576,0.12342840346309564,0.6060850496465426,False
COL6A2,0.0012023415422396293,-0.47398336978986877,0.3240288224199377,False
COLQ,-0.001129938570961008,-0.35316849587317445,0.2699647834236812,False
COMMD1,-0.005579491905146628,-0.075198704163168,0.4043317352408612,False
COMMD10,-0.005433501250856026,-0.19890168399813987,0.4833953583511057,False
COMMD2,-0.0015735302227493663,0.16549974433297684,0.4954123916403862,False
COMMD4,-0.004472904969873993,0.08718437351522566,0.5488907028646924,False
COMMD5,-0.0015076484807455522,0.14087263763556587,0.2278169017019076,False
COMMD6,-0.0016976357851511983,0.05568600656009318,0.5998247972642446,False
COMMD7,-0.0025721271242319407,0.1680084137618404,0.5026908908300296,False
COMMD8,-0.0005841140383127096,-0.23883769340349492,0.12867602953547289,False
COMMD9,0.0006270945566202212,0.23592481491613004,0.02283521385802948,True
COMT,-0.0005810177142680686,-0.06896669201201316,0.4453280063479048,False
COMTD1,-0.00014264833301122465,-0.25342281997809435,0.43935969964303867,False
COPA,-0.0007542473696716485,-0.48199309782375327,0.0260318464715657,True
COPB1,-0.0013637055186072635,-0.3329620579093432,0.3417733794621862,False
COPB2,-0.00011826308985606316,-0.17503617422610346,0.2916066154666379,False
COPE,0.00033119873232791456,0.0927505272868795,0.17727568769244265,False
COPG1,0.0059956645060193214,-0.04136618943840653,0.8892443647340524,False
COPG2,-0.00016595699097645515,-0.1739555555091481,0.24627842410826203,False
COPS2,-0.0007816623111011547,-0.20582776426969984,0.5287332938412797,False
COPS3,-0.004718475282885367,-0.13119120903661852,0.3496273881924501,False
COPS4,0.00024107532919225228,-0.13118470605609808,0.58912878597514,False
COPS5,-0.00014170645136992233,0.04199087474379867,0.7069493224550474,False
COPS6,0.0011367888706852408,-0.05133531992684621,0.7138646064981814,False
COPS7A,-0.0007605857011970644,-0.4319485916752642,0.2827027452217005,False
COPS7B,-0.0005900165401360781,0.14179276886420178,0.4728431112648408,False
COPS8,0.002007974154205626,0.04196193557020712,0.8398813756716527,False
COPZ1,0.0005087001130988824,0.08455888026154795,0.42841757073573106,False
COQ10A,-0.000258902329407409,-0.26357159901154614,0.4963039825097799,False
COQ10B,-0.0005727268298103517,-0.05523079266928407,0.6598329618302226,False
COQ3,-0.0037185930889719336,-0.6362606342111358,0.012228483775648865,True
COQ4,-0.0005258841437540242,-0.23670378888504018,0.05444247660603625,False
COQ5,-0.001665869979042775,0.09860850667289049,0.6266573047529977,False
COQ6,-0.0012933285988571087,0.028121536826764684,0.8484892304017977,False
COQ7,-0.004414041665512331,-0.026367543594791036,0.8860493944200203,False
COQ9,0.0001452824136422953,-0.2723472039188279,0.2501766412758382,False
CORO1A,0.0020154439184262613,0.038437787433464266,0.7381769662358914,False
CORO1B,0.0019319618534081764,0.03178078532851322,0.9250092373078387,False
CORO1C,-0.003866107457058819,-0.520501608329242,0.13319959584882596,False
COTL1,-0.002069357256225987,-0.21335805992943252,0.10733219513929557,False
COX10,-0.000776328032038533,-0.18979028856587804,0.3792449358512381,False
COX11,-0.0002864388483679997,-0.20085849518115853,0.26530457421261006,False
COX14,7.241749334575317e-05,0.20834842073718157,0.024051842437011015,True
COX15,0.0010455292236231394,-0.019503698304224715,0.9537374559512812,False
COX16,0.001827492901246242,0.03957302298506368,0.6257818868484059,False
COX17,0.0003042594784787318,0.18190308952966205,0.10928228059573566,False
COX18,0.00048732924801983026,-0.4401801813157767,0.24440442232742937,False
COX19,-0.001639971469156915,0.15783374948557802,0.6311823359855598,False
COX20,-0.0049750789243818505,-0.012190356034201402,0.9252656831918181,False
COX4I1,7.395243567340942e-06,0.017981128840549983,0.759380568098532,False
COX5A,-0.0010899355542139514,0.05576935476871814,0.5457621851295613,False
COX5B,-0.0008984576223865847,0.09761272213280275,0.3815885319377682,False
COX6A1,0.00019494651468395148,-0.04432831663248985,0.6416892017385165,False
COX6B1,0.0012056126679237137,0.030660176068339793,0.576684796185281,False
COX6C,-0.0004763796418036738,-0.04988641369548298,0.5722391749762745,False
COX7A2,0.0027987220658134923,0.17970395197673572,0.5600069889533829,False
COX7A2L,0.00047176413335374163,-0.0013475304076460877,0.9811505424633142,False
COX7B,0.03677823368705141,0.013528655556861816,0.8753360155404941,False
COX7C,0.0020858776843833493,-0.0028693565538691563,0.9646486168166786,False
COX8A,0.0007673659435813661,0.10096134977650964,0.10854776289147894,False
CPA3,-0.008907749190098173,-0.6224486477622636,0.061789558046269726,False
CPEB4,-0.0020856263155389267,0.030272743951547592,0.8924286627211118,False
CPED1,-0.0037349084253281727,0.002228898749016334,0.9923534678029704,False
CPM,-0.003075501981293544,0.18477581306683313,0.5080122460484852,False
CPNE1,-0.001281622091157429,0.006618555502928681,0.9767849874875344,False
CPNE3,-0.0009402721315677294,0.26239379504276655,0.37440346143584724,False
CPNE8,0.00018417044848025347,0.15505030797946479,0.41263077643326973,False
CPPED1,-0.0022165765909280045,0.18325438081491205,0.4093757347051509,False
CPQ,-0.006200372552596254,0.07518871238061801,0.7089554475785869,False
CPSF1,0.0004135643893429998,-0.18491295268602992,0.4756295138487201,False
CPSF2,-0.0020824172047061652,0.17621978637661392,0.46393772287757207,False
CPSF3,-0.000610523826370481,-0.0314436880353999,0.8620573486446185,False
CPSF3L,-3.3285337518755075e-05,0.05654518397486349,0.7167026427864541,False
CPSF6,-0.001107857147499856,-0.13414852901658098,0.4879305171436935,False
CPSF7,0.0005684069547177998,0.3477916325832456,0.51096598213237,False
CPT1A,7.993588948126234e-05,-0.0355772622379022,0.881840685337593,False
CPT1B,-0.0027822999127005534,-0.6288506642107069,0.23123303898121345,False
CPTP,-0.002605678465016117,-0.01511285161545258,0.9586355467192283,False
CPVL,-0.0008593187932347914,-0.013483736511300748,0.914224703425152,False
CR1,-0.005025268109276988,-0.2718358579445551,0.10272860055549812,False
CR1L,-0.001259583649691172,-0.11921704939763789,0.3684998170964341,False
CRADD,-0.0050209456660720115,-0.15946034100980958,0.40946800929842453,False
CRAT,0.0008035221507979108,-0.3887076308582261,0.370478695509926,False
CRB1,-0.000840280393301576,-0.20319038109793164,0.536765702756044,False
CRBN,-0.0023719194326577596,0.0543285982356417,0.7209329329953635,False
CRCP,-0.0020864021691414294,-0.058813823970819995,0.733825715885553,False
CREB1,-0.0016593747896287106,-0.26541604932539653,0.3366609482855578,False
CREB3,0.0005446939624000965,-0.08799803597117349,0.7703353411888486,False
CREB3L2,-0.0028644826055341257,-0.21528437251472207,0.4620810759322179,False
CREB3L4,-0.001845567494192472,0.029617219367002148,0.8989813564949395,False
CREB5,-0.001474999072505781,-0.489367069266163,0.29229494059462136,False
CREBL2,0.0002716393395002767,-0.2720469694149965,0.14658934406839763,False
CREBRF,-0.002980544346837748,-0.0008464894112598653,0.9978733146884351,False
CRELD1,0.0018400416959536427,-0.2011450047931754,0.6106444108176114,False
CREM,-0.00218102245774001,-0.32702350461813573,0.1211799371201316,False
CRIP1,0.0008274528911381248,-0.20485540580658423,0.01927147290771564,True
CRIP2,-0.0007604099437886049,0.23485569331020095,0.5210387553303526,False
CRIP3,-0.0007820608693093926,0.04006824177394622,0.9131998528866524,False
CRIPT,-0.0004507751245159941,0.22861895485513145,0.049535254929637396,True
CRISP3,-9.74052253742196e-07,0.5651004134041282,0.031141747116808227,True
CRISPLD2,-0.0018250148827571278,-0.014095043457764307,0.9460510040166308,False
CRLF3,0.001135420978440531,-0.18097634684639244,0.4178667506753698,False
CRNKL1,-0.0002973913261555804,-0.007686318501441451,0.9746975260587425,False
CROT,0.0017100908806790642,-0.7271896543535744,0.09345663118122614,False
CRTAM,-0.004925753463156698,-0.4404629028374729,0.11429061965542783,False
CRTAP,-0.0018638534166181748,0.01003928305509517,0.9698484018706993,False
CRTC1,0.0003574334234200116,-0.6021021465743691,0.13783938212244606,False
CRTC2,0.0018914707029729777,-0.16390072035010894,0.7628485251841127,False
CRY1,-0.0009664094334471461,0.09958486641671856,0.5878861956926684,False
CRYBB1,-0.0022107888137234753,-0.26039471114061463,0.3019222211588712,False
CRYL1,-0.0005419501202509867,-0.10461331279363797,0.4858010710998122,False
CRYM,-0.0023323684279710024,-0.09137540206494396,0.6572143394279122,False
CRYZ,-0.00018656472782245282,0.14446157921979846,0.5614501283926148,False
CRYZL1,-0.0022764426154751175,-0.05797492576732487,0.7864742785331545,False
CS,-0.0049487827028979105,0.12576402990775504,0.5560160620096726,False
CSAD,-0.002959315845621543,0.10520238319461137,0.6813185504069932,False
CSDE1,-0.006063673205452618,-0.06559484633213122,0.6217971858479799,False
CSE1L,0.000449469154930755,0.10702739824840005,0.7253027662259349,False
CSF1R,-0.0028519783815464765,0.512527736508958,0.18956931572762603,False
CSF2RB,-0.0011077166641498984,0.08391525117722393,0.8749357534209381,False
CSF3R,-0.0007758188878901275,-0.5889813744817732,0.0003468512783320416,True
CSGALNACT2,-0.0019430023035654064,-0.22660533448808817,0.33385479937513146,False
CSK,-0.00045652335976836784,-0.14747767961145974,0.6882945004556955,False
CSNK1A1,0.001204967029486683,-0.017461815122916176,0.926110428148134,False
CSNK1D,-0.00031044855971424794,0.057623146709723606,0.8865867313206096,False
CSNK1G1,-0.0020069883076504103,-0.1804828447499838,0.515638762783055,False
CSNK2A1,-0.0036830753537679924,-0.35471900519788824,0.11123306747709494,False
CSNK2B,0.0016862422631002843,-0.01630617078849343,0.8252319304062115,False
CSRP1,-0.0023782740912302418,-0.3005422443138251,0.4170491232186625,False
CSRP2BP,-0.00406876917337546,0.16093920622597413,0.7125422522639114,False
CST3,0.002522859967249823,0.24868715384897477,0.1637187962732764,False
CST7,0.0021722428085367953,-0.19879796288923401,0.2668181712787981,False
CSTA,-0.005687807901938155,0.06267119421943512,0.5499451354292162,False
CSTB,0.0006139801263808348,0.031243559484958813,0.7427179501054144,False
CSTF1,-0.004090136128807284,-0.12939661743316977,0.3909331220609491,False
CSTF3,-0.0015024774802848476,-0.2992564453025554,0.41347961414787726,False
CTAGE5,-0.004139953731406472,-0.1130150950671982,0.4802370085237111,False
CTBP1,0.0003053642530826422,0.39687489114242974,0.12013944100656054,False
CTBP2,0.0006484087032854511,0.05078801207288744,0.8750746870248933,False
CTBS,-0.0019447511724774277,0.014273893604228101,0.943620986692352,False
CTC1,-0.0049389888826589625,0.008500426359288542,0.9712873348312812,False
CTDNEP1,-0.0005664234899102229,-0.03592314043427071,0.9444730625627773,False
CTDSP1,0.0014852920405508535,0.13264548431503942,0.6482796789878122,False
CTDSP2,-0.000586726964656074,0.18818785030872348,0.332028923476778,False
CTDSPL,-0.004200325088809011,-0.0389225220605669,0.9074011460897236,False
CTDSPL2,-0.0022465243947448173,0.33326926037795407,0.06561940693098309,False
CTLA4,0.0030840582114421006,0.07848465270383041,0.7207392642504687,False
CTNNA1,-0.0018687494516481443,-0.19197693465830812,0.33386730903072465,False
CTNNBL1,-0.002744618133140685,0.41219267686569044,0.01770629805718447,True
CTNS,0.0004177320313549897,-0.07946217102176496,0.6447841728942716,False
CTPS1,-0.0013646909537969808,-0.21687173819925976,0.5737334849798201,False
CTR9,-0.0015017814113200008,-0.41640312399092727,0.20899723805984388,False
CTSA,-0.0022826710580310387,-0.13967382569978928,0.41037154146790444,False
CTSB,-0.0031326853551659267,-0.0163870574765099,0.9145683408808167,False
CTSC,4.4795351393628375e-05,0.10767641505043467,0.31443918039533564,False
CTSD,-0.00028343554132707216,0.14848309857819952,0.7307403639057214,False
CTSE,0.0007260185014827883,0.5008543739709016,0.06593987955158176,False
CTSG,-0.001024166045368866,0.04951827521729562,0.8814341381080066,False
CTSH,-0.002550960632029549,-0.03940855680134546,0.8277134876008996,False
CTSL,0.001823802315085967,0.08536288711170562,0.5296159118323162,False
CTSS,-0.005196003396310406,0.06356605007009443,0.6438996606290677,False
CTSW,0.004924031016858541,-0.346916603891935,0.05518943907845034,False
CTTN,-0.0026509519277400505,-0.3247263295431561,0.15790697421501088,False
CTU2,-0.0015267953054219866,-0.43951946497876737,0.14998130214576832,False
CUEDC1,-0.0018451661008677287,-0.04073796301489639,0.917655535169174,False
CUEDC2,0.0015013742026542994,0.051945630890600905,0.48597931457603794,False
CUL1,-0.0019016052598281885,0.20754694061982218,0.3458928312732233,False
CUL2,-0.0032925671080510513,0.16931513035957615,0.6727806127909768,False
CUL4A,-0.0012878302937453742,0.31210801787995335,0.17028256299297817,False
CUL4B,0.008276561726202641,0.12891918781058556,0.6035580463044643,False
CUL5,-0.0035761999171624354,0.33861808216637074,0.25525636115439215,False
CUTA,0.00036077986809403213,0.016272144203956965,0.8113559768669577,False
CUTC,0.00015386783798729584,0.09700225864837995,0.34469441411200896,False
CUX1,-0.0014517271131882909,-0.4776771971612518,0.010207953056147365,True
CWC15,0.0001852645735606259,0.07570897303471834,0.38863999875591715,False
CWC22,-0.0009883364472067471,-0.2886913870936898,0.36701714266486196,False
CWC25,-0.002104626149759126,-0.2648583668867713,0.03678984181615212,True
CWC27,-0.0031187332606961342,-0.2745199573066393,0.2810374684623165,False
CWF19L1,-0.0020277146884276386,-0.028735748848803293,0.8761660582351175,False
CWF19L2,0.00022564756477392887,-0.22507591688835285,0.13670207194770004,False
CX3CR1,0.0018408002084568183,0.0013506281967617323,0.9967889492441881,False
CXCL1,-0.0022583583672828515,-0.10147877771153434,0.7171335857811711,False
CXCL10,-0.004196978648951122,0.16570224601162406,0.729896431416287,False
CXCL16,-0.0034542945203974813,0.11751809240545841,0.5309464480965336,False
CXCL2,0.001644448609096588,0.04245103754888513,0.9054398485045565,False
CXCL3,-0.0027867701652566777,-0.14633607892891998,0.15814929772856473,False
CXCL8,-0.0013323356933742187,-0.3463652194345229,0.09072030893280741,False
CXCR1,-0.0029549030889565735,-0.15602168491442667,0.48106858340911596,False
CXCR2,-0.0007562574294243241,-0.33759877736483607,0.21553881509888848,False
CXCR3,0.012657481826985407,-0.344564076997534,0.46253380005649725,False
CXCR4,-0.000960041250676854,-0.4197492630859208,0.08453765464808718,False
CXCR5,-0.0010758308186267238,-0.29930251455903034,0.48055616294519443,False
CXCR6,0.0010435360271034211,-0.34272272985894076,0.308322634918784,False
CXORF21,0.004658155440602042,0.10983271679776854,0.7226108663775839,False
CXORF38,-8.25979062308909e-05,0.25555265670579885,0.3824967132213114,False
CXORF40A,0.019312488033609104,-0.215492062618457,0.2509850165550091,False
CXORF40B,0.03140667386998018,-0.05205223780144398,0.6805532187181349,False
CXORF56,0.006936383437819468,-0.28730413323363646,0.3158668049022111,False
CXORF65,0.028187981106190228,-0.21851682444899329,0.5892294362248583,False
CXXC1,-0.0002767839085310921,-0.25414597455015775,0.19110019800957162,False
CXXC5,0.0009374908960430438,-0.4322995901860269,0.29193190450232653,False
CYB561A3,-0.0035461372213445148,0.2795325862614003,0.39208298194918534,False
CYB561D1,0.0010193717920881542,-0.06483054838231952,0.8725895816920517,False
CYB561D2,0.001961530652110487,0.12592846091278076,0.20998208821935263,False
CYB5A,-0.001239549199793718,-0.10812861317221717,0.4517449736284317,False
CYB5B,-0.002338580403582626,-0.3018467664386611,0.04533884368089131,True
CYB5D2,-0.0011347086156101476,-0.17850724066976198,0.5791332074655138,False
CYB5R1,-0.001246037106430474,-0.23131397589042502,0.22351627931651086,False
CYB5R2,-0.0029751359831318496,-0.21355439840301838,0.3648534528957925,False
CYB5R3,-0.003033521343198233,0.15718157696353816,0.6804484333629832,False
CYB5R4,-0.0016049510830149314,-0.05528389395284493,0.6662462022709595,False
CYB5RL,-0.0007056160052755998,-0.7767638084466908,0.005715558193250281,True
CYBA,0.0005004391655686443,0.1010311149010751,0.6965280259123199,False
CYBB,-0.010220020372636394,-0.10169588389048832,0.48203131235525876,False
CYBRD1,-0.004196877868311755,0.25435380772771227,0.17571246024821077,False
CYC1,0.0015877837625228376,-0.045669849357026636,0.865473953397943,False
CYCS,-0.0001410038385922288,-0.004079805793654362,0.9618041787087264,False
CYFIP1,-0.0013002737892131289,-0.005461445405977717,0.9804155118249768,False
CYFIP2,-0.0007400931363766652,-0.023377529209737666,0.9545775559145102,False
CYHR1,0.0011705126914996374,0.18012455769578212,0.5068680027368913,False
CYLD,-0.0024929454263924156,-0.23445666000841126,0.33251776556489854,False
CYP20A1,-1.275033137566333e-05,0.1589242153514147,0.25783796546662957,False
CYP2S1,-0.0017014604905039982,-0.24417552725771063,0.4423530075449039,False
CYP51A1,-0.0025333868673723062,0.09813885750258047,0.7165054051236074,False
CYSLTR1,0.0004376728868342013,0.057419058867468196,0.8797926967796523,False
CYSLTR2,-0.00523269341635674,0.11161332321942459,0.776679893208474,False
CYSTM1,-0.0004723157546432607,0.12712494598198207,0.5593957451171183,False
CYTH1,-0.00019253310848725,-0.003634423980028408,0.9862695142121334,False
CYTH2,0.0005441192363962931,-0.4295269042570756,0.16179322093559342,False
CYTH4,-0.0017714006849390055,-0.16363865137253247,0.5340283643602948,False
CYTIP,-0.0007266158326859253,-0.21582436455456427,0.10896759304869763,False
CYTL1,-0.0017095446993005748,-0.04185182256563739,0.8772713121442369,False
DAAM1,-0.001561900409626662,0.11334207039770759,0.6248698351132194,False
DAB2,-0.0018050519074731958,0.34477780111462114,0.10574149519454698,False
DAD1,-0.0017983591236374371,0.01436282806956779,0.8612970148922885,False
DAGLB,-0.00036229384662664826,-0.5224936688618309,0.1388119567972325,False
DALRD3,0.0004380252910232129,0.32423846977702403,0.21084711204871048,False
DAP,-0.0033733399943414633,0.21578299141206786,0.4929401889793007,False
DAP3,-0.00113264531477337,-0.022928309879018824,0.8756021635496218,False
DAPP1,-0.005763155468072289,-0.35615288867884964,0.17019412252572097,False
DARS,-0.0015751736570852593,-0.10958838666697061,0.5878168346412944,False
DAXX,-0.00010607045950870067,-0.3230504468368048,0.45975999418916513,False
DAZAP2,-0.0004888247970538599,0.03881596655578967,0.7215972368851244,False
DBF4,-0.0003881758524607818,-0.20443698292657203,0.49392165090653595,False
DBI,0.00014092447508202413,0.08259100335428372,0.3327514916699916,False
DBN1,0.001057362557104217,0.15687948065162846,0.6597055710994086,False
DBNDD2,-0.00343051670947794,-0.0044831797111948785,0.9877136761837036,False
DBNL,-0.00015136712215805916,0.014874693314818178,0.9499077818991295,False
DBP,0.0007013503825393587,-0.14656061796482953,0.6761550541805198,False
DBR1,-0.00026915202324952637,0.41785523535487445,0.02682868463826549,True
DCAF11,0.0011024271157514384,-0.45959741948572286,0.2374859966733542,False
DCAF12,0.0006520380851210341,-0.01060184228785863,0.9502947683944432,False
DCAF16,0.0009365360342899051,0.10073284294917613,0.7862296758593119,False
DCAF4,0.0013249766406337974,-0.12778000058177802,0.6317855065465073,False
DCAF5,-0.0026084703568670007,-0.15594089062529187,0.49920321079105134,False
DCAF6,-0.0020796957118706804,0.1403652715262037,0.6500972700075476,False
DCAF7,-0.0018091034492455746,-0.034135184098923986,0.8699546427789417,False
DCAF8,-0.0002341977661627762,-0.24734269643950124,0.4083968101806258,False
DCAKD,-4.462646941758826e-05,-0.03624742811473706,0.9204345035252619,False
DCK,0.0008510735972671129,-0.09057291293907266,0.663659917960824,False
DCLRE1B,0.00030258491736523586,0.03466123587692804,0.9328945198231048,False
DCLRE1C,-0.0001324268010244531,-0.0019130373612019883,0.9885961169875507,False
DCP1A,-0.001296918159678656,-0.12511609209167812,0.5459478196581125,False
DCP1B,-0.0025653213719750117,0.35277503799368304,0.07763938741868191,False
DCP2,-0.0017035357730327393,0.027513751900882295,0.8677632520288124,False
DCPS,-0.0011440252112140613,0.05153292368629615,0.8728933414915206,False
DCTD,-0.0015672585430749491,0.0028587228723699156,0.9888621035368763,False
DCTN1,0.0013387323367738343,0.2814849594158707,0.6460201340596985,False
DCTN2,-0.0001214345455501556,-0.03729679208795803,0.75385567137774,False
DCTN3,0.002801922931114142,0.2518523714648825,0.0019110156375989325,True
DCTN4,-0.003755805157737276,0.023243850170980532,0.9615434119170335,False
DCTN5,0.0009729188623226081,-0.38070898866154157,0.13385473182406266,False
DCTN6,0.0018360852132749527,-0.30299606992937744,0.14206541181527538,False
DCTPP1,-0.00033816916476937044,0.18892656629013282,0.21708683540385326,False
DCUN1D1,0.0008092931365794812,0.20402610568938873,0.32818777626152457,False
DCUN1D4,7.325846241477477e-05,0.32537611033077724,0.14306142355817636,False
DCUN1D5,-0.0014881040145303885,0.02137434890227495,0.9486269054374313,False
DCXR,-0.0005187785646740997,0.17813810479484726,0.12358981065917077,False
DDA1,-0.0004844568549526019,0.012098780232604097,0.9238484640272866,False
DDAH2,0.0004250582079556316,-0.23419965442514268,0.4676570029425201,False
DDB1,-7.43657803383655e-05,-0.28308545103749067,0.3927736205091351,False
DDB2,-0.006791682736601129,0.4020070010694243,0.15617286455356666,False
DDIT3,0.0013757029756609215,-0.2574368669354373,0.1091015310141329,False
DDIT4,0.0005005337103426515,-0.30132383137456986,0.5062943563126605,False
DDOST,-0.00016504550829151289,0.08309390250815886,0.7101667313093813,False
DDRGK1,0.0015519505306944813,0.034035637898637394,0.9155527536607366,False
DDT,0.0032403793944095925,0.18916724057150322,0.5939997983118652,False
DDX1,-0.002287195269984013,-0.1381291167123961,0.7082129072154675,False
DDX10,-0.002048033687235398,-0.23404730906549906,0.5121650904145476,False
DDX11,0.002548528086157258,-0.2737063226746431,0.3469659727835432,False
DDX18,0.0005669835065302331,-0.05070356797484848,0.6031770876710307,False
DDX19A,-0.0022375537755456544,0.011864279279020451,0.9706520206732188,False
DDX19B,-0.0037472749259199697,-0.09590423187040001,0.09190454513860233,False
DDX20,-0.0024431916949511907,-0.7137001501082169,0.08080953101087705,False
DDX21,-0.00024022714682768662,-0.10339122349622598,0.4891785355934454,False
DDX23,0.0005090086134052467,-0.41223626277067305,0.1049971063180527,False
DDX24,-0.00014742659451969534,0.3640282699155437,0.21264569613779985,False
DDX28,-0.0015051958275449613,0.19067054583764886,0.5082252267815417,False
DDX39A,-0.0015012518596934682,-0.030609488003949754,0.6902906845055321,False
DDX39B,-0.003001588502723388,-0.009888366654079958,0.8596398364094137,False
DDX3X,0.0032129987404527897,0.29577653112743796,0.5729859420943642,False
DDX41,-0.0006493541605361471,-0.18697652088440161,0.41340205567629507,False
DDX46,0.000866314930961231,0.0881887576444224,0.8081383363453594,False
DDX47,-0.002140331129687482,0.25862874511670414,0.28367670600312583,False
DDX49,0.00015791306464896373,-0.08952235315606154,0.5528133116193246,False
DDX5,-0.0014283467155969385,-0.3847000470596574,0.04445779664954148,True
DDX50,-2.3949167548022488e-05,-0.1937302585741869,0.21221193088214063,False
DDX52,-0.000582684472407974,-0.29557911476253246,0.336353050490724,False
DDX54,-0.0009901365426774383,0.0014070288878402781,0.9978863893511078,False
DDX55,-0.0007193039466352498,-0.06020420004102488,0.7851099501370027,False
DDX56,-0.0073507280100435935,0.21140954803948564,0.4573330155936911,False
DDX58,-0.0031786911665146575,0.3829085981003072,0.18337360926805965,False
DDX6,-0.0015066822564633142,-0.2619314420320825,0.16924063126692512,False
DDX60L,-0.0010603906951806236,0.12035618413267901,0.7473267418127079,False
DECR1,-0.001435309810327602,0.005591464837176751,0.9764474612405916,False
DECR2,-0.002144631139638139,-0.1090593379626073,0.7451396940191922,False
DEDD,-0.00041739167096039383,0.09842009008315467,0.5478784548148651,False
DEDD2,-0.0018600245619373019,-0.47470439685236837,0.06490865730665955,False
DEF6,-0.0006936631786964861,-0.5282692839069658,0.01852550342508143,True
DEF8,-0.001186313462368969,0.231916108400504,0.09491018218322217,False
DEFA4,0.0008035859279219923,-0.21677938723637835,0.6085124709295504,False
DEGS1,-0.00040263888146787165,-0.18863209271890202,0.2922402225692492,False
DEK,0.0010929120661223029,-0.03326795320022269,0.9144812059319205,False
DENND1A,-0.0015493159408637425,0.5411540857113688,0.14261856607873488,False
DENND1C,-0.002521752953893525,-0.22851311887829173,0.38405029160760873,False
DENND2D,0.001688625418979556,-0.08969849649531526,0.6641129951154523,False
DENND4A,-0.0017501626797264548,0.07017044517533234,0.8136137835228712,False
DENR,0.0016754019449968516,0.46581824147819795,0.09292244132099349,False
DEPDC5,-0.001836097081651972,-0.26227032352976143,0.2940500862670007,False
DERA,-0.0024247468814141255,0.17976980180799806,0.551888859202144,False
DERL1,-0.0006242898673708183,-0.00786077755753182,0.9370302938897928,False
DERL2,-8.98526268311143e-05,-0.06480539426846181,0.6447593348332641,False
DERL3,-0.0018389505530846419,-0.1441672162803656,0.5506160250136014,False
DESI1,3.568669573618434e-05,0.26090967724145897,0.4431202774352879,False
DFFA,-0.001062012356110475,0.2643037464733908,0.18907648196161544,False
DGAT2,-0.0026045128559757606,-0.3609616786042582,0.2895304652382539,False
DGCR14,0.0007741312557807806,0.13824280095185723,0.45085293730559506,False
DGCR2,-2.8141518350999212e-05,-0.22088215904310893,0.49806317647351617,False
DGCR6,0.000200859627169871,-0.01235305943448601,0.9497289273184817,False
DGCR6L,-0.00012813546350298491,0.07177761966029145,0.4141001460325825,False
DGKA,0.0002507611157979019,-0.05655736554367784,0.7400200664190281,False
DGKG,-0.0024858304092021735,0.005485443448644039,0.9851273665012654,False
DGUOK,0.0007020933087594188,0.0870054814131711,0.2749138929227461,False
DHCR7,0.0014782742493580742,0.3176853769163748,0.2776416068167485,False
DHDDS,-0.000505437165972685,-0.2992511691498907,0.2900046693092416,False
DHDH,-0.0015760456309792444,0.06385977103386681,0.7537756855680936,False
DHFR,-0.0007498822790562854,-0.4552438009116295,0.19924968040459123,False
DHFRL1,8.89133345909963e-05,-0.19119256450400612,0.5056148211983656,False
DHODH,-0.002031916527378517,-0.12526954942452434,0.5852513747262407,False
DHPS,-0.00013580587320396553,-0.06838017598751812,0.38245591631561837,False
DHRS1,0.0005891024568991822,-0.22328231851967675,0.21531550073951677,False
DHRS12,-0.0010438574920053388,-0.10272339990041462,0.3936684207851403,False
DHRS3,-0.0013750298189125043,-0.39073491656497134,0.29817893750524954,False
DHRS4,-0.0013685003489727076,-0.006991034494854325,0.9699477320627463,False
DHRS4L1,-0.00219287486400283,-0.02585944229689145,0.946585677184349,False
DHRS4L2,-0.0025084436922073465,0.06955832789201251,0.8241575508900729,False
DHRS7,-0.004477427964735473,-0.01655936579331326,0.9084350624447413,False
DHRS7B,-1.6442010391065632e-05,-0.14320622660071866,0.416783219071709,False
DHRS9,-0.009289747345120402,0.1773780286482034,0.5301470882095999,False
DHTKD1,-0.0023096965708382686,0.04151197705657797,0.7396492183378495,False
DHX16,-0.001365287669056778,-0.2668030398820428,0.2426007909697373,False
DHX29,-0.0013548902926402585,-0.414814635575549,0.19653637764382145,False
DHX30,0.0006189285801577763,-0.005226965548661077,0.9653560857179363,False
DHX34,0.0010313666325795859,0.22067290389836508,0.6039469947533227,False
DHX35,-0.002223845521318551,-0.26144179011155705,0.24143497076626727,False
DHX40,-0.0011333573960669802,-0.14686893746254792,0.45867179501455324,False
DHX58,-0.0022483801602652055,0.24231012554049722,0.21145903980211525,False
DHX8,-0.0020112311998101377,-0.15601444290860939,0.77488876571374,False
DHX9,-0.0009545633065615891,-0.3548034997493605,0.3333826184859491,False
DIABLO,0.0022447046931632956,-0.03972582066626086,0.5972077832355975,False
DIDO1,-0.0005226970576336027,0.2807394016378912,0.4292761833086586,False
DIEXF,-0.000356168257867731,-0.2182197516132769,0.5012959627460936,False
DIMT1,0.003279724207551486,0.15277316315616402,0.4625097120860604,False
DIS3L,-0.0009002755081564704,0.125023192431025,0.6985422107391501,False
DISP1,-0.003858864346587917,-0.07682275547671175,0.7279511653668718,False
DKC1,0.010779745915787467,-0.16614623312359286,0.6602150314357809,False
DLD,-0.002839491914089574,0.16662965636199456,0.4504421291646128,False
DLGAP4,9.970888863825757e-05,0.3458737219754474,0.26197944763657227,False
DLST,-0.00047304692398383283,-0.220061277006163,0.35501932677911385,False
DMAP1,-8.36488404337725e-05,-0.09779060912666192,0.5894295809086311,False
DMKN,0.0002169454048763483,-0.6264623122253107,0.019508705731177873,True
DMTF1,-0.0021567146353442383,0.011393517658318641,0.9733968515923357,False
DMTN,0.0018825455670753559,-0.022624406960202997,0.954692018878899,False
DMXL1,-0.0009552658430924595,0.4025871506469897,0.15078873534202708,False
DNAJA1,-0.005327801364358546,0.17025381144705498,0.40808790203739553,False
DNAJA2,-0.004372530676952725,-0.05610416692685553,0.6242207222440443,False
DNAJA3,-0.0024555665483754234,-0.29223129123118635,0.2008964358290048,False
DNAJB1,0.0006812894318709618,-0.5414196124427653,0.20458159222421352,False
DNAJB11,-0.0016740471274795394,-0.1478908484651663,0.6790158992262614,False
DNAJB12,0.003403696111226442,-0.1784618368056009,0.5399859885871835,False
DNAJB14,-6.664044758915114e-05,0.3524945458915705,0.21467998734465318,False
DNAJB2,-0.002504823333682943,-0.2248025260367463,0.47014312686240867,False
DNAJB6,-0.0006572160461518579,-0.3116817303303917,0.0035369345884346316,True
DNAJB9,-0.0004902713025997183,-0.3571038453714008,0.019508928404613865,True
DNAJC10,-0.0023738988197813966,0.1155267860157605,0.44738094170224496,False
DNAJC11,-0.001105239562763488,-0.29639171595998737,0.3497084514492847,False
DNAJC14,-0.0015098454465840687,0.6045164823763068,0.08321415417018072,False
DNAJC15,-0.004616709343096974,0.014052436038584304,0.9013610187112245,False
DNAJC16,-0.00156447588126061,-0.0637997656757777,0.8185924101757254,False
DNAJC17,-0.0037646906893053153,-0.10458577869694416,0.09926616547290797,False
DNAJC18,-0.0006023581266364206,-0.3197255345120737,0.23057883864865988,False
DNAJC19,-0.0014348576214087217,-0.00984559655696731,0.913189438633989,False
DNAJC2,0.0029177859002241903,-0.29862627201261177,0.25939493439698047,False
DNAJC24,-0.0020363158318118676,0.3580311369952749,0.13326453715244246,False
DNAJC3,-0.003771491075656348,-0.06548351201681737,0.8238740924639215,False
DNAJC30,-0.00018238743417160744,0.18254968640835662,0.49587390815777344,False
DNAJC4,-0.00011247103094274242,0.18643906488427653,0.013296377050972974,True
DNAJC7,-0.0016207094452019167,-0.17530407553314345,0.4536174409672127,False
DNAJC8,-0.0015626707218234833,-0.08489231951493675,0.5175896993787875,False
DNAJC9,-0.0011042362751011974,-0.20534874404883663,0.31914091624871715,False
DNAL1,0.0015805300405406432,0.40613427110261724,0.03163159050249667,True
DNAL4,-4.063378703111453e-05,0.4315797567140463,0.11037730813350961,False
DNASE1,0.0006062224194792674,-0.5000025289338565,0.2349881223058949,False
DNASE1L1,0.016630822333969626,-0.78935929038475,0.03292751449162991,True
DNASE1L3,-0.00037333860435430995,-0.10310485278133948,0.7078888954679126,False
DNASE2,-0.0018453701653473533,-0.17359380289580945,0.5740142420646013,False
DND1,0.002717356322289068,0.11444674786519189,0.6071620991000135,False
DNLZ,-0.004179030358935483,0.1896728880677948,0.5207745775953964,False
DNM1L,-0.002923750633528087,-0.3644463089395523,0.17427008739186595,False
DNMT1,-5.3730740750375485e-06,0.014303128885685535,0.975467444480287,False
DNPEP,-0.000735933236619,0.45265054713033887,0.15196608397624703,False
DNPH1,0.005486322537647577,0.2850185772838254,0.02537589323781595,True
DNTTIP1,0.0007356975151263363,0.7069456997978018,0.009275299178943531,True
DNTTIP2,-0.0006677505251990792,0.2895618380101146,0.09051759273828425,False
DOCK2,-0.0023910741160094113,0.13536331214065572,0.4775518348425164,False
DOCK7,-0.00509894369728753,-0.185014918733866,0.5382734205691353,False
DOCK8,-0.0024822465461321035,-0.1482949742383807,0.33736329413375343,False
DOK1,-0.000427138682256513,-1.0997562263723586,0.050086621410610856,False
DOK2,0.005260334049411879,0.05297180900623948,0.8623383071917162,False
DOK3,-0.004652709233637378,-0.08515240068166435,0.7954500218793957,False
DOLK,-0.0014553686915479375,-0.45216275067140443,0.10172647109500511,False
DOLPP1,-0.0021404067702409323,-0.2395496561504179,0.3465966748746942,False
DPAGT1,-0.0012571834189258023,-0.3289532575056274,0.01638692707148459,True
DPCD,-0.0009593865009207234,0.08384965685690599,0.6819628053474929,False
DPEP2,0.0003387540042443763,-0.23192932822938467,0.13544197814738823,False
DPF2,0.0012214442612255255,-0.0913538289419486,0.738452310790638,False
DPH2,-0.0036043233769387376,-0.514173968838619,0.21230506051218845,False
DPH3,-0.001025894443007167,0.08735436872196287,0.6063785936836285,False
DPH5,-0.002526794020953819,-0.11237658908859603,0.5509023930205694,False
DPH6,-0.004167993871355394,0.03593686340609296,0.8335986503380548,False
DPH7,-0.002715005875508357,-0.37320207353091633,0.14916934387757325,False
DPM1,0.00014531018233036896,0.05597260602526877,0.681781914541008,False
DPM2,-0.004021508151623815,0.17562613253350742,0.4531988493005068,False
DPM3,0.0023719724473523418,-0.04473590544778726,0.4081481087605572,False
DPP3,-0.0006796217274873216,0.04407136640083926,0.9176426797619397,False
DPP4,0.0004861911562718182,-0.1399662257864308,0.4790160099898618,False
DPP7,0.002982642387679343,-0.38729826968891223,0.3846647770355315,False
DPP8,-0.0043714744435977395,-0.05353533462708568,0.777186733879053,False
DPP9,0.0009832192113814922,-0.6086943157283371,0.0005326228464817742,True
DPY30,-0.0023319115100234743,-0.13473681682957997,0.1025660184702785,False
DPYD,-0.003073518813977348,-0.040494728427660664,0.8271969566381534,False
DPYSL2,-0.0005031290744860321,0.002470147711811125,0.993491838383938,False
DR1,-0.004129100937895391,0.11671922063794844,0.6236371025266605,False
DRAM1,-0.0007452783444769961,0.08247788385774214,0.8385845625227684,False
DRAM2,-0.0007461172625672426,0.009708212594900425,0.9474641489800779,False
DRAP1,0.00011001521384687555,0.1764601358278663,0.2547153060896609,False
DRG1,-0.0007680000738811592,-0.0599054025342671,0.5386514355519006,False
DRG2,-0.0033007247141126125,0.20855985283352194,0.10640040813283504,False
DROSHA,-0.0031316317490843724,0.020681915227353877,0.9626863135701518,False
DSCR3,-0.0007439275641280914,0.06596082980801604,0.7340547492389339,False
DSN1,-0.002531022987823919,0.25394083926911015,0.2316720610728946,False
DSTN,-0.0040075067437542414,-0.09622488600779297,0.3847029891487086,False
DTD1,-0.0005295926569799536,-0.20436912125747042,0.1399790728470736,False
DTD2,-0.002822638116014344,-0.2820857752505438,0.48474925970280813,False
DTNB,-0.0038957342564297707,-0.3215228945511115,0.1436460214946806,False
DTWD1,0.0012382238861583538,-0.006143464423314877,0.9812880058867671,False
DTX2,0.002305248460410512,0.13671083989234367,0.8694012201231942,False
DTX3L,-6.431647264153242e-05,0.30225827507136444,0.3050405231004012,False
DTYMK,0.000700151641487221,-0.28565543508379826,0.2855881267796593,False
DUS2,-0.002651697338380696,0.3693944638598718,0.3088771737784586,False
DUS3L,-0.0009250681796714649,-0.12759035551237977,0.6099994058070326,False
DUS4L,0.00031711669661075144,-0.42710969336692517,0.1004127166140345,False
DUSP1,3.305816096117753e-05,-0.5263433895245012,0.08811511084225167,False
DUSP10,-0.0005698738112032878,0.08697165722813252,0.7505692364431634,False
DUSP11,-0.004657049798481766,0.1977829401515666,0.4565837161692442,False
DUSP12,0.0003484414796136002,-0.22959471001234866,0.33595177090843004,False
DUSP18,0.0012922234656114772,0.25358274072941656,0.23260209159880993,False
DUSP22,-0.0010239103907137407,0.00550808957340153,0.9738654363894932,False
DUSP23,0.0019045095188830199,0.07475425566190373,0.439747806732563,False
DUSP3,-0.0011326849926889344,-0.10722097624178852,0.6307792303003221,False
DUSP6,-0.0005132371959568038,0.10383226522058991,0.5858356627687286,False
DUT,-0.001978988739228466,-0.07371771305962059,0.5585378776380763,False
DXO,0.0016129270359793487,0.10286008191225816,0.6983927561116293,False
DYDC2,-0.003336444852312314,0.00695837579317762,0.9855158688738043,False
DYM,-0.0006407735288552355,-0.1369604669013722,0.2876518188925131,False
DYNC1I2,-0.0006218811026291449,-0.04407787983837736,0.5711060719404767,False
DYNC1LI1,-0.0012137656706364072,0.03893750120107775,0.7373952151863772,False
DYNC1LI2,-0.0008405189571121629,0.2629830839884793,0.4343027059456066,False
DYNLL1,0.0004437490412468341,-0.09960035022528126,0.37959998991479516,False
DYNLL2,-0.0005342832496910312,-0.36710952381147155,0.19132281967985942,False
DYNLRB1,-0.0006463137894724423,0.03255900305150641,0.4433605515020721,False
DYNLRB2,-0.00035079483879814165,0.01089911411984277,0.9703681458385426,False
DYNLT1,-1.091767750906403e-05,0.05714399165133393,0.6999039734005799,False
DYNLT3,0.022000437106769265,-0.14047855610903787,0.09151373765393729,False
DYRK1B,0.0014384365979271663,0.05103287439019192,0.8975186449582646,False
DYRK4,-0.0011623847349408424,-0.051741731919044694,0.6683734642988479,False
DYSF,-0.000609111956800183,-0.13131265182636323,0.5851910596529235,False
DYX1C1,-0.0005045041084211603,-0.6752979929017724,0.032878718931596676,True
E2F2,-0.001302776233453609,-0.27799534743714305,0.40160860058805203,False
E2F3,-0.002455209589666648,-0.2711877571135134,0.20837925019586803,False
EAF1,-0.0008539527623123725,-0.40934850695450337,0.1980331509198656,False
EAF2,-0.00010601810481027205,0.08647223370207942,0.6945430067878583,False
EAPP,0.003308898227402379,-0.10895486783524483,0.45321446043663005,False
EBAG9,-0.0011360129791962831,-0.6287069621665032,0.011387567047888266,True
EBNA1BP2,0.00034789811518795864,-0.15529110575528382,0.22055998220517575,False
EBP,0.011510289803673851,0.09722058005542816,0.5361724097585427,False
ECD,-0.001619680163636335,0.058927793426929415,0.7425288206918426,False
ECE1,-0.0013757963843124008,-0.4306949699138383,0.0982550910581725,False
ECE2,-0.00023121992064724606,0.13086470304157183,0.447106773307516,False
ECH1,-0.007093864782698286,0.11967348348335013,0.10792005206833144,False
ECHDC1,0.0001308589930338739,-0.08202052537366594,0.5899398678753399,False
ECHDC2,0.0005242348262086714,-0.2510160256689333,0.4076679612221056,False
ECHS1,-0.0016117136390168961,0.11100157234650215,0.27855480820609524,False
ECI2,0.00026065608517404155,-0.007240812155597255,0.9539082327841583,False
ECSIT,-0.0004552305542328563,0.030286149549442816,0.8792521874777846,False
EDC3,-0.004160605292453557,-0.17369114710520953,0.5958600071272787,False
EDEM2,-0.002117790064569384,0.10529478761673003,0.5032381305570188,False
EDF1,-7.492521786391727e-05,0.05795314381378051,0.32384791543409325,False
EDRF1,-0.002824336939833693,-0.5781276442972094,0.012775380959562896,True
EEA1,-0.004413385998709635,0.034144086010130685,0.8727706886702463,False
EEF1A1,0.002623254853677623,-0.1036473785285082,0.10032610913273399,False
EEF1B2,-0.00027657085889519007,-0.04346113015199234,0.4780823676935767,False
EEF1D,0.0015749199343661601,-0.21918976448592747,0.27999943354605733,False
EEF1E1,-0.0003974810189541419,-0.10004664401253886,0.39547815047171453,False
EEF1G,0.00011842125292576358,0.051749139555532904,0.6691030758642805,False
EEF2,-0.0004691007623585082,-0.44732997799673196,0.3268359213915232,False
EEF2KMT,0.0008317137748339937,-0.04997265995166279,0.8778166501196716,False
EEFSEC,-0.0009052665205854988,0.007738621816326057,0.9867844912157109,False
EFCAB11,-0.0004780422226086894,-0.19522284837297052,0.5148427098120105,False
EFCAB14,-0.004040238213202968,0.05651385402609647,0.868850782455625,False
EFCAB2,-0.001168743944351766,0.03782156517675696,0.9058991711498149,False
EFCAB5,-0.0018446597466244422,0.005415216452381645,0.9850726043100775,False
EFHC1,0.0019919105441772614,-0.18888972674764856,0.5924159438550105,False
EFHD2,0.0018793273701615406,-0.15652992965547785,0.30676384210426516,False
EFNA1,-0.0016652027096923892,0.13218804000920292,0.6894306994617125,False
EFNA4,0.0006791466944475861,0.34568983739828196,0.26416704920094236,False
EFTUD1,-0.0025629277272139206,0.030665766151368488,0.9088784898314142,False
EFTUD2,0.0005734886484778221,-0.02692286695865256,0.8728813472070114,False
EGFL7,-0.0025478173713711296,-0.3535972704209841,0.3251771572344308,False
EGLN2,-0.002248683864923247,0.04603091506746074,0.7102677983418315,False
EHD1,-0.0029337188734376634,-0.18489692249343662,0.6634769510916794,False
EHHADH,-0.0018202766489135876,0.15362736625350537,0.6643353358498479,False
EHMT1,-0.001932620647933736,-0.06818448757291372,0.8580114149231777,False
EI24,-0.00030065989706065714,0.21131158573166664,0.3458792172207053,False
EID1,-0.00057676560591922,-0.23354793943236196,0.0893735989436762,False
EID2B,-0.0010045613239845267,0.0571050635007108,0.8860343889402182,False
EID3,-0.001254963292258132,-0.11739455589750374,0.5520080218985339,False
EIF1,0.00018667560430107242,0.01064742155249871,0.8995043012077109,False
EIF1AD,-0.000601537601689643,0.20318098867217094,0.3998606781360148,False
EIF1AX,0.0015682192494303362,-0.32443726403963147,0.0664112536290284,False
EIF1B,0.001271876221413649,-0.006065219384195587,0.9697691069981487,False
EIF2A,-0.0016279433252991945,-0.4928032164593135,0.04272125895399282,True
EIF2AK1,-0.002745583549373456,0.2548210836021808,0.42105000108091695,False
EIF2AK2,-0.0011157367001142133,0.006104882509243471,0.987500169464542,False
EIF2B1,-0.0016964609622749788,-0.36285588838511695,0.08458324414649027,False
EIF2B2,-0.0010011888438873405,0.05840889803843832,0.8269474471331744,False
EIF2B3,-0.0027177032274825655,-0.18551338515861227,0.3295027705664532,False
EIF2B4,-0.0009791759910634142,-0.35487780277394987,0.17007054856436515,False
EIF2B5,4.81777085989949e-05,-0.03875364171604833,0.8985148994150359,False
EIF2D,-0.00010466419997182004,0.08819389983840094,0.6589594232724982,False
EIF2S1,-0.002337579350434932,-0.12182562841525074,0.674298582264556,False
EIF2S2,-0.0005108710574422151,-0.06916614164601399,0.5374576448227106,False
EIF3A,-0.000127035580183309,-0.13728236940537986,0.639910975902682,False
EIF3B,0.002895463162087036,0.48013854138692635,0.10857094895939291,False
EIF3D,0.00017984212407845936,-0.08779785763006823,0.5108524558842689,False
EIF3E,-0.0037106834949576675,-0.15233405694415658,0.3321179880273734,False
EIF3F,0.0024853860448231,-0.017319304898883853,0.8986356615826439,False
EIF3G,-0.0018417195189043,-0.08237905217048594,0.5950269249720327,False
EIF3H,-0.003011158445370732,-0.027130421636797623,0.655789398269961,False
EIF3I,-0.0012677063960017817,-0.13746793656518896,0.24334133449218043,False
EIF3J,-0.00024176313297931426,0.09781776839019199,0.8409834465445334,False
EIF3K,0.00016817782859056672,0.010793660963549575,0.7218746979467618,False
EIF3L,-0.0027227208798742794,-0.046618380329405004,0.6766555559715772,False
EIF3M,-0.001835689047573792,-0.04026275832888171,0.6979695111743829,False
EIF4A1,0.001206832035526134,-0.13482912118889226,0.5316085458395425,False
EIF4A2,-0.0006112362640422414,-0.2782343338622716,0.030530948161275304,True
EIF4A3,0.00016943875478056723,-0.04491790566198117,0.909604271115437,False
EIF4B,-0.0009889311573165627,-0.30887035103831306,0.3102149235165966,False
EIF4E,0.001601976267636193,-0.112126172130536,0.5744469964406029,False
EIF4E2,-0.0003101193068728389,-0.03415499479439009,0.7581169044968972,False
EIF4E3,-0.004525775313636275,-0.4088194194551662,0.2698013596286942,False
EIF4EBP1,0.00013585828642919426,0.24230756095467892,0.028788292331620533,True
EIF4EBP2,-0.0028576678141628968,-0.44284206955333266,0.15960850954883005,False
EIF4EBP3,-0.0015163067357383785,0.04183980091213919,0.7663088741452416,False
EIF4G1,0.0009020325442083745,0.288631571098723,0.4103487002703854,False
EIF4G2,-0.0025178021421359245,-0.49895229407560276,0.05663166005340286,False
EIF4H,-0.001465187709443622,0.21107937370535174,0.22535506686157938,False
EIF5,-0.001237388493337886,-0.2570196603661239,0.11285369860050937,False
EIF5A,0.00035186569918847733,0.5133306629068456,0.0037256738709143863,True
EIF5A2,0.0007137868324412881,0.06677785898489311,0.8128030928619566,False
EIF5B,-0.002565647996899445,-0.2418304603971676,0.19415820947574094,False
EIF6,-0.0032327642230271496,0.1060550098449726,0.25164478285495673,False
ELAC1,-0.007848031265268491,0.31957460639335133,0.2320661015467248,False
ELAC2,-0.0017029942540183372,-0.03437582365055664,0.9121546994068023,False
ELANE,-0.005221883116724842,-0.19684121842465055,0.5175154500497059,False
ELF1,-1.0180387460206259e-05,-0.4554763621844418,0.17931880189903399,False
ELF2,-0.00328136683256567,0.040697654892320106,0.9071741500687954,False
ELK3,-0.002182356843806969,-0.3474910132551165,0.30860725857491944,False
ELL,-0.0012660812357316073,-0.03568872956721473,0.9451114989075813,False
ELL3,-0.0022247817784027558,-0.1773191748177694,0.4133582070431444,False
ELMO1,-0.003290817347014445,0.03886724265656162,0.8790894784205744,False
ELMO2,-0.0002693524285369026,-0.02633061144530122,0.9419609880394875,False
ELMO3,0.0032270037751936853,-0.5687390182014814,0.27316786926768716,False
ELMOD2,-0.0005878198928055217,0.19832763424745148,0.0952749801768511,False
ELMOD3,-0.0020471652453523358,-0.8806125843749574,0.02337933503259217,True
ELOF1,-0.00010235193792368358,0.22299435099672815,0.19061899831304255,False
ELOVL1,0.0007387715933741957,0.0856544065933727,0.8988387852091655,False
ELOVL5,-0.0012017451702968276,-0.058949460606888965,0.6316057927801997,False
ELOVL6,-0.002126185180490874,0.05371994054678754,0.7784511213663219,False
ELOVL7,-0.003542650332709906,0.30011797255382827,0.3164156911804066,False
ELP2,-0.0009978581070023821,0.33167732712919296,0.1237274083207696,False
ELP3,-0.002486374034533284,-0.1530439624214426,0.3620019939481742,False
ELP4,-0.0029155735539490068,-0.12878889984199648,0.5849254967881904,False
ELP5,-0.0013401055796539976,0.26039421647001354,0.2921108815081134,False
ELP6,0.0007371584566693086,-0.18175215267418457,0.34037550018044793,False
EMB,-0.0034369720010746308,-0.10272667029638437,0.848069474032748,False
EMC1,0.00205672230027626,-0.09591014801612989,0.7387054273157909,False
EMC10,-0.003060435618315607,-0.8727483984296298,0.016861424530811832,True
EMC2,0.0017673874720174957,-0.022504120000512273,0.9447667321054684,False
EMC3,-0.0007764786175183657,0.03738643669855089,0.675479485837486,False
EMC4,-0.0017190304920648208,0.1262015179465154,0.05077401438418191,False
EMC6,-0.0017605012481142438,0.037640663129013006,0.6849142150978678,False
EMC7,0.004284000960190005,-0.5436142649947624,0.13320137750347755,False
EMC8,-0.002467094686230544,-0.1059476243528219,0.6719845865017497,False
EMC9,0.0035131838453767946,-0.06010238495756232,0.7472926255272153,False
EMD,0.04376445443106601,-0.7317494685756212,0.033640893128357274,True
EMG1,0.0008821159080831343,0.20835469281829935,0.04516842771186969,True
EML2,-0.001156280087368073,0.01931854297610886,0.9551194943994472,False
EML4,-0.0025568435664544134,0.1586642369441203,0.6753721340816989,False
EMP3,-0.0003615535809660546,0.12993172054203445,0.09703783832689465,False
ENDOG,0.00020377382215777855,0.4435896410016235,0.08015601739811842,False
ENDOV,-0.001356157650651776,0.2864438997708938,0.1750818882303906,False
ENG,0.0007027304659411443,0.5328787566938745,0.25553711406790425,False
ENKD1,-1.164383198287239e-05,0.4760560850466409,0.25008680275095296,False
ENKUR,1.1936493186706847e-05,-0.16803875478155955,0.5144459146111839,False
ENO1,-0.0003072234039130989,0.027522901807183864,0.6484646903258162,False
ENO2,-0.0037091118496464484,-0.35909137853812717,0.28033650300654445,False
ENOPH1,0.0004910815634457826,-0.16561304417670522,0.6634861425726175,False
ENOSF1,0.002608701200660161,0.06499491683531729,0.8581637983801951,False
ENOX2,-0.0030011030101640677,-0.640212701949344,0.013933740224721401,True
ENSA,-0.002039743455517811,0.37728301925495455,0.30937498618387793,False
ENTHD2,-0.00415806662174755,0.10952734115825484,0.6502563915402233,False
ENTPD1,-0.005209088525970625,-0.38099668990869445,0.2742469980814337,False
ENTPD4,-0.0008809846458474229,0.21290616262403864,0.6530255841506623,False
ENTPD5,-0.00038723039320525836,-0.4254896240915495,0.18625104637196954,False
ENY2,-0.0002625701730744409,0.017948994957351694,0.8299624209950769,False
EPB41,-0.004304006970861916,-0.38077673411728363,0.17301137279905307,False
EPB42,-0.001004380679004905,-0.12689323163808652,0.6678966332799916,False
EPC1,-0.0022949096617452453,-0.2837065170257483,0.2571649569947277,False
EPC2,-0.0027610209403319667,0.02513296220957637,0.9531507969597475,False
EPHX1,-0.0030321385395752163,-0.13476380880655028,0.6824940392335581,False
EPHX2,-0.0019981076746708073,-0.26251203954781666,0.19373691288310288,False
EPM2AIP1,-0.001102998452738028,-0.28268532924317946,0.12838081005019866,False
EPN1,-7.520422844155261e-05,0.5304885161504921,0.022190653219012826,True
EPRS,-6.83578046575889e-06,-0.5477375749863237,0.03226797701565092,True
EPS15,-0.0005621991267521402,-0.06245037577350206,0.8560817311918383,False
EPS15L1,-0.0015056459640643948,-0.35723140800833975,0.24011022744553173,False
EPSTI1,-0.0017646331692179483,0.45946515095294477,0.30913049519757163,False
EPT1,-0.0021409591686056555,0.24693276088928073,0.5742249279349387,False
ERAL1,7.557449606438993e-05,0.672156544036315,0.012490947207681229,True
ERAP1,-0.0009203876363437059,-0.25218782797079964,0.4832073843433443,False
ERAP2,-0.004984989807043423,0.08921109262831242,0.7474173931655874,False
ERBB2IP,-0.001095034562608814,-0.10113950755580597,0.7937306829814239,False
ERCC1,-0.0021627564402404683,0.03663099069281481,0.7109152000261172,False
ERCC2,-0.000364894778309991,-0.19172427792086047,0.4982692998986732,False
ERCC3,-0.0015785359790320545,-0.3025437706878854,0.011626035656981467,True
ERCC5,-4.2843543207258176e-05,-0.32591020867202447,0.14688757177196018,False
ERCC6L2,-0.002824545266524863,0.04231114114926709,0.8261766283166573,False
ERCC8,0.0017320336637069319,0.3531555425797452,0.20559324933310774,False
ERGIC1,0.0012768352917080837,0.05429706870574538,0.8008715480851362,False
ERGIC2,-0.0004379418439096312,-0.06431774649645264,0.7316742970788306,False
ERGIC3,-0.0008784170592703158,0.0224347261537189,0.8058820036117322,False
ERH,-0.001977664677930739,-0.0009188553938087472,0.9939108172166486,False
ERI3,-0.0007810736497873835,0.01322116861363846,0.8996771161979764,False
ERICH1,-0.0011336585317583765,-0.22244493005627833,0.1471937115476836,False
ERLEC1,0.0031845156724339147,-0.2498434686158533,0.4159326277035261,False
ERLIN1,-0.0012978546771994306,-0.2963061315213922,0.31105988500186244,False
ERLIN2,0.0005011459550484898,-0.021008049412718808,0.9292877014251377,False
ERMAP,-0.0023177531389681075,0.0685553373889014,0.7866792062014035,False
ERMARD,0.0014179265062486226,-0.11905962119634833,0.3870080880143332,False
ERN1,-0.004056188586956818,0.22954449639310967,0.5283834865681425,False
ERO1L,0.000708513773256369,0.21360539144221782,0.3901676364348883,False
ERP29,-0.0008640119385775507,0.012447510608397019,0.8882569257809789,False
ERP44,-0.0031054547309970772,0.02588753694294679,0.91149072430439,False
ERV3-1,0.0014222231234015778,-0.17281875564672866,0.3815485525892015,False
ESAM,-0.004785467912030809,-0.20593362834296797,0.2667889695337799,False
ESCO1,-0.0010292309466769017,0.062022159635627946,0.8470825115852407,False
ESD,-0.002506230296954006,0.01114581842401494,0.9158835508650165,False
ESF1,-0.0033954387679240756,-0.3658772712391418,0.18308713623160355,False
ESYT1,0.0008089838939314026,0.13055296125089094,0.6470370210770082,False
ETF1,-0.0028409070902065394,-0.11370185769554587,0.6470392127064061,False
ETFA,-0.0028037410645136147,-0.007255921795732966,0.9761619508172374,False
ETFB,-0.0015083458144495524,0.08948859078697652,0.3622062894433498,False
ETFDH,-0.00078054605229252,0.002700954118573357,0.9897507870628618,False
ETHE1,-0.0021765802018991246,0.06927990862318387,0.5218140447716942,False
ETS2,-0.000867023851136722,0.13537875817077138,0.674942773405349,False
ETV6,-0.004758867300158013,0.2009451046749671,0.33142404210003734,False
ETV7,-9.192795039410287e-05,0.839863871154588,0.20660154541458564,False
EVI2A,0.00014594282223121438,-0.24232637912938168,0.13402727821873356,False
EVI2B,0.005431606891047493,0.8831094298072864,0.1411887412232625,False
EVL,-0.00020474457932537527,0.2800355491026802,0.42850477038061585,False
EWSR1,0.0003582171542778693,0.028344807592781487,0.9022136462779404,False
EXD3,-0.0031968832846429674,0.10420255726781374,0.7900452969712153,False
EXOC1,-0.0009517728814524459,0.1529162911550264,0.5946489171409879,False
EXOC2,-0.001870355510500588,-0.015966264549524087,0.9491075480185046,False
EXOC3,-0.0003293874607520542,-0.05466570536425567,0.8162802514054137,False
EXOC4,-0.002291399435490292,-0.25400094464672734,0.4598041810458334,False
EXOC5,-0.0029744684636011033,-0.018775506143888097,0.9661700748320724,False
EXOC6,-0.001658402881448296,-0.008850891935218819,0.9750565290407598,False
EXOC7,-0.0010989400265470086,-0.051020292242717126,0.738032418088006,False
EXOG,-0.0016674372409608493,0.026106481330655344,0.9458238667136976,False
EXOSC1,0.0015068760815662384,0.22332453645367334,0.03903726593800741,True
EXOSC10,0.0005659739114880204,-0.06447383796973864,0.6612518911530217,False
EXOSC2,0.0015078672259586934,0.21286205460460061,0.30140885654297883,False
EXOSC3,8.548874842285129e-05,0.11035154102464448,0.4907069641742309,False
EXOSC4,0.00022158091066193473,0.0973091604564939,0.620176378202111,False
EXOSC5,0.0006605576001846362,-0.08450368453849341,0.526952603567622,False
EXOSC7,0.0019179009030805456,0.10036659113459873,0.1961162365961217,False
EXOSC8,6.436345342192439e-05,-0.13246038380103706,0.3896134303786901,False
EXOSC9,-0.001556268142204621,0.1789549135218915,0.3748120813075505,False
EYA3,-0.004250760634508326,-0.056766220643472476,0.839515657800925,False
EZH1,-0.0030501579880224607,0.24639355488317566,0.4010777158928621,False
EZR,-0.0008603638163094453,0.10037819010041628,0.7130023635264535,False
F11R,-0.002345060512512482,-0.1633055580966681,0.6641772781023136,False
F13A1,-8.33902491056498e-05,-0.33023023979797045,0.22154513022953082,False
F2R,0.0034080814202111552,0.12300310973142098,0.6382332387173644,False
F2RL1,-0.0008073530791464814,0.06403638725855473,0.8534947452403133,False
F5,-0.005307860067205475,0.1196891571942644,0.44052854843904454,False
F8,-0.010731383166461857,-0.20773962970529805,0.5513950775985785,False
FAAP20,-0.0006922782736262404,-0.2648693533802422,0.4042825934140155,False
FAAP24,-0.0037555625843590152,0.029163491336689877,0.9237396613749095,False
FABP5,-0.0013101514073815483,-0.09398728924694548,0.38166101979512745,False
FAH,-0.002316843398371828,0.08976928327956465,0.7047051465119232,False
FAHD1,-0.0012546566213234222,-0.17297536230506985,0.39574938691040773,False
FAHD2A,0.0018305165350394458,0.05265546213326412,0.8425630472822557,False
FAIM,-0.0023542762733254874,-0.32338468736519654,0.33688339241310455,False
FAM102A,0.0013657064603484095,-0.2059880275936709,0.418895667420764,False
FAM103A1,0.0005012244656093997,-0.02266908221780896,0.8721402269903105,False
FAM104A,-0.0025220488194207485,-0.054573597480378294,0.7136720055702921,False
FAM104B,0.027156794447591056,-0.18684650214810627,0.2860381441225884,False
FAM107B,-0.002779703454679073,-0.017584931511133037,0.9275965865608221,False
FAM110A,-0.0011595307944075285,-0.47613483625291253,0.3295519206869496,False
FAM114A2,-0.0007115684757689902,-0.1584420274339465,0.6125259624239973,False
FAM117A,0.0028033087230246176,-0.1300542498228217,0.6873938452928718,False
FAM118A,0.001305453964320855,-0.14867364942132355,0.6071507812749757,False
FAM118B,-0.0008727148906117896,0.011672157937340864,0.9664615623456361,False
FAM120AOS,0.00045648150884483634,-0.03398475154200832,0.8592270190550875,False
FAM120B,-0.0022844445449829004,-0.3068139799456221,0.3357542497047814,False
FAM122B,0.007526476955158977,0.11516120705951499,0.5987014725446445,False
FAM122C,0.014153068793122319,-0.05040728352362067,0.8982991278261496,False
FAM126A,-0.002144775303938546,0.12871118946264315,0.610219345931327,False
FAM126B,0.0012315828782225586,-0.08357266508434408,0.825294367661007,False
FAM127A,0.03232940690387471,-0.0536465518027648,0.8226679897142096,False
FAM127B,0.02957521087295454,0.10889785925558855,0.4514092368886974,False
FAM127C,0.011551886947776004,-0.12314549820013049,0.7279203130082605,False
FAM129A,-0.004745352687011515,-0.23246604301577398,0.20487509629650552,False
FAM131A,0.0004289027482000704,-0.11545656414520217,0.4341149312770085,False
FAM133B,-0.0019779359436120207,-0.24967632115191474,0.08797884212626662,False
FAM136A,-0.0006843942498641712,-0.1165170478194882,0.2507325351387456,False
FAM13B,0.0005047536231726503,-0.17100517010616512,0.4071026234959769,False
FAM151B,-0.006831199511951184,0.03204230153526925,0.9260807871486278,False
FAM156A,0.002533234892374151,0.4894367840141485,0.10879623853882492,False
FAM159A,-0.00035334958385545284,-0.3361067416595435,0.1844097791722924,False
FAM160A2,-0.0013631862271232947,-0.2205158597831529,0.4077794243057208,False
FAM160B2,0.0006683832749887107,0.039292691310464166,0.8567400315736209,False
FAM162A,-0.0019370167814238778,-0.00204300223027529,0.9782021626483046,False
FAM168A,-0.0020508138185556897,-0.0007731066457646504,0.9986072607051768,False
FAM172A,-0.001627776804854541,-0.19465966138373542,0.4558463971943457,False
FAM173B,0.0011733903225065589,-0.07605317256269332,0.8300053299726629,False
FAM174A,-0.002828583621092773,0.008763988467287875,0.9742077567176085,False
FAM175A,-0.0013148487400962753,-0.13475469503293372,0.5875473631440643,False
FAM175B,-0.0008138156954276854,0.28403383584982894,0.31870145267763605,False
FAM177A1,-0.003983722725878956,0.06398934885565094,0.6189830526103945,False
FAM177B,-0.0014965600491976753,-0.6171854597926674,0.03757568860401921,True
FAM178A,0.00044559926274250595,-0.3315330984688958,0.4458552584401215,False
FAM185A,-0.0032724935755908437,-0.052249172290017604,0.8722154084833043,False
FAM188A,-0.0014751020377506722,-0.3430967623789991,0.3031689573410445,False
FAM192A,-0.0011158428339300703,-0.16538068854255242,0.32597691327899,False
FAM195B,0.0010978232130501697,-0.16521344966889037,0.39602017277230894,False
FAM200A,-0.004256993550132509,-0.22308254747117218,0.365521167562322,False
FAM200B,-0.0041555438223385985,-0.08462726526256997,0.4442804301105673,False
FAM204A,-0.0017617940385850851,0.08805776692901995,0.6634637406855955,False
FAM206A,-0.00048754826039723,0.43417622995579475,0.2911792455064098,False
FAM210B,0.0004300733340183863,0.06361203311369795,0.7947555208390732,False
FAM212A,0.0009979131262802987,-0.024314121706377492,0.9301776099423292,False
FAM212B,-0.004035276113452257,-0.4711061233417923,0.07853501834905964,False
FAM213A,-0.0006610798183976199,-0.2215444605924185,0.38731749687229966,False
FAM214B,0.005052396167046186,-0.04617463330072696,0.8654468050970059,False
FAM216A,-0.0008428745690828353,-0.44309579322480896,0.14448159061281432,False
FAM217B,-0.00041594144771375737,-0.11450628434167223,0.7242684962726397,False
FAM221A,-0.003915365200959661,-0.10799551352592464,0.5013819873584774,False
FAM222B,-0.0025646996947453725,-0.07012672731298727,0.8783965875624422,False
FAM227B,0.0005943331089581636,0.49123257874423043,0.25098971105833384,False
FAM228B,-0.007951928721955596,0.21778901823992755,0.4496342731599745,False
FAM229B,-0.0024068592293638455,0.2531476846395455,0.34529337450192,False
FAM24B,-0.0009159512819679004,0.2934666206949282,0.3542042066920562,False
FAM26E,-0.012981172014757014,0.23164629648183116,0.3494208610743197,False
FAM26F,-0.004691871244197371,0.2467511883414947,0.33213310435362653,False
FAM32A,0.00021416794924876068,0.1253458816943126,0.19513766354422357,False
FAM3A,0.012698809929940557,0.2663376974245433,0.4725449841577132,False
FAM3D,-0.0016017793039019442,-0.16697742011987926,0.4639686360946921,False
FAM45A,-0.003289468549910696,-0.04881901736408069,0.7404596689162801,False
FAM46A,-5.257170790809437e-05,0.06120228956881969,0.830888118715629,False
FAM46C,-0.00433424177343609,-0.2105975850108282,0.4004613755337072,False
FAM49A,-0.003025471927762048,-0.18143622206901208,0.18537136317386257,False
FAM49B,-0.0027241060304119095,-0.023182559795620068,0.9372404116115834,False
FAM50A,0.020923565288784363,-0.15151789320752965,0.6496620888946809,False
FAM50B,-0.002205438557072154,-0.0807033610164653,0.790366066820065,False
FAM53C,-0.0013529707734281507,-0.5986047410040302,0.1475328697371563,False
FAM60A,-0.0010337424387866126,-0.04915285306427619,0.8538096925167757,False
FAM63A,-0.0002791076708700597,-0.22042911216418393,0.5255402429529084,False
FAM65A,-0.000656164396629605,0.03653546037151667,0.9503186862555209,False
FAM65B,-0.0009466021986056725,-0.08596683483514392,0.577873628720379,False
FAM65C,-0.00014471534156260457,0.3382299145870516,0.4406835021883372,False
FAM69A,-0.003240924012577286,-0.12973003953862458,0.6076825286989969,False
FAM73A,-0.0038061842904307283,-0.21277216606544502,0.42471144582014253,False
FAM76A,-0.0006874908767973666,-0.052817304055659,0.8080224066295305,False
FAM76B,0.0006867420027421079,-0.45424229940923005,0.005991769792654817,True
FAM78A,-0.0030766446321318073,-0.1471849529786875,0.5485161851712945,False
FAM86C1,0.0023246689830445717,-0.2085355943426815,0.5882927917513261,False
FAM8A1,0.0015951510980577142,0.4825742403734716,0.06385433010634986,False
FAM92A1,-0.00268538488991672,0.17517340903450235,0.5342754850488141,False
FAM96A,-0.001265282374885766,0.0852407872278566,0.46619511636204836,False
FAM96B,0.0014074943934079369,0.11329702955118945,0.153959103304179,False
FAM98A,-0.0029197029490890323,-0.4700949014050669,0.09487991468728031,False
FAM98B,-0.001390040886616338,-0.30645923135949726,0.1453327014467593,False
FANCF,0.0004946848588455472,-0.3758793833474377,0.23536430310255693,False
FANCL,-0.0014143754518619576,-0.2722018420089894,0.33727252430527327,False
FANK1,-0.003570251158918618,0.3807721139324544,0.2435495204761067,False
FAR1,-0.003335189745552551,0.145241155905453,0.3818413834374078,False
FAR2,-0.005090963329842119,0.05225865761681149,0.818346503163265,False
FARS2,-0.0005965797104429875,0.16454374805471167,0.44286259327530964,False
FARSA,-0.0022767218324205502,-0.31815619433750925,0.3183900393306219,False
FARSB,0.002400967224096104,0.2607815001613558,0.17196144918013512,False
FAS,-0.0024021885262544037,-0.017882082765726844,0.9590841815979061,False
FASLG,0.0069024134427618285,-0.5596790678657205,0.0989573672728341,False
FASTK,0.0003209167757945938,-0.04146519946451163,0.8723246780942144,False
FASTKD2,-0.002457583397056241,-0.14446472345925299,0.36206238265039503,False
FASTKD3,0.0009389418892476329,0.15994648772750583,0.5843150654685083,False
FAU,-0.00030649677073570525,-0.02391271113409231,0.7401930024053842,False
FBL,-0.0033363180919667615,0.053826440315642196,0.7667361095719442,False
FBP1,-0.003252426927534941,0.2071030430154688,0.31700604282160355,False
FBXL12,0.0026306602359544777,0.2755149487035453,0.426846939515934,False
FBXL15,2.536500836124905e-05,-0.2992421459894851,0.2855551622690625,False
FBXL3,-0.00020164247385103226,-0.37267458447386725,0.30818393937556243,False
FBXL4,0.0007425757918194363,-0.07888065201795508,0.6971151823035007,False
FBXL5,-0.0026545133174296683,0.22274066482106214,0.19016625721648828,False
FBXL8,0.0007218228026977779,-0.624383327971358,0.03231835677458198,True
FBXO22,-0.002170528472021108,0.08076973420238416,0.6218603985947714,False
FBXO25,0.0025480109127322377,-0.1561117482158747,0.4907596000896184,False
FBXO28,-0.00013181517799294078,-0.15013773422781565,0.5667529518541037,False
FBXO3,0.0015359370895678588,-0.654944105841878,0.006495714540793524,True
FBXO30,-5.0913939710160996e-05,0.27228426021518976,0.4010528811937666,False
FBXO34,-0.0008841136566486115,-0.3668395285634482,0.3705330021277691,False
FBXO36,-0.00014919462222542682,-0.4024621901838857,0.18444327958712423,False
FBXO38,-0.0010852054506867216,-0.20479873987376254,0.5637291150141742,False
FBXO4,-0.0005262572604141099,-0.062498396733780465,0.8224858856345973,False
FBXO42,-0.0014799236314557824,0.3015072821386868,0.3535242926185102,False
FBXO44,-0.003964768781953409,0.5609943457726319,0.1152420007580499,False
FBXO46,0.0010473097032983021,-0.34135952397428404,0.03561581704216308,True
FBXO48,-0.000346907418269676,-0.18409074102389875,0.5248289689229175,False
FBXO6,0.0005450205501028658,0.3873788764908727,0.07687927291458813,False
FBXO7,-0.00039088099587171926,-0.06297034002520224,0.7726043019994271,False
FBXO8,-0.0014692383667147335,0.31379138224730796,0.06544334911243703,False
FBXO9,-0.002383570960747843,0.09868356164964556,0.6286136973653955,False
FBXW11,-0.0021320044560908754,-0.28814589617991876,0.17201228219526393,False
FBXW5,0.0014343037712095188,0.09070364350225048,0.8197148708238153,False
FBXW7,-0.002441335736714106,0.10051643890681088,0.6790630343033547,False
FBXW9,-0.0020403699423811768,0.17987977785111933,0.4184153925930907,False
FCAR,-0.005259314132256054,0.21080855073602484,0.5502091909346334,False
FCER1A,-0.0030076578565054646,-0.21953494197515955,0.1550084916914717,False
FCER1G,-0.0026699742991093517,0.11621105579738947,0.27786876708799635,False
FCER2,-0.0002487058911977778,0.15912162136672098,0.6062578571521304,False
FCF1,-0.0011477517176824853,0.1858899790160934,0.3273024573132921,False
FCGR1A,0.017232790263883392,0.5384703374308963,0.361386930836331,False
FCGR1B,0.0011408348788881973,0.6318535735706219,0.10119349968773887,False
FCGR2A,-0.007204402523006849,0.08462134641155997,0.7359865941229304,False
FCGR2B,0.006944669412056135,0.2605741363934897,0.3199089851122619,False
FCGR3A,-0.000815710519025123,0.18538084353564344,0.5132076260723933,False
FCGR3B,-0.0016165115780195243,0.12000632668153462,0.722908499991199,False
FCGRT,-0.00170671861982414,-0.0327901998878349,0.8502498095070258,False
FCHO1,-0.0037122176480091384,-0.22900913226459765,0.5502943235617356,False
FCHO2,-0.0015355057014872948,0.09448751535790094,0.776125348217993,False
FCHSD1,-0.0018293274148245523,-0.45591168639169727,0.3291184006429724,False
FCHSD2,-0.003949242503181677,-0.39599060307240647,0.31120706182493124,False
FCMR,0.0005845700552371995,-0.6139375860459552,0.2158267497240408,False
FCN1,0.00065878208041874,0.16551072671627962,0.11527480712337396,False
FCRL1,-0.0015267496204108056,-0.27835796186010925,0.24520751364976132,False
FCRL3,0.0026977750837962975,-0.27322968271927794,0.46709419644414385,False
FCRL5,0.0005008856016481533,-0.19470455184574892,0.5962718350027093,False
FCRL6,-0.0012458024870045182,-0.41725634024828157,0.035557356120467565,True
FDFT1,-0.0035164930283938527,0.000512800836959531,0.9970321756515759,False
FDPS,-0.0017138500009582986,0.028172125266122252,0.5012335604226166,False
FDX1L,0.00027626439906504064,-0.07472214190075785,0.7504906713114691,False
FDXACB1,-0.000545674984917256,-0.1455870031330288,0.656065857592537,False
FDXR,-0.0006321200488238924,0.3485661482584688,0.14404386219537815,False
FECH,-0.002135029314901368,0.11754515055602265,0.619920510300036,False
FEN1,0.0012130521240315906,0.3040069838475026,0.2847206952524939,False
FERMT3,-0.0016868746900606283,-0.25456914060953323,0.13388158157126895,False
FES,-0.0013014635838891658,0.18623718734539862,0.5015096976239131,False
FEZ1,-0.002104713580724949,0.3372885062755999,0.1606719720882657,False
FFAR2,-0.006460304869083841,0.28357674529756177,0.4620098560875747,False
FGD2,0.0010772308502653481,-0.07457122730501557,0.6536837956308001,False
FGD3,0.0012126074821568124,-0.052312368185294195,0.8804391995771234,False
FGD4,-0.006747643421472242,0.2531848517424222,0.1259730298661875,False
FGFBP2,0.002163502976917846,-0.24983595176086837,0.19278325836454469,False
FGFR1OP,-0.0005732988672902548,0.19366094440112958,0.32300066175230374,False
FGFR1OP2,0.0016746763319433421,0.024219095567759967,0.8904638425997145,False
FGGY,-0.003067856839329829,0.07897188578656911,0.732706900675572,False
FGL2,0.0010094631988273298,0.2403321245600587,0.32616831761472836,False
FGR,0.0018213727492263035,-0.3537738609436103,0.3464639548432107,False
FH,0.00020367737488054827,-0.0821837676847541,0.5003573826804657,False
FHIT,-0.000896343460633162,-0.1363203427193881,0.5596678749049812,False
FHL1,0.006226044914487063,-0.5428150664005952,0.008710612534811263,True
FHL2,-0.001558387304060428,-0.3706042672201689,0.03664499199836918,True
FHL3,0.0018215260672020147,0.3086952072658112,0.255671794984451,False
FIBP,-0.0016343315396531424,0.005765711311371429,0.9541842173760152,False
FIG4,-0.0017888046782967716,-0.4106496593288394,0.32947880257889584,False
FIP1L1,-0.003481805102803826,-0.025969726383431584,0.8858627690863354,False
FIS1,-0.003392374420901606,-0.0028211311837931735,0.9750144840886286,False
FITM2,-0.00029836675135622376,0.34720317211639895,0.156412930941104,False
FKBP11,0.0005825145108595274,-0.19473626565776758,0.4334809908766446,False
FKBP15,-0.0014682053903737856,0.3116746070602649,0.5179569928342818,False
FKBP1A,-0.002327237540300979,-0.014382341943058997,0.8658871628383009,False
FKBP1B,-0.0016393871665304968,0.06456475252259607,0.7453132477276032,False
FKBP2,0.000916556517512013,0.1484994067552957,0.41886217110478197,False
FKBP3,0.0021724497489596694,-0.1859870020614029,0.4963017030963456,False
FKBP4,0.00015302427971428348,-0.33116243072854545,0.2858326802586024,False
FKBP5,-0.0009606061019419314,-0.6411021331865044,0.04674982610745742,True
FKBP7,-0.0010221900699359015,0.1393564083568956,0.526893005194925,False
FKBP8,-0.0010002782350811438,-0.3986229481823746,0.2989806642256401,False
FKBPL,0.0020265112667751765,0.17236040099505498,0.5339656388381151,False
FKRP,-0.0005427246104085119,-0.8680060009503331,0.021470875344153026,True
FLAD1,0.00020273365566575533,0.2713594630933995,0.11760039900857133,False
FLCN,-0.0005317459186767726,-0.08411709263553663,0.7886073544784318,False
FLI1,-0.001007138365707147,-0.24436653107600145,0.5214394255756809,False
FLII,6.48589238834485e-05,-0.10637064076855997,0.7126208690095717,False
FLJ44635,-0.01072511171763816,-0.3694640642740484,0.27691922418349807,False
FLNB,4.54095326727851e-05,-0.1028109653479228,0.722410460239206,False
FLOT1,-0.001796580275421775,-0.15753082669778815,0.5645482036165623,False
FLOT2,-0.0005248380590349509,0.0034489831170105845,0.9865227455203989,False
FLT3LG,-0.0005847573441368735,-0.48287928535809005,0.02723899576842363,True
FLVCR2,-0.002921089743876545,0.38235577301293,0.2588760201225807,False
FLYWCH2,-0.0019177050321932604,0.13471653397653066,0.3076730738892952,False
FMNL1,-0.00047452353823052354,-0.3645477190162617,0.1897432563895033,False
FN3KRP,-0.000139086896228347,-0.09321456631408613,0.6763735588440607,False
FNDC3A,-0.0013558833612879614,0.22499766879014205,0.28006142790575683,False
FNIP1,-0.0029923813515531136,-0.11689527774994064,0.7179177957543772,False
FNTB,-0.0035766106870507705,-0.25352270877484934,0.36293743361906877,False
FOCAD,-0.0030918938418020687,-0.1996748480951288,0.3270152477169401,False
FOLR2,-0.0029853536808209223,0.11848806263057367,0.4930535712443632,False
FOLR3,-0.004371669221748785,-0.4211645229013042,0.03576827269940895,True
FOPNL,-0.0059412305830069696,-0.14190627866722144,0.288316813189719,False
FOS,-0.0009491096937341827,0.03286149451148127,0.9373680322607671,False
FOXJ2,-0.00262853999020927,0.14545050283471614,0.6932779829613176,False
FOXN2,-0.006987568768188799,-0.14365627555926463,0.709743117896676,False
FOXO4,0.004794734391410942,0.1413475479531073,0.5987255879443574,False
FOXP1,-0.0035544454264247937,-0.6941108120575817,0.026071050207900324,True
FOXP3,-0.014470794708782049,0.14671775964746192,0.6500606022845945,False
FOXRED1,0.0009498667514873219,-0.3353402177720141,0.2646148736232272,False
FPGS,-0.00018608069539703402,-0.4223431697213786,0.4241672695599399,False
FPR1,-0.01183463867808437,0.1003096568891048,0.5191561887358682,False
FPR2,-0.002527342848690115,0.06900473035439249,0.7152572357303997,False
FRA10AC1,-0.012993973769371784,0.09375202697143287,0.729713075909417,False
FRG1,-0.0020461313130622568,0.10511384676297277,0.4241507108714073,False
FRMD3,-0.0006540861943348269,-0.14509646518367647,0.4261257995067642,False
FRMD8,-0.0037354497955976386,0.14464149605721324,0.607097940558337,False
FRY,-0.004038916496906157,0.11425927903692237,0.6517530332233338,False
FSTL1,-0.001296803656093806,0.5686139691455041,0.04445638019249252,True
FTH1,-0.0005825778176087472,-0.20143090964012877,0.027506720980531682,True
FTL,0.001821044953687972,0.05483550923009734,0.33898244073179407,False
FTO,-0.0015102329686954483,0.06782679980988969,0.8236676455687099,False
FTSJ1,0.012620859507096826,0.4550775334310864,0.05110507724796383,False
FTSJ2,-0.0016557066872028012,0.06836182833242235,0.5573246423152185,False
FTSJ3,-0.0005367405995359298,0.30613479564883017,0.2514701627266147,False
FUCA1,-0.005191601566599275,-0.284583225284081,0.41999529278338066,False
FUCA2,-1.7135288238575556e-05,0.1890520821939192,0.45284622836468746,False
FUNDC1,0.001593755306449022,0.3950127848508092,0.2654022147458227,False
FUNDC2,0.009957787943520594,-0.08397706979944679,0.4155468358368225,False
FUOM,-0.0013506592081220649,0.05073217037298229,0.7010570983001624,False
FUS,-0.0036176034815232384,0.18339153045247703,0.5893319102480783,False
FUT11,-0.003830402209355514,0.43171553647389943,0.20243901190456212,False
FUT8,-0.0015732842810546076,0.24675796039419634,0.42127209412075617,False
FXN,-0.0027542405053851944,0.07758199734800655,0.6874642929907117,False
FXR1,-0.0028668148859499545,-0.39652335216751555,0.20983251823868576,False
FXYD2,0.0002461104721868123,-0.34461653404857706,0.36834516256974653,False
FXYD5,0.001808953933614772,0.017804297445549996,0.8663602597310645,False
FXYD7,-0.0024798669743947904,-0.26347105406066273,0.4572056996538675,False
FYB,-0.0021745410116480253,-0.24211954411588335,0.21477566482421506,False
FYN,0.002785065129672523,-0.6104205138864618,0.028513644346372647,True
FYTTD1,-0.0018070793014686947,0.15860121431992288,0.3473670241189871,False
G0S2,-0.0009183202961272167,-0.7225186526219848,0.02830123091039849,True
G2E3,-0.0003925213388824617,-0.34354658533867616,0.2828007647253882,False
G3BP1,0.000591781364091121,0.04943027354491999,0.7350213884797037,False
G3BP2,-0.001902328004331343,-0.08670780861820512,0.7444976723891481,False
G6PC3,-0.0017606930474718947,-0.18866451061696254,0.20632646035077631,False
G6PD,0.022772702498945762,-0.4048275708375222,0.22961668441692573,False
GAA,-0.002278441135529742,0.1701561741332065,0.8190888179711142,False
GAB3,0.009613144178731225,0.6210169593198123,0.07616260279880226,False
GABARAP,0.0005095456283224208,0.12884799696989013,0.12839362167147553,False
GABARAPL1,-0.0008904977878539641,-0.44255861624577164,0.03973657926926935,True
GABARAPL2,-0.0027370525162870338,-0.023839958809526607,0.8085727768345043,False
GABPA,0.0007568546096930195,-0.19153648834402143,0.554018455133473,False
GABPB1,-0.0005875615465742239,-0.1372394481348661,0.6036103713003207,False
GABPB2,-0.002294002115054893,0.11909189339727162,0.7257317806609851,False
GADD45A,0.00012762277088073563,0.4177279653304243,0.32120147937086824,False
GADD45B,0.0012832157455658906,0.1675595069366105,0.5834975510973607,False
GADD45GIP1,0.0021448145893025283,0.08796383684098293,0.7099708384164307,False
GAK,-0.00021953221404803232,0.4493631542385052,0.0996093647017405,False
GALE,-0.0007408615237098139,0.08110637246784419,0.7269718659393392,False
GALK1,-0.002243322090090128,0.014985300400147672,0.9196971300304575,False
GALK2,-0.0018205506004331145,-0.030121312002739438,0.9212829368429329,False
GALM,-0.003699972981139386,-0.2562380605769238,0.16741080889438356,False
GALNS,0.0001120994100814504,0.23248628698169135,0.42350152107659844,False
GALNT11,-0.0033373111690349925,-0.48424185056361085,0.06289218571823277,False
GALNT14,0.0004102334082626538,0.041975508842004135,0.8553484039241566,False
GALNT6,-0.002669333781060624,-0.016522067145223283,0.9543574873455336,False
GALNT7,-0.004146371076215058,0.08197852625294141,0.7553198182540664,False
GALT,-0.0013157258995506493,-0.2018377573876564,0.2267754216462897,False
GAMT,-0.0025967107938576956,-0.03195157758619913,0.9057074578126609,False
GANAB,0.0003417705408632679,0.1500864575050968,0.5108637373002975,False
GANC,-0.0014250104864971665,0.031905830697821345,0.9260707167654754,False
GAPDH,-0.0012048380389360945,-0.006059380505066948,0.9518547743245166,False
GAPT,-0.007409758555540442,0.0746028464249302,0.7672922910863973,False
GAPVD1,-0.0029531191339409917,-0.5316101135215154,0.08609088601328069,False
GARS,-0.001710476500327721,-0.040145154631221674,0.6616003371122765,False
GART,0.0008096740347149858,0.06435799248163361,0.8033398204303521,False
GAS7,-0.004352928055012487,0.08801455160804277,0.8041678230130461,False
GAS8,-0.001356386779200027,-0.30932016171203996,0.21221642421524076,False
GATA1,-0.017582057299353807,0.26786038097276144,0.2244767194525151,False
GATA3,-0.00036435518349513095,-0.6434982976406212,0.059427298910254674,False
GATB,-0.0005131722641130579,-0.02526345187814654,0.9277673305922279,False
GATC,-0.0007867338759829141,-0.05133383802518553,0.8084449991340216,False
GATSL3,0.0010036097496790815,-0.3122358829961435,0.2801935235564062,False
GBA,-0.0012924393052588272,0.03778903034167606,0.9111807111666926,False
GBA2,0.004829544708936384,-0.4054965758419436,0.15149924294808897,False
GBAS,-0.0025280296064275915,0.08869480513042,0.8264645188957791,False
GBE1,-0.004091584402504521,-0.1897348945868159,0.5422733922776558,False
GBF1,-0.0026267979672015733,-0.8698647047591529,0.053495684840437874,False
GBGT1,-0.0018326799213967098,0.4435359418463698,0.11193404393363315,False
GBP1,-0.0008195689152751084,0.38786385367560205,0.32227650356332616,False
GBP2,-0.004656526290462323,0.09933377679251393,0.7173508153867669,False
GBP3,-0.011352259544684242,-0.11336479803309185,0.6170703943274097,False
GBP4,0.0020958626561689165,0.3706248857282042,0.20556322124501672,False
GBP5,-0.005726520253131736,0.7271861869477092,0.08171518965070465,False
GCA,-0.002429674197527679,-0.0537189092753315,0.7958973228946296,False
GCAT,-1.2907625008244536e-05,0.34296701199723145,0.39371394862309983,False
GCC2,-0.002321722640969022,-0.25615036912415223,0.4232111857128027,False
GCDH,-0.0012750373968870813,-0.37366790828689084,0.1512499337040064,False
GCHFR,-0.0016427317120504038,0.04228478745551821,0.6562036329087101,False
GCLM,-0.0014376632844733718,-0.6311022554534846,0.15009417884353476,False
GCNT1,-0.0009647435809029174,0.061165288039130954,0.8831902472668776,False
GCSAM,-0.002867788019340289,0.05359094675523954,0.7634663419764942,False
GCSH,-0.00046215229320254174,-0.584610023341715,0.07088882760782549,False
GDAP1,0.0003389891008464308,-0.165569971170346,0.5101867475992189,False
GDAP2,-0.0017331700696141205,0.03494972704212239,0.8800370096842212,False
GDE1,-0.002569464364269505,-0.06672527923343136,0.5618356468058698,False
GDI1,0.015367012811172056,-0.3352049811555454,0.3392337862056608,False
GDI2,-0.0008598157774827654,0.09767716835080097,0.3662616598640317,False
GDPGP1,-0.006993962760043266,-0.28160254350583236,0.457121379676417,False
GEMIN2,0.004035913792053111,0.1628632920164771,0.48118303299825393,False
GEMIN4,0.002305677187498361,-0.42435080563280086,0.43957427519266434,False
GEMIN6,-0.002727370614450456,0.03900193548759493,0.8247944671231122,False
GEMIN7,-0.00031335142596547954,-0.24620314860610926,0.0800522844543894,False
GEMIN8,-0.0018366181748046611,0.021690843976436773,0.9218623105371928,False
GFI1B,-0.003606796035750591,0.22007773939376904,0.6116776459006878,False
GFM1,-0.0024909675861588486,-0.0756247267774205,0.605387652528165,False
GFM2,-0.0012618090589024732,0.6808388798604148,0.0008702180782525905,True
GFOD2,0.0013879223060686476,-0.1824693898868892,0.6227495630609279,False
GFPT1,-0.002202407433294391,-0.5707060323040284,0.08710425302721403,False
GGA1,0.00043624332841815867,-0.472846218412454,0.15454916500927615,False
GGA3,-0.0025244678031700702,-0.6670902517659619,0.017867763735805904,True
GGACT,0.0020191077315279585,-0.5561370925321243,0.04179664635369905,True
GGCT,-0.0032905073614998043,0.04563447884372948,0.8170451004489634,False
GGCX,0.0011439913315899701,0.1141377106309518,0.5683091651443053,False
GGH,-0.0019233376438206975,0.27865037871941095,0.44586214262315693,False
GGNBP2,-0.002922184094066943,-0.4165991235508909,0.20776129529772652,False
GHITM,-0.004504302101415578,0.07448853531851451,0.47546251349683066,False
GHRL,-0.0002604640520112305,0.5046461986456663,0.08566205821189872,False
GID4,-0.0104815151862278,0.2796007336279266,0.4296117371403998,False
GID8,0.002869331823718269,0.016974644514006973,0.8956057896851377,False
GIGYF2,-0.005736249498397724,0.026684226086393942,0.8832108810016379,False
GIMAP2,-0.0008020632618367467,-0.08709537407374739,0.5352393266242803,False
GIMAP4,0.003311233292920289,0.09250293230597013,0.32360780023485464,False
GIMAP5,0.004322060983153163,-0.1434644151792718,0.2102387518834027,False
GIMAP6,-0.006214839537622465,0.03423320227303715,0.9318620857220459,False
GIMAP7,0.0048095434714508405,-0.20494713286175661,0.05642461051237816,False
GIMAP8,0.0008751906814929108,0.18592558600984502,0.5337079318901348,False
GIN1,-0.0005322032406417792,-0.2775103247331904,0.1283673156035923,False
GINM1,0.002251314301259635,-0.4221455906849032,0.01065867889663468,True
GINS1,-0.002005912984406366,-0.004117951762358506,0.9908786206297053,False
GINS2,0.0016356680586197907,-0.23063525592999598,0.28500521378062954,False
GINS3,0.00430834510273967,0.10335445008042969,0.6808675518975216,False
GINS4,-0.001669618452667555,0.1506208763303599,0.6083113433586252,False
GIT2,-0.004834820314276719,0.019235584922928182,0.8902907727753716,False
GK,0.006795354655532275,0.34652615709455387,0.15811556619685502,False
GLA,0.02292333966665603,-0.26452548177643564,0.3369542066957589,False
GLB1L,-0.0002979735343549093,-0.5207816766195799,0.11995382252799641,False
GLCE,-0.0014874453563240035,0.08670073749395264,0.6978678334487258,False
GLE1,-0.0007886894067697638,-0.13552119059606824,0.594004968412452,False
GLI4,0.002353573633461656,0.06314324737513861,0.8657730576187926,False
GLIPR1,-0.0019863339855819956,-0.106985173393954,0.4564256745883526,False
GLIPR2,-0.0028388902417097388,0.1003871724150793,0.3964302268682641,False
GLMN,4.8371096601051385e-05,0.27357991998262593,0.313245493414469,False
GLMP,0.0029501041067870977,0.11641652630460515,0.6024483992091381,False
GLO1,-0.0016270709442540807,-0.24678934056977228,0.1154814627609803,False
GLOD4,-0.0009678025157043807,-0.09060899421649331,0.5388306656276378,False
GLRX,-0.0013068753757601854,0.24025110115925447,0.28267456380750616,False
GLRX2,-0.0014492015448468953,-0.24879159422969735,0.3490631305024701,False
GLRX3,0.0015440754732020331,-0.12995201247156965,0.17628221770971653,False
GLRX5,-0.0009651389194308803,0.36984027544420006,0.3749986793053348,False
GLT1D1,0.0006742723956441247,0.13929803703377053,0.7159979141097041,False
GLT8D1,-0.0010850285864188885,0.009293796844652456,0.9779501573870182,False
GLTP,-0.00131831568885501,-0.18133863815037415,0.3073778601002727,False
GLTSCR2,0.0012950845762884607,-0.400839794080194,0.24740717240759602,False
GLUL,7.787595939425628e-05,-0.16086006850651824,0.2278234230331074,False
GLYCTK,0.002198363485836256,-0.19559516972693755,0.6122570598616852,False
GLYR1,-0.00033592068673060177,-0.25402087544222857,0.4033698467900352,False
GM2A,0.0006562096404660694,0.48393286022055676,0.01927180468826653,True
GMEB1,-0.0031798549040932714,-0.0385348989300193,0.7889612487139344,False
GMFB,0.0002540041992940201,-0.49181590694976446,0.06106153093509821,False
GMFG,-0.0007831932639581151,-0.07473753986935211,0.4721821162358678,False
GMIP,-0.0012962555196294931,0.4161791202597482,0.37316293250260646,False
GMNN,0.00039312186143397,0.23031654705648996,0.23819361726316693,False
GMPPA,-0.0005950359727994722,-0.11317752620039181,0.5623313963063151,False
GMPPB,-0.0009161512469534035,-0.15354965451945396,0.5962866089057628,False
GMPR,-0.0016747681368576774,0.013627883208522866,0.9500277703996005,False
GMPR2,-0.00018111456867515285,0.1542029588667621,0.2619011536604316,False
GMPS,-0.0014104240585207151,0.06714096370700105,0.8725585703199906,False
GNA13,-0.005106319461116874,-0.09069231460772838,0.7928301204715554,False
GNAI2,-0.0008382428903782257,0.8349129374283871,0.06880873370371558,False
GNAI3,-0.0021035789585675856,-0.06815951082245537,0.7608930247183658,False
GNAS,-0.0010711694154551994,0.0001973667218703549,0.9989664874685342,False
GNB1,-0.0012583117328045978,-0.06994125156526916,0.6991829862818639,False
GNB2,-0.0011774101767251532,-0.05562853029435463,0.9074556596379667,False
GNB2L1,0.00253440160705129,0.05063863689329887,0.3893562731040676,False
GNB5,-0.002481166250589711,-0.4628805250769361,0.06977521083851872,False
GNG10,0.001022774914903533,0.17322957274826242,0.5374768377618043,False
GNG11,-0.003509515520465879,-0.09150146176446722,0.5590212312994006,False
GNG2,-0.001006748895253525,0.022665280382461874,0.8730811609422423,False
GNG3,0.0008543910043213468,0.29769404793808885,0.49181548767317196,False
GNG5,9.087427388902428e-05,0.08600433698571071,0.39679848073171786,False
GNG7,-0.001433917134828409,0.08353240802347751,0.5880480015743879,False
GNGT2,0.0034703537240985314,-0.37061043474314226,0.10829034231716661,False
GNL2,0.0005433221322189097,-0.3878680585282323,0.06732189376552432,False
GNL3,-0.0010132491932781141,-0.34656582729445773,0.005183763193947479,True
GNL3L,0.02732402785528231,-0.42844356001700545,0.04754276829792132,True
GNLY,0.005732396715555569,-0.017002223571277578,0.9093354816229082,False
GNPAT,-0.0016465802041004337,-0.34796613410968585,0.3721862515984216,False
GNPDA2,0.0014096152338036955,-0.269253263754754,0.3035979175335858,False
GNPTG,-0.0015276225702986308,0.177790241318702,0.11412347220559907,False
GNS,-0.004505279251907278,0.009751640274054186,0.9747169240198228,False
GOLGA1,-0.0009177768010290466,0.3493818307525068,0.3174924590601302,False
GOLGA3,-0.0014014356645846017,0.10224398225329923,0.7544604024560952,False
GOLGA4,-0.0025667073733580585,0.274050267688982,0.41316217626668983,False
GOLGA7,-0.0033517446219587556,0.06259161423396017,0.6364546804563799,False
GOLPH3L,0.0010697196500041686,0.3207563129379436,0.29494543310184074,False
GOLT1B,0.00012123453116332941,0.11040356374671578,0.602077821227319,False
GON4L,-0.0011266929532050246,-0.0999944445633904,0.5354878408538455,False
GORASP2,-0.004347609783893877,-0.3389873210479249,0.24766097189582317,False
GOSR1,0.0010630628956463336,0.01064517353656664,0.9615629588005772,False
GOSR2,0.0008993250207963701,-0.3330599344256853,0.007503801689992228,True
GOT1,-0.0028179733426478295,-0.4320658615535019,0.06143527509151438,False
GOT2,-0.0022709109753028846,0.4639802046535044,0.05439669164833935,False
GP1BA,-0.003401458771689052,-0.49998808192218014,0.07460926863898616,False
GP1BB,-0.0025558458475612245,-0.2331168329897915,0.23768269689054453,False
GP6,0.001849750971147785,-0.7068828322316768,0.012681510107609333,True
GP9,-0.006161646024254627,-0.30638751255247804,0.08481239059050442,False
GPA33,-0.00273252382122331,-0.3705056262402502,0.08208940802517552,False
GPAA1,0.0014777563412115408,-0.08999421487785418,0.6100721167624021,False
GPALPP1,-0.0026873811501522435,-0.48439397740900475,0.06156137269465644,False
GPANK1,0.0032163545164472177,-0.053257186775505366,0.83511996037731,False
GPATCH1,-0.0021274814660029694,-0.10297873821971203,0.7498335261032028,False
GPATCH11,-0.0032648365436482017,-0.2425704945092099,0.4050543221075036,False
GPATCH2,-0.002763419507653451,-0.09187572088705316,0.7867542516999109,False
GPATCH2L,-0.00472729140588044,0.16657422230139332,0.6089916098225807,False
GPATCH3,-0.0015678066630334339,0.4708203591977573,0.06335230521505641,False
GPATCH4,-0.0008978502838822111,-0.4942352046731713,0.10475536131814654,False
GPATCH8,-0.002267332589837664,-0.14494696676172858,0.6202807931941929,False
GPBAR1,0.0007838401360547605,0.04478491506815452,0.8629171471625646,False
GPBP1,-0.0021684045574382306,-0.13793200525271437,0.3940755377482441,False
GPBP1L1,-0.0012244606770115392,-0.09153252537238643,0.7472822639217962,False
GPCPD1,-0.0018563853008019768,-0.4729569424885099,0.022976786568016237,True
GPD2,-0.004026857244056412,-0.20566838682516086,0.5190354600058342,False
GPHN,-0.003528166443891123,-0.3104152604378402,0.41558461354861687,False
GPI,-0.0006860911250064066,-0.3895366811856157,0.21150652487790034,False
GPKOW,0.01538257679517579,-0.17420081730130021,0.512579132327692,False
GPN2,-0.001652837389517333,0.838113963356292,0.11299172769846211,False
GPN3,-0.00033076173904181744,-0.08412010664190477,0.7785437063513649,False
GPR107,-0.0016108447621959187,0.05327456776188602,0.8334638418672695,False
GPR108,-0.0010965108878699854,-0.17559714627020634,0.4133314285937937,False
GPR132,0.0008366762436628532,-0.19310424542460897,0.5863270253289227,False
GPR137,-0.001217187107035722,-0.030057531374846916,0.91521673556429,False
GPR146,-0.0015964679982344444,-0.06490496301978471,0.769911109198838,False
GPR155,0.0016977319131456466,0.33973649458073496,0.35552585104803175,False
GPR160,-0.0035971746854554136,-0.16821512772369124,0.46064145719206206,False
GPR162,0.0008792773321794077,0.23403798885332602,0.27151727618218924,False
GPR171,0.00951930761675946,-0.6121130612995522,0.00433682187278278,True
GPR18,-0.0023518660184007017,0.04419474520694777,0.876683562479499,False
GPR183,-0.003987482707330849,-0.1566367172987682,0.5679438436220082,False
GPR19,-0.004032765594129672,-0.04150559910599628,0.8725187426867275,False
GPR34,0.01130268108385955,0.09197764046463444,0.5461016403724046,False
GPR35,-0.00027877465064511686,-0.25293907737214716,0.5621282094596693,False
GPR65,-0.004733302684812592,-0.20592446120468588,0.2563704074773575,False
GPR68,0.0003767641700502679,-0.013676008289265221,0.9612453387941933,False
GPR82,-0.011059423988885903,0.37433272728509137,0.15394125453497282,False
GPR84,-0.0028105046387737987,-0.1327534300684598,0.8120605723809763,False
GPR89A,-0.0033666323739937436,-0.0365901493542654,0.9160766168142951,False
GPS1,-0.0007056355805152755,0.32437236817210496,0.15381568923491604,False
GPS2,-0.0026263774563379315,0.19875073166190807,0.2041389131651015,False
GPSM3,0.00024519398840759665,0.13222605084370187,0.4971881643612258,False
GPX1,-0.0030283111510519137,0.11614773525375988,0.46070344591976786,False
GPX3,-0.00348463293125236,0.05285520922568946,0.8887152662231695,False
GPX4,0.0009064807187563866,-0.09626585228327045,0.47467614920242474,False
GPX7,-0.002766952739709817,0.11038609897794574,0.30521192906156464,False
GRAMD1A,-0.005478080366148243,0.11368403705961007,0.5627584142184414,False
GRAMD1C,-0.0039890765679861315,-0.05236942978365544,0.8470243318966659,False
GRAP2,-0.0005333246917465271,-0.013094217007747981,0.9382441082626614,False
GRB2,-0.0027117940429408276,0.02909772727064968,0.9191259597947662,False
GRHPR,0.0019371323337106952,0.1947941588911961,0.21274442125694482,False
GRINA,-0.003082233635248436,0.23490673419122698,0.3989474436582898,False
GRIPAP1,0.003878857815180809,0.014486877209171078,0.9656896840256718,False
GRK6,0.0016207143448392928,-0.17812105372636966,0.5489354022330106,False
GRN,0.001034270391354361,-0.06993916893083757,0.8295193495648572,False
GRPEL1,-0.0004586669554742222,0.09439269331372982,0.26680346130320065,False
GRPEL2,-0.001985369889529565,-0.3930600697943574,0.03231909261325932,True
GRSF1,5.019545583873884e-05,0.32652312017657825,0.19629894802455314,False
GRTP1,-0.0004341551061893389,-0.04489776993204478,0.7995560714240605,False
GRWD1,-0.001096566813261145,-0.12195949219055202,0.6947433467849444,False
GSAP,-0.005059007822260308,-0.2473724058808902,0.5106303130502154,False
GSDMA,-3.560520896722723e-05,-0.025097044201317906,0.9404747230308491,False
GSDMD,0.0006363694048098296,-0.14668457618793948,0.7714404620821,False
GSK3B,-0.002117102980757779,-0.22334483441469702,0.38848931104610107,False
GSKIP,-0.0009160141337275756,0.2874901545255794,0.32436048208436496,False
GSN,-0.001984907537930805,0.11081472250199494,0.4593689265440678,False
GSPT1,-0.0043633600168758516,0.36906460392268037,0.40921439682978555,False
GSPT2,-0.00021588291073296878,-0.3552022411906138,0.08650830783453622,False
GSS,-0.0009688979785303145,-0.31563245365544135,0.30790720981395553,False
GSTA4,-0.0017607998613676,-0.4511110338574576,0.14128137118054399,False
GSTK1,0.0006858404935900235,0.13552509029123763,0.19017878283529793,False
GSTM1,0.0015680470008485666,0.16132395412807632,0.2821338232553291,False
GSTM2,-0.0027365734438987593,0.2366298519008521,0.1956840522151217,False
GSTM3,0.0016609139817238933,0.057654328598765764,0.861338642046147,False
GSTM4,0.00016791484317929043,0.29710061351924366,0.12018103705991143,False
GSTO1,-0.0040335815221310975,0.09926989174898321,0.31776949014986194,False
GSTO2,-0.002128430325946982,-0.5189594571314955,0.18359499204884344,False
GSTP1,-0.003463580852520701,0.14402059091874303,0.10369091923806042,False
GSTT1,0.03543506761047555,-0.17824087077378145,0.6620193784441941,False
GSTZ1,0.0006761215155569115,-0.13204295952091444,0.5571410259166168,False
GTDC1,-0.0026053429544975523,0.6297436087138826,0.07923199108159268,False
GTF2A2,0.0017909560904947027,0.03558786903429231,0.5564641689142078,False
GTF2B,-0.002988133205179322,0.07699122559270559,0.5079783818273357,False
GTF2E1,0.0008429048286387025,-0.4960643379898025,0.10416141856249565,False
GTF2F1,0.001572319400167762,-0.49397798968554973,0.18449946706436965,False
GTF2F2,-0.002699712450936081,-0.11910578952748042,0.6469878250996719,False
GTF2H1,-0.002478506994738566,-0.28285784329031666,0.2536944513267762,False
GTF2H3,-0.0020118281420095684,0.08021397199333075,0.6968014372293521,False
GTF2H4,-0.00019407271262320572,-0.07304942630701405,0.8625757732575905,False
GTF2H5,-0.0017734322142849538,0.19529718186463818,0.27520344803790864,False
GTF2I,-0.0008231742492367222,-0.07052998068069319,0.8083352190725809,False
GTF3A,-0.002128583223117731,-0.05038542731611563,0.7714063467651023,False
GTF3C1,0.00028058132372584546,-0.49015073338847553,0.17541984766412208,False
GTF3C2,-0.0024924556329421607,-0.19643365815200972,0.5538489884652826,False
GTF3C5,0.0008083686499695195,-0.03389737824392659,0.9161230682948759,False
GTF3C6,0.000631757297830135,0.06301553194982093,0.3937978683792638,False
GTPBP10,-0.003192181530484927,0.31171258455380485,0.23336429063278794,False
GTPBP4,-0.00024493932012368473,0.08706459483600122,0.539692345758845,False
GTPBP8,-0.0006976660781037544,0.07679068442149833,0.779791327568191,False
GTSCR1,-0.004443288734123208,-0.191545486254706,0.5199862092311367,False
GTSF1,-0.0035255216340424147,0.13075287800310806,0.5590108935861157,False
GUCD1,-0.0015810532667569876,-0.4523452007237945,0.17417582401795542,False
GUCY1A3,-0.0006988819085056483,-0.2182414419372748,0.5939120869341421,False
GUCY1B3,-0.003571512626276415,-0.3185920260836059,0.34980448308717116,False
GUK1,0.001900375856825219,0.0002185670214050164,0.998865146031815,False
GUSB,-0.0018527678520837225,-0.034450471927519107,0.9118332454950462,False
GYG1,-0.002559065503499709,0.05694855435004594,0.7980498070970107,False
GYPA,-0.0032141765348669303,-0.011722675802297688,0.9695741529348263,False
GYPB,0.0009939977322249386,0.13674225194097292,0.6829382770140735,False
GYPC,-0.0027429777096482544,-0.34515050949698317,0.3263370013885905,False
GYS1,-0.0028262997680287274,-0.18959204126025012,0.5284966088979507,False
GZMA,0.0053443898155502885,-0.26325184153650066,0.1291401476284548,False
GZMB,0.003999683039476001,-0.1750265698068727,0.23746973690189085,False
GZMH,0.0005318051536443016,-0.014388006921227929,0.9546915810561564,False
GZMK,-0.00037079760107394124,-0.378747317067177,0.07642750876965007,False
GZMM,0.0002176246145500165,-0.7678658126934775,0.0831802260559854,False
H1F0,-0.0029323382005653808,-0.3940265385918017,0.12255699227983294,False
H1FX,5.435977565547212e-05,-0.2178826754761596,0.6365762306025446,False
H2AFJ,-0.0011547455320059558,-0.0646118565334412,0.38217749686244684,False
H2AFV,-0.0027860440133874575,0.1518036265388483,0.293973325155875,False
H2AFY,0.0008357058833633389,0.20253034249053878,0.252466945639133,False
H2AFZ,0.0007439684683036246,0.0800143602309584,0.38690457019305025,False
H3F3A,-0.001429216170825863,0.05075406811753997,0.5114837737015435,False
H3F3B,-0.00039341937277729525,0.11666067584472531,0.39201887821736114,False
HAAO,0.0010048390906362032,0.2672014119247572,0.38632441905900883,False
HACD3,-6.966542331802044e-05,0.14996935556173113,0.48211552223889487,False
HACD4,-0.0018909887573227465,0.009392882338672514,0.9274477597527083,False
HACL1,0.0005396714263583758,0.16937544817833042,0.5253886569347197,False
HADH,-0.0019440085748845062,0.14797452542627118,0.33044633444164295,False
HADHA,0.0007275450823451654,0.06550393489181398,0.48064205182392516,False
HADHB,-0.00017917864892706245,-0.13010564229131757,0.38503951747616516,False
HAGH,-0.0014617042389031326,0.07889560204310403,0.6837813221987722,False
HAGHL,-0.0021065614322325374,0.5450922866414688,0.04482382693744653,True
HAL,-0.004529554161814252,-0.3524565783767667,0.16037718566393466,False
HAPLN3,-0.0009355438234447976,0.16148292319935761,0.6332532267587677,False
HARS,0.0010394070538015342,0.012247816479252598,0.9221395241473155,False
HARS2,0.0013558080898197335,-0.22284367237155545,0.37583949613407786,False
HAT1,-0.00591865561670627,-0.31344367421360997,0.32406025707177905,False
HAUS1,-0.0021093630889290815,-0.028688193725674042,0.863976252598384,False
HAUS2,0.00021451884868216965,-0.33406477638665544,0.39538862623302795,False
HAUS4,-0.0011176939344070213,-0.06327152225114692,0.7195548630686324,False
HAUS5,-0.00012270680325164485,-0.4066003762294187,0.24361774428252542,False
HAUS8,0.0011957883850460638,-0.05525067385719611,0.827318327642695,False
HAVCR2,-0.0021542814829170038,-0.3216177453556649,0.18749750049548516,False
HAX1,0.0017947754233915774,0.06502362615334384,0.29725741352699914,False
HBA1,-0.00034017370397154543,-0.48033294444794244,0.14331476696810483,False
HBA2,0.015995790338523202,-0.22647093943034113,0.5256488033138971,False
HBB,-0.0038133844030637594,0.2543572059153267,0.18865824698298406,False
HBD,-0.0030186113351930244,0.1359529864134199,0.6246948820919509,False
HBE1,0.006405867717281969,-0.08355434040256673,0.8812329434955497,False
HBG2,-0.0028176705020235013,0.4218212538391468,0.02367933586732468,True
HBM,-0.00154712559299729,0.01685339197090426,0.9156778342758434,False
HBP1,-0.000575238698294042,-0.21807183550569542,0.27513892268332263,False
HBQ1,-0.0011706069143526943,-0.1238284149988128,0.3868993609371789,False
HBS1L,-0.0018898007045006617,-0.0086475689462678,0.9827343654942423,False
HBZ,-0.008034943115757196,0.9305886697960857,0.23103682354857447,False
HCAR2,-0.020160152634735976,-0.12814979601756868,0.6701855807601123,False
HCAR3,-0.0010392162486464796,-0.11348762728530086,0.672848632953472,False
HCCS,0.019917064006722454,-0.13386031989262476,0.6627717790254777,False
HCFC1R1,-0.00029396801774829586,0.014932095067866906,0.9384498986657347,False
HCK,-0.0006355676616177202,0.17456012038335503,0.3031117031957293,False
HCLS1,-0.0027468068040958507,-0.20480893138392917,0.33734889012917496,False
HCST,0.0015519379834391812,-0.003520231134616204,0.9546413910675251,False
HDAC1,-5.591504662553503e-05,-0.09907192490862185,0.39459168282310375,False
HDAC10,0.0001526487027870212,0.2629838498145477,0.32382034762329065,False
HDAC11,0.00010641290642443705,0.03566249463709312,0.884116874752402,False
HDAC2,-0.0026144525638236334,-0.2790186116104018,0.23611725878146533,False
HDAC3,-0.0005460747597060191,-0.3323150302677105,0.43708648321927845,False
HDAC8,-0.00878991352359753,-0.2896578101152146,0.3358202755059362,False
HDAC9,-0.004001450040147741,0.023715977219105774,0.9481503574311683,False
HDDC2,0.00044704290842225195,0.03979332991516868,0.7038110449359777,False
HDDC3,-0.0012970879267008247,0.1513556073961237,0.3723289762291942,False
HDGF,-3.1642041114625504e-05,0.048517143563807735,0.8718664712547775,False
HDGFRP2,0.0023386772437211166,-0.10921084505587404,0.8229600596643094,False
HDHD1,-0.0018637647864883967,-0.04865331736954751,0.8467415950478205,False
HDHD2,0.001142787703947142,-0.12012665738838092,0.5927659458316752,False
HDHD3,0.00223074349699587,0.12083618726967828,0.6783309125865151,False
HDLBP,-0.000104106446778235,-0.2342043945911668,0.6085127101194641,False
HEATR1,-0.0027306490471369965,-0.5534055296184495,0.07148743020787107,False
HEATR5A,-0.0041794069870671,0.09847076301964768,0.670290192573241,False
HEATR5B,-0.0013045276013053811,-0.2775157507969248,0.3786009404238535,False
HEATR6,-0.0005619609970753948,-0.10845262008472961,0.5341439614490475,False
HEBP1,-0.000643470971658271,-0.15625981765739708,0.40776483651722384,False
HECTD1,-0.003577861514266022,0.15857350898153122,0.7051446053990519,False
HELB,-0.0016389468997405558,-0.12322400040481697,0.66661039345838,False
HELQ,0.0003983489635492293,-0.3982744759226937,0.10924704176790867,False
HELZ,-0.0005103446441824385,0.2690158121908142,0.2823595278787141,False
HEMGN,0.0013512196207891556,-0.2121466925066785,0.2211454980011078,False
HEMK1,0.0037944803077606753,-0.08053743325117917,0.8183370501736764,False
HENMT1,-0.0020824298779997096,-0.24592070258778578,0.1573823447432486,False
HERC1,0.0006213943473734714,-0.026657749957290828,0.8952573850493319,False
HERC2,-0.0024557784535557334,-0.25301784601569843,0.40603787683228365,False
HERC4,-0.002274192659530071,-0.17994348728350618,0.36479239904654776,False
HERPUD1,0.00038306412633887433,0.0986697384932184,0.48157186954302733,False
HERPUD2,-0.001979682894153277,0.356179945893224,0.22493080154352812,False
HES1,0.0010104156820395396,0.011703640179411846,0.9698959517690102,False
HEXA,-0.0019786545001046203,-0.11237884228410724,0.5611630380929788,False
HEXB,-0.0013009611589470318,0.33470098815918137,0.15274373057798077,False
HEXDC,0.0016575396750086848,-0.20321269848789209,0.510779608091281,False
HEXIM1,0.0015834068325976992,0.08824176033830483,0.8758002227981876,False
HEXIM2,-0.003308068578630984,0.17412787957439566,0.47226089620289413,False
HGF,-0.0017583506647567812,-0.1797269067313126,0.4240701899621365,False
HGS,0.0001058487009535901,-0.20931446054282374,0.29751723674506547,False
HHLA3,-0.002254012451950229,0.14641322411484717,0.3478365850596669,False
HIAT1,-0.0012496672244239621,-0.6593329709789751,0.008012608354217871,True
HIBADH,-0.003693764501544462,-0.3531845524438768,0.2361552127638084,False
HIBCH,-0.002617422272219113,-0.2644226357430457,0.41663943667286507,False
HIF1A,-0.0008385635188828725,-0.010723706838443,0.9773833955948519,False
HIF1AN,9.683778914490655e-05,0.40613520092567473,0.13757632512046947,False
HIGD1A,0.0007283903385501458,0.10018399392395831,0.2934807239352005,False
HIGD2A,-0.0015105509197873253,0.0745661367701555,0.15503022145547518,False
HILPDA,-0.00024022286320049478,0.39473248815432743,0.14697469468210408,False
HINFP,-0.0021239887860998296,-0.6110486765914563,0.05811796560616204,False
HINT1,-0.004914773296831757,0.029757755201711963,0.35733046665442075,False
HINT2,0.001792683651675725,0.1198063347923627,0.6388457336998717,False
HINT3,-0.0007951620686964408,-0.06955553826147419,0.8518378121081089,False
HIP1,-0.0009432026259573341,-0.21456074068344427,0.42517800100182224,False
HIP1R,-0.00025294075531589636,-0.277134721942683,0.34457109902544986,False
HIRIP3,-0.0018048583414220806,0.23972309119354052,0.3324483280646936,False
HIST1H1C,-0.0038051068019995336,0.29712062763214964,0.09767822108848856,False
HIST1H2AC,0.0005924045389345629,-0.0751367203900109,0.602608586589076,False
HIST1H2AE,0.003402764476449775,-0.012907732203314006,0.950111170108559,False
HIST1H2AG,0.0031181731942994755,0.03824471149559325,0.8055985452036466,False
HIST1H2AI,-0.0004714576121613214,-0.13205955072458972,0.5397836246299312,False
HIST1H2AL,-0.0005557917652354449,-0.44707670374642217,0.16038949422389853,False
HIST1H2AM,-0.00013561590901476486,-0.023165386613138494,0.9264192733958824,False
HIST1H2BC,0.0019339993533689214,0.16254447868565325,0.48140793136216764,False
HIST1H2BD,-6.499988242427111e-05,-0.14300604846643455,0.48069316852349064,False
HIST1H2BF,0.0059792248363294215,0.33966900318179705,0.21327106745803068,False
HIST1H2BG,0.003892618382036899,-0.12283993514670428,0.7677155188848674,False
HIST1H2BH,0.003395972356337877,-0.013921999889287365,0.9583918840316987,False
HIST1H2BJ,-0.00036282228923441133,-0.19849053647246506,0.18091581639872398,False
HIST1H2BK,0.0006155943094828133,0.021207318172859937,0.8439191992579571,False
HIST1H2BN,0.002068855330518958,-0.06490636145997637,0.8002580042102326,False
HIST1H2BO,-0.0007257991626229196,-0.20378449552125208,0.6387563362548008,False
HIST1H3A,-1.0302660013474814e-06,0.08090726969420858,0.7677583241266043,False
HIST1H3B,0.0020427446472413503,0.5182075229687284,0.3070134197688754,False
HIST1H3C,-0.003049753880083678,-0.36413057002746363,0.10216718783192719,False
HIST1H3G,0.0020198000626166727,0.06590334814202185,0.8885642035506747,False
HIST1H3H,-0.000251988625938796,0.12472744762900106,0.5581447334857413,False
HIST1H4C,0.0012098110421795668,-0.7520482871236057,0.11902306978569334,False
HIST1H4E,0.0006330558187365916,0.04626239143991985,0.8753909992886703,False
HIST1H4H,0.0026179233870472726,0.05359745038870218,0.8823405138822911,False
HIST2H2AC,0.0022055549991106755,0.29507709045148456,0.215231160753803,False
HIST2H2BE,0.0013875349815000478,-0.2112612271785489,0.33343214456265896,False
HIST3H2A,0.0005324881261446242,-0.09248812657456797,0.7341363762583129,False
HIST3H2BB,0.00020694609295937268,0.084816127321305,0.8075302469515981,False
HK1,-0.0048637025718842805,0.01463321772033758,0.9533780397250033,False
HK3,-0.0002445054987439993,-0.45301283048122065,0.1461673446157266,False
HKR1,-0.004979793680422147,0.31896860158599505,0.20748693486727288,False
HLA-A,0.0019018341308456466,-0.44879089710279607,0.10851192789174753,False
HLA-B,0.008112320963127709,-0.05475359691225506,0.5970338792456076,False
HLA-C,0.0011652690093898637,0.08385903154726757,0.7183997056073372,False
HLA-DMA,-0.0019579278077239883,0.09347502437447029,0.41599842390623365,False
HLA-DMB,-0.002200675449489096,0.23650178854461817,0.08903572577490663,False
HLA-DOA,-0.0035472964801113393,-0.1508046358494002,0.6174463966455397,False
HLA-DOB,0.0027942141621191785,-0.02295412968052129,0.9128798785598435,False
HLA-DPA1,-0.007231110049975068,0.13331230806012606,0.15458165005249738,False
HLA-DPB1,-0.0051947470275712565,0.15812433991545216,0.053132417800990574,False
HLA-DQA1,-0.019758713728120374,0.10971364072897972,0.49049414349284814,False
HLA-DQA2,-0.0035761396041671307,0.20190551432138004,0.23405680082888525,False
HLA-DQB1,-1.118525678395265e-05,-0.006996773533814288,0.9522561302590727,False
HLA-DQB2,0.0045690982421015556,0.28081945835149136,0.29737035211102,False
HLA-DRA,-0.006750736199157677,0.11077719043328473,0.3806206098699181,False
HLA-DRB1,0.003572124522146559,0.13536092350115492,0.25299023741270144,False
HLA-DRB5,-0.015030649303790562,0.2674503805537851,0.23001692570540133,False
HLA-E,0.001940890418522502,-0.23922807702835047,0.523761052974268,False
HLA-F,0.0006869445449054177,-0.1863478145663248,0.1979657977749001,False
HLX,0.0006239697942727723,-0.34274835747946697,0.01923101276982489,True
HM13,-0.0016493334879123932,-0.22661321852229893,0.3506853790316145,False
HMBS,-0.002319922194084677,0.28009993504515907,0.26591622343798305,False
HMCES,0.005170195455766521,-0.08679676477026502,0.44886374542084173,False
HMG20A,-0.0004666908584763126,0.1440901762204766,0.488175497144676,False
HMGA1,-0.00024532384624224174,-0.30811809986603045,0.5528450719227616,False
HMGB1,-0.002062741503998133,-0.13710477263603998,0.023519071605198297,True
HMGB2,0.0019079975157201589,0.09160307003950358,0.41096105287777707,False
HMGB3,0.033232194000749254,0.0377351683237001,0.8941744960997131,False
HMGCL,0.0034367333989690353,0.1274798882578134,0.36146786940719233,False
HMGCR,-0.0025200263568826474,-0.42647075002414936,0.21527539328727882,False
HMGCS1,-0.0020472778745364026,0.16308781496236988,0.6091254514551052,False
HMGN1,0.0002605123111062845,-0.12731842631458395,0.3173811168488551,False
HMGN2,-0.0001450808052348393,0.21304614745086692,0.09295563659773125,False
HMGN3,-0.0012572932595344383,0.027512246296111265,0.7878561701815772,False
HMGN4,0.002267463426697777,-0.08354118585124118,0.4709149466282492,False
HMGN5,0.018750962549181426,0.0963620132116025,0.6471959087977437,False
HMGXB4,-0.0004344963941919403,-0.23981807865817828,0.3497214857134796,False
HMHA1,0.0015425677734259694,-0.15552552734724043,0.33769305859662196,False
HMOX1,0.0006160018921222688,-0.24497755651183717,0.5566025665474694,False
HMOX2,0.0004923524433167461,0.008088705125928975,0.9140509838836777,False
HN1,-0.0030153071029832296,-0.1297258737656875,0.4074561822106345,False
HN1L,0.0009205085349737052,0.3156836406171439,0.1969853201083978,False
HNMT,-0.006548211045271402,0.16204596465920476,0.2531312016955233,False
HNRNPA0,0.001537343871318027,-0.252291738863421,0.423689354521978,False
HNRNPA1,0.00176297535557022,-0.12326761464309104,0.0641191685761472,False
HNRNPA1L2,-0.0025676779178344282,-0.2705474070022887,0.027268412429681994,True
HNRNPA2B1,0.001691666392897472,-0.13514260220113933,0.3550468995175025,False
HNRNPA3,-0.001024430600326279,0.00924349060226468,0.9732096740634508,False
HNRNPC,0.00011128749035048608,0.065518590067066,0.5368372450159793,False
HNRNPD,0.0010993045334896142,0.276601452248133,0.4563654908349448,False
HNRNPDL,0.008288567471198792,0.4225331307609519,0.0948320120230008,False
HNRNPF,-0.00026361823276257725,0.07645089584084808,0.4710993538761845,False
HNRNPH1,0.0007471356934470874,-0.22326996659908063,0.5184192704366767,False
HNRNPH2,0.02391392329112453,-0.6143722085194605,0.08993612726457928,False
HNRNPH3,0.0015653878539107532,-0.2852184505504192,0.3398885785282041,False
HNRNPK,-0.001834284655124696,-0.34633624726831713,0.08007357805527494,False
HNRNPL,0.0013491390142471962,0.3173282379600075,0.385833254809014,False
HNRNPM,0.0018471407095022932,-0.16490700166548475,0.5527370084711376,False
HNRNPR,-0.00031448656928890844,-0.588657953860556,0.08741321422731115,False
HNRNPUL1,-0.0007389941230610919,-0.3584331531757106,0.44679315437638034,False
HOOK2,-0.009447859332894317,-0.5008502722662654,0.30881437293987335,False
HOPX,-0.001332342777183687,-0.27589234329443013,0.05828323846939063,False
HP,-0.0030104297763366627,0.11992017260879173,0.6329296778501865,False
HP1BP3,0.0012168945083999337,-0.060349502965864325,0.8130012995714767,False
HPCAL1,0.001280569700933823,0.16511526806713225,0.6143863727134218,False
HPGD,-0.003001619670095617,0.08476964115068501,0.813064818229852,False
HPN,-0.002634188508928252,0.02110362882649286,0.9466766498098331,False
HPRT1,0.02280097673164012,0.13215575742223568,0.37521487734687153,False
HPS1,0.0013492190991192142,0.17544738447990482,0.4666449227344579,False
HPS3,-0.00363933203275284,0.06093400095891916,0.8107501933448942,False
HPS4,-0.0026350020738883386,-0.24606623063465718,0.5359454757034717,False
HPS5,-0.00029627194580375603,0.25996477276360075,0.2594353073639138,False
HPSE,-0.0010138550355461415,-0.05472391343983442,0.8826127947317621,False
HRASLS2,0.0037683429728321135,-0.051754630900596926,0.8899961138213593,False
HRH2,-0.000956628393787923,-0.04536326551188462,0.7971442102344845,False
HRSP12,-0.0024639685523062766,-0.10961542419415658,0.4743124441015084,False
HS1BP3,-0.001367698946189825,0.5160119978049758,0.10890227954444236,False
HS3ST1,-0.0032550347488676215,-0.04268845910825733,0.7846727369054411,False
HSBP1,-0.0005925733817854295,0.08725111828229101,0.48349371559276244,False
HSBP1L1,-0.0027285692395159792,0.07761485092242733,0.7691524329865441,False
HSCB,-0.0015280274699825019,-0.15759781833360517,0.4937032248992418,False
HSD17B10,0.013453025992470594,-0.01726525414252558,0.873130243132931,False
HSD17B11,-0.0035885459522902253,0.07843126637789509,0.5908766246447444,False
HSD17B12,-0.0045672473219932975,0.6492631268281921,0.03758068587274591,True
HSD17B4,-0.0015625187730513943,0.02569639188678689,0.8975939840874165,False
HSD17B7,-0.006856154217674071,-0.34650646230084153,0.38108018915421293,False
HSD17B8,-0.0004114785444549708,-0.32936053888224565,0.29396366671028334,False
HSD3B7,-0.0006405432911078262,-0.21846213805889622,0.4293638736950929,False
HSDL1,-0.0007106223829555604,-0.4003504745900483,0.12169586222318371,False
HSDL2,-0.0029092099026955713,-0.17921735728698174,0.26852836467997815,False
HSF1,-0.0006901780441670724,0.044048552803184454,0.823103437756343,False
HSF2,-0.0005980254166335573,-0.46022205327299975,0.16515172742880435,False
HSH2D,0.0005355375462803813,-0.0902855241747684,0.5968588541513542,False
HSP90AA1,-0.0009577168709446757,-0.297125367848202,0.09327242726347364,False
HSP90AB1,-0.002527116452940725,0.04772274125521728,0.7842988293421185,False
HSP90B1,-0.0007108890559338591,0.5774062410886395,0.2608322510141848,False
HSPA13,-0.00033614475261727593,-0.029464996331800823,0.9292398334897922,False
HSPA14,-0.0024054932113888538,0.1745724781396922,0.6055272607271367,False
HSPA1A,0.0005376132958871739,0.014031533858342252,0.9519895253437753,False
HSPA4,-0.0017306346387084997,-0.38097370231726274,0.1872086641409244,False
HSPA5,-0.002798389770179815,0.11678148799612514,0.7155180359068971,False
HSPA8,-0.00011185274345934975,-0.20108978458067778,0.0867500242559772,False
HSPA9,0.0005744728214222832,0.31838995312303614,0.47711866310098794,False
HSPB1,0.0009416220106619014,0.12510742705880695,0.36798563839789766,False
HSPB11,-0.0003021300090742532,-0.07586868858153023,0.7246187442652932,False
HSPB9,-0.0031300979834713734,0.17618237286502836,0.7915658082442398,False
HSPBAP1,-0.002548435268406455,-0.02525299912427887,0.884973522359719,False
HSPBP1,-0.0018283020101118967,-0.0395904043486307,0.9163567043935941,False
HSPD1,0.0004089246149520262,-0.20442166480609428,0.10281977046103367,False
HTATIP2,-0.0007934280607988566,0.2041215833878302,0.3643747830146095,False
HTATSF1,0.029877550553192935,0.14723922036569895,0.49073826928576536,False
HTRA2,-0.00027451172420153236,-0.32813383125390794,0.5844273545874357,False
HTRA4,-0.010240202406554967,0.32523103525638675,0.473054219751879,False
HUS1,-0.009197216941219754,0.3064858503849542,0.15982592880903218,False
HVCN1,4.545879892755856e-05,0.1091358942306903,0.2841352490042179,False
HYKK,-0.005118174012763639,0.18432430428822086,0.4107635193628455,False
HYLS1,-0.002920938834740395,-0.16997233477861934,0.48719502303457973,False
HYOU1,-0.0007661822718657773,-0.21447132371051286,0.4025460400389569,False
HYPK,0.003329888736240615,-0.10625685983279867,0.45180927331693566,False
IAH1,-0.002216427179878387,-0.2710756730802025,0.034874767718392666,True
IARS,-0.0011750477217186987,0.23932954205532836,0.45371480827350064,False
ICA1,-0.0012352262422019862,-0.11938112167503077,0.705718201106196,False
ICAM1,0.001301074186961525,-0.26090227717933273,0.5286470252945915,False
ICAM2,-0.002457432096001306,0.00845515495018064,0.9017172275908883,False
ICAM3,-0.0033704415829933763,0.0004889693976863896,0.9972824199417929,False
ICAM4,-0.0009799708005784656,0.04551666637420312,0.8128026063343858,False
ICE2,-0.0024444682134285014,0.01160337853480898,0.9579728537969916,False
ICT1,4.318178434106517e-05,-0.10232134610068627,0.3171483546010066,False
ID2,0.00368472800738137,-0.23101962268319454,0.24973447199510587,False
ID3,-0.0020163276860476684,0.01968151024184935,0.9046224249410831,False
IDH1,-0.002430133598736347,-0.12856115172529156,0.6460218865991811,False
IDH2,-0.0009685186489499598,0.1184342972712903,0.3693533199637885,False
IDH3A,-0.0012467271474539134,-0.325424259535512,0.14423756606208282,False
IDH3B,-0.0024324629573016297,-0.13945705714729575,0.0630785086998621,False
IDH3G,0.022332276465065692,-0.044851296372923066,0.4963439736919981,False
IDNK,0.0008719411790661784,-0.31671053601272736,0.03813179263359112,True
IDO1,-0.0030626244168605763,0.2912041768767959,0.3624111166974758,False
IDS,0.0062906550887948795,-0.0930605419611278,0.5344266297423291,False
IER2,0.0014294974465566155,-0.5439429815530568,0.2531628070192651,False
IER3,-0.0016933651724706186,-0.3592307344324598,0.22916381535698305,False
IER3IP1,-0.0029226819460185308,0.06020390083387836,0.47273401931192827,False
IER5,0.001686220940608052,-0.5023849604233763,0.12538171862696681,False
IFI16,-0.0013253742707420573,0.19735971265354374,0.35702351266128035,False
IFI27,-0.002417855798112029,0.17061000950585647,0.5443857925660492,False
IFI27L1,-0.0015143539572262336,-0.06787303968369891,0.7849240488176407,False
IFI27L2,-0.000255685444772694,0.16757630330610812,0.13052122594950702,False
IFI30,-0.0019571887597269974,0.19791886312348458,0.06578081317282926,False
IFI35,-0.002472419172174515,0.43093023474588626,0.12538914605997797,False
IFI44,0.001845163431535328,0.298020622175382,0.525050778663684,False
IFI44L,-0.004656703660664607,-0.11329067205207657,0.7494445174129084,False
IFI6,-0.0007063221912260492,0.5970148807735505,0.12166927135153874,False
IFIT1,-0.0038789515656868366,0.30890607397154823,0.5084275110295231,False
IFIT2,-0.0019585947053509275,0.3789786864247471,0.3704637902900165,False
IFIT3,-0.001050439435836203,0.5563457876819728,0.2682887491452638,False
IFIT5,0.0020011032124188253,-0.1185009630487304,0.7590846166542269,False
IFITM1,0.0011994885177536343,0.11154177954892378,0.5094711281635416,False
IFITM2,0.0038823276414165987,0.19277602277741598,0.12768058162958343,False
IFITM3,-0.0015823916564381903,0.41374447860266844,0.2295628853582066,False
IFNAR1,5.944443083415411e-05,-0.20266252742641408,0.28603158132291917,False
IFNAR2,-0.0028454668768754404,0.14068460807770464,0.6262059092994532,False
IFNGR1,0.00010690766742368881,-0.22766193381172073,0.27373043273602266,False
IFNGR2,-0.0015117827768003386,0.17267480771506527,0.4741018722727418,False
IFRD1,-0.003875286566596315,0.10214733188888964,0.6135554871597941,False
IFT122,-0.000572516143031841,-0.18082835994696483,0.6282957285546622,False
IFT20,0.0010738007734272348,-0.03415751853558429,0.7219032978870437,False
IFT22,-0.0012495501614315987,0.3334591346334955,0.4493924640622391,False
IFT27,0.0016290908270086845,0.3249443472459776,0.03505091152118046,True
IFT43,0.00161707097617681,-0.14717727091979416,0.34421806373989233,False
IFT46,0.000472568245370201,0.26172686659151334,0.550548713009481,False
IFT52,-0.0015623664860148433,-0.3294222648147449,0.004874838312592816,True
IFT57,-0.0023115195205921676,-0.06294858378684672,0.7000816962374896,False
IFT80,-0.002264473010357032,0.10142177231177343,0.6231605332714522,False
IFT88,-0.002320622894471759,-0.5856855221069858,0.1047191932399095,False
IGBP1,0.0072529410117766,0.0458093165246244,0.7221344121200147,False
IGF1,-0.004662334073940157,-0.09480844511992231,0.7337556110876975,False
IGF2BP2,-0.0032509516333567336,-0.06922207120365981,0.8630310940243986,False
IGFBP7,-9.97197379421932e-05,-0.9148932181786691,0.003097171530460479,True
IGFLR1,-0.0009936931477699112,0.2882901614917933,0.07274576264599485,False
IGHMBP2,0.0016224653565455561,-0.14941835887763844,0.5379563532540947,False
IGLL5,0.0010615718164129798,-0.20022273425484027,0.2363655849659112,False
IGSF6,0.0006898668029628087,-0.11896184928072016,0.41996050065280444,False
IGSF8,0.004046837685504166,0.02500379895911463,0.9221059577799786,False
IK,0.0009756782204572304,-0.2566269353899044,0.007217782514344434,True
IKBIP,-0.00010958449777407794,0.014533126299208119,0.9463746592222975,False
IKBKE,-0.0004570628076519823,-0.32190654465082225,0.23617426705785022,False
IKBKG,0.019913334906245878,-0.06823996900894125,0.8584304345050767,False
IKZF1,0.0003384676577308281,-0.08655279256511886,0.497382305470513,False
IKZF3,-0.0022550991863430443,-0.025382751029599734,0.9557220711873651,False
IKZF5,-0.002319863489984971,0.33112769994648505,0.34022922868156835,False
IL10RA,0.0012907289831812154,-0.014169031438912634,0.966638241767761,False
IL10RB,-0.0034980037539901333,0.13089267907981147,0.26292248686993275,False
IL12RB1,-0.0027886970130191614,-0.05626939902479601,0.8604439537379516,False
IL15,0.00032462888986340625,0.3590939191761476,0.22709479699947666,False
IL15RA,0.002093927264375618,0.8658757230768581,0.11164322228420934,False
IL16,-0.0006619871798025609,0.07369099596916653,0.7592284671122203,False
IL17RA,-0.0029639788118418094,-0.007726558816876376,0.9759076738484436,False
IL18,-0.0040114353690949706,0.14898848242164237,0.3437385117569784,False
IL18BP,0.0010988311617825476,-0.17453067575220077,0.4776400554749719,False
IL18R1,-0.002305716565417748,0.15699015658996063,0.520686540082874,False
IL18RAP,-0.0008543737100834086,-0.06878105005365018,0.8179377293416787,False
IL1B,-0.004945729363392363,0.038342842645721104,0.8872567521843622,False
IL1R2,0.00030880980126966325,-0.3502391974871648,0.09300662083278909,False
IL1RAP,-0.0009080610576251011,-0.49024709350991524,0.21022866391755474,False
IL1RN,-0.001374250792090861,-0.11594652396984885,0.5630319668838549,False
IL21R,-0.0029829829332746528,-0.535524707081939,0.20578308036183224,False
IL23A,-0.004770999382409609,0.025516538308934508,0.9413536897075916,False
IL27RA,-0.0006923116898658391,-0.29176531898736546,0.3253260078641067,False
IL2RA,-0.0007279530123683607,0.5702922483736939,0.19410344238053634,False
IL2RB,0.00315515696307971,-0.5124372192857886,0.36611638208885056,False
IL2RG,0.013145577304622744,0.022422815757066852,0.6573747351892125,False
IL32,0.0045961301669361024,-0.15171869991289158,0.23587779324842653,False
IL4,-0.012556370780979575,0.45380007458906696,0.10620028946646962,False
IL4I1,4.740447701710061e-05,0.46225692028871485,0.20096333400329533,False
IL4R,-0.0033129568619689994,0.09026824721868826,0.5827532712702311,False
IL5RA,-0.0076544033936790145,0.009786447813239896,0.9803849970274843,False
IL6R,-0.0026314497837674326,-0.6757167051813183,0.1025765132754929,False
IL7R,-0.00382325889691302,-0.34288427933315135,0.20225020646214806,False
ILF2,0.004395285153975446,-0.1494852360365292,0.06080246805452511,False
ILF3,-0.0006275925758071136,0.05302014314202677,0.8201960277955428,False
ILK,0.000830156450373822,-0.05058082476132716,0.6003260595366304,False
ILKAP,-0.0012299624610386144,-0.23546837362059156,0.043387592481827844,True
IMMP1L,0.00097084190149707,-0.0894589694165338,0.6805635439450688,False
IMMP2L,-0.0021064751048074817,-0.09713721459271987,0.7434776949565352,False
IMMT,0.00010545929432313214,-0.1318605011676273,0.4885467137108539,False
IMP3,-3.613686188491935e-05,-0.06756491370387015,0.7791933440664104,False
IMP4,0.0005920647197664826,0.09021275094082284,0.5186285227887145,False
IMPA1,-0.004611846998052773,0.031333459258198734,0.8896056393077749,False
IMPA2,-0.0015396808853449142,0.18562283370745017,0.4275446032938053,False
IMPACT,-0.0029267454676113664,0.48715904530625603,0.11984752538549226,False
IMPDH1,0.0003614223897013612,-0.21141763680114958,0.6108435095249378,False
IMPDH2,0.0024778666883460837,-0.326858078433488,0.07073926262415078,False
INAFM1,0.0020145794397391802,0.06809403019802202,0.7917147380863538,False
ING1,5.437490259356283e-05,0.3630738579357014,0.3767423643780937,False
ING2,-0.002080766338750202,0.3600725475641621,0.05204414549751291,False
ING3,-0.0007740542182009179,-0.23856333150259537,0.2578372192325225,False
ING4,0.0042646556191881044,-0.1390803666180473,0.34570883790770435,False
ING5,-0.0007901021772247291,0.6491569941945934,0.02450470143199498,True
INIP,0.001181656036400698,-0.20236101119178507,0.3889544830831264,False
INO80B,-0.001054340918752363,-0.34729625224873395,0.2769830667960193,False
INO80C,-0.002109516898921378,0.09504195764397455,0.5097841851941177,False
INO80E,-0.0010988681465798015,0.3813355426986713,0.322038007832886,False
INPP1,-0.0023874558166612904,0.04662667571850565,0.8734102157665974,False
INPP5B,-0.003212354140576918,-0.21432610517211112,0.24892313497946073,False
INPP5D,3.826822183076007e-06,-0.28779704700709935,0.39269592201046377,False
INPP5K,0.00013844150371908437,0.2395915524371603,0.3088995669756024,False
INSIG1,0.0011590163934261895,0.5634563409765518,0.03916375285682305,True
INTS10,-0.0015948956460345605,-0.0853720287133477,0.715327696823295,False
INTS12,0.0014876517817427356,0.0011808064097057604,0.9957105366569201,False
INTS3,-0.002791523289787274,0.14493462909856997,0.554869550939503,False
INTS4,0.001467298113324113,0.00045018905575276865,0.9983949169291388,False
INTS9,0.001066083049637388,-0.31637512346845054,0.41460876380206535,False
INVS,-0.0015816850648309878,0.23984994631859557,0.5560862938760007,False
IP6K1,0.0006333605299433904,-0.15268811285776765,0.5305314084985278,False
IP6K2,-0.0016970883251792993,-0.22944856793243323,0.08508575604606236,False
IPCEF1,-0.0008157669762363888,0.42318518661072935,0.1864835211642073,False
IPO13,0.00019456241406036364,-0.5576079343511573,0.19625448827678832,False
IPO4,-0.00010218543131454856,0.0031528339695729,0.9957679488409137,False
IPO7,-0.004446154897589381,-0.1644137850510275,0.6437750223924634,False
IPO9,-0.0018053366233402926,-0.05806605401135721,0.8052078617619924,False
IPPK,0.0011789052890787703,0.0517226386016999,0.8867886525824926,False
IQCB1,0.001400717855434651,-0.5665671543475433,0.055263991874138704,False
IQCC,-0.0006472500390312413,0.1691367985518744,0.6829995658488888,False
IQCD,0.000937984943249756,0.12002875166024134,0.6536461885125912,False
IQCG,-0.0017347198924809032,-0.14347641513770243,0.5372984811074664,False
IQCK,-0.0017440544486253073,-0.37770160711079215,0.2732183617200198,False
IQGAP1,-0.004049268676925346,-0.2775208229590904,0.2304964596375683,False
IQSEC1,-0.0012793354177355275,-0.31060689711003164,0.4838735217526793,False
IQSEC2,-0.003012388024888388,0.3727875855261212,0.1866584242024633,False
IRAK1BP1,-0.0002810466174044898,-0.27262718087995297,0.07878805211911784,False
IRAK2,-0.0014521083858024728,-0.03081067006939659,0.925887838397415,False
IRAK3,-0.0037148744794587535,0.7492185976396242,0.031244786129274782,True
IRAK4,-0.0011940252325719598,0.00627053654963625,0.9760829550751147,False
IREB2,-0.002713162709084736,-0.3358049613521515,0.2585868152127887,False
IRF1,0.002922086052259027,0.41734630812412477,0.04538250304622034,True
IRF2,-0.0026304459307952507,0.032297315372027596,0.8829581058517446,False
IRF3,0.0013256879180529354,0.05585142767661279,0.579369704515108,False
IRF5,-0.004730769754318076,-0.3487558127854275,0.4834215317691819,False
IRF7,-0.0008781078349497939,0.3201419131585501,0.2580239956601838,False
IRF8,-0.0053028038398391375,0.05658820469219197,0.8262275618138278,False
IRF9,0.0012727637963170818,0.29372691581204396,0.06315229492441103,False
ISCA1,-0.0011491068545522625,-0.20953098602024867,0.30071118393288465,False
ISCA2,-0.00084838264596282,-0.061336786017577825,0.6995759612516799,False
ISCU,0.00037940069083425504,-0.21981614281687398,0.27937782385890875,False
ISG15,0.004732459264233052,0.5929210025073474,0.10522516339896479,False
ISG20,-0.0009414317998154086,0.2914255294772406,0.04350260473685167,True
ISG20L2,-0.0003741988436096385,0.06305250159748749,0.8543699527263364,False
ISOC1,-0.0024061961417762784,0.2878187833731668,0.2663032163502648,False
ISOC2,-0.0019926969631488384,-0.2343746876990308,0.5059668277897966,False
IST1,0.0004092982816708964,0.14440877598231547,0.2867004071801312,False
ISYNA1,0.00014739160675935397,-0.04098181091564686,0.912104604730021,False
ITCH,-0.003793994930670077,-0.2789367781504129,0.26391085424968186,False
ITFG1,-0.0018285950380462262,0.18251255127052549,0.6225846465852138,False
ITFG2,-0.0009280830040134774,-0.15556830743459116,0.5333108311404325,False
ITFG3,-0.0015437118281108483,0.4854516198040188,0.04297784590831274,True
ITGA2,-0.002023640071724218,-0.12306692772466736,0.6936513473588211,False
ITGA2B,-0.0005997317151597068,-0.18179112084148905,0.4649655369194724,False
ITGA4,0.001120454156619991,0.5157126176088654,0.08114260895265793,False
ITGA5,0.0006805173720649438,-0.27809671435689004,0.28368033390560027,False
ITGAL,-0.004213621270794178,-0.12491438409197242,0.6727797895947709,False
ITGAM,-0.0010893642428893224,-0.37292541655373557,0.3000203624719055,False
ITGAX,-0.00021775043607192603,-0.392132736219558,0.2623967699510167,False
ITGB1,-0.0015703756449955703,-0.010973171290244011,0.9699389442635038,False
ITGB1BP1,0.0023147138848174055,-0.02680738883501219,0.7745388685901465,False
ITGB2,0.00036205093588476475,-0.20719071892808097,0.5277145106323807,False
ITGB3BP,-0.00014006207840127453,0.05628121837495755,0.7517458442337073,False
ITGB7,-0.004188728731790107,-0.10125283953539696,0.8621673418350644,False
ITK,-0.0017212406693022458,-0.2764691271306819,0.35895901305657757,False
ITLN1,-0.002630581237395705,0.15795257540845206,0.769482924094163,False
ITM2A,0.01795420075154677,0.25030917550802356,0.2221374579760592,False
ITM2B,-0.0017333396765782565,-0.02707664116109587,0.8565823634698264,False
ITM2C,0.0021258449230960154,-0.09109389801897064,0.8241648914439401,False
ITPA,0.0014185238253507028,0.07846046568515942,0.5381227339979606,False
ITPK1,-0.0007976183979392629,-0.909372463212025,0.05547532239079331,False
ITPRIP,-0.0035240352352767716,-0.18073619931675533,0.5651874734814522,False
IVD,0.0004559729866131898,0.25169622016198634,0.4549709653062999,False
IVNS1ABP,0.0007016661852469724,-0.41290345963863306,0.3239449759051221,False
IWS1,-0.0005818301675671289,0.3979142236977035,0.4508848734272862,False
JADE1,-0.002230065124196302,0.11199748490691373,0.7869884881886922,False
JADE2,0.0011186723135724226,0.06611075207697333,0.6147973239971862,False
JAGN1,0.004331893436277178,-0.16081211256185352,0.3046975670157302,False
JAK3,-0.0012658682614031728,0.3308468877038463,0.40249578755933624,False
JAM3,-0.001177352491344395,0.36661615283463483,0.15014994205518484,False
JARID2,-0.0014681116848977076,-0.030361841934643148,0.9347210358157737,False
JAZF1,-0.00318945186059547,0.10405856746102692,0.611883876793387,False
JCHAIN,0.0028233675079375868,-0.0421737510587518,0.879439565896294,False
JKAMP,-0.00015043557550982546,-0.01512036485585069,0.9205723849439835,False
JMJD1C,-0.0033426307788663938,-0.5332387796904189,0.15014108844015558,False
JMJD6,-0.00040372910524528137,-0.22208521944128112,0.37149346429315877,False
JOSD2,0.003437073697033191,0.13472453331494372,0.5248730202208713,False
JTB,0.0009515618889324014,0.1264103166837526,0.31390382434814257,False
JUNB,0.0005219280175338632,-0.3689372149684448,0.5790626271593371,False
JUP,0.0002780471005677028,0.510314246506067,0.13495171657159452,False
KANK1,-0.0024360149640174815,-0.2770301568227304,0.4228355622021601,False
KANK2,-0.0016369163383284208,0.03356241272958717,0.9182720584631112,False
KANSL1,-0.0005476715956116339,-0.40328733877124207,0.243800557308144,False
KANSL2,-0.005278662776290819,-0.12026689162690074,0.7222539873049116,False
KANSL3,-0.001886120577311974,0.08705411107229662,0.5530264969288239,False
KARS,-0.0003122998341841145,-0.02880795833421532,0.8359028529083287,False
KAT7,-0.0033266169901390425,0.05153650208820748,0.8706109037249525,False
KATNA1,-0.003932562780001257,0.13354960469980515,0.5354147337949047,False
KATNB1,-1.4091779177536576e-05,0.14231332808433994,0.7008940665000671,False
KATNBL1,-0.00743487301702439,-0.15696314312777815,0.6458803513236322,False
KBTBD2,-0.0014447418325965913,0.009512804466160145,0.9753083097909805,False
KBTBD3,0.00014818937102961826,0.2096079677099602,0.36575473832479444,False
KBTBD4,-0.0016749953317397588,0.43960370996422193,0.07838091296245304,False
KBTBD6,-0.0026312661390820247,0.22136717272620945,0.38584245013874574,False
KBTBD7,-0.003022740843552417,-0.380217284631836,0.3491535206969266,False
KCMF1,-0.0011806537870151976,-0.3449623554472627,0.1519501929674283,False
KCNAB2,0.00021874867432921215,-0.3415846005838603,0.12857180558974207,False
KCNE1,-0.0019134953707191998,-0.24162660752210932,0.2795498520321654,False
KCNE3,-0.0060083538348344075,-0.16801109019513982,0.735335825877014,False
KCNJ11,0.0005111883813898438,-0.049704771933714746,0.8515644163548604,False
KCNJ15,-0.004533579665172981,-0.1987497158699738,0.5570465969266283,False
KCNJ2,-0.0006892271458551981,0.3518359925763559,0.24614808526290122,False
KCNMB1,-0.0021409789232831574,0.14120262176007148,0.5768495566661039,False
KCTD10,0.0017542628791718585,-0.3262255726955373,0.24818052911550162,False
KCTD18,-0.0012897406658420917,-0.23777088583053738,0.42887281744025474,False
KCTD20,-0.0006380078324131551,-0.03211364234765465,0.9170695613294388,False
KCTD21,-0.001037415618444757,0.11001205898213949,0.723335689998965,False
KCTD6,-0.0016958771864263064,-0.2212500798904514,0.1356870697376195,False
KDELR1,0.0010301596171812138,-0.04796185253760557,0.7211936107641397,False
KDELR2,0.00023068389014821973,-0.12606692188815483,0.3013296344741532,False
KDF1,3.6612213274997016e-05,0.24898747008455238,0.20548719752302744,False
KDM2A,-0.0011873726836218975,-0.18800846788625641,0.46732646757056273,False
KDM4C,-0.004344983873790033,0.44579714277692073,0.0027423971563427293,True
KDM5C,-0.0033178683779890206,0.21014110742713332,0.5457918996629594,False
KDM6B,-0.0014552275665142068,-0.09946715569351999,0.7644837850722812,False
KDSR,-0.003173748249794286,0.04372877139966235,0.8702699269703673,False
KEAP1,-0.0003991679058038065,-0.35423233795425474,0.16628284836892124,False
KEL,-0.0003294592720296416,-0.09548564070509623,0.8009912347054978,False
KHK,0.00180908022208601,0.45962279488645424,0.04956016659448189,True
KIAA0020,0.000918912550847861,0.015205177996051342,0.9472075752080586,False
KIAA0040,-0.0018573465615888392,0.013786351487400102,0.9560180545161994,False
KIAA0101,-4.5847933230720366e-05,-0.3466952080386434,0.29281977651898033,False
KIAA0141,-0.00522501830602324,-0.2369838880958899,0.5342533808336426,False
KIAA0196,-0.0009254709742979044,-0.25412098464475963,0.5246175357400586,False
KIAA0226,-0.0002523960380385713,-0.39367736391582003,0.3028512743189157,False
KIAA0226L,-0.005827235432479393,-0.15511808044267797,0.31882130102836187,False
KIAA0232,-0.002884996803888643,-0.29768681453971363,0.12934699984059,False
KIAA0319L,-0.0016477939677622254,0.07255744432477423,0.8455376633889531,False
KIAA0355,-0.0003537154042668753,-0.029683670354024465,0.9153958888633087,False
KIAA0391,-0.003389798349598576,0.14229471440978575,0.4485100356206845,False
KIAA0430,0.00254996642265287,0.6928414973432035,0.061832029516605394,False
KIAA0513,-0.002933753395671146,0.10214794909014063,0.35438147192676767,False
KIAA0753,-0.0015676382058996115,-0.22867707599293682,0.5219307231801569,False
KIAA0825,-0.004124872983227542,0.2665386490914309,0.4327847766372841,False
KIAA0907,-0.0008544113838397677,-0.1882354261325736,0.5060058020382286,False
KIAA0922,-0.00280537227953553,-0.0352429252472162,0.9106357612504303,False
KIAA1143,-6.931626333077317e-05,-0.08301611613491364,0.716764319258078,False
KIAA1191,-0.0009111332588275978,0.34526809386030066,0.36107318023477425,False
KIAA1257,-0.0011178264349101185,0.19610008405574447,0.5836930863395251,False
KIAA1324,-0.0017634698041807569,-0.29049900415338414,0.15461075857650672,False
KIAA1429,-0.004250494049811154,-0.5336432670959429,0.011056110376157903,True
KIAA1456,-0.0043169369087604085,0.226149763713728,0.5510960409878982,False
KIAA1551,-0.00022669623364195263,0.06444282106244659,0.6781745573555876,False
KIAA1586,0.001340742017581629,-0.3614989718094046,0.07022002900554619,False
KIAA2018,-0.001453983731185394,-0.2177819533624169,0.34307980686297135,False
KIF22,-0.00036088553878388526,0.07268183531752569,0.7786082143139575,False
KIF27,0.0008323386552288466,0.036503603204575304,0.7361421006813325,False
KIF2A,-0.0009178144330135173,-0.1502782243382027,0.4447084410571567,False
KIF3A,-0.002966575308455981,-0.28953469926725073,0.2626224775879107,False
KIF5B,-0.002732206448817154,0.08864411880637174,0.6688884625859295,False
KIF9,-0.0006788115278694266,-0.03545245204022773,0.8978083013399842,False
KIN,0.0006681385848139123,0.13643586970517674,0.37296151792492543,False
KIR2DL1,0.0023246999176380267,-0.6935545709991603,0.06018528326874091,False
KIR2DL3,-0.006949469111093433,0.13896135326544395,0.34915262439101646,False
KIR2DL4,-0.004434098113719925,-0.5793560857161695,0.05790191319943621,False
KIR2DS4,-0.010770910088497267,-0.23425876128418466,0.2845550382773624,False
KIR3DL2,-0.0096313800490912,0.058374471375539194,0.8622497102064723,False
KIZ,-0.004226835249815127,-0.13490521829357835,0.7100916045111815,False
KLC4,-3.127964729458058e-05,0.0192589467679153,0.9572737050043403,False
KLF1,-0.0070015351418969115,-0.20135815514429817,0.44460241894129593,False
KLF10,0.00047082483811339374,0.0906181104859764,0.7552249802867308,False
KLF12,-0.0023954269662468867,0.16057742424375807,0.5891838472927361,False
KLF2,7.265167118306687e-05,-0.29473344637486426,0.6312735987913862,False
KLF3,-0.0008966824124706715,0.19118228448253768,0.5486615193544848,False
KLF6,0.001063977931546203,-0.13159070137133413,0.32123618939023085,False
KLF7,-0.004537542686944354,-0.13016774623067295,0.7272430151874414,False
KLHDC2,0.001685017609151226,0.058476310821802935,0.863896784021028,False
KLHDC3,0.0002925329520334394,-0.013483422357146231,0.9543248435766605,False
KLHDC4,0.00040105017072486905,-0.2220951255517523,0.3879076873172632,False
KLHDC8B,-0.00018801332214958064,-0.5869815542232593,0.027291967163219435,True
KLHL12,-0.00247605725016874,-0.003334834499252759,0.9921645248189115,False
KLHL18,-0.0013736635788218097,0.03757818240177323,0.8890731404804656,False
KLHL20,0.001708414044610477,0.1430191031884686,0.5787373144326122,False
KLHL24,-0.0010388593810766102,-0.20705885443599895,0.383799451044774,False
KLHL28,-0.0014769716240606197,0.3558080475378626,0.24256303529315232,False
KLHL6,-0.0021834322446319856,-0.08654096631397162,0.8005244155612329,False
KLHL7,-0.0013625738825755289,-0.07047002087917272,0.7098589343749766,False
KLHL8,-0.002034569883285552,0.1191436526935237,0.783209415729904,False
KLHL9,0.0042002089058617445,-0.1240629806013123,0.52705408701413,False
KLRB1,-0.00398056169655964,-0.312070638766216,0.028761537168894055,True
KLRC1,-0.00811281151059252,-0.593441968715047,0.004950305542024023,True
KLRC3,-0.010951574225960374,-0.13995297279330238,0.5654640402385691,False
KLRD1,0.011307195651118351,-0.41725243578293686,0.10333888081312201,False
KLRF1,0.001581282900299913,-0.4106948015065439,0.0824353786797721,False
KLRG1,-0.0013018535106720914,-0.24084085752622172,0.5765602176104472,False
KLRK1,0.00418158942410824,-0.43853857947304903,0.04860296967948697,True
KMO,-0.0012019591265713388,-0.3999081920236773,0.15448229207038072,False
KMT2E,0.0003202886538867134,-0.3171579415712047,0.00974430653529291,True
KNOP1,0.00013427318061162412,-0.3062087333297552,0.3809161966840183,False
KPNA1,-0.002616787957517232,-0.26063282749368494,0.5393798556432554,False
KPNA2,0.0019538009830331366,0.08370973626858902,0.8084903525250189,False
KPNA3,-0.0016688654202047725,-0.37385386650929536,0.1441494289527817,False
KPNA5,0.001283257353385349,0.27404432700275455,0.4285460783050331,False
KPNA6,-0.0014302765516384644,-0.3918081588067952,0.15895121017577962,False
KPNB1,0.0007277311966162434,-0.04338679068600346,0.9314436770554049,False
KRBA2,-0.0022641871048897665,0.13065603574400206,0.7367957759205099,False
KRBOX4,0.0029228528206085304,-0.09567026072731902,0.7180605071632578,False
KRCC1,-0.002504315989334477,-0.1299803154591071,0.5906250320653254,False
KRI1,0.002465140674600798,-0.32225853933290577,0.35173093724316323,False
KRIT1,-0.0021400800582531796,-0.32032295532075655,0.3147692907135658,False
KRR1,-0.0024288995739904875,-0.23660455156292282,0.20626807474547426,False
KRT18,0.0017746369018581387,-0.13162892665357567,0.6268739196360719,False
KRT23,-0.0049428732160231624,-0.2156975875494863,0.31287914916863024,False
KRT8,-0.001600445355567254,-0.5557145180815914,0.023013452592888037,True
KRTCAP2,-0.0007622444031820267,-0.18202996274483196,0.4493144385725586,False
KRTCAP3,-0.002273160789297859,0.20226212425567203,0.628077259040575,False
KTI12,-0.00038158530319602415,-0.047597255978881314,0.8014066466851013,False
KTN1,-0.004122081359238557,-0.3261775970728765,0.031819900020659556,True
KXD1,-0.0019786936429294507,0.001882717342578783,0.9959577638172247,False
KYNU,-0.007702724737271963,-0.24620356620151249,0.32196880668681593,False
L3HYPDH,-0.002724803749138982,-0.26911538659198314,0.3829593580431917,False
L3MBTL2,-0.0016926891423646466,-0.6184564412853946,0.061508426112003474,False
LACE1,-0.003529350608661265,0.2704883323552312,0.38447900064470986,False
LACTB,-0.0012065347685218408,-0.022946125442363744,0.9248708578787318,False
LACTB2,0.0010753853286285164,0.23205664794088987,0.22769352888875322,False
LAG3,0.0008670907514505195,-0.34853315519214273,0.3884501201809415,False
LAGE3,0.029117129789883126,0.3298874178317408,0.32921749595903915,False
LAIR1,-0.004053307772065384,-0.05343506980414128,0.7191554221212082,False
LAIR2,-0.0006341984318830472,-0.5842113617572895,0.06605256364717144,False
LAMP1,-0.00023795661744624777,0.22027333819828873,0.4623460402092474,False
LAMP2,-0.001243819463970018,-0.02551916803719598,0.9037789142090056,False
LAMTOR1,-0.0003606301086504265,0.2513649024425577,0.05843520542199176,False
LAMTOR2,0.002667948841866796,0.18790720894957552,0.07383607496333243,False
LAMTOR3,-0.0009056064493079491,-0.028837946787149644,0.8482272819676819,False
LAMTOR4,0.021779827577908663,-0.02630884383890317,0.8156950197587588,False
LANCL1,-0.0033858951246429456,-0.11591570139356294,0.6380744679848924,False
LAP3,0.0015592446691944648,-0.17208970361160256,0.561169819054942,False
LAPTM4A,-0.0009649250824326993,0.018253821923227925,0.921514263770525,False
LAPTM5,-0.0016460975208698995,-0.04748888129305801,0.553964971884524,False
LARP1B,-0.0012486269740835407,-0.16950949666824425,0.5421310773235455,False
LARP7,0.0006250076177118348,-0.023356770657010313,0.9035709332334063,False
LARS,-0.003030320906243234,-0.18368612824593947,0.5861615047825184,False
LAS1L,0.010538401528584325,0.25033812574691516,0.4424132114205045,False
LASP1,0.00013955546553012674,-0.6163657554849085,0.0501089227431637,False
LAT,0.002324515084047377,-0.062227891625447875,0.7474008386965012,False
LAT2,-0.002060436371000157,0.10933593185256235,0.5182990219413999,False
LAX1,-0.01035419618466612,0.02620594803212632,0.8963016296768127,False
LBH,-0.0003651703548101772,-0.40752579167692843,0.31198883150495804,False
LBHD1,0.0012826692500344243,0.38513619439302715,0.3963650813402725,False
LBR,-0.003037801487281433,0.02894879737395506,0.8761891185383132,False
LBX2,-0.002980175930759726,0.48008589148392844,0.2605012979325876,False
LCK,-0.0010807832351734457,-0.07415487339651555,0.6692196021312695,False
LCLAT1,-0.0028562084417825726,-0.5691091662789793,0.07717159792172162,False
LCMT1,-0.001623690971376321,0.06505136246952631,0.8154258659558632,False
LCN2,0.0031198588820786125,0.04540138267539895,0.8750168538010235,False
LCOR,-0.00026837236225811767,0.4657956844111888,0.1541835726981918,False
LCP1,-0.0006124538359684714,-0.36743170452336166,0.05724216659558662,False
LCP2,-0.0009082164925093802,0.05174634022393566,0.8662950220828797,False
LDAH,-0.005738677720107892,-0.18205005211242922,0.5374069455356099,False
LDHA,-0.0026641153421292293,0.005581743438746499,0.9619969071683657,False
LDHB,-0.0017520645548977749,0.013519367084930166,0.9204253736978951,False
LDLRAD3,-0.0007714051520751839,-0.7476314630483397,0.007649562586629536,True
LDOC1,0.03029229459306097,-0.022793995342198184,0.9473716756378268,False
LEF1,-0.002173226783363972,0.014778122127230977,0.9558157361714003,False
LENG1,0.00014356175863453803,-0.0009002343015912394,0.9965400480531359,False
LENG8,-0.0005978069857489971,-0.4848248205202744,0.3452943699627947,False
LEO1,0.003563585790331941,-0.10748135333088814,0.6274800322001037,False
LEPROTL1,-0.0008194488399803708,-0.026014977561752122,0.5459988439507595,False
LETM2,-0.00029641207540957504,-0.25756533707850704,0.3754751865048681,False
LETMD1,-0.0002747121240268288,0.11131121230409786,0.385763303322477,False
LGALS1,-0.005039395668226592,0.012317389185974371,0.9315172994094106,False
LGALS12,-0.0027801811430349195,0.4741613034695529,0.2024907442276655,False
LGALS2,-0.004446710170543743,-0.05397601749898584,0.6123060711438736,False
LGALS3,-0.0013994453396959118,0.21533468725094096,0.3650734744684487,False
LGALS3BP,-0.0006696105436896547,0.1440148047012045,0.7725997761876472,False
LGALS8,-0.004577153680928085,-0.1914493170707534,0.43274998205504733,False
LGALS9,-0.0009114435380702768,0.06616033728295657,0.8708174180967586,False
LGALS9B,-0.002600190560425278,-0.3894606855837283,0.06422059079575007,False
LGALS9C,-0.002490617015365193,-0.4853490377778711,0.2001754862230566,False
LGALSL,-0.0011655919927817625,0.08326403398993569,0.7623987182455862,False
LGMN,-0.0009419587148096916,-0.24987130676518976,0.11599486589584708,False
LHFPL2,-0.002322058191436602,-0.016622012416606588,0.950125867740857,False
LHPP,-0.0005953163719531712,-0.15969128616724626,0.5186881160852608,False
LIAS,0.00015221559377909518,-0.4797121408021836,0.08293795733328806,False
LIG1,0.0002457688724709183,-0.4389726560864943,0.22581945531813644,False
LIG3,-0.004520848515809249,-0.17230548705030932,0.4062786735758661,False
LILRA1,-0.0011380849546205021,0.1324319850451544,0.3424738887461649,False
LILRA2,-0.003775716764812482,0.04997368059715206,0.8396578391042243,False
LILRA3,0.0019464707834400605,-0.24088531938522323,0.4350958909784436,False
LILRA4,-0.0010964189857211766,0.02944638677993567,0.8901599320517122,False
LILRA5,-0.0028645979371113178,0.02072224473644704,0.9287285913818065,False
LILRB1,0.00022543648144173536,0.05382184309434828,0.8866185188881582,False
LILRB2,-0.005822678429254964,0.16197961515707526,0.6982714135391446,False
LILRB4,-0.004577441005425014,-0.1216173161838884,0.5666999687816119,False
LIM2,0.006298145194554716,0.2463528379936036,0.23873300525850358,False
LIMD2,-0.00044628968938690216,0.06716958774136057,0.40842603688962054,False
LIME1,4.542214133627056e-05,-0.21222541401431666,0.3543290751849536,False
LIMK2,-0.004028218497095574,0.4308969967114287,0.1578598089663895,False
LIMS1,-0.002663830501819052,-0.6863941689586217,0.06682256055394005,False
LIN37,0.00033791508817955946,0.13503701890075442,0.05425888703674764,False
LIN52,0.0004237405484894944,0.10069343348332084,0.7996994639767382,False
LIN7A,-0.00274811079088201,-0.2734268498078245,0.4080698996472817,False
LIN7B,-0.004119052644107206,0.02758778293661241,0.8825390917768634,False
LIN7C,9.630138013983703e-05,-0.17548609030211093,0.4531173584920465,False
LINC01272,-0.0017967692810435633,-0.09304988663550362,0.652073789703479,False
LINS,-0.0020169738565628276,0.1495179268321273,0.5860563504722633,False
LIPA,-0.00046932738558952885,-0.30502724287264177,0.11718739904265783,False
LIPH,0.000595810067305165,-0.0059475652701882365,0.9824230825813041,False
LIPT1,0.0003488393506078415,-0.1729747108584974,0.5821665826169863,False
LITAF,0.002611314577535204,-0.19726705527701752,0.4047540158052353,False
LLPH,0.00031114495573265086,-0.04738813301227967,0.6467786046681865,False
LMAN1,0.002065865116616379,-0.3469216294730113,0.2799508424020774,False
LMAN2,-0.001846892252171047,0.009019470303492483,0.9376215218060454,False
LMAN2L,0.00044208111906736663,0.3939795326756579,0.13726882369983065,False
LMBR1L,0.0012020543781315353,0.06094997276448487,0.8492365758734534,False
LMBRD1,-0.001768293844361915,0.09689169651447758,0.501878066345959,False
LMBRD2,-0.0016949325065459988,-0.09281922059869085,0.7415344250848694,False
LMCD1,0.00031220545092387606,-0.4113353136008312,0.1287428123628803,False
LMF1,0.0003348942933705556,0.020311942180796475,0.9419974495402785,False
LMF2,-3.0837529462459816e-06,-0.42904701357226316,0.3884114466505759,False
LMNA,-0.0007342173945097618,0.08328473429444751,0.6689380548367573,False
LMO4,-0.0027810583993261315,-0.2572998765747888,0.07961216618810683,False
LNPEP,-0.004122073353556998,0.48280634820779395,0.09740840251784222,False
LOC100287036,0.0009272043962047498,-0.33497985527631413,0.3057816353502615,False
LOC100289561,0.0031536206870150197,0.3194297776026407,0.339633368441837,False
LOC100505549,0.0015194963180077926,0.2182987088993858,0.15753889571319368,False
LOC100506127,-0.0009010298118842111,0.03510026589981282,0.9074597724118354,False
LOC101927572,0.0020570395225304326,0.17835239711784023,0.6413131379598332,False
LOC102724279,-0.008508037116405742,-0.24087388119422826,0.32319218863619315,False
LOC391322,-7.139276498919524e-05,-0.5551366554509815,0.07585147032598201,False
LOC400927-CSNK1E,-8.680611641097829e-05,0.06539959835638351,0.7829940505307522,False
LOC401052,-0.0005621171225066342,0.08989652549855531,0.8111132438223023,False
LOC643802,0.009609869186278175,-0.5193824171569852,0.07178772249057593,False
LOC730183,0.00048447984236965266,-0.6689184975243722,0.030228568460250196,True
LOH12CR1,-0.002679975505069819,-0.012422717930051341,0.9315829872263157,False
LONP2,-0.0021350281018116864,0.13999338695690222,0.7024644917543859,False
LPAR2,0.0011964037219421978,-0.710186786502608,0.02908487603882847,True
LPAR5,0.0006504616849445086,-0.25696735707874896,0.42057981520154464,False
LPAR6,-0.0022850959029148354,-0.46702760317593917,0.1272224591878363,False
LPCAT2,-0.0021439051966273374,0.10131791707598589,0.7233742301288975,False
LPCAT3,-0.0004448361941951303,0.014541154884839536,0.940347135967371,False
LPIN1,-0.0019221920572962442,-0.9427570365952859,0.01819638863625026,True
LPP,-0.002334293613547069,-0.1825058750691226,0.5110603170680861,False
LPPR2,-0.003294906633326417,-0.5772619785383405,0.26620744779798966,False
LPXN,-0.0015605199080714561,-0.06717482132888068,0.6187932650883023,False
LRBA,-0.003418392096178324,-0.28808043448028264,0.3883909164839956,False
LRCH3,-0.003919816763527206,0.2230556305824953,0.4249268938798847,False
LRG1,-0.005038717455515811,-0.5253136493179424,0.21311624864955023,False
LRIF1,-0.002559230798055545,-0.2467722694288107,0.38201946875684045,False
LRMP,0.0017504079547539617,-0.4488970767053677,0.14730422446267832,False
LRP10,-0.0018027164231725367,-0.46036297204329024,0.22743125260447353,False
LRP5L,-0.0007586719480853139,-0.5212890252334005,0.11456820168213785,False
LRPAP1,0.0003399258986938656,0.06556793158507308,0.6419140686730533,False
LRPPRC,0.00034146057631271893,0.23198138646231423,0.4016993312863677,False
LRR1,-0.006003424306972183,-0.05943615664515415,0.743578059695043,False
LRRC2,-0.0015785447676885842,-0.2432697969080917,0.4250318833064095,False
LRRC23,-0.0016675101723290914,0.48470645186376754,0.06838047341988872,False
LRRC25,-0.0008557533873536935,-0.24890759915993202,0.2512604246541084,False
LRRC27,-0.0034845488326530074,-0.12464679277705143,0.6491781101933207,False
LRRC28,-0.0016913114501814997,0.07895758850062398,0.5792117262086334,False
LRRC29,0.0005684775851845848,-0.5188074915973453,0.03766142619953225,True
LRRC4,-0.0011697911238294574,-0.6402137047957455,0.01889123520182784,True
LRRC40,-0.0013699016894470005,-0.24674361344730972,0.4358833489741454,False
LRRC42,0.0018723292825372734,-0.13641771605558167,0.5730778613547436,False
LRRC57,0.00011849552203979178,-0.4896497752833644,0.07994748580354083,False
LRRC59,0.00026373729770468843,0.022514600084194678,0.942288268994961,False
LRRC61,-0.001657749466720612,0.3831498850465707,0.20647157699023752,False
LRRC70,-0.00925754265757454,-0.505755265909133,0.09440739450105151,False
LRRC8A,-0.00034164195795993393,0.4191014150692695,0.027041254886013527,True
LRRFIP1,-0.0006485630932347463,-0.29828927663968735,0.2528435581835512,False
LRRFIP2,-0.0006628738156755956,-0.35431119962194624,0.1766390395706835,False
LRRIQ3,-0.0015127760085310177,0.3449216377467001,0.25760100526333385,False
LRRK2,0.00012609497198977398,-0.05736952293704954,0.874455146883651,False
LRSAM1,-0.0011046503048136953,0.2550070389949446,0.48307709642472074,False
LRTOMT,-0.0006520985318791017,0.07470186542723252,0.8003970040071784,False
LSG1,-0.0007077326643210992,0.14170583599482361,0.6611275419412044,False
LSM1,-0.0033883174800905646,-0.05675006418265473,0.5772440053491749,False
LSM10,0.0007747243362645251,0.04173347783727049,0.490737727240639,False
LSM12,-0.0029989997738190987,-0.060031602367630194,0.8466276791725207,False
LSM14A,0.0011378765672814808,-0.11240646434306642,0.7223705379107466,False
LSM2,-0.0015992837692708818,0.12186914171552773,0.03389400193061358,True
LSM3,0.00046265086509005607,-0.015434298213626678,0.8994549109867027,False
LSM4,-0.0027845059514817745,0.08169783663567126,0.6351759166650142,False
LSM5,0.001902068785269519,-0.06299690323330924,0.30695637306643586,False
LSM6,0.0018938713236460528,-0.04790254391626162,0.5315576956621517,False
LSM7,-0.0018427027780661817,0.1166152803577142,0.16195064428518557,False
LSM8,0.002568267142766257,-0.010865067436224804,0.8925502577394488,False
LSP1,0.0015945652288346587,-0.6726871809077966,0.21007782030908873,False
LST1,-0.0021959556821546885,0.04340938116864636,0.686840526098949,False
LTA,0.004172119615575507,0.24125811231143934,0.4077107116794486,False
LTA4H,-0.004337111627438611,0.17256536759396082,0.5096717167117363,False
LTB,-0.00028819158989364113,-0.0690204593879165,0.7202990374783385,False
LTB4R,0.0008090337989855599,-1.086934464929679,0.16201259718080074,False
LTBP1,-0.002322615755638565,0.26794083779654043,0.21946926183157306,False
LTBR,-0.008156983519684557,0.06061019855151652,0.8392234934181623,False
LTC4S,-0.0017909284275187604,0.350774044224577,0.27560421285333947,False
LTF,0.003677440784792538,0.03212885813002147,0.9368822895554115,False
LTV1,9.664979223726464e-05,-0.2107018070071524,0.3814028012283238,False
LUC7L,0.00010463251638719049,0.20753530617242155,0.3791701757252687,False
LUC7L2,-0.0025226965034074256,0.4819595780434269,0.17042919350250965,False
LUC7L3,-0.0010234228567390193,-0.559280387534488,0.0607354823493808,False
LUZP6,-0.0040965880184719175,0.15689891714167864,0.29475032392423806,False
LXN,-0.0017730942194626965,0.12547561926614936,0.3485037075182315,False
LY6E,0.002262162469626304,0.1816716313669138,0.5542257370389975,False
LY6G6F,0.0003808959675475883,-0.5725880100375326,0.011980026556071804,True
LY86,-0.0020825361924448156,0.1057274098970445,0.4270234623979975,False
LY9,0.0020622479526388837,-0.2147375010187044,0.25627753609668014,False
LY96,-0.0002880301590613077,-0.0533678817108895,0.821484021736189,False
LYAR,0.0032991229173619614,-0.2646973610047803,0.14020899382181595,False
LYL1,-0.0029717032836578732,-0.2951812685610665,0.5035198957046079,False
LYN,-0.003630477523730851,0.1496066967274121,0.6727812007146016,False
LYPD2,0.008606956526468592,-0.03264038297789234,0.8891646816293759,False
LYPLA1,-0.004567567535869732,-0.10058367484587707,0.5868066564124486,False
LYPLA2,-0.0008794331475228164,-0.1173767839151819,0.17738705435648291,False
LYPLAL1,-0.0022926926677704616,-0.11647320561477183,0.4658962306397474,False
LYRM1,-0.003275699317025688,-0.04318133458445386,0.8889548157588855,False
LYRM2,-0.0011927272434876582,-0.12440341027517511,0.47547033270736416,False
LYRM4,-0.002371500010312315,-0.09630848324338803,0.49394617977382627,False
LYRM5,0.00030862092282491697,-0.1400245962800565,0.4056253695581198,False
LYRM7,0.0016980668928224484,-0.16897790066749158,0.6233057199851213,False
LYRM9,-0.0032723622322137396,-0.04440859082099112,0.8806384541031387,False
LYSMD2,-0.0037830966060422,0.28598090741159243,0.3999029288517969,False
LYSMD3,6.384694799272193e-05,-0.014992665734745867,0.9513894607174801,False
LYSMD4,0.001540904120423711,0.05405698193660965,0.8327216426054642,False
LYST,-0.001994752026433084,0.056206119741382864,0.751538111010071,False
LYZ,-0.00304612113669012,0.07592885046969716,0.49835761769783393,False
LZIC,-0.001325951293734569,0.1959638728219171,0.4452277253933479,False
LZTFL1,0.002947744357921743,0.02998755475198621,0.8957622295769836,False
M6PR,-0.0008165584531704378,-0.12171720646663292,0.18363146863122015,False
MAD1L1,-0.0009708953470553386,0.019219972007060025,0.842686263642449,False
MAD2L1,-0.0009991622573926435,0.17215792199037275,0.35748439285376366,False
MAD2L1BP,-0.0009638121914162602,0.2780331515923883,0.1354016915416984,False
MAD2L2,-0.0012806761627510016,0.0826348263167534,0.529056699754904,False
MADD,-0.00024110699691361168,-0.003692338169087305,0.992674310359777,False
MAEA,-0.0011813770141403382,-0.371532085878427,0.023778768093984912,True
MAF1,0.0014616513795643802,-0.034830913458815345,0.9227660518772083,False
MAFB,-0.0021294330261432243,-0.13763795633900866,0.6295656161281701,False
MAGED1,0.005019173177867113,0.7161903048612616,0.042315390002131144,True
MAGED2,0.0157132216475702,-0.13590266174675822,0.3879815192388316,False
MAGEH1,0.024898700420937364,-0.3755702482050627,0.018462130269596293,True
MAGOH,0.002803665350394737,-0.05356512444480721,0.445927069961372,False
MAGOHB,0.0013742613674840255,0.17512926678680935,0.47210984299579295,False
MAK16,0.00015616589478509546,-0.23769547169007355,0.21868365305226592,False
MAL,-0.0033210361097552278,0.008719866859041976,0.9503576925709764,False
MALSU1,-0.004933218034675502,-0.11676347443089795,0.48318765505122685,False
MAML3,-0.0013164773374302698,0.08668799673059714,0.7659534730923493,False
MAN1B1,0.001983143060520919,-0.07961082470176255,0.8472599265906651,False
MAN2B1,-0.0026643382615683204,-0.6606250606638372,0.12634423300960868,False
MAN2B2,0.0007035837162782356,0.3731745617175477,0.4540960600382129,False
MAN2C1,-0.0003727694129918782,-0.15324151239747127,0.6982082725969077,False
MANBA,-0.0019104521205668891,0.0358342493416024,0.7924103992110786,False
MANBAL,-0.0010352952113274296,-0.47653172014670464,0.16772893908683897,False
MANF,-0.0011511987508665614,-0.05116487344926312,0.8632789661796326,False
MANSC1,-0.005178180145148316,-0.1896179336371707,0.3036671529105895,False
MAP1A,-0.0036795506225417995,-0.22779373396382477,0.3618676495603185,False
MAP1LC3A,-8.215580348166952e-05,-0.12809087711666203,0.644464827639708,False
MAP1LC3B,-0.0004852430665934215,0.035397438930502984,0.7668995595287531,False
MAP1S,-0.0020099633111306313,-0.20587846816724834,0.5945805102714292,False
MAP2K2,-0.00010748499781990875,0.19317721679764585,0.6434293415529491,False
MAP2K3,0.0011498876137975749,-0.13959323004195243,0.5408847736708848,False
MAP2K5,-0.0020547808207506827,-0.42215679109781246,0.10356755396480333,False
MAP2K6,-0.002474224331158238,-0.17034265843493346,0.5942933022788939,False
MAP3K11,-2.2757187812924354e-05,0.6419559283568526,0.0529026846729191,False
MAP3K13,-0.0024014559678683482,-0.02767226201175414,0.8490387644193593,False
MAP3K14,-0.0016071153169782755,-0.29134885257860765,0.5624157903211984,False
MAP3K3,0.0004284159477786403,-0.17398765833462504,0.64929183815202,False
MAP3K7,0.00044266800647574286,0.36940455619018314,0.3068494461664877,False
MAP3K7CL,-0.00508085024784472,-0.1531794744238394,0.46115006792355506,False
MAP3K8,-0.0001953121159976401,-0.591032462324508,0.10458523842258728,False
MAP4,-0.0005030017693061643,0.1914067234803806,0.6459658389378016,False
MAP4K1,-0.0006158590147965192,-0.18114705424544628,0.630597805172877,False
MAP4K2,-0.0024980167650127012,0.3480900963819395,0.12813351844743107,False
MAP7D1,-0.00019347047735442658,-0.7769094941118287,0.0008790958699470058,True
MAP7D3,0.004384152666757531,-0.26182819542495406,0.5022786731803948,False
MAPK13,-0.003470720879893876,-0.5651061453848905,0.01377478723375104,True
MAPK14,-0.001020602960369635,-0.06825445583602775,0.8267283185636332,False
MAPK1IP1L,0.00035860851569398156,-0.022103011855747628,0.8909129136607655,False
MAPK6,-0.000990019992703669,0.00919070536374764,0.9786593364073773,False
MAPK7,0.0006551004407519445,-0.5947751941044832,0.037921566987091725,True
MAPKAPK3,0.0003385644940579905,-0.16914594127221666,0.44488601200096034,False
MAPRE1,-0.0014507541893170946,0.000127590368114087,0.9988703824429371,False
MAPRE2,-0.0012627971142489757,-0.1419430142564141,0.5031381794473877,False
MARCKS,0.001927922743929069,-0.4559967708819197,0.09086864941521369,False
MARCKSL1,-0.00036261367000842794,-0.5299491078158716,0.08138422049418674,False
MARK2,-0.0013499002554245385,-0.164424744204913,0.6580021394482896,False
MARK3,-0.0018062343459724708,-0.6467862461964319,0.010581457951899636,True
MARS,0.0005201015898106857,-0.33018552337599405,0.21452868510949274,False
MAST3,0.0013179170954426057,-0.09451052632899819,0.7611073139390198,False
MAST4,-0.003214846873262761,-0.09154984657324514,0.6623361770617403,False
MAT2A,-0.000987748803129794,-0.20154824211151348,0.36213753982752434,False
MAT2B,-0.0006813211959853022,-0.03276312115509978,0.8306229851715928,False
MATR3,-0.001601537705939688,-0.30533087167599365,0.09010450293202595,False
MAVS,0.0006529128326815988,0.06153302422326427,0.8458493332778726,False
MAX,-0.0017869936621185847,-0.23131585783431763,0.13150667570175148,False
MAZ,0.0012743518301498368,-0.10677005272856212,0.7807999693363654,False
MBD4,-0.0021115837552509124,-0.14135571535323058,0.4589611837087092,False
MBD5,-0.0017892230957487652,-0.09233366005474572,0.5644329988441091,False
MBD6,-0.0021711712681105337,-0.10852907929587584,0.7455835273045596,False
MBIP,-0.004571124945003841,0.13427782698740623,0.5034937891499149,False
MBNL1,-0.0031396756153420826,0.033495212555226285,0.8678699712971342,False
MBNL2,-0.002706829991094613,0.12034772464677225,0.6697730705232348,False
MBNL3,-0.0044016068311998864,-0.47654329044918714,0.16527577471358187,False
MBOAT2,-0.002048694894521235,-0.009697172286281888,0.9787417059435175,False
MBOAT7,-0.0025152614126294245,-0.25909827768586896,0.3397408201240238,False
MBP,0.0003514680660762547,-0.0815848932465094,0.6781196706955656,False
MBTPS1,-0.0005086798842759317,-0.05282642370331584,0.8452705661757645,False
MCCC1,-0.00116676463492118,-0.23112165854031305,0.48806887249570696,False
MCCC2,0.002673612884815384,-0.17950434826273923,0.46835891658736184,False
MCEE,-0.0011621465453673647,-0.41605999354933565,0.005636441469418073,True
MCEMP1,-0.006808607484555247,-0.06883375729071098,0.8352189022863123,False
MCFD2,0.0006794869372195578,-0.027228716202840817,0.9005406420950564,False
MCL1,0.00023865815002927152,-0.056873451621659625,0.7199506657858927,False
MCM4,-0.0008082601494009578,0.15398151440666238,0.6376930457045429,False
MCM5,0.0007797770997130651,-0.15320986875503947,0.680312663088425,False
MCM6,-0.001948056477853364,0.15981155120908577,0.5779279516894147,False
MCM7,0.0008214091650873902,0.01855370645235599,0.9678510566671403,False
MCMBP,-0.003425587808553128,0.11882196624988921,0.6264641742487372,False
MCOLN2,-0.002029505766315772,-0.8204534894509758,0.003588936090174626,True
MCPH1,-0.0050995873776631855,0.10732818539977845,0.7753738962740616,False
MCRS1,0.00018993848552722973,-0.04495085930397548,0.7162407359565646,False
MCTP1,-0.0024617486396432435,-0.15820079006012155,0.6183947490503944,False
MCTS1,0.01929087220586395,-0.05935199918923701,0.5541436938178402,False
MDC1,-0.001209507789763194,-0.5481973076343053,0.05333086911688724,False
MDH1,0.0016832809460465288,0.05037862448967613,0.5328041845505894,False
MDH2,-6.606670108200987e-05,0.11046993292603198,0.008096060889501416,True
MDK,0.002689352992263825,0.05620949170668567,0.8565319369172534,False
MDM1,-0.0005769141766938555,-0.17802388819764256,0.5511394783774981,False
MDM2,-0.0037677916362827604,-0.4355793803548277,0.3840195265881482,False
MDM4,-0.0016500970261087823,-0.4006299943580656,0.18435348236625368,False
MDP1,-0.0012007297775970581,-0.014839770706390927,0.9004738716407212,False
MEA1,0.0013749302323658886,-0.06690103227206833,0.3424436242561426,False
MEAF6,-0.0002303517793684679,0.0851705065705943,0.3879601572745074,False
MECOM,-0.0015609029996634283,0.2089395678128806,0.6655104082969553,False
MECP2,0.005300509503710634,0.6229702030690734,0.07220316677895709,False
MECR,-0.0027646423436690536,-0.04600322705282145,0.8546110751052026,False
MED10,0.0004898128925410918,-0.032287154424781486,0.6795104874100653,False
MED11,0.0008177319154303755,-0.017358958275752536,0.9026058503231469,False
MED15,0.0035184364123166407,-0.27681554928356294,0.623402832417742,False
MED16,-0.0016767212172140733,-0.42562086189935167,0.4655137764444499,False
MED18,0.001506344423067584,0.03693567883693779,0.8515285352133258,False
MED19,0.0013639287500739007,0.23888418527086352,0.2285537862203838,False
MED20,-0.0005614569760688438,0.4129099101413541,0.27480295076743483,False
MED21,-0.0008216542112410054,-0.009832754619066138,0.9693486055830915,False
MED24,-0.0017640281108451182,0.010170377451046573,0.9668425526036114,False
MED25,-0.003830053701472307,0.7163926906440384,0.01677894990439472,True
MED27,-0.0013732249898588075,-0.0332172377765692,0.9267267712302125,False
MED28,0.0006680953174492166,0.10384499746612648,0.16289210742027105,False
MED30,-0.00022853851422416317,0.12972997658081611,0.2581815882871867,False
MED31,-0.0016325583272767373,0.21131950944749434,0.12702120818950358,False
MED4,-0.0009917942569069407,0.06032799783536956,0.7292595210729911,False
MED6,0.0014447349213620993,0.19017218506758438,0.25972072574647953,False
MED7,0.0015717429210903673,-0.016098444165344943,0.9269108649429995,False
MED8,0.0019021235567467465,-0.007977345832085585,0.9477130254864582,False
MED9,1.5781509197018765e-05,0.12241203469936567,0.7429023736933189,False
MEF2A,-0.001584081673802941,-0.8415973862193168,0.0085476643035844,True
MEF2BNB-MEF2B,0.0012067847203321674,0.22785242978702408,0.6349832609278661,False
MEF2C,-0.0029908326401209945,-0.3461108021739665,0.3102726214808286,False
MEFV,-0.002176929707980291,-0.25096480887167827,0.48132214775683646,False
MEMO1,-0.0028918137140692573,-0.09567593633329599,0.6837202972302394,False
MEN1,-0.0005536787510735395,-0.6659914032077492,0.18672375723670995,False
MEPCE,0.0003562031159208691,-0.14892852218954733,0.4643339014799813,False
MESDC2,-0.00206734880676583,0.018444533234191103,0.8750685928495883,False
MEST,-0.00249113553101134,-0.12818969993488574,0.5487237628191899,False
METAP1,-0.001817177619377046,0.31863991383777335,0.2638259658409579,False
METAP1D,-0.0010389270927316147,0.11189799639401293,0.5637884176093401,False
METAP2,-0.0006857346030210835,-0.310438623284173,0.08441929474067121,False
METTL1,-0.0002912978481230308,0.11294204735563691,0.538534903723427,False
METTL10,-0.0022480413259973677,-0.10167332652437396,0.6299170906944777,False
METTL12,0.00046229151777667986,-0.3610920213157745,0.13731208267580253,False
METTL13,-0.0007637142602346808,-0.5306349018349676,0.08579526988593054,False
METTL14,0.0018234615144475715,0.34475738295378616,0.2222725345978842,False
METTL15,-0.0026017213246981724,-0.1136782826228838,0.6648402626032761,False
METTL16,-0.006289241272318917,-0.24817575678335574,0.39833925179707474,False
METTL17,-0.003846795298458926,-0.05248327840526014,0.7996732709569954,False
METTL18,-0.0006576169235547561,-0.013212474784891256,0.9756700992635432,False
METTL20,-0.0031343200051184537,-0.7600013874482259,0.015053200659912943,True
METTL21A,-0.0015996772024494225,-0.015991416659546658,0.9537753697601385,False
METTL22,-0.0034528549527225705,-0.19312213026527358,0.5652089882093665,False
METTL23,0.0010237170225964889,-0.15336199670667863,0.17728198917938257,False
METTL25,-0.0011733517604845247,-0.1411484162710296,0.47202686158045837,False
METTL2A,-0.00045073623193555006,-0.11762812697476223,0.6587340477202608,False
METTL2B,0.00019750087173518857,0.19106518327925828,0.6069112182024868,False
METTL3,-0.0015016042624742586,-0.21578142128440841,0.3692772754795887,False
METTL4,-0.0011520177463771382,-0.2883532079379982,0.027447332899683517,True
METTL5,-0.0001872645754749098,0.0924672592262974,0.6292942284162065,False
METTL6,-0.00025720976650512055,-0.0882328008287045,0.7442316757521572,False
METTL7A,-0.0033542827031077978,0.3008622628615516,0.3067101708069327,False
METTL9,-0.0014536828577731262,0.08808530797046835,0.7939751923333633,False
MFAP1,-0.003097123700832073,-0.06314538925278655,0.7421665554095336,False
MFAP3,-0.00026782171717982346,-0.10670330756237975,0.8044173557146714,False
MFAP3L,-0.0019087373916661812,0.0075514190580294495,0.9765388902277385,False
MFF,-0.0016091048249846315,2.380313456779643e-05,0.9997912550553887,False
MFN1,-0.002585486272094164,-0.11411950187717831,0.7321874104272686,False
MFN2,-0.0004219533198631568,0.08119055817088466,0.7929294101263535,False
MFNG,-0.0024261180311372253,-0.13491564589556995,0.3600264249662301,False
MFSD1,-0.003976314905890233,0.1828797953573009,0.3431824274638149,False
MFSD10,0.00011597367013448581,-0.18152306560863293,0.32664311752503705,False
MFSD11,0.00046533445251104787,-0.0109843328936,0.9515235875648999,False
MFSD2A,-0.0011185517565235413,0.18557725144237225,0.43257659749573474,False
MFSD2B,-0.003334981140668701,0.23406370473111357,0.2696774134017456,False
MFSD3,-0.0014710774567580946,0.061570317937521754,0.757951650459096,False
MFSD8,0.00124027190023817,-0.088766453858021,0.7898005110373488,False
MGAT1,0.0009641342785505334,-0.2339075966573279,0.4381587169785194,False
MGAT4A,-0.0005594971159175321,-0.23697653921505457,0.24360462988331721,False
MGLL,-0.0020589012619755477,-0.3112191225826739,0.24063547334427277,False
MGME1,-0.006030145382812492,0.18908778182510766,0.37343351149541726,False
MGMT,-0.001366592298749638,-0.055922705620906,0.6080968380210328,False
MGRN1,-6.907052236573041e-05,0.20676128298729882,0.5698097582555642,False
MGST1,0.00035472977437537407,0.05056853618771642,0.7614200872525286,False
MGST2,-0.0005964249224786806,0.10172722303508946,0.5216911408506817,False
MGST3,-0.001382501941834004,0.15961517596237831,0.022221804917801808,True
MIA3,-0.003003096204130452,0.1092297805518231,0.45927949819812075,False
MICA,-0.0008389472256037354,-0.2478350400755694,0.24030964823195824,False
MICAL1,0.0009512349302773268,-0.1937997347134288,0.6350339568790669,False
MICAL2,-0.0040171577553070005,0.005853244157485239,0.9899945892955306,False
MICALL2,-0.00018296685572583187,0.4109696337388022,0.2596668813368799,False
MICB,0.0017675762364349732,0.25010639813996316,0.566986884326115,False
MICU1,-0.005062896294815958,0.03799508730835807,0.8866572332184779,False
MID1IP1,0.023687663128231333,0.6219369460528772,0.05132684936501788,False
MIEN1,0.0006571427582010521,-0.0015036049066611391,0.9857961386410365,False
MIER1,-0.00041693994950426223,0.26884559683189263,0.35232544144703776,False
MIER2,0.0007086140793187564,-0.21762313851539963,0.6152008876617551,False
MIF,0.0012728957235195863,0.030382401380888484,0.551717829432977,False
MIF4GD,-0.0014767907929054086,-0.08398115186574431,0.37121118352595495,False
MIIP,0.0029437434141870427,0.01174974276332256,0.9464908854767602,False
MINA,-0.0009962220338209718,-0.2506502094078557,0.4797728799882067,False
MINPP1,0.0008244710221617614,0.04586669278712188,0.8566720383053463,False
MIOS,-0.001162860018216029,-0.20993460714819345,0.3316939376705665,False
MIS12,-0.0006581348329477367,0.137064730372511,0.557605218765395,False
MIS18A,-0.0013657584350097788,-0.15426375700830938,0.36595435778093616,False
MIS18BP1,-0.0006557618490174438,0.5496034486521825,0.1693433731559377,False
MITD1,-0.00024568107403129263,0.08368124506096633,0.5292833330246984,False
MITF,-0.0017423845750110952,-0.13435718069889738,0.5492897818862511,False
MKKS,0.00042631033383994235,0.03962132837744795,0.6623167978459306,False
MKL1,-0.0026061562517289937,0.2398548163052928,0.39584642414226145,False
MKLN1,-0.004168632568099141,0.23460219178989236,0.279047169650988,False
MKNK1,-0.00487614266263843,-0.1815364192901917,0.301007084832795,False
MKRN1,0.0014325766697979281,-0.07969617182975997,0.7765957307857978,False
MKRN2,4.840850653566828e-05,0.09136888251335377,0.6817833900071975,False
MKS1,-0.003359441027133427,-0.2581515126711258,0.49615069097918774,False
MLC1,-0.002291212432498333,0.39513491439947956,0.17339208852188426,False
MLF2,0.0012094946805188316,-0.14210629918714782,0.3631259092786918,False
MLH1,-0.0010546681781370283,0.22447777200899732,0.3429795279278529,False
MLH3,-0.002396751828659679,-0.10775018153508206,0.6472006747632629,False
MLKL,-0.005254811482290133,0.18226390466024492,0.5430210306405127,False
MLLT11,-0.001100414397070006,-0.21030975651241512,0.36910954476976704,False
MLLT3,-0.002683452434450863,-0.5124308475378556,0.12193255510488352,False
MLST8,0.0003622820435446256,0.29593496494336125,0.22525421029380824,False
MLX,0.0016421121963193879,0.13914381885693533,0.1289765710306316,False
MMAA,-0.0014594981386123007,-0.2761083253505922,0.21821633960451145,False
MMAB,0.0015034357090214733,0.3726258994099271,0.10958432981385804,False
MMACHC,-0.00040155381145726366,-0.28535188159015357,0.35980061737125507,False
MMADHC,-0.0020972107224605514,-0.08643358982390659,0.46732397284252236,False
MMD,-0.0002623439291552259,-0.48367929085642064,0.17697034155765304,False
MME,0.00026892274822171055,-0.3760553447600539,0.14802169847742272,False
MMGT1,0.010038710014943438,0.08501574444050328,0.6020615960676163,False
MMP25,3.3558695339007794e-05,-0.059606553952065884,0.8881314753725735,False
MMP9,-0.000782059756856278,-0.2983306734909378,0.4632413819304556,False
MMS19,0.0006491639700119559,-0.25374406656372683,0.2876641466776236,False
MNAT1,-0.001831634046267469,-0.36679094525578354,0.04062115140798054,True
MNDA,-0.01570826110217488,-0.108954271158949,0.4690862786451504,False
MOAP1,-0.0025249476894154627,-0.22485820787906075,0.5781915400909232,False
MOB1A,-0.006033457386888925,0.11046044923397898,0.43850487401703764,False
MOB1B,-0.007629647360271649,-0.03183020468758066,0.8747071622297653,False
MOB3A,-0.0036396644835171477,0.13158450405068528,0.4334603169789404,False
MOB3C,0.004667823148061892,0.20404236611185644,0.5683719022063771,False
MOB4,-0.0012019444250785784,-0.15627700253075893,0.24369366610497703,False
MOCS2,-0.0008548261734270299,0.21623897292122823,0.1749678254895198,False
MOCS3,-1.8447290298984875e-05,-0.4198334209972776,0.08426625319368114,False
MOK,-0.001045627187338712,-0.12378394561802342,0.6643353612675428,False
MON1B,0.0018257005968085728,-0.09170543036912981,0.7693127778333799,False
MON2,-0.00228127072594663,0.05050198261176321,0.8212305882257865,False
MORC3,0.00018952853574104,-0.08422799934700453,0.587376356895889,False
MORF4L1,-0.0030010930237648952,-0.21759072982313793,0.014434933882734344,True
MORF4L2,0.011891433015692104,-0.31895828772404533,0.10663399400342419,False
MORN2,0.001690023386692734,-0.02264295458464558,0.9153163399937423,False
MORN4,-3.724376270081813e-05,0.020234229426249774,0.9396205749632898,False
MOSPD1,0.012698835347200961,-0.22694367789773282,0.29161159784658786,False
MOSPD2,0.02334729187870052,-0.0346692554543638,0.8913368698711812,False
MOSPD3,0.0012708872850778145,-0.11262919214675435,0.6041276112918434,False
MOV10,0.001547048808858672,0.14736978244739019,0.6839626814367178,False
MPC1,-0.000965254953632887,-0.001370054480078073,0.9886813116837458,False
MPC2,0.00012860557009256618,-0.13043616276840964,0.5620036578758396,False
MPDU1,0.0027182729462941957,0.3013687119813834,0.12085608204654905,False
MPEG1,-0.014932003624166981,-0.04054711065981095,0.9230866326298963,False
MPG,-0.0027195048231542463,-0.07553116942732431,0.5225032019110638,False
MPHOSPH10,0.0007452712233858861,-0.42551539806120176,0.16260957690334804,False
MPHOSPH6,-0.0013890007043884862,0.21364359486563222,0.39268948634105916,False
MPHOSPH8,-0.0012226344717847773,-0.25042879508146515,0.2819561702855608,False
MPHOSPH9,-5.9755310065805665e-05,-0.332756373775416,0.21544037839951843,False
MPI,-0.0002278236007563162,-0.2704002375528329,0.3991913066648525,False
MPLKIP,0.004546567646037757,0.014686878865798163,0.9578010512020148,False
MPP1,0.013188895197918384,0.06880476521260033,0.738367047583535,False
MPPE1,-0.0025808259012032155,-0.2563632381481768,0.06879289798522148,False
MPST,-0.0007234890754266325,-0.2759390666072258,0.237221937110775,False
MPV17,-0.0009645773883685981,-0.09741445015210903,0.25247464211661486,False
MPV17L2,0.00061320890936602,0.40382920746692635,0.25050398592141754,False
MPZL1,-0.0026070141521218424,-0.07181934204547814,0.808050577271894,False
MPZL2,-0.002783783772978706,-0.15602119266510467,0.5626724419145687,False
MPZL3,-0.0004895754693921446,-0.17836367619288782,0.618170850280954,False
MR1,-0.0009456392578012898,-0.26725282451496646,0.22330228489427184,False
MRE11A,-0.001408396285403148,-0.4228706051932931,0.034006438757436794,True
MRFAP1,0.0007019121752872585,-0.23304618109485276,0.15546003215390145,False
MRFAP1L1,0.0004686876487789995,-0.15855743890575852,0.017880255936240576,True
MROH1,-0.00036467716543937145,-0.1485115381389376,0.6845523286535582,False
MRPL1,0.0006939587322913285,-0.34216814433405074,0.12090858447870807,False
MRPL10,-0.0019457607079690035,-0.019481248656093006,0.8868080074300484,False
MRPL11,0.0019876125616321394,0.12378117082861194,0.4779903455915169,False
MRPL12,0.0004870233675417675,-0.04077342037050603,0.8760808078319612,False
MRPL13,-0.0014597696175203216,0.09940542183664697,0.5563907908911894,False
MRPL14,-0.00057774595166389,0.09831134201906987,0.23023290433732843,False
MRPL15,-0.006983565668789487,-0.2646184320454802,0.32993232924800486,False
MRPL16,-0.0037013944500604856,0.04447454365452863,0.6743675404131417,False
MRPL17,-0.0011763372847557949,0.140289332004272,0.30190242846085685,False
MRPL18,0.003880907639267777,0.02437879778844297,0.8273964214018018,False
MRPL19,-0.0017740386329760808,0.20082718163891056,0.060469719186732246,False
MRPL2,0.0004977559467001557,0.1331202572268722,0.17124045479032168,False
MRPL20,-0.0006707924412053578,0.07680647248184375,0.28118729358481553,False
MRPL21,-0.0014029879055230691,-0.043027086493418035,0.7637036926975893,False
MRPL22,0.000331773103161131,0.004681760270753819,0.9595114034570738,False
MRPL23,-0.0014120108719101845,-0.019419568993376393,0.9473957634306722,False
MRPL24,-0.002264025269485136,-0.023571704101794703,0.9195974248348442,False
MRPL27,0.0018890866329604162,0.143922982212069,0.20968743424916547,False
MRPL28,-0.0015335941680218593,-0.044474991548298114,0.6728298825621661,False
MRPL3,-0.003807197731874956,-0.11502376263343933,0.4860305069050972,False
MRPL30,-0.0004999933614440538,-0.26672246934285526,0.2633159280995386,False
MRPL32,0.0005618909463097907,-0.14691942140619302,0.22071732511772066,False
MRPL33,-0.0021358287889370435,-0.02159443965703684,0.8471559919794247,False
MRPL34,-0.0014191076669459895,0.13586745125402386,0.19810841780800545,False
MRPL35,0.0013860511267121815,-0.2848256985455587,0.11611868691092626,False
MRPL36,-0.0002551715767161626,-0.014047497427095311,0.9270137466168966,False
MRPL37,-0.0003195833982652133,0.05358667477128974,0.5093628797416114,False
MRPL38,-0.0007081226885843134,-0.04205691967637727,0.8275648258603076,False
MRPL39,0.0016946168113552652,0.03485187000155124,0.8464336808472406,False
MRPL4,-0.0019545363438901245,0.1965709353194033,0.38569641748403394,False
MRPL40,0.0003959794514665077,0.09311572322550671,0.3645041336793288,False
MRPL41,3.352454203623832e-05,-0.004115681934552868,0.9820991067043268,False
MRPL42,-0.002257708090034945,0.09875380561721439,0.6439203362640659,False
MRPL43,0.0013066392849787902,0.039637173231015725,0.2859106718534623,False
MRPL44,-0.0015909435039654965,0.12103679589011573,0.06202119270344809,False
MRPL45,-0.003597620314284183,0.07640558339761568,0.7533045799889297,False
MRPL46,5.3014912555608605e-05,-0.2973201732431805,0.15150231865872707,False
MRPL47,0.0009700852573486386,0.09906957576730038,0.4820194267116762,False
MRPL48,-0.0030437783655532153,-0.016435061619010267,0.9193958562413385,False
MRPL49,-0.00017158702351644181,-0.2537656514704666,0.2875258687555244,False
MRPL50,-0.0007468648346179262,-0.1294449395469438,0.3311795370492824,False
MRPL51,-0.0004778800834446743,-0.01567601073991525,0.8436980428304206,False
MRPL52,-0.0009320515490024523,-0.0434656012807006,0.5102822651957188,False
MRPL53,-3.8123859688923e-05,0.08429479012439413,0.1970345978940072,False
MRPL54,-0.00057273153055587,0.13424080192558385,0.25622928401608464,False
MRPL55,-1.010067059321427e-06,-0.18081327064706906,0.2028325890546722,False
MRPL57,-0.0026221889980516336,0.05579025576695942,0.28680492004222463,False
MRPL9,-0.0004738432934563475,0.11059614034122214,0.23623116469123198,False
MRPS10,-0.000983865648314006,-0.12250163483726133,0.44043461925887295,False
MRPS11,-0.0005286786408205174,0.11259469799760129,0.11517862550137058,False
MRPS12,-0.0012593956797814366,0.026751628795363993,0.6900700594263357,False
MRPS14,-0.0017006925935090515,0.011311647921009853,0.9115007971619219,False
MRPS15,-0.0032301200050440324,-0.14919644097510965,0.256923577724121,False
MRPS16,0.0014141025926742144,0.13432301036093688,0.008158833118466274,True
MRPS17,-0.0004746718189482548,-0.07479794324814909,0.7334552039653048,False
MRPS18A,-0.004539414990259715,0.21010658360552922,0.3345780323719284,False
MRPS18B,-0.0005413887101731438,-0.017941118647017775,0.933731089565123,False
MRPS18C,0.0008396616344825406,0.16007126032372426,0.1997227744964096,False
MRPS2,0.0020845742902980266,0.05215665282199852,0.7074319676169764,False
MRPS21,0.0004613016723754665,0.04447593535820084,0.43217785268045905,False
MRPS22,0.0027521403731548804,-0.13365066088870256,0.008350903674554579,True
MRPS23,0.0007294793279195252,0.08830190713148983,0.45601719562363596,False
MRPS24,-7.057489180708603e-05,0.10445591074962153,0.09015192224997431,False
MRPS25,0.0004005277983096439,-0.19870206040456642,0.2631838708722109,False
MRPS26,-0.0007259429300749473,0.30687049437079184,0.5424507570654242,False
MRPS27,-0.001186941610059052,0.20480341736501767,0.3103701235009438,False
MRPS28,-0.003436413428736096,-0.02025664763328895,0.8958086057105236,False
MRPS30,0.00011141097721529636,0.6022125422816413,0.08407506617954708,False
MRPS31,-0.001132152958902329,-0.020813771884140724,0.9269393056816869,False
MRPS33,-0.0007313511596153807,0.004829128299053181,0.9807147361210705,False
MRPS34,-0.0014366649684073027,0.08049713452021538,0.4441204912469585,False
MRPS35,-0.00012272797814845738,0.008647951564470771,0.9487142233507235,False
MRPS36,-0.00260413185060962,-0.08226287011317861,0.24400361536313644,False
MRPS5,0.001091750306802491,-0.05878546627619555,0.42370225619826807,False
MRPS7,-0.002029425730215347,-0.25598627690671905,0.16053939336104395,False
MRPS9,0.000261992166922467,-0.02477488425735879,0.829520172986728,False
MRRF,-0.0011659856737250439,0.07704638611344726,0.7812714544303268,False
MRS2,0.0003481176478078442,-0.24066281111227847,0.34624609283355356,False
MRTO4,0.0006314677679216674,-0.15748308598394412,0.5039151810126477,False
MS4A1,0.003425705958219018,-0.21219729484078917,0.2706557126031924,False
MS4A3,-0.009583438567150151,-0.06711058694759513,0.5906428719346379,False
MS4A4A,-0.00137670137783676,-0.09448128008252615,0.666079283723503,False
MS4A6A,-0.001874807445681108,0.1362899817448343,0.1438260037543277,False
MS4A7,0.0029473448777098234,-0.4691186724664398,0.014868655021186235,True
MSANTD3,-0.0023633720293140745,-0.08049865562981916,0.8082846167960438,False
MSI2,-0.0024445175804644406,-0.12892266287639476,0.32699958657537276,False
MSL3,0.02020519681136336,-0.12321535578258061,0.49434519255515474,False
MSMO1,-0.004753345927838578,-0.05061811338789108,0.75250655722878,False
MSN,0.011344296474222968,-0.26842241661355687,0.34844991098812866,False
MSRA,0.00040584279517116205,-0.15404229048921703,0.6339555871506776,False
MSRB1,-0.004266120453304431,0.23623661808623708,0.18327770225061935,False
MSRB2,-0.0015543388310858249,0.585229414460777,0.0317500861196573,True
MSRB3,-0.00636883418949648,-0.08804740367170492,0.7478962966290184,False
MT1E,-0.00098277149890783,-0.049750361927279094,0.8222576156398989,False
MT1F,0.0012393938287242486,0.3209138342024542,0.006488770070557428,True
MT1G,-0.00017082738000471752,0.15686265513218642,0.5183728414332816,False
MT1X,9.214010964877849e-06,0.06937468967027528,0.4728601528175199,False
MT2A,-0.003696638622132256,0.2832758122002357,0.12540030962439933,False
MT3,-0.003607421176247452,0.14302114796959176,0.7018896400847082,False
MTA3,-0.0025248848802830836,0.4013363308491881,0.22061527315768284,False
MTAP,-0.002719766956568517,0.1910394926922397,0.44523826478017126,False
MTCH2,0.0031423915448353682,-0.00676051125220884,0.9605473015845216,False
MTERF1,0.00023981998478013198,0.032810133502110185,0.9080394818003965,False
MTERF2,-0.004997176078632219,-0.02005891763775574,0.9439319740954267,False
MTERF3,-0.002394970664935244,-0.1734250812711614,0.4107991983962228,False
MTERF4,-0.002914759730107109,-0.059850795232720126,0.6195202498761155,False
MTF1,-0.002407700774800029,-0.14087884317054655,0.47841871208019515,False
MTFMT,-0.0038488308870628387,-0.28918258535669605,0.2830188619056228,False
MTFP1,-0.0019613769585266655,-0.07322154810846243,0.6416919428955647,False
MTFR1L,-0.002427443498113962,-0.10029604849527828,0.6612453445848986,False
MTG1,0.001359488767461895,7.497385828298459e-05,0.9994126316197194,False
MTG2,-0.006442009434004139,0.24074364135897264,0.3244539912848414,False
MTHFD1,-0.0018673397269815988,-0.18196297464703198,0.5900423364849989,False
MTHFD2,-0.0013089739005594733,0.2453494889055739,0.16593431062080316,False
MTHFD2L,-0.001219159439463034,0.27312165429570867,0.12797440109219943,False
MTHFR,0.0003570750825148195,0.20004144104430954,0.17586271488181826,False
MTHFS,-0.0010989008982456609,0.15235643679155675,0.3526907175155346,False
MTHFSD,0.000304771163676265,-0.30159384533466294,0.4004778242258704,False
MTIF2,-0.0019031955300431325,0.018861391626292388,0.9502278315129834,False
MTIF3,-0.0013537401806311329,-0.12794759330690583,0.2279040060512045,False
MTM1,0.01204059311618138,0.15323759105851448,0.4742238372962375,False
MTMR10,-0.005163338659345569,-0.5185923171912489,0.16800686443658616,False
MTMR12,-0.0021491709511038777,-0.3265465727302575,0.17154749455383714,False
MTMR14,-0.00036981989592098374,-0.04891060700134396,0.8915177087988301,False
MTMR2,-0.00165337941875057,0.29346790967096215,0.41935303237284016,False
MTMR6,-0.001567982381956289,3.3930742097392714e-05,0.999909134882256,False
MTMR9,-0.0038576168019670886,0.16429484312487264,0.5397161714256595,False
MTO1,-0.0008843240767000653,-0.3067556954164027,0.3546681597369441,False
MTRF1L,0.000492255240699195,0.07572514349666878,0.7390062549991585,False
MTRNR2L1,0.004166102263407201,-0.34823903175389564,0.022159202077966032,True
MTRNR2L2,-0.00474732379244706,-0.11843835708544365,0.24667550774784203,False
MTRNR2L4,-0.011448786861152901,0.028431653828750916,0.8995999702761803,False
MTRNR2L6,0.00014765094565657443,-0.29162327946108246,0.339573674188116,False
MTRNR2L8,-0.0025497525836586836,-0.16574381348308145,0.028906960670999068,True
MTRR,0.0008774574217597455,0.16729922365398878,0.5629514514654885,False
MTSS1,-0.0018278752678108064,0.5483102127401303,0.008102758525494929,True
MTURN,0.0008693446943589679,0.06295630298592554,0.7531682288431023,False
MTX2,-0.0039203732316213545,-0.6614640799415261,0.011122050591098092,True
MUL1,-0.0024438290782122286,-0.06303354286967634,0.8801277210795195,False
MUS81,0.00197703089863253,0.16101385319543307,0.6433083323420168,False
MUSTN1,-0.000275542346446197,-0.25037038299632236,0.5162908907763162,False
MUT,0.001538750766291024,0.0875244612850694,0.7314689957837024,False
MUTYH,-0.001445783636329007,0.2146639077225527,0.17853115783653853,False
MVB12A,-0.003151758914552352,-0.2784558782839584,0.26056751718036447,False
MVD,0.002325088305799358,-0.3504567763035113,0.14817092869431442,False
MVP,-0.001042352101173577,-0.32053768970539287,0.4630898599193576,False
MX1,-0.003005642379494442,0.6023693450968973,0.20731513281196742,False
MX2,-0.002980524253660408,0.2613810125668726,0.2031057362210555,False
MXD1,-0.002066953089951373,-0.08839923045295886,0.5438892756281895,False
MXD3,-0.003446641494406119,0.19829750155098028,0.44216413488244033,False
MXD4,0.0008493464652622276,0.0756951181295195,0.6871476203360116,False
MXI1,-0.0017382670988220102,-0.3215939880432476,0.10891648590926116,False
MYADM,0.00013278719152110986,0.1735384299785194,0.7479562020407806,False
MYBBP1A,0.0011021761135478726,-0.03200594693776029,0.9245460465532366,False
MYC,9.860975241111955e-05,0.38813153065858086,0.20555464071134572,False
MYCBP,-0.0013829256338097852,-0.06903441766470762,0.5669563249815683,False
MYD88,-0.0003039197990313283,0.03141682656853644,0.8968002745264781,False
MYDGF,0.0054499197141677416,-0.006775225536765955,0.9699435322446425,False
MYEOV,-0.0023812410933382482,-0.22942402310036714,0.33177825606202926,False
MYEOV2,0.00035912824736417207,-0.09514327052749413,0.40712693392819876,False
MYH9,-0.0005042107511062879,0.3200452343470195,0.27599945808301163,False
MYL12A,0.0026240768260407266,0.054691557965398964,0.5980887692413939,False
MYL12B,-0.001054934599946012,-0.05556317705192212,0.6308120771047323,False
MYL4,0.0013086310146833797,-0.21675042990931961,0.14336315702110272,False
MYL6,0.0014280307705481219,0.15258283966384192,0.15233985748240553,False
MYL6B,0.000283178158387437,-0.12390424600136468,0.38386450306121134,False
MYL9,-0.009870367550777184,0.05687865132034937,0.8459420689003505,False
MYLIP,-0.0005573068273491276,-0.23370947281496507,0.5693466484403341,False
MYNN,-0.002620446694110964,-0.32763026305995085,0.3949489813419341,False
MYO19,0.0015071385747189125,-0.2905046680453609,0.23071964513317025,False
MYO1F,-0.002368885837847678,-0.30961902246406386,0.5021390221186319,False
MYO1G,-0.0014400702213102463,-0.519559930918334,0.17866137541203997,False
MZB1,0.002312239979851405,-0.22921843507341816,0.4639593597825936,False
MZT1,-0.0009396592479602072,-0.2576125926880451,0.04554263663735287,True
MZT2A,0.0037756728574450337,-0.03344807709343015,0.9090285572085505,False
MZT2B,-0.00027315166426636345,-0.24649868389040672,0.2419931765590605,False
N4BP2,0.0004367932655594958,-0.23603305116982615,0.35128886439286383,False
N4BP2L1,-0.003382723119010004,0.14111345626029076,0.6295784126214297,False
N4BP2L2,-0.0002524985362181613,-0.1303670480258451,0.2518930349385483,False
N6AMT1,0.0005826734863026447,-0.267469979193083,0.36360024929168766,False
N6AMT2,-0.0016368689183414858,0.175987820972016,0.40523802673230513,False
NAA10,0.0167417266145877,0.07908729694848965,0.38954562175875407,False
NAA15,-0.0008338129507758207,-0.17940334313406295,0.574142966341108,False
NAA16,-0.0030526780909003355,-0.15822242011924262,0.6287078668332384,False
NAA20,-0.0005605736617012822,0.07423217185454097,0.5375559274646474,False
NAA25,-0.002107087568131852,-0.21722985847802523,0.4302667719028075,False
NAA35,-0.002817969969877831,0.11582440762239729,0.6804188783297647,False
NAA38,4.5642924082244136e-05,0.10222727133493947,0.37544020647098153,False
NAA40,-0.00046241700378405723,0.2193230295855296,0.5338527563872092,False
NAA50,-0.0018342369440648547,-0.021579671688473794,0.9102845113544337,False
NAA60,0.004174082622676063,0.09493233034755615,0.6536926597755408,False
NAAA,-0.0020052505727065333,-0.32702633494026734,0.13481050512823098,False
NABP1,0.0007321883873474446,-0.3818824500114943,0.21842215998435288,False
NABP2,-0.0013991864003797345,-0.22045874866284768,0.4172310441543371,False
NACA,-0.0013665800735916482,-0.13312721960219026,0.05153064705453725,False
NADK,-0.0021027025197445383,-0.6304332974589391,0.12508339799363238,False
NADSYN1,0.0007936270257037931,-0.15820783253838216,0.4739384376666014,False
NAE1,-0.0004570607883790345,0.009504369238687582,0.9715461761727309,False
NAF1,0.0007287064907925484,-0.5193034614505736,0.0860039218952462,False
NAGA,0.0026209225358144795,0.08728448601884965,0.7541760036954767,False
NAGK,-0.004222079009588794,0.29127737863567915,0.2388196142430861,False
NAIP,-0.003261444130248055,-0.11088296237643697,0.7296767880229988,False
NAMPT,0.0013445244174840046,-0.3007986137896341,0.2215967082908212,False
NANP,-0.0018534177156974401,-0.4791069720642455,0.07971690315392267,False
NANS,-0.0004953118266749957,-0.05125748420649575,0.7393753070105908,False
NAP1L1,-0.0011781335036666406,-0.2817766696298074,0.07549811540490879,False
NAP1L4,-0.0011034217130565691,-0.1358079976507822,0.5806956126392513,False
NAPA,-0.00016689049225471943,0.4193599511083884,0.018692950813723273,True
NAPB,-0.002996500237698375,-0.20054090990595752,0.2837569582578904,False
NAPEPLD,8.384532281160387e-05,0.2517918365975734,0.32676803725653136,False
NAPG,-0.002745892760021045,-0.4249329978476955,0.03421473580990965,True
NAPRT,0.0013253541449019747,-0.4922519867185382,0.1241682723801195,False
NAPSA,-0.004421995919670722,-0.17582746931322613,0.4613573411104642,False
NARF,-0.0012211751880931757,-0.05580015501542787,0.7518273784158161,False
NARFL,-0.002229070841803691,-0.29954405494043335,0.315416656890047,False
NARS,0.001498762317685452,0.06711313438934813,0.8686393808458095,False
NASP,-0.00020268807826251867,0.014510716615911115,0.9253367091413316,False
NAT1,-0.004152067278197704,-0.07985439139239697,0.7673391965885147,False
NAT10,0.00045382111291633305,-0.549084333709835,0.07160849403649433,False
NAT9,0.0018420501852880345,-0.15277830850768506,0.2871228536549932,False
NBEAL1,-0.003607902387895286,0.3087155899007869,0.2604576570209793,False
NBN,-0.0033997371649223075,0.2602648014325072,0.4211028352351953,False
NBPF1,0.0015739719741748406,-0.1413746193812521,0.5475169602045146,False
NBR1,0.0011862930045681286,0.050222080212617044,0.8758331830986847,False
NCALD,-0.001175935187869565,0.07628552801415706,0.8927040740525719,False
NCAPD2,-0.0007263967790125322,-0.6612522411835394,0.009462776348023286,True
NCAPD3,-0.0016386579815795936,-0.46449436092785173,0.18684855224445882,False
NCAPH2,1.756253735912469e-05,0.03354707849571277,0.9038287425733038,False
NCBP1,-0.0009621910086541212,-0.009548577670322602,0.9693724682613156,False
NCBP2,-0.0006280025135435405,-0.2018528105390205,0.1365127407358817,False
NCDN,0.0036473401002740133,-0.3381126913042149,0.3515637896907336,False
NCF1,-0.004548653166663907,-0.3366239818054202,0.37295538183626914,False
NCF2,-0.006349510059415653,0.10442958076270968,0.8378414466512976,False
NCF4,-0.0004781975990631868,-0.04178172512197412,0.8783762159051607,False
NCK1,-0.0048528072318848765,-0.07788815768346405,0.6275731004840205,False
NCKAP1L,-0.0008128563975899132,-0.061806787595980114,0.8846642921835091,False
NCKIPSD,0.0003187631539462822,0.24169540828397565,0.4413012955773856,False
NCL,-0.0007615825351920648,0.16951348904693006,0.4754383562789042,False
NCOA2,-0.0026434828168118434,0.07288444111300207,0.8040695304695448,False
NCOA3,-0.0027176138311675252,-0.21844599133174458,0.45045836950636264,False
NCOA4,-0.0050824566176454,-0.09106822885432593,0.6641056041395451,False
NCOA5,0.0006728271386311302,0.09268708714048929,0.577651387723569,False
NCOA7,-0.0014719144081100273,-0.07303039937795844,0.7996879813609957,False
NCOR1,-0.0036404074823909688,-0.36491488422554386,0.008637738162421721,True
NCR1,-0.0017280154762407927,-0.11167789243881604,0.7814365038195861,False
NCR3,-0.002539123213743859,-0.26140166166052725,0.08813943417696223,False
NCSTN,-0.0013500189762485088,-0.25186458338373674,0.5543943234885248,False
NDC1,-0.005981737185668498,-0.4989988853516564,0.051038125221989764,False
NDE1,-0.000632562112916698,-0.0392497163988301,0.890862332603267,False
NDEL1,-0.001088164961317814,-0.32850441952392767,0.1858403307355331,False
NDFIP1,-0.0004045978520828437,0.04704092003628708,0.7972909881461561,False
NDOR1,0.0013480856432791606,-0.6240663226655678,0.1301402606162634,False
NDRG1,-0.0030748689088795477,0.45050493974201117,0.2819101481503799,False
NDRG3,0.00039003939849867553,0.15169213163916823,0.577477409824317,False
NDST2,-0.0008428864994666227,-0.294065489995547,0.4005618182398637,False
NDUFA1,0.02740654337260563,0.002106109617453179,0.977656265358572,False
NDUFA10,-0.002094845067606262,-0.03893315734179234,0.6859795436636893,False
NDUFA11,0.0001737791437098069,0.02462490401472491,0.7144571994435958,False
NDUFA12,0.0020179930461265783,0.041644696805881135,0.5000457701566399,False
NDUFA13,0.002836943865495001,0.20259874208102208,0.011459504129232313,True
NDUFA2,0.001143283732181751,0.11841632093564138,0.12091660706093821,False
NDUFA3,1.7154815559738574e-05,0.1033590229109785,0.3038320864424828,False
NDUFA4,-0.001590411110835115,-0.033800058916245095,0.6638355506778254,False
NDUFA5,-0.004128840104397679,-0.3798979074241525,0.3588036943198348,False
NDUFA7,-0.00143895751641426,0.02327863391782871,0.8260746869809679,False
NDUFA8,-0.0005685514556138587,0.03954713377007183,0.7649356567931738,False
NDUFA9,-0.00032625598628073066,0.09561275568451154,0.37846646808812934,False
NDUFAB1,-0.0035567165794840355,0.1469858851242696,0.04506932547788905,True
NDUFAF1,0.0004471568428622712,0.08081036616975121,0.7622563271708968,False
NDUFAF2,-0.0002603844687781077,-0.11310511895624299,0.5577967882785171,False
NDUFAF3,-1.208718637176668e-05,0.12815019686183365,0.10856620983455802,False
NDUFAF4,-0.0011055579254316593,-0.0959943465386282,0.47231265563126146,False
NDUFAF5,-0.004006586357799043,0.6085797061452024,0.006362115570674426,True
NDUFAF7,-0.0029408952850112483,-0.04252114145244157,0.9045031776671055,False
NDUFB1,-0.0003991435462563807,-0.08582404114542687,0.7839852173364555,False
NDUFB10,0.000989758305344704,0.020980121971077164,0.7653861584363085,False
NDUFB11,0.026124244779384603,0.1530781663692087,0.017280320421619713,True
NDUFB2,-0.0033016447997879636,-0.09207630414752287,0.31668727371004324,False
NDUFB3,0.0026196618744523587,0.027742622680573998,0.8490013181257795,False
NDUFB4,-0.000245880968160804,0.07868275804699189,0.11330541501556331,False
NDUFB5,-0.0015871917887934944,-0.5353908451259565,0.05074843252526869,False
NDUFB6,-0.003992827268708095,-0.006496358075934714,0.9642181174027612,False
NDUFB7,-0.0018648988108205245,-0.054968655876809734,0.5989802490460722,False
NDUFB8,0.0029827906559146155,0.13044509651311958,0.19342861059095073,False
NDUFB9,-0.0015235231154907083,0.029218204527371228,0.70259391399874,False
NDUFC1,0.0014524136682433025,0.0671720016845055,0.48937617374439246,False
NDUFS1,-0.0012874461944006551,-0.0886581308288817,0.6592722322082892,False
NDUFS2,-0.0017773779654679195,-0.16110029706181045,0.0343469017719987,True
NDUFS3,-0.0023410352094499678,-0.03664370886978949,0.8000909411338023,False
NDUFS4,-0.00273164093187794,0.0006064817638495867,0.9960799475392192,False
NDUFS5,-0.0005444058610432728,0.07499358303646295,0.23028157088110945,False
NDUFS6,-0.001685348556001834,0.2388920798312754,0.059342377353226235,False
NDUFS7,0.0004394875015225982,0.13857490834037722,0.43171547197196836,False
NDUFS8,-5.402803262476501e-05,0.07603247627781151,0.3363688677092237,False
NDUFV1,0.002371384993466391,-0.20991724599965117,0.10297496853338153,False
NDUFV2,-0.0021831566773842814,-0.02941909321893584,0.7457221377136618,False
NDUFV3,-0.0010586416699258287,0.28009073033878046,0.11569015913378608,False
NECAP1,-0.0009934072123972681,0.10547925713736309,0.6483762295408113,False
NECAP2,-0.004309153801935328,-0.07923685094754912,0.5054487727332437,False
NEDD1,-0.0019380733819638202,-0.27866592036118554,0.268978086399789,False
NEDD9,-0.001449968973654305,-0.01850723171406976,0.9516306588853354,False
NEIL1,-0.0007166889504343935,0.038558470201060104,0.8588290961920875,False
NEIL2,-0.003909485942746713,-0.42364111453709374,0.13575203602431085,False
NEK1,-0.0015128036970246004,0.3801986130854723,0.3041252329824547,False
NEK4,-5.717681217763575e-05,-0.35430976691335014,0.2782447304024843,False
NEK6,-0.0026390354498479363,0.28249816991165577,0.2938148420870355,False
NEK8,-0.000984215683540595,-0.02536748643913688,0.9325769207393377,False
NELFE,0.015022662777677826,0.33613158004314103,0.03520656067122409,True
NELL2,-0.0020284111281743083,0.06409185633753951,0.801746576098768,False
NEMF,-0.001701419189411071,-0.23818181167868963,0.1717749966982442,False
NEMP2,-0.0036255279445335372,-0.10864167775192016,0.525172043764264,False
NET1,-0.0025051863040778154,0.2977753468642101,0.2568134192933705,False
NEU1,0.000852623638867746,-0.17084943290836518,0.5707477467657529,False
NEU3,-0.0014097484652863972,-0.14884325983471974,0.5626837205002904,False
NEXN,-0.005277775851146271,-0.038057006736644125,0.8985973547776824,False
NFAM1,-0.001176740122599362,-0.5143811074573043,0.05548991673266406,False
NFATC1,0.00012952909359951933,-0.027957834467172496,0.914137655631106,False
NFATC3,0.00017873018447064795,-0.042584351673988455,0.8801769421407326,False
NFE2,-0.005536804636316718,0.23493759151809504,0.2065286067469375,False
NFE2L2,-0.0006738828551949387,-0.24200201246722994,0.44824789710262647,False
NFIA,-0.002845602599045796,0.24664630801260568,0.24066869569895905,False
NFIC,0.0014217461618924428,0.12682595461136317,0.7434630469694495,False
NFKB2,0.0005940216773710693,-0.4660759727891184,0.2708139847878907,False
NFKBIA,0.0006464436150992881,-0.2650349961509356,0.21644047438961764,False
NFRKB,-0.0010807853765106578,0.12140369359831056,0.63903788524585,False
NFU1,-0.004623228710479476,-0.16770920385362217,0.15974591816075678,False
NFX1,-0.0036738032970262216,-0.3525771726128704,0.4192503612391659,False
NFYA,3.758777568466173e-05,0.8116263126116772,0.007609690465249813,True
NFYB,-0.0008806458956303353,0.03746787829893962,0.7408096760970233,False
NFYC,-0.0019837950182120213,0.1109501312708406,0.32461121514888347,False
NGDN,-6.688347740932781e-05,0.09935096687115319,0.29951463505212533,False
NGFRAP1,0.004780648647562221,-0.24608183926785937,0.012877147540958384,True
NGLY1,-0.0003989573954366547,0.03008900647558245,0.9065861061372644,False
NGRN,0.0005186081065733204,0.12426431374640819,0.5935763770497475,False
NHEJ1,-0.004941566079842782,-0.15300405620289326,0.46467370557586374,False
NHLRC3,-0.00043833075018536816,-0.48343978565130324,0.14808435096735734,False
NHP2,0.0009408240254843618,0.052881351700440504,0.3893583741105566,False
NHP2L1,-0.0011492377917228615,-0.005812882762952714,0.8390570570462971,False
NICN1,-0.002313927488882487,-0.18837888447518614,0.5025835900108584,False
NIF3L1,-0.0002738821994880218,-0.15864074559155178,0.21726268447627436,False
NIFK,2.8567446770114715e-05,-0.10643785838234256,0.5176227887085612,False
NINJ1,0.0016277254747414237,-0.07923302095040047,0.6039913158344223,False
NINJ2,-0.0026584199377772807,0.20980129982302959,0.32755026504741985,False
NIP7,-0.0009500271626778833,-0.27650378640194323,0.022891104551679434,True
NIPA2,-0.00023966323606320437,-0.29016918921397067,0.2980319252108722,False
NIPAL3,-0.001780138236447092,-0.12141002091038589,0.6128571726476213,False
NIPSNAP1,-0.002219021599940636,-0.08203563754552728,0.8323546182164097,False
NIPSNAP3A,-0.0025212061634252484,0.24543756311579307,0.3847990401472823,False
NIPSNAP3B,-0.002642780321873269,0.13225870653620278,0.7078563384140705,False
NISCH,0.001537499665510525,-0.08731362333481152,0.7545015881524486,False
NIT1,0.0002366766727853759,0.0326807933819275,0.811983617593236,False
NIT2,0.0008637445762394098,-0.10222434067568306,0.41053807434637934,False
NKAP,0.01487060090286387,0.0671985795071379,0.7172895552408484,False
NKAPL,-0.0036990186405518096,-0.7438051613146466,0.1312560139843178,False
NKG7,0.009136072515754703,-0.08224650613965798,0.55086712650475,False
NKIRAS1,0.0007576034988663556,-0.6055275978044526,0.014153215711319955,True
NKIRAS2,-0.001424393958896901,0.013601724325898247,0.9474511803859442,False
NKTR,0.0013954851762967182,0.02709286911295017,0.8930231336217933,False
NLE1,0.00040575938262743907,-0.1409029283208191,0.5237260191036928,False
NLRC3,0.0007333351656966748,-0.2390248811999181,0.20103249773196144,False
NLRC4,-0.004534456241457492,-0.45209537174867825,0.20357473753942337,False
NLRP1,-0.0029034331994303533,0.15382126147216382,0.7393844934855818,False
NLRP12,-0.0023337553659641412,-0.1807793929107637,0.6948101368308452,False
NLRP3,-0.008183758606806592,-0.09450972755223289,0.8651640570767606,False
NLRX1,0.00016788458267651937,-0.15872614300612073,0.5784919452235875,False
NMB,-0.002098012427202601,0.0300058463541628,0.9232964149223502,False
NMD3,-0.004669268095748888,-0.01640409724053314,0.9695911634780667,False
NME2,-0.001330964653040671,0.09651316682316767,0.11114035154757967,False
NME3,-0.0008045215763593225,0.15947384863732417,0.3259578399167906,False
NME4,-0.0010614612449024057,0.32823480426983037,0.17665613801057142,False
NME6,0.0005045176715615017,-0.21279673012065084,0.18775624725075207,False
NME7,-0.004134347430585158,0.016064074584814306,0.958462836405098,False
NMI,-0.00029167067937841014,0.09018670909111155,0.6912269765517554,False
NMNAT1,-0.003752147835790184,-0.10481684326206045,0.5331807534737585,False
NMNAT3,-0.0013371588092363912,-0.16181411998877124,0.6520363420611177,False
NMRAL1,0.0011858995486812274,-0.11020303874437598,0.44273443272569024,False
NMRK1,0.004087545755881989,-0.0918156546991072,0.6537719085554663,False
NMT1,-0.0022321018825214325,-0.04956312449205916,0.646363927603593,False
NMT2,-0.0031835420723407212,0.15656352518365146,0.5547656823800242,False
NMUR1,0.004862148074303259,0.1311581279158644,0.7305005669852549,False
NNT,-0.0020111041932694552,-0.27031561249436864,0.28322599660800934,False
NOB1,-0.0027158653974569836,0.4562814795511534,0.1813124683066959,False
NOC2L,0.0021649387558710285,-0.10058226927895392,0.7450715250406071,False
NOD1,-0.0038904955764566163,0.2800942887290556,0.4026187500959848,False
NOL10,-0.001870004884672155,0.22806350922309696,0.5963274576647706,False
NOL11,-0.001960442534132979,-0.04787684790208781,0.8304061653386219,False
NOL12,-0.001857804964551534,0.03268216369593565,0.7054340090251585,False
NOL4L,0.0002875702862379629,0.07124679527841568,0.842539751360533,False
NOL7,-0.0012846502269874278,0.3480902880105423,0.17972600136483555,False
NOL8,-0.001218342389986406,-0.38143957071956125,0.21204007172917214,False
NOLC1,-0.0009268234993128433,-0.16572966851900986,0.768615542453541,False
NONO,0.010058274277258365,-0.44244405330527825,0.1094736513988321,False
NOP10,-0.0027547976851109907,0.07072677664144342,0.4968229088368863,False
NOP16,-0.0009383911146799396,-0.1435551970392869,0.14039238774887577,False
NOP2,-0.0013054346956181604,-0.013382955403542014,0.9633750438612863,False
NOP56,-0.00028652666409825203,-0.10660572105613836,0.37152001512234883,False
NOP58,-0.0006196174258536599,0.11359752656040228,0.38010935503414134,False
NOSIP,-0.0009155757930921816,0.05827489040401179,0.7630381838202681,False
NOTCH2,-0.0023589444766034524,0.3974817074012711,0.18743268450973566,False
NOTCH2NL,-0.0014458774238163396,0.22566593577334645,0.4530483020900642,False
NOV,0.00273379298410365,0.41271621595333574,0.012300994481579904,True
NPC1,0.0006226462828269396,0.10639573168817965,0.7205735108223015,False
NPC2,-0.0021035284855539195,0.21871873683976834,0.12214652912195395,False
NPEPPS,-0.0024663485101087184,-0.03197924726691529,0.8607403891963702,False
NPHP3,-0.000603736180073752,-0.0810225056395115,0.7275406501727564,False
NPL,-0.003198062493584668,0.06379251007547568,0.7389982306143031,False
NPM1,-0.0010335880293393556,-0.31707746250232194,0.08791826138317535,False
NPM3,-0.001840298625703151,0.7734857752319043,0.07071764924691866,False
NPPA,-0.0016165905235918944,0.4936163777104468,0.011267375767475742,True
NPRL2,0.0020388776022100125,0.009032821308266806,0.9510597717790534,False
NPRL3,0.0009899235603152018,0.0921033304078646,0.7681506198382085,False
NPTN,-0.0023808466365294514,0.20643839493869812,0.3514757229425331,False
NQO1,-0.00038531304351668914,0.13667030379378373,0.6484279694387665,False
NQO2,4.301066973606731e-05,0.04498658196206969,0.7849150178222599,False
NR1D1,-0.0016796938555140588,-0.22162952843861167,0.40786419797308116,False
NR1H2,0.0007924594606710457,0.08430662529121141,0.7214140400514844,False
NR1H3,-0.001474672105491346,-0.16590127063980642,0.4777869580228481,False
NR2C1,-0.0017901799584709428,-0.44724938268483844,0.16751054973473853,False
NR2C2AP,-0.0018708476560801337,-0.06415871297073474,0.7867775110939629,False
NR3C1,-0.002058611793497426,0.06940718183457781,0.6910104256489764,False
NR4A1,-0.0021330820680283452,0.40384370993879004,0.16729428683983905,False
NRAS,0.0027080759820479394,0.015662502448302904,0.9488848140550843,False
NRBF2,-0.003818747442193856,-0.07564191357699555,0.7160766952405104,False
NRBP1,0.0007073083346711538,0.3253901618666163,0.28024725534453865,False
NRD1,-0.0005246189881451492,-0.5796967876428007,0.001508016878632277,True
NRDE2,-0.0016633150000710888,0.0034376699335812136,0.9732968064937706,False
NREP,-0.0022774020352706037,0.34190371424175403,0.288714579691477,False
NRF1,-0.0030280909986102784,-0.3419639532714986,0.33599371648221843,False
NRGN,-0.0013402210541497324,-0.12777197538978338,0.43912950807093687,False
NRM,-0.00254087428343524,0.08321181181908394,0.5544323188061244,False
NRROS,-0.001265399662292319,-0.3710577370513116,0.2084343954105969,False
NSA2,-0.0010576195450709936,-0.14537103002785556,0.31140425837531044,False
NSD1,-0.000651741533707294,-0.23800314073823958,0.3075735164956093,False
NSDHL,0.00574041147149805,-0.10350069588751144,0.5649975600906723,False
NSF,-0.003906228634820634,0.26702667419508264,0.4835177048104593,False
NSFL1C,-0.0005064398510654731,-0.3812111413803978,0.05226133901955463,False
NSG1,0.0010721798359041648,0.3532596107620542,0.29542686567292487,False
NSL1,0.00019487242529262052,-0.3124318185442607,0.13942816693997734,False
NSMAF,-0.002087394409886525,0.4910769090973748,0.039197530929734534,True
NSMCE1,-0.0007926445461407464,0.028208630370126702,0.7363408812104248,False
NSMCE2,-0.0017580457599960621,-0.03197856988655991,0.92251619404516,False
NSRP1,-0.007013872168361823,-0.08389296757775504,0.6339259531005081,False
NSUN3,-0.0019738317837095887,-0.5754487825169752,0.14099473618282526,False
NSUN4,-0.0009414605202632088,0.2598552474326158,0.130987466030979,False
NSUN5,-0.0031536692992964765,-0.20320568633382818,0.443117986141206,False
NSUN6,-0.002948064678826332,-0.4968777364416322,0.10913533052398218,False
NSUN7,-0.006339243542222696,-0.17492782148906952,0.3929597995193408,False
NT5C,0.00038601187628370295,0.02916120154752644,0.8118566046093961,False
NT5C2,-0.0012496818285114102,0.2659167262272362,0.17311242730112375,False
NT5C3A,-0.0038346040280630525,-0.47669604622635414,0.010695670124041816,True
NT5C3B,-0.005510423251581926,0.1787504552635076,0.5419592267752896,False
NT5DC1,-0.0015597201379598145,-0.1336145545514887,0.3160219842960762,False
NT5E,-0.001888592753045684,-0.21484105023280198,0.5643222191623694,False
NTAN1,-0.0019206021117796135,-0.11794550324015428,0.42207090524483315,False
NTMT1,0.0024791054662868634,0.012505192119146457,0.8627870134434201,False
NTPCR,-0.003178502453536472,0.13470735840346806,0.33618247876304824,False
NUB1,-0.0033382060641747096,0.05061484433285815,0.7749096404615945,False
NUBP1,-0.0007873000780043223,0.2374124862441412,0.0041991843682257,True
NUBP2,-0.0006620385013039007,-0.057527041563361574,0.7539741425594605,False
NUBPL,-0.0034996804719119494,-0.712349169066596,0.004708736197342039,True
NUCB1,-0.0025130952634219985,0.2948252774517423,0.5827749024622693,False
NUCB2,-0.006118465615014732,-0.3517742448509898,0.08824827295133271,False
NUCKS1,-0.0029525545628819655,-0.2858018523826577,0.3427923036730526,False
NUDC,-0.0031244859432743677,0.130807144273553,0.38490839258360765,False
NUDCD2,0.0005482948072610635,-0.04864540102881983,0.6890011908258475,False
NUDCD3,5.2283152222325274e-05,-0.07785483697035327,0.8688746466364659,False
NUDT1,-0.0015051587352370994,-0.0059202374844938965,0.9445284966816885,False
NUDT14,-0.0004480962899183476,-0.24426263977193574,0.5889116750528052,False
NUDT15,-0.0034422725191838124,-0.36483924164305354,0.08561778116930162,False
NUDT16,0.0005343142267195606,-0.39126645903609514,0.4514519594809284,False
NUDT16L1,-0.0007616738266030706,0.023703644287465606,0.9471847838996837,False
NUDT17,-0.0014576917186662549,-0.3049239144462862,0.29378993992810376,False
NUDT2,-0.0011326184665605876,-0.13725936266582256,0.3967707326347625,False
NUDT21,0.00039002271779953066,0.021988999603713724,0.868991857853578,False
NUDT22,0.0023994402087881236,-0.0908328792075624,0.5800239514388967,False
NUDT3,-0.003909214102878842,-0.595042381222209,0.07556988507122019,False
NUDT4,-0.0016411042342733815,-0.22761526718423677,0.16546193174688412,False
NUDT5,0.00043733272179275053,-0.012580645152785723,0.8846557929513205,False
NUDT6,-0.00021222412533282803,-0.6538950477616452,0.021340470790585334,True
NUDT7,-0.0013052309463296068,0.2698920793243057,0.5874230510392059,False
NUDT9,-0.0003494569185017403,0.1704181284227858,0.6153241740039592,False
NUFIP1,-0.0011778182969246185,0.26023096227017234,0.4811447649466566,False
NUMA1,-0.001259308562107015,-0.145005452958141,0.5357249857886552,False
NUMB,-0.003236340223398499,-0.48730644200726303,0.17206233421409314,False
NUP107,-0.005178327215210257,-0.19963638566170594,0.49051071019482206,False
NUP188,-0.0004496655430163505,-0.10252258755558483,0.785534187744701,False
NUP214,-0.003189714584830482,0.19670257852462913,0.6086953688871252,False
NUP35,-0.003693598487648637,0.10629419382040625,0.7314279938268969,False
NUP43,0.0006874500786980367,0.3036681988926546,0.4964502436402596,False
NUP50,-0.00014298664293063771,-0.38333467530104226,0.2087104666161026,False
NUP54,-0.0006340057240881143,-0.06799250711172612,0.833715323211264,False
NUP85,-0.0010266210671270406,-0.49782268049492984,0.026232942170053355,True
NUP88,-3.159994685488748e-05,-0.150922632305175,0.6401046651581066,False
NUP93,-0.002402887356941209,0.06267331074611684,0.7977696897497839,False
NUP98,-0.0001384788032155577,-0.5037344225614974,0.11448301735617865,False
NUPL1,-0.0019526521296322564,-0.08741928733494794,0.8317454033738507,False
NUPL2,-0.0004537120743934143,0.06261117627167175,0.7547321811291563,False
NUSAP1,-0.0013771227458647761,-0.3110086238356373,0.27413811692804535,False
NUTF2,-0.0009815868634661057,-0.04614625733799728,0.4399481127065423,False
NVL,-0.000579722763236169,-0.16041717413819184,0.5421641697949175,False
NXF1,-0.0020683945442453123,-0.16202143918907336,0.6136777067281256,False
NXPE3,-0.0057238842848580385,-0.08412039718920664,0.7830388415768438,False
NXT1,0.00038252089313243456,-0.0038329217263007,0.9891471334580368,False
NXT2,0.012537897904004402,0.437624426398217,0.020811043434263113,True
OARD1,0.0001629628303346333,-0.15088086789191824,0.46940230318286313,False
OAS1,-0.005851056073259327,0.45051063755557563,0.12672676061718896,False
OAS2,-0.0005288728101086963,0.6212937854526219,0.026610132773541798,True
OAS3,-0.0020136273105687843,-0.12624852810336984,0.6236057711396288,False
OASL,0.0017092125998971115,0.4598955133499793,0.19564514150894896,False
OAT,-0.003589863746891793,-0.28502661840296684,0.16350456387980644,False
OAZ1,-0.002583997080220137,0.014904476355246388,0.8783792014091624,False
OAZ2,-0.00034570233106871826,-0.19182521897501165,0.23223345092499942,False
OAZ3,-0.0025348905067864333,0.022335573869624283,0.9478636353854228,False
OBFC1,-0.001888204801279145,0.11206060800497959,0.5423798128627773,False
OCEL1,0.0029790785647462515,0.3827793463213425,0.3458920957854137,False
OCIAD1,-0.0028651781750575283,-0.024947556203493093,0.8748823502719123,False
OCIAD2,-0.0002015031637646717,0.16691113656751344,0.09180010518927911,False
ODC1,-0.002094234633811679,0.35239113043187703,0.14326453746731696,False
ODF2,-0.001948256921838771,-0.8213024138250243,0.0436956166804593,True
ODF2L,-0.00034019770108584875,-0.26034247510107705,0.20433178019664086,False
ODF3B,-0.004725900624629624,-0.005320122783240899,0.9906954176189745,False
OFD1,-0.001589142388187108,-0.7594209447005065,0.005255892795762365,True
OGDH,-0.0007404289165052662,-0.18244959357984183,0.41915561308397264,False
OGFOD1,-0.0008847230767457851,-0.6699304452864492,0.011301159449413607,True
OGFOD2,-0.0014936909711533186,-0.0312400409791018,0.914921465243353,False
OGFR,-0.0024096003858350683,0.09678109197792814,0.7851661820690286,False
OGFRL1,-0.0005919250526844257,0.054893103728025465,0.8187727703043907,False
OGG1,-0.0026284514414254964,0.3199459201306249,0.3535261867780149,False
OGT,0.01507752511951694,0.37161872274145197,0.19921523248696402,False
OLA1,-0.005075621152425341,-0.02417468084549422,0.8563713769472174,False
OLFM2,-0.0007036949622078015,-0.00617067210991472,0.9861698632686346,False
OMA1,-0.00010424941284750791,-0.09886470471111787,0.6450607895419466,False
OPA1,-0.0018860366013855787,0.22396148537531316,0.480652536574816,False
OPA3,-0.002943185188170357,-0.03232965834818878,0.9367995674254972,False
OPTN,0.0012477008937496446,0.052340418384234276,0.8376410576379414,False
OR2L13,-0.002342177768970843,-0.23305275201683184,0.4553367358761353,False
ORAI2,-0.0005169252796215299,0.26207268145268553,0.43915741789372975,False
ORAI3,-0.0018112387763265746,0.47078177638621876,0.1316164358951395,False
ORAOV1,-0.0009767659375968327,-0.49237881010930074,0.11292834774680638,False
ORC3,-0.0006371617318967431,0.008086514928207174,0.9740352011083855,False
ORC4,-0.001870863543308188,0.29488117244784706,0.3880234458489412,False
ORC5,-0.0003495967637545429,-0.02642254923359312,0.9493347442811136,False
ORM2,0.0021309956516421245,-0.3091600551550381,0.21969933880343168,False
ORMDL1,0.0005609070405543908,0.010195101643298819,0.9494746883634329,False
ORMDL2,0.00021048762558950403,0.08552355265493834,0.5327927651487498,False
ORMDL3,0.0008192329942501575,0.12328860531377162,0.6096333386306707,False
OS9,0.0026930214725823984,0.046126063126496586,0.8279670564725169,False
OSBP2,-0.0019476175069529768,0.1391504341525432,0.6106602107174036,False
OSBPL1A,0.0014835723207000774,-0.2809111408603669,0.2366393077797168,False
OSBPL2,0.004740908005252442,0.08001584265535196,0.5943964712418477,False
OSBPL5,-0.001819016686814109,-0.027685235999619487,0.9462326930978997,False
OSBPL8,-0.0031155654447112355,-0.25271456613585713,0.263057384799062,False
OSBPL9,-0.004535526051536865,-0.4847962988158463,0.10787485667703058,False
OSCAR,-0.0028408021375821513,-0.04397447413558951,0.8669748689541348,False
OSCP1,-0.0034221388749273787,-0.1412052523022425,0.5760110927492259,False
OSER1,-0.005742193845235536,-0.004697389374323673,0.9619530071391935,False
OSGEP,-0.0010364297476783545,-0.06723348576903002,0.5247562315498627,False
OSM,0.0019521322976945343,-0.18262612506647324,0.562735641387865,False
OST4,0.0017994355618322234,-0.02729631445587286,0.7335782916035412,False
OSTC,0.0008518852729995518,-0.10969577827813658,0.2390506324182629,False
OSTF1,0.0018041776142879592,-0.02926468329151661,0.8439649949887962,False
OTUB1,-0.00018249769308960434,0.04187184916085654,0.6201244257446599,False
OTUD5,0.02119195458357064,0.027178021731097117,0.9597075790706551,False
OTUD6B,0.000994454463493535,-0.05851367171335225,0.7453131729782871,False
OVCA2,-0.0007145609425561263,-0.40297960404727046,0.2649673563655361,False
OXCT1,-0.0005497329334266396,0.43221193240945915,0.06238734560682307,False
OXLD1,-0.010261579967861888,0.2221321304655861,0.09479808696723079,False
OXNAD1,-0.000381193948561052,-0.0529608372593254,0.8945035922974088,False
OXR1,-0.004338616496872315,-0.10502439010526206,0.7797398250674783,False
OXSM,0.0018889414635999491,-0.24700063810810724,0.20725886778880862,False
P2RX1,-0.0037405363845089226,-0.5535584091738431,0.03589202175119399,True
P2RX4,-0.003206372163296671,0.005928434874302748,0.9615794495690204,False
P2RX5,-0.001236632337102378,-0.3100900668033695,0.15076596693780106,False
P2RY10,-0.005289130767459571,-0.209736546571938,0.5656669932075418,False
P2RY11,0.003038068760488891,-0.2525227316812317,0.4634007346286566,False
P2RY13,-0.017257570395225474,0.14714980325142235,0.5743795495054114,False
P2RY14,-0.003252370049546086,0.2829515442664985,0.3901485717769162,False
P2RY6,-0.004554874637194705,0.30560643947611454,0.3908903538235108,False
P4HA1,-0.002121610820738922,0.3596161990629904,0.22615764607609276,False
P4HB,-0.00010747294733987464,-0.7711173985669896,0.02765639122110092,True
PA2G4,-0.0007358296696751117,0.009487426711120092,0.9394363468874787,False
PAAF1,-0.000571215657955317,0.2048887656997753,0.2840410615286576,False
PABPC1,-0.004921297908460518,0.08829456212757385,0.6033310506159081,False
PABPC4,-0.0015294134579991675,0.01106684367164195,0.9368527974159341,False
PACRGL,0.0015853489806989121,0.17262970262901792,0.5720577981275539,False
PACSIN2,-0.0032632108858088086,0.18972526742770807,0.34821710706683157,False
PADI4,-0.0014655051783188028,-0.133035027457506,0.6417274483685909,False
PAF1,-0.00010966468060796168,0.06177530480527831,0.7718222476370277,False
PAFAH1B1,-0.003682172318151421,0.1086921460569574,0.24685834392690548,False
PAFAH1B2,-0.0001492161437897221,-0.15159567651477235,0.5571338496230376,False
PAFAH1B3,-0.001638361879835214,0.14195035475706566,0.019282349004747866,True
PAFAH2,0.002332037130686989,-0.1809653552718903,0.6731487313358944,False
PAGR1,0.0007977320919576593,-0.13259170806621595,0.5418278285493633,False
PAICS,0.00038108041160992947,-0.11857716188477369,0.5326255954043184,False
PAIP1,-0.00019333019478239257,0.17426793653060027,0.5301163473393553,False
PAIP2,0.0003778139132044198,0.02071349121817671,0.8812737649269057,False
PAK1,-0.001193736307005998,-0.14765610228318704,0.6372492085575214,False
PAK1IP1,0.0008482733908644193,0.014190022826378169,0.9496651682228309,False
PAK2,-0.004892234258311882,-0.11656953712656382,0.6582034516722635,False
PALB2,0.0006459593285425661,-0.0016129174911050247,0.9950497281171382,False
PAM16,-0.004370861769858585,0.059485775220332236,0.6331886920864163,False
PAN2,-0.0002107957412587081,-0.7331094479570227,0.07573488434101776,False
PAN3,-0.0016474796815102856,0.06244631630795353,0.7373213889361335,False
PANK2,-0.0031296925532563074,0.3775599588755844,0.3423276560336601,False
PANK3,-0.0021775710973454846,-0.30254448370213816,0.31609937077631794,False
PAPD4,-0.0013478461807529436,0.3780372988862515,0.35225126522055694,False
PAPOLA,-0.0030471746853057164,0.10194546484115584,0.7661259760464438,False
PAPOLG,-0.002614411738728115,0.1114843226213125,0.6404604578305761,False
PAPSS1,-0.0010548400770563132,0.06696032265050054,0.7506877716838098,False
PARG,-0.0002484180603186635,-0.2841300704174675,0.19862834544055757,False
PARK7,-0.0009685187936204889,0.04808557353747251,0.5856488419163999,False
PARL,-0.0028411639790037833,0.23058001219018706,0.30074107470995665,False
PARM1,-0.0009471084095112476,-0.09831333582604511,0.783735029251402,False
PARN,-0.0033301775978437395,-0.08229552826890746,0.7143004430523742,False
PARP1,-0.00028292202707961883,-0.40800806652596056,0.23109235917046705,False
PARP10,0.0028109551208629776,-0.06151212446317869,0.9098462403999161,False
PARP11,-0.0017006588509215826,0.36495384608381887,0.18055200157454096,False
PARP15,-0.0006387812334169655,-0.6567107805338287,0.10548870915722572,False
PARP16,-0.004462338628840701,-0.24933375019365686,0.4496974691457537,False
PARP2,-0.0014669995889491985,0.0064790959780321395,0.9785191699721938,False
PARP3,-0.0003445368115588757,-0.27691742079527437,0.48646590537497125,False
PARP4,-0.0035698245367169466,-0.04772305851090271,0.8447545527518663,False
PARP8,-0.001280880149497427,-0.30299334564424835,0.048253303115801914,True
PARP9,-0.00010111136370601045,0.16923599171421155,0.6522006670232143,False
PARS2,0.0018543192664818905,0.05097583617850074,0.8649187943007071,False
PARVB,-0.0023647277868270363,-0.23679015948459295,0.21656191085968818,False
PARVG,-0.0030168479986011484,0.0863047822362624,0.5141700716491673,False
PATL2,0.007553463770640139,0.0989598763195506,0.6621513727384134,False
PAX5,-0.00013344402351458048,0.44209061402271055,0.02851240141718508,True
PBDC1,0.012254186392442612,-0.009398856110227664,0.9614602390717533,False
PBRM1,-0.002512758810880653,0.266553384762914,0.17012473891617147,False
PBXIP1,0.0003582871844677271,-0.45950042499324734,0.07276528749869675,False
PCBD1,-0.00023620052222780657,0.18952267064031117,0.1127470056600619,False
PCBD2,-0.0009066727335049258,0.30398922615189383,0.42180343301747203,False
PCBP1,2.579995435814441e-05,-0.060817058940771794,0.6338767254055273,False
PCBP2,-0.0002991187390182578,-0.017868114005850484,0.8187180163395196,False
PCCB,-0.004424515487294847,0.04168270412989555,0.842200289273138,False
PCED1B,-0.001786681064202628,-0.06437308859638986,0.7331440289896164,False
PCGF1,0.0013707812529268992,-0.13060348928793455,0.6230959881957814,False
PCGF3,-0.00045209598371614854,0.17489676958792386,0.40212971601619385,False
PCGF5,-0.0034995995287956895,0.28516240730202447,0.2646095225540481,False
PCID2,0.0007806798706681741,-0.08071983450597248,0.3810340967404612,False
PCIF1,0.00013580943096003909,0.007833442068523964,0.9660603409930354,False
PCK2,-0.0009526607860507266,-0.053510207025017936,0.821097045516261,False
PCM1,-0.000833160743438258,-0.5832174588210299,0.08506389206709145,False
PCMT1,-0.0005719326801288945,-0.17984887586442136,0.383667302301244,False
PCMTD1,-0.0026653030091981496,0.06592245047229145,0.674618060140048,False
PCMTD2,0.0013810300165657634,-0.23042942065968733,0.381695589700888,False
PCNA,-0.00029579880240323614,0.07507564142494792,0.5378188061008677,False
PCNP,0.0014190588117338288,-0.22245605323718565,0.27461378014578214,False
PCSK7,0.0010304502309064552,-0.6940486332876971,0.01520524827082896,True
PCTP,-0.0021699324191415594,0.0038977801911785656,0.9889065129690435,False
PCYOX1,-0.0002150726591424127,-0.012560566738992406,0.9631596425264493,False
PCYOX1L,0.0009573100767138264,0.030055587921484377,0.9271293035313981,False
PCYT1A,-0.003386878842924333,-0.1437511282333288,0.6279746106682905,False
PCYT1B,-0.0021139204541821876,0.43877134994938966,0.07656880065435007,False
PDAP1,-0.0006740511922934483,0.03147876762950563,0.653467922229079,False
PDCD1,0.003478181466364382,0.15003575838305191,0.710147064049038,False
PDCD10,-0.0019257282866689675,-0.12496908808315726,0.5316882426512382,False
PDCD11,-0.002023462314551953,0.262336813227115,0.5132822194355235,False
PDCD2,-0.0020569585313664276,-0.6070635566936128,0.19398166120954183,False
PDCD2L,-0.0019800020761515363,-0.3984208698138229,0.19909525044281673,False
PDCD4,-0.0014580542838832315,-0.21371554945294394,0.4840192777504837,False
PDCD5,-0.0035778134322948735,-0.03298106536485701,0.5685663598263366,False
PDCD6,0.001126405212586895,-0.08940112829671579,0.29668536529141154,False
PDCD6IP,-0.0002963760468847011,0.0004499423283972348,0.9976133602276995,False
PDCL,-0.0020338778041512854,0.1621970402715204,0.3654002948928644,False
PDCL3,-0.00081563982576237,-0.024431777017579037,0.8438995009469741,False
PDDC1,0.0016546084754029123,-0.04497993633165579,0.8002133708505019,False
PDE12,-0.0005649127284426519,-0.14460017364853472,0.5814969086572858,False
PDE4B,-0.0023605808716745643,0.03263013272513973,0.8658551657296039,False
PDE4D,-0.0023044336040796178,0.21919953366627742,0.35079238872570895,False
PDE4DIP,-0.0006946795856280548,-0.27940093250188497,0.39585285066208153,False
PDE6D,-0.00043615854793628924,0.09538412008408671,0.4971195379750937,False
PDE7B,-0.0032467705496695104,-0.4692257623111025,0.15372837819785368,False
PDGFA,0.0014186966979302415,-0.1923806991810495,0.4679246350404289,False
PDGFB,-0.001198366316639379,-0.3020421179762608,0.30481571912973116,False
PDHA1,0.005801280475467177,0.14321709092276672,0.3535185048522588,False
PDHB,-0.001032708606300953,0.14233730955759258,0.4257222439943442,False
PDHX,-0.0006679835492340046,-0.3709894096403896,0.2985396815375473,False
PDIA3,-0.0016633093682421553,-0.7407858426887574,0.04053430243340654,True
PDIA4,-4.890384256045835e-05,-0.4272334702760072,0.08278372017198243,False
PDIA6,-0.0005203885023149079,-0.16756333550851166,0.4586776456571583,False
PDIK1L,-0.002626530845106607,-0.023708745374808705,0.9187333635738735,False
PDK1,-0.0026268196875414737,-0.035216189702957486,0.8070810175734133,False
PDK2,0.0009117323078494198,-0.6727064929490939,0.12226479824319252,False
PDK3,0.011752638877082276,-0.05300487817943574,0.7962529208491989,False
PDK4,-0.0018023444114345821,-0.033646174869565226,0.9068403069631362,False
PDLIM1,-0.0016482762353197103,-0.29063604679816213,0.042758072789659214,True
PDLIM2,0.0011203835418916255,0.2687475962241726,0.43510652484561785,False
PDLIM5,-0.0018374092308791566,-0.10215576411113453,0.5304367093441803,False
PDLIM7,0.0012967829668389151,-0.1328839593890217,0.5156534993080775,False
PDP1,-0.0013481930549502383,-0.018943992717265754,0.9436186520525978,False
PDRG1,0.0002530996001000312,0.0017948896439839866,0.9933998418702666,False
PDS5B,-0.0015961071742884613,0.4754426991540609,0.03484006373203835,True
PDSS2,-0.0006822292769018807,-0.10113171981538294,0.5680722250616734,False
PDXDC1,-0.001960370363164506,-0.2726198121507366,0.23831740348609193,False
PDZD11,0.022779395019249388,0.03975266891650807,0.6570954612978328,False
PDZK1IP1,-0.007328031002871938,0.265439363045991,0.1859864621594061,False
PEA15,0.0012706750133820814,-0.03796950757331695,0.9089849899190283,False
PEBP1,8.471847704680203e-05,-0.02317006231813126,0.7791828371586125,False
PECR,-0.003508758423836388,-0.3395340139208677,0.031177578640862392,True
PEF1,-0.0009615601215801507,0.01663824527321742,0.9239685343704741,False
PELI1,-0.0024877043301499233,0.030712881741293954,0.8938311279123501,False
PELO,-0.00019291346129057043,-0.09450815933523593,0.6020423980604778,False
PEMT,-0.0008835616790738473,-0.15020542302669593,0.10902645087550344,False
PEPD,0.0004923286026726916,0.25829862345018295,0.32407162971297104,False
PERP,0.0022344335940599753,0.15075456152215458,0.6327045286660211,False
PES1,-0.0001253484573606955,-0.3699902434013728,0.09580493208465105,False
PET100,-0.002613317900398149,0.1079975469184582,0.2194649573495554,False
PET117,-0.0017107805626014353,-0.27407519851139356,0.14734530753737843,False
PEX11A,0.0018617735943531586,0.4539801408387748,0.1592200967262649,False
PEX11B,0.00036897629987272385,0.08253916603249135,0.5333896578351768,False
PEX13,0.00070464174501831,-0.261850197303491,0.3467870586884409,False
PEX14,-0.0018198059290574081,-0.08772571901626147,0.7633415577171331,False
PEX16,-0.0008789829325729872,-0.23487662319061897,0.4899175224498791,False
PEX19,-0.002190426950367299,0.029321443348147805,0.8754109620992551,False
PEX2,-0.002671237835424441,-0.35452539862819527,0.0064358075754133645,True
PEX3,-0.0015310962956374967,-0.2961176030747623,0.32803227215189407,False
PF4,-0.0033703499245783725,-0.0714498669791073,0.5864335260219686,False
PF4V1,-0.006153077191284113,-0.22354620663868918,0.13291069853444898,False
PFDN1,-0.004259514165964239,-0.004519959011589809,0.9612856275393311,False
PFDN2,-0.0014676376545937342,0.04973749658914587,0.6807408889489612,False
PFDN4,-0.0023688013010255598,-0.07828494256247175,0.37923149005790013,False
PFDN5,-0.001996633242788447,-0.09083234088283909,0.11990013337539292,False
PFDN6,0.0007226519402523064,-0.17884322906496358,0.5423254471674439,False
PFKFB3,-0.0011069742187509411,0.03523697059847367,0.8377429267108393,False
PFKFB4,0.0018427702359864438,0.13101940164917128,0.7626848994502841,False
PFKL,0.001048679592049648,-0.09293151879608391,0.6313625314571469,False
PFKP,-0.00022877439622026038,0.1904786013150454,0.6003083412859473,False
PFN1,0.0011615746236385424,0.1509921849530994,0.01917261945028444,True
PFN2,0.0020138505422765724,-0.2271051870006331,0.5396683336992729,False
PGAM1,-0.002646224985270604,-0.029170993150266708,0.7261504459046852,False
PGAP2,0.0005596507199878523,-0.08664784513985414,0.7502896870512739,False
PGAP3,-0.004606157261885211,-0.07013591828061712,0.7623949287713214,False
PGBD2,-0.0032171414074913156,0.010198814951272913,0.9563319982452037,False
PGD,-0.0010965351333727235,-0.12568360522218253,0.16174717812258715,False
PGGT1B,0.003497237487964232,0.5790174619193756,0.14878612476823186,False
PGK1,0.021090219337373553,0.12311017993195092,0.2760751424591945,False
PGLS,-0.0033194912354502356,0.10008546098852417,0.3261528412168587,False
PGLYRP1,-0.004676506521365035,-0.04727315591805405,0.8373593808347044,False
PGM1,-0.00317224612756461,0.01485864484121777,0.9442173337644149,False
PGM2,0.0007188894186674336,-0.14955214230490524,0.33657695554613454,False
PGM2L1,-0.005192399327047286,-0.5389494174783501,0.02514428383373234,True
PGM3,-0.0019095128410209629,-0.003572114460206968,0.9916895767119664,False
PGPEP1,-0.0013997294332529567,0.26186476769125056,0.3653019315560014,False
PGRMC1,0.019130724055985728,-0.07816622890639972,0.6695459840642313,False
PGS1,-0.003387238309333906,-0.009485455961984406,0.965441800233923,False
PHACTR4,-0.002933672602492095,-0.020577537298818074,0.9521422575811646,False
PHAX,-0.0010574446484097715,-0.19491790115855345,0.4271917270419805,False
PHB,0.0005475734712942532,0.008770157101634583,0.9279125703714757,False
PHB2,0.0011034221623959209,-0.2805462849649614,0.13278898405707057,False
PHC1,-0.0012694094818875901,0.49116057780275896,0.17660414368371205,False
PHC2,-0.002351907286688648,-0.49071098293371307,0.02815513809180597,True
PHC3,-0.0038899903656363275,-0.01650631841346908,0.9420893576423377,False
PHF11,-0.0006925562749349787,-0.22072070206478234,0.39628482607657334,False
PHF14,-0.001819373416274866,0.20494902102771226,0.3073477873816205,False
PHF19,-0.0005622197228618853,-0.05372613275267879,0.7690180475812036,False
PHF20,-0.002319682888272023,-0.08367455926224604,0.48818507164902136,False
PHF21A,-0.0015745018028411677,0.5915214271335039,0.14970383920472746,False
PHF23,0.0012027421392683591,-0.11788196911059814,0.5382786042274623,False
PHF3,-0.002511023656456607,-0.3086430048329612,0.10641763633138282,False
PHF5A,0.0004035341031786994,0.28599941393951805,0.02026441114693664,True
PHF8,0.004073431650897902,-0.518838084872509,0.03239473081650415,True
PHGDH,0.0005312991418891172,0.2789873342077632,0.3442735651219585,False
PHIP,-0.001557644472769847,0.23670603298061416,0.4765871729407939,False
PHKB,-0.0004917500993657716,-0.03626297998126566,0.8778108848154981,False
PHKG2,-0.0007631503030146656,-0.24009964577977763,0.08280718649998987,False
PHOSPHO1,-0.0023318408095230874,-0.2093608884049361,0.46567520215539704,False
PHPT1,-0.0008968806861630489,-0.11409132846018356,0.3451080319855365,False
PHTF1,-0.001575504790130142,0.39360150934823485,0.0759734455677388,False
PHTF2,-0.00187189290889776,0.23759113768300466,0.5361523670222381,False
PHYH,-0.0024857879679102213,0.12741840542786603,0.31770476500302913,False
PHYHD1,-0.0012636078763764982,-0.06689545855918644,0.6974600019353057,False
PHYKPL,-0.002623104902597569,0.10893146376231526,0.7111842492212287,False
PI16,-0.000332050471338136,-0.2144336670954504,0.46723958801413035,False
PI3,-0.0025622982381191483,-0.06465424482010028,0.7385212526187195,False
PI4K2A,-0.0024561705405719727,-0.30018944613785564,0.3805472791771588,False
PI4KB,-0.0002534404914588504,-0.20202552304800842,0.5879784849032852,False
PIAS1,-0.0022658814915792543,-0.3170343108190462,0.2525032211351013,False
PIAS3,-0.0002052176985229199,-0.053418076475240994,0.8386576730960584,False
PIAS4,0.002239659287445495,-0.603120193252532,0.14962403057425444,False
PIBF1,-0.0031620818965556203,-0.3303102146248577,0.2738318717246908,False
PID1,-0.0014304891705029105,0.16934493032453446,0.36923640908732364,False
PIGB,-0.00010218959094484149,0.1402540681968177,0.3793932031826006,False
PIGBOS1,-0.0006048145196222199,0.0851181518633437,0.47951243941991195,False
PIGC,-0.0017746371757682991,-0.05734831728437944,0.7096914067859301,False
PIGF,0.001436056958489517,-0.03839216772664589,0.7638725443972394,False
PIGG,-5.829408726040019e-05,0.019008806680017906,0.9212903510594439,False
PIGH,0.0008408166051555509,-0.28514909075615263,0.04502693508698511,True
PIGK,-0.002042737074465846,-0.4616155804526659,0.14267842871503203,False
PIGL,-0.003503130870677923,-0.35646233296940383,0.10272676937491432,False
PIGM,0.0009824892664892445,-0.3119858801690718,0.09569638339970724,False
PIGN,-0.0027602936043219497,0.18612619021046103,0.49387690230975556,False
PIGO,-0.0015674524460345162,-0.2809882809919429,0.4667677447162849,False
PIGP,-0.0007527962619932858,0.07359960479467414,0.48043695592959634,False
PIGS,-0.001475469821810596,-0.04313074846159336,0.8332948957914837,False
PIGT,0.0009248070935077718,0.35217985720380784,0.12687300964543569,False
PIGU,1.413286312059222e-05,-0.18686033086699202,0.2903758424567152,False
PIGV,0.000502935308355922,0.180828687642674,0.6516829813706789,False
PIGY,-0.0021591587291906467,0.2585292769920685,0.5363703879105437,False
PIH1D1,0.0012995710748790025,0.01242750742451716,0.9055015994658102,False
PIK3C3,-0.0012626534906673207,-0.017725070678296713,0.9570585474589306,False
PIK3CD,-0.0014033364533368336,-0.15599158869202898,0.7435615727512452,False
PIK3CG,0.0017420485375614226,-0.5384206400695102,0.11404038955768525,False
PIK3IP1,-0.002200040903707972,-0.9139734208387849,0.09426730914110372,False
PIK3R1,-0.00022241644570466173,-0.18921599892560315,0.48763729626155417,False
PIK3R4,-0.0024242031018486907,0.31814204661073214,0.15265783581410589,False
PIK3R5,-0.0004720759714977465,0.20715017409430175,0.526513954568339,False
PIK3R6,-0.005695553403198824,-0.8875128646517189,0.0027167510015105177,True
PILRA,-0.004724579659622071,-0.05201097186044537,0.7465608279474821,False
PILRB,-0.005830005195410292,-0.29745821860525395,0.48801111679965603,False
PIM1,-0.0005857642232650607,0.18010467261603683,0.6090935095384564,False
PIM2,0.020988767124520417,-0.4903938394968661,0.07086562671855894,False
PIN1,-7.461149776011144e-05,-0.4323486653391068,0.328791502824069,False
PIN4,0.01216175561340516,0.047325222030326776,0.8462212191276636,False
PINLYP,-0.0007611986907948689,-0.35412192131419834,0.35533858782275113,False
PINX1,-0.002469176495187396,-0.19921425122788441,0.26637699757077005,False
PIP4K2A,0.0013116391046023184,-0.5758071700403588,0.023853241222909684,True
PIP4K2B,-0.0008941167198618555,0.15515488632687693,0.4258724328498662,False
PIP4K2C,8.551360067787753e-06,-0.6064105341236234,0.0765146598707541,False
PIP5K1B,-0.002669874146775741,-0.45342485725223625,0.32182623663197674,False
PISD,0.0027243769210380697,0.03345596895331457,0.9049769342218494,False
PITHD1,0.0033378201740130627,0.3956854319821444,0.2752030691372123,False
PITPNA,0.004022196237153312,0.19548717398800816,0.6258557010758119,False
PITPNB,-0.0024096508968882986,-0.12983905854432404,0.46337801168977055,False
PITPNC1,-0.0012389196293848296,0.1564700057275848,0.604455840932349,False
PITRM1,-0.0014419235780773916,-0.18704560434685494,0.5277883650399928,False
PJA1,0.013663615892088019,-0.2425908558443971,0.541805529397896,False
PJA2,-0.0013019579282023725,-0.09365103434161753,0.8022758794978233,False
PKHD1L1,-5.0043084017338546e-05,-0.03724442955128912,0.898820164902584,False
PKIG,-0.003384862434127329,0.051017602940456444,0.7821360695699263,False
PKM,-0.00038418661168770674,0.08397999931783416,0.3637166002966794,False
PKN1,0.0026308192599454154,0.2634373546277422,0.3080528864770741,False
PKN2,-0.0010603756861235437,0.8651069432124385,0.03409920756140107,True
PKNOX1,-0.001869006578865191,0.07686351272163636,0.7055297996601405,False
PLA2G12A,-0.00020136160829592535,-0.17601430574547983,0.26768010476330417,False
PLA2G15,-0.0011409089386967147,-0.34475310864259284,0.21089365251685227,False
PLA2G16,-0.0007051977928865811,0.2943045588080804,0.1113301953610772,False
PLA2G4C,0.00033236696449218177,-0.15545217799058952,0.3784043862297559,False
PLA2G7,0.0009747903014954639,0.12664891055671615,0.5984758844926779,False
PLAA,-0.00025905067506508167,-0.12015331790135608,0.7774086137409668,False
PLAC8,-0.00012010108229138788,-0.02881355508872642,0.6971948409522715,False
PLAGL1,-0.002323770739896349,0.11721162277947286,0.7447094892693438,False
PLAUR,0.0016457549472542038,0.2746930035506654,0.34672731456167255,False
PLBD1,-0.001021334774283585,-0.20250902753648306,0.3852704563200219,False
PLCB2,-0.00035351151079530144,-0.0669717788029705,0.8252903947174047,False
PLCD1,-0.0008994392521651111,-1.0125666467642396,0.034292287304132564,True
PLCL2,-0.001978515511923194,0.2594248224673678,0.3763441529799153,False
PLD1,-0.003683043441629883,0.10115289926179115,0.6783099653133207,False
PLD2,-0.0019462853591927468,-0.20962114649063596,0.20191581457319785,False
PLD3,-0.0009108668208333212,0.30048397097935003,0.5016590754816912,False
PLD4,0.00012387333467555543,-0.44100813865812477,0.424317510830002,False
PLEC,-0.0026759074366028623,-0.06595254415012856,0.808804198359171,False
PLEK,-0.0029281604215520064,-0.12140301846162396,0.5213897060593031,False
PLEK2,-0.0025447399783751676,-0.10832220149145694,0.6597746650608056,False
PLEKHB1,-0.0010393048521206735,0.07080707361795963,0.7035988600704252,False
PLEKHB2,0.0013763112912268964,-0.1978215619399529,0.4226288616824736,False
PLEKHF1,0.00225208649738351,-0.12580767390648576,0.7020998828835802,False
PLEKHF2,-0.0019418942136460629,-0.05986221883410144,0.7533582233121265,False
PLEKHJ1,-0.0011963262382333256,-0.10677462489837097,0.1008125100828307,False
PLEKHM1,-0.0020352165467528885,0.29958438497257883,0.07130789520528841,False
PLEKHO1,-0.002172885535485212,0.2995876683868333,0.09572337402331922,False
PLGRKT,-0.005984253380614563,0.08652513632799025,0.46140667481153586,False
PLIN2,0.0012842196996643565,-0.0671186213011029,0.706509497539952,False
PLIN3,0.000534159736432688,-0.21376016227575445,0.5175428296927602,False
PLK1,-0.001159413862387023,0.1305433541965394,0.6264489738730513,False
PLOD1,-0.0010604343842484844,-0.06526618065540855,0.8673687334066598,False
PLOD3,-0.0018919847271676078,-0.3448495732061109,0.4335807194962201,False
PLP2,0.02059123950159958,0.06026546628603116,0.5327032814879699,False
PLRG1,0.0010819941676458028,0.20933252776300135,0.3784070995996004,False
PLSCR1,-0.0020504791609844367,0.2807660769037411,0.4282968868754429,False
PLSCR3,-0.0010003152277028445,-0.6556157021515975,0.2381573182016629,False
PLTP,-0.003095625701025319,0.1075855055219018,0.70466698558178,False
PLVAP,-0.0005944974822334752,0.5170031014076388,0.2768255978421028,False
PLXDC2,-0.003451369116397194,-0.3310174889906223,0.32799500933664266,False
PLXNB2,-0.001814732919164325,-0.1730895513696141,0.6360456758880164,False
PMAIP1,-0.002294942409626644,-0.36722146823710583,0.3110558675190512,False
PMEPA1,-0.00016818055360784113,0.09761565059824451,0.6872283526276048,False
PML,-0.00024847470076921126,-0.24530896250574102,0.6459363768536304,False
PMM1,0.0015325311841662204,0.014085287445122595,0.9119922470491821,False
PMM2,-0.0015008046487550181,-0.21921406280031605,0.33707971600892445,False
PMP22,-0.0029307552836223437,0.16283326050794728,0.725332633742142,False
PMPCA,8.899153137316035e-05,-0.3935732499891405,0.1692962932064689,False
PMPCB,-0.0010660068383893573,-0.2912022092544113,0.20992130325258446,False
PMS1,-4.171131277981351e-05,0.05271711467624131,0.8236612290508558,False
PMS2,-0.004848460223871602,-0.4223267593683156,0.0638871228324705,False
PMVK,0.0005880505525214112,-0.22839401221969796,0.39750350524275424,False
PNISR,-0.00012521712446082354,-0.4602785798594024,0.012883658018043581,True
PNKD,-0.0008542859253813408,0.03179351319619469,0.7396796123784581,False
PNN,-0.0003655946241085831,-0.35190140976115614,0.0223329400053374,True
PNO1,-0.004186023175325883,-0.2197223024105341,0.22251509856812446,False
PNOC,-0.00413543774384322,0.26593511625880684,0.22278459851556165,False
PNP,0.0002869485805681293,-0.1733564153701726,0.448141776303998,False
PNPLA1,-0.002014623846550634,-0.31829213171738685,0.30071467719967515,False
PNPLA4,0.0038722306552826636,0.017389385910191308,0.9387382297738314,False
PNPLA6,-8.957522654631224e-05,-0.09456940717317128,0.7731745771543703,False
PNPLA8,-0.002684414939983966,-0.515898232945729,0.1396371953029627,False
PNPO,-0.0004788827761499699,0.13141733813526205,0.697504246983645,False
PNPT1,-0.006759368894394882,0.1323338336228889,0.7362631812570404,False
PNRC1,0.0038869126150386985,0.35751396830935167,0.09481244834211468,False
PNRC2,-0.00015067625133068148,-0.14825029664711276,0.388449609449086,False
POC5,-0.0016729918227185276,0.013266081287918643,0.9140436747697824,False
POFUT1,-6.129007651849018e-05,-0.5123949204045757,0.04777577193339068,True
POFUT2,-0.0011693373754901712,-0.2285947806202929,0.42322219269682293,False
POGLUT1,-0.004425053267858726,-0.03856219157836141,0.831304047915839,False
POLA2,-0.001921030739487901,0.33102280092033315,0.12243026931965502,False
POLB,-0.0033840193679597363,-0.18453658375202636,0.3869659743336076,False
POLD2,0.001556819554845471,-0.25812995770557334,0.41425116795356964,False
POLD3,-0.001864155942000238,0.17923944995711152,0.5009052066747353,False
POLD4,-0.001053475587382552,-0.04738259595341739,0.6552910686886315,False
POLDIP3,0.0009219980476297385,-0.20408031975145166,0.49282292528009874,False
POLE3,0.0026574996486425054,-0.03198285940622814,0.7551528725848559,False
POLE4,-0.00021991600664136092,0.2524750545083454,0.342433762312845,False
POLG2,-0.000709281040635507,0.11840701750904259,0.38057092543167925,False
POLH,-0.0007777632612599193,-0.5627317408803455,0.004523987419703653,True
POLL,0.0015918538377649343,0.10190288373843782,0.7129993972569684,False
POLM,-0.001357127552767425,0.07219223132365155,0.8798372534306518,False
POLR1B,-0.0035457279758257265,-0.3508387365204328,0.21823627283739708,False
POLR1C,8.238911445446884e-05,-0.1980529049355624,0.5087759522137091,False
POLR1D,-0.000916593267925048,-0.01817275045367111,0.9136318110981501,False
POLR1E,-0.003318574247078482,-0.052344520968595494,0.8016343113913054,False
POLR2A,0.00022816461104362793,0.41331773414457323,0.29971547306635493,False
POLR2B,-0.0011748276366750588,0.011491660161127163,0.9768019947664829,False
POLR2C,-0.0004096126645458667,0.15607548535770605,0.3415391839434977,False
POLR2D,-0.0018773227681704561,0.0953160661144708,0.6204188274128346,False
POLR2E,0.0005533259195713152,0.12467276067048891,0.13185204619513496,False
POLR2F,-0.0006335824684168651,0.0027811437273177475,0.9679764604196495,False
POLR2G,-0.0020741367873237607,0.03496481694448889,0.4757087712343073,False
POLR2H,0.0009436250188488338,-0.23501202012176967,0.07396989386763939,False
POLR2I,0.0008770844247346013,0.10207570558493846,0.10105623928868063,False
POLR2J,-0.0008553944432518779,0.07667799625778098,0.2895157972011104,False
POLR2J3,-0.0014229805726141999,0.4132976150636835,0.4977722663989662,False
POLR2K,0.004764359024580166,0.05857661534773041,0.6685983113423694,False
POLR2L,-0.000493565816472272,-0.07769399083443673,0.4342753247583707,False
POLR2M,-0.0016327656835032295,-0.1214282238769051,0.6117293733877147,False
POLR3C,-0.0009092662277774325,0.16970980829670795,0.3604777824220109,False
POLR3E,-0.00036346623618074614,-0.2850641913287757,0.3848016480058738,False
POLR3F,-0.0010573382155987822,-0.07878949393696584,0.732544348397205,False
POLR3GL,-7.336315154914634e-05,-0.44896622586075996,0.009269033034406099,True
POLR3H,-0.0018832227611040372,-0.020828498770646926,0.9485301907576582,False
POLR3K,-0.0011932109819015775,-0.09588133333467022,0.4580106421874668,False
POMGNT1,4.4793291649655885e-05,-0.19105473017937485,0.5685969629326082,False
POMP,0.0015030647434718977,0.0067904212313251045,0.9488133047211033,False
POMT1,0.0022795167594258678,-0.5735003569685195,0.17864289461565833,False
POMZP3,-0.0018507070301478894,0.21107904287400317,0.4584539853026979,False
PON2,-0.002788870838629784,0.0692697629206736,0.8198193273305446,False
POP4,0.0003839816218124495,-0.12239342713296539,0.2562619686244207,False
POP5,-0.0030478247734789903,0.06298447761226751,0.5500759439885663,False
POP7,-0.00019063709697720753,0.05224407552929132,0.545162499805921,False
POR,-0.0005917348413047879,-0.5083569781517161,0.17634097255721387,False
PORCN,0.011974054999170062,-0.5861829968331199,0.020843629544348707,True
POU2AF1,0.0027697543281012082,-0.14156563515992085,0.5699257360091955,False
POU2F1,-0.0034985974169188146,-0.2245421960700346,0.4645978032040422,False
POU2F2,-0.0008003567580494452,-0.15098251661444836,0.7928307090756186,False
PPA1,-0.0025135603488120805,-0.07159048343192126,0.5276922705121285,False
PPA2,-0.00028942647788664813,0.24271008022012872,0.203812519351289,False
PPAP2A,0.0006009307198991773,0.17313321794832,0.6575609511692846,False
PPAPDC1B,-0.001671991246446622,-0.10961846150520183,0.6191538136265197,False
PPAPDC3,0.0009766290518492637,-0.14898132702707126,0.4335820798130421,False
PPARA,-0.0012753582035124485,0.06228553096423936,0.8489534928101676,False
PPARD,-0.0006556005922999527,-0.40057785682881114,0.06803020934899477,False
PPAT,-0.0008244058359812736,-0.44879168519541224,0.3116583589575492,False
PPBP,0.0008081630421487764,-0.041852657735012185,0.8413601082276498,False
PPCDC,-0.0007408325474365947,0.2397560440481098,0.09201880065336893,False
PPCS,-0.002581625731516041,-0.02508483816330652,0.8818217249424649,False
PPDPF,0.00020739398818825087,0.2870380481516038,0.2096806545059825,False
PPFIBP2,-0.0020549842736615307,-0.012412288457352476,0.9593058058144984,False
PPHLN1,-0.003129094166151332,-0.08944231709742193,0.7467776599308905,False
PPIA,-0.0041427811411831285,0.02197820676056396,0.7644800170325093,False
PPIB,-0.0016400182308151507,-0.08696030578784154,0.13363906724654917,False
PPID,0.001095221538627468,-0.019639627985550707,0.9075954115032993,False
PPIE,-0.00037094022135554267,0.13911314059573854,0.29239330875510605,False
PPIF,0.0015745339790398062,0.14823280611241124,0.5828979515062176,False
PPIG,-0.001593204238924432,-0.20060687712298964,0.25846287828928227,False
PPIH,-0.004256399326192439,0.12268367488894565,0.20298946154412606,False
PPIL1,-0.0017574167912056628,-0.19602156180906563,0.41269925624584625,False
PPIL2,0.0019167432814538713,-0.06220888607399158,0.8361627119633458,False
PPIL3,-0.0026532695160682933,0.056765536169123026,0.7140776909496094,False
PPIL4,-0.00045489498219758234,0.08255438746568375,0.7376062718326093,False
PPIP5K2,0.0029624274578525594,-0.1613405401037835,0.6972715189543075,False
PPM1A,-0.0017465854951258708,-0.07788095038698499,0.8117407460867859,False
PPM1F,-0.003067925454672936,-0.2616984890452913,0.5099992564886915,False
PPM1G,-0.0004895132165568299,0.0062189270194294,0.9735772059233812,False
PPM1K,-0.0022293345413168476,0.5668618847332737,0.013300246066685258,True
PPM1M,-0.0004858206880772741,-0.032456392706349035,0.9087819284086223,False
PPME1,0.0020039696887367278,0.06967749882327458,0.7088162140047991,False
PPOX,0.0018058595963448025,-0.22961563738363744,0.20692020964921595,False
PPP1CA,0.0008274903177587228,0.08529525026726059,0.29119977707924466,False
PPP1CB,0.00047279395678116574,0.3218669533050352,0.25377248782529965,False
PPP1CC,-0.0014817883522317,0.09166710887830545,0.7195043153616987,False
PPP1R10,-0.0008829362320344654,-0.15871425045367404,0.6753538350068338,False
PPP1R11,0.0014640042749869376,0.12596105198804144,0.4222277014170749,False
PPP1R12A,-0.0019557463833149657,-0.33623707736270037,0.07332572859406442,False
PPP1R14A,-0.00478592665939292,-0.4893192968350068,0.1817962141232536,False
PPP1R15A,-0.0024475348801657744,-0.5994344655062824,0.11275941830056394,False
PPP1R15B,-0.0012978108786656892,0.31592064051801527,0.29339045000483316,False
PPP1R17,0.006083273601146744,-0.4165092282773557,0.07951353019213116,False
PPP1R18,-0.007169585214976619,-0.025594356354353573,0.8943079944391807,False
PPP1R2,-0.003152337392185934,0.06873930639688632,0.554301388871138,False
PPP1R35,0.0006861523584976818,-0.04701151400360241,0.8780730183888088,False
PPP1R3B,0.0002199152056681634,0.25968630254444425,0.44007637148543766,False
PPP1R7,0.001003171626200806,-0.0920174906629506,0.4218150432435299,False
PPP1R8,0.0003474762062528673,-0.12689208906089364,0.7179234669450513,False
PPP2CA,8.70778895434871e-05,-0.15319018076428229,0.4222066493430465,False
PPP2R1A,0.0013405660073576655,-0.038980063132672785,0.7051637954815468,False
PPP2R2B,-0.0016464485686579745,-0.05631535764505472,0.8885366109653516,False
PPP2R2D,-0.0006906260259122483,0.14126072456030872,0.6759654193683771,False
PPP2R3C,-0.00020051631578178703,-0.010132353656261342,0.9518785176666746,False
PPP2R4,-0.001250638444443954,0.10210922472703013,0.7945220348918274,False
PPP2R5C,-0.001146304355951198,0.06817679306536552,0.5819148092261119,False
PPP2R5D,-0.0023475068686983655,0.2106122477913555,0.4409108312027159,False
PPP3CA,-0.001929451252084605,0.003253640598371743,0.9933451751826791,False
PPP3CC,-0.0013174318851604994,-0.14203940463165873,0.3868348617020344,False
PPP3R1,-0.0020113001876903226,0.019715643950154238,0.9335286822044544,False
PPP4C,-0.0009592390414091081,0.36795260466391766,0.09591422587307082,False
PPP4R1,0.001400867794816693,-0.31710305429494506,0.052142444047239174,False
PPP5C,-0.001660640204861832,-0.14169796425309591,0.6332476829092761,False
PPP6C,0.0029479215745429363,0.06154086358532762,0.7623742849586045,False
PPP6R3,-0.0035071837720563924,-0.192827246665688,0.5022052085315116,False
PPT1,-0.0023285567710366645,-0.2747666586713174,0.09546482831297752,False
PPT2,-0.0018184149629092805,-0.5270736821044674,0.23120640666558814,False
PPWD1,0.0008234284529206716,-0.19152193832176234,0.36695775160753785,False
PQBP1,0.026906255226834153,-0.01581154090020102,0.9076481185084893,False
PQLC2,-0.0005708692953094389,0.017207861631321597,0.9648186181226585,False
PQLC3,-0.0013011240475066731,0.19913769116445076,0.2372813041715573,False
PRADC1,-0.0008348707115232202,-0.23749427609589052,0.4487203859788155,False
PRAF2,0.027730388387474308,-0.0023163472623196745,0.9906432000171945,False
PRAM1,0.0014443493209243033,-0.6629668253308274,0.13962283991240615,False
PRCC,-0.0015406591102223274,-0.0638818966229543,0.8886294418192611,False
PRCP,-1.666379596216411e-05,-0.20036346967170754,0.2559531702598335,False
PRDM1,0.00025928551860458044,-0.12314609440164043,0.7248579632958196,False
PRDM2,-0.0018445908357792615,-0.06027142849873742,0.8612794942137887,False
PRDX1,-0.002658532400913996,0.1743764776715308,0.042037239478494706,True
PRDX2,0.0002330757453035454,0.20290803511271724,0.33421005893173933,False
PRDX3,-0.0013534074541122268,0.03864199326818558,0.5720467953138012,False
PRDX4,0.021306150358641633,0.06942535650325639,0.5748543383402698,False
PRDX5,4.180671686643267e-06,0.12522752855278796,0.19782587525436413,False
PRDX6,-0.00035261817859155487,0.16009267027013527,0.2947182975088983,False
PREB,-0.0004692138561797618,-0.23628452335162844,0.3664179290847748,False
PRELID1,-0.001365243163259308,0.40071722203430116,0.031930690168440974,True
PREPL,-0.0014103767321608477,-0.5971096402558584,0.06623799590677067,False
PRF1,0.009212661666556226,-0.40506962915239586,0.07911317526753635,False
PRH1,-0.0029667803662774784,0.006744064150620479,0.981784369427311,False
PRICKLE3,0.020828847210096663,-0.6150445605304117,0.004504232593515037,True
PRIM1,-4.216313175867609e-05,-0.2387676769888109,0.34432461266243813,False
PRIM2,-0.0013285413823513426,-0.7377341486318595,0.04834172652035213,True
PRIMPOL,-0.005391080413139601,-0.14339949841303504,0.4804923221884073,False
PRKAB1,-0.0002734231621413208,-0.055530742153085684,0.7925950690382605,False
PRKACB,-0.003961084526096015,0.13791875671332923,0.7095695209388254,False
PRKAG1,-0.000431792063670416,-0.08096463162167639,0.7244347183361586,False
PRKAG2,-0.0016775762377890084,-0.4133585521290122,0.16439088333629795,False
PRKAR1A,-0.0021485461659438362,-0.2135748342922707,0.07445391278098303,False
PRKAR1B,-0.0010566960122397864,0.20707247972272338,0.2985257679736177,False
PRKCD,-0.0008020304896408187,-0.1310048055237173,0.440950600253201,False
PRKCQ,-0.0015713797096444998,-0.3935048593704476,0.10845407828189352,False
PRKCSH,0.0006380710940864727,0.16471815127152503,0.41064748070441914,False
PRKCZ,-0.00038926245290206343,0.10234435836097129,0.697545273787396,False
PRKD2,0.00020844827643690217,-0.5034189157728396,0.10860650567728501,False
PRKRA,-0.0011015205361036495,0.2765458326702413,0.3920557003809868,False
PRKRIP1,-0.0018353954793848047,0.18641416269824973,0.19722298516364722,False
PRMT1,0.002638019782103873,0.1977846812554855,0.5212959342362145,False
PRMT2,0.0019002954502106172,-0.1553363765425694,0.07116421249224357,False
PRMT3,-0.0011719317116485593,-0.1677674465927626,0.34151425714214817,False
PRMT5,0.001981620650673698,-0.1927829355775954,0.5115205636219313,False
PRMT7,-0.0018001367781774122,0.09425021658501723,0.7612950644430632,False
PRMT9,0.0011040501788266717,-0.03847608597155953,0.8919669060014329,False
PROCA1,-9.509533865815962e-05,0.20189344493895217,0.5553570733163189,False
PROCR,-0.0012050406468799633,0.13514060450149074,0.6147473764681173,False
PROK2,-0.0032144860110779987,-0.07013626853933734,0.8106087992433151,False
PROS1,-0.004692816334143213,0.01682095896048752,0.9569031820702922,False
PROSC,-0.0016549802154803472,0.1288510775350296,0.529489215877159,False
PROSER3,-0.0015838873282831133,0.0223958783579354,0.9427914266494071,False
PRPF18,-0.0025140031426076352,-0.27561286465058354,0.2046564376155239,False
PRPF19,0.00023643694390583346,0.06617215104502878,0.8477740142345468,False
PRPF3,-0.001118185532001839,-0.10038522148806711,0.7918871415543762,False
PRPF31,7.131401335882005e-05,-0.32808646730785673,0.16433512066617967,False
PRPF38A,-0.0007350244668032529,-0.18100874609201345,0.3040615388397166,False
PRPF38B,7.413117332591835e-05,-0.06901326489200302,0.8309786184255117,False
PRPF39,-0.0029439242966743046,-0.2616413500508695,0.48188034438546135,False
PRPF4,-2.6534779152223914e-05,-0.3221928492282594,0.4754131160936722,False
PRPF40A,0.0016368459452128056,-0.28137295241874466,0.28445672302887876,False
PRPF4B,0.0007059640585092898,-0.5406788477833645,0.12679671740014276,False
PRPF6,-0.0005679421008065353,0.08367703243893024,0.7946188503624099,False
PRPF8,-0.0007211249574195222,-0.43181495481014864,0.2419108526123238,False
PRPS1,0.013598896462399186,0.016800281886504335,0.9577792872818036,False
PRPS2,0.009808187893187915,0.18747748545729326,0.4514905745888411,False
PRPSAP1,-0.0011905940259960125,-0.21028419822002026,0.5872163130587679,False
PRPSAP2,-0.0007271920116116343,-0.37612175945921256,0.22165586281846886,False
PRR11,0.0019661986613086955,0.34717659679689933,0.3639182268404359,False
PRR13,-0.0010160065119163874,0.02868122134451312,0.7401393938615026,False
PRR14,-0.0006984304570837236,-0.1955363206565642,0.7504787284976691,False
PRR3,-0.0008148035138995154,-0.2087074796109157,0.3403752472392672,False
PRR5,-0.0004003417822279475,-0.052488853484818146,0.7388400676825839,False
PRR5L,-0.0012816303371922862,-0.3904855207304307,0.2965565249075497,False
PRRC1,-0.0037348819674139625,-0.1661000515076361,0.7075734651847776,False
PRRC2C,-0.0024368783121300652,0.056546645912506036,0.7262547072843404,False
PRRG4,-0.0017291303266105168,-0.09238277435443118,0.7802700058900742,False
PRSS21,-0.006301071985227385,0.6960558208995891,0.1352954442900448,False
PRSS23,-0.0023414742952462195,-0.4831739767506708,0.10842950915737731,False
PRSS3,-0.006012928322842143,-0.12746467783543858,0.6052472847814341,False
PRTFDC1,6.672221944999541e-05,-0.18183517991388343,0.5074926901488679,False
PRTN3,-0.0070163441311821935,-0.4543186520810918,0.3877832159513692,False
PRUNE,0.000561301725954723,-0.25072263851343923,0.36069899030060115,False
PRX,-4.682598666439877e-05,0.06261331114251392,0.8406793576603704,False
PSAP,-0.0017043736808769767,-0.07688578310824508,0.713362332636892,False
PSAT1,3.9942106644449705e-05,-0.3046586120009664,0.3659786214853664,False
PSD4,0.0001275192789277117,-0.1425775235670564,0.7670849990962996,False
PSEN1,-0.0023731436178149627,-0.1398775007860755,0.2757806099604509,False
PSEN2,-0.0007668002538351621,-0.0184625250711826,0.9300366559540242,False
PSENEN,0.0016789300142763964,0.2282910547382523,0.08130173377370278,False
PSMA1,-0.0028683481967153417,-0.07514418104070823,0.3353762030832268,False
PSMA2,-0.00038560389355433376,0.18885064057839893,0.12290150243661371,False
PSMA3,-0.0006750970539273599,0.1824310538082147,0.11404349353402954,False
PSMA4,-0.002470371763836282,0.03398936967473068,0.7582347386640655,False
PSMA5,0.0005068268048862925,-0.152444413650331,0.10578155237464561,False
PSMA6,-0.00023636008564629067,0.0047199736250745795,0.9730942837179294,False
PSMA7,-0.0006210114331690219,0.02942542166765784,0.6404112098818442,False
PSMB1,0.00021576427649551308,0.06248497696655678,0.42246061754190156,False
PSMB10,-9.032213435414401e-05,0.11182959253194251,0.3932488727400071,False
PSMB2,-0.003088476132118659,0.11376952538880857,0.07392095436942944,False
PSMB3,0.00011074998152304864,0.12980548933444405,0.27958749797460153,False
PSMB4,0.000334011690368597,-0.035305920093224766,0.7835582605412793,False
PSMB5,0.0019016442538457264,-0.017985741434599706,0.917445935553598,False
PSMB6,0.001979179733845312,0.0842497423044804,0.21344294188584045,False
PSMB7,-0.00125308883623423,-0.01596466004593812,0.8659342229229016,False
PSMB8,0.0004355136693686361,0.20563429717154788,0.1833124114795032,False
PSMB9,-9.705267560980738e-05,0.16217012347919932,0.31733427020401817,False
PSMC1,-0.0014120494365171406,0.07503111814075789,0.39244641822986437,False
PSMC2,-0.006659393813281854,0.15676370395279418,0.44823023109084825,False
PSMC3,1.118615613972208e-05,-0.02572583583731869,0.9183646123337323,False
PSMC3IP,-0.00039882500212050945,-0.516838971845413,0.04736609620283155,True
PSMC4,0.0013039437222819616,-0.027082666625569612,0.7452983162581673,False
PSMC5,-0.0003883946609699057,-0.19229197123916414,0.04877570884901149,True
PSMC6,-0.0018813169312162288,-0.43863407830989226,0.2736060676620526,False
PSMD1,-0.0022550345568722084,0.19451916712128614,0.1798878035391749,False
PSMD10,0.02742088664815198,-0.1355603015333616,0.38165172230756816,False
PSMD11,-0.00038690497899578774,-0.05773895972978317,0.5110286621560811,False
PSMD12,-0.0019239703411603917,0.06568341315328263,0.7545046514130563,False
PSMD13,-0.0007001315626186882,0.06486921448066034,0.6191873807953118,False
PSMD14,-0.0023557414839336438,-0.11913751680585863,0.5045303638346745,False
PSMD2,-0.0007404773832813198,-0.046598014179464436,0.9114005764055065,False
PSMD4,0.0006381521009085428,-0.05053513019667329,0.35675335918982415,False
PSMD5,-0.006009890674402483,-0.46908756674778945,0.03936182955564124,True
PSMD6,-0.0031537839363921915,-0.16692481731914396,0.2884066570579779,False
PSMD7,-0.0024737085971724042,-0.02359709081880141,0.7899140815958475,False
PSMD9,-0.0011732894297170487,0.022060881893165057,0.7997322924162631,False
PSME1,-0.0026338710092385846,0.14133995831260412,0.23322083460621318,False
PSME2,0.0007910391292242674,0.2916822190259164,0.11796791826411347,False
PSME3,-0.0005367138330925424,0.03281213728118241,0.8956398140395672,False
PSMF1,-0.0007632902725203918,0.05665964981040775,0.7429478836242784,False
PSMG1,-0.003133979803017536,0.034867178536898386,0.8880497147817097,False
PSMG2,0.0004138217254161988,0.024338579088708637,0.7008120653268382,False
PSMG3,0.0010320880571424672,0.03836222789032235,0.6328577619693272,False
PSMG4,0.0008349047156273374,0.030041410820831043,0.8634834605900041,False
PSPH,-0.0006932857263154362,-0.34840557744093686,0.2263013598390181,False
PSRC1,-0.0011756470559166807,-0.02940898001515276,0.951012790373168,False
PSTK,-0.00019407701020004731,-0.14772345953084065,0.6526585528777472,False
PSTPIP1,-0.0005897357131313853,0.0042233833995923105,0.9662169113555471,False
PSTPIP2,-0.005371160509726044,0.3030991768447861,0.29847076994092525,False
PTAFR,-0.00028635650394447207,-0.2605954591852348,0.15855741820841687,False
PTAR1,0.0011773719246032687,-0.05439575774208796,0.8248231798598762,False
PTBP1,0.0006566443278446773,-0.22288324018334787,0.3108736365365486,False
PTBP2,-0.0023985631354016593,0.0779645986055906,0.7732810849820668,False
PTBP3,0.0015095731747011667,-0.33202576662734384,0.23588098289324044,False
PTCD1,-0.0015170939099796784,-0.06306799426910141,0.7909164163536198,False
PTCD2,-0.0024993823026431385,-0.1265697023609723,0.6085006676897478,False
PTCD3,-0.00093381092093672,0.03564474424596607,0.9318132041672134,False
PTCRA,0.001924237054710844,0.043666695719482784,0.8677239015036964,False
PTDSS1,-0.0007339421728831374,0.09615243016448839,0.7466807598712699,False
PTEN,-0.0016074293483602073,-0.2873882029823084,0.10403507298135657,False
PTER,-0.0011001608977575627,-0.13791176828765847,0.615276340616471,False
PTGDR,0.0021522270089995854,-0.5364168281885973,0.17686795123532112,False
PTGDR2,0.002585373916719463,-0.40555596503432034,0.44331759932827053,False
PTGDS,0.0012973875899030636,-0.013745191990206173,0.9549316196953408,False
PTGES2,-0.001028337629445817,-0.0390535187285205,0.8602213422720688,False
PTGES3,-0.0006184404341592811,0.06274897074396563,0.5424244869169769,False
PTGIR,0.001197422830717421,0.09631431755966528,0.6628146827439727,False
PTGS1,-0.0008086405069030518,0.13993054448130998,0.42990693301457805,False
PTK2,-0.002320329562601851,-0.13084850069879422,0.6631165842796799,False
PTK2B,-0.0006738425245509973,0.05305335637983847,0.8979898307867604,False
PTMA,3.1204203312639104e-06,-0.14708646013690993,0.08223129883942026,False
PTMS,0.0016157429376273313,0.0987927671785428,0.7119977206358612,False
PTOV1,-0.0022223412555136936,-0.6672651076592492,0.02378580561133911,True
PTP4A1,0.0012460964476230824,0.007028214312594245,0.9780163178565083,False
PTP4A2,-0.0023812553705808144,-0.2742234476334626,0.14470645334131507,False
PTP4A3,0.005440580145157797,0.23460650823423354,0.3726870065222914,False
PTPMT1,8.825011569615536e-05,-0.005892356360403343,0.9584622847543478,False
PTPN1,-0.0022815339211101904,-0.12304110377396338,0.6418340107998297,False
PTPN18,0.0007847731871198392,0.3786608473038884,0.1058595883573579,False
PTPN2,0.00013228690253124133,-0.017421215104983585,0.868806496102444,False
PTPN22,-0.0017229231192775428,-0.3607822799674596,0.14109127876546113,False
PTPN23,-0.0002929196295881269,-0.30826463892379913,0.10698703711551452,False
PTPN6,-0.0021505240272247485,0.040153951821730774,0.8366861947521618,False
PTPRA,2.5448553932975225e-05,-0.01634342559489695,0.959317095992682,False
PTPRC,-0.00023008463218304647,-0.3949038965748439,0.18278216746610657,False
PTPRCAP,0.0026936089378619206,-0.1248715159690981,0.3992488199893901,False
PTPRE,-0.0026770484936749868,-0.19893198443150262,0.4036821740998833,False
PTPRO,-0.006421171087272385,-0.07845826327725258,0.8208634700223989,False
PTRH1,0.0015711572478908054,-0.3841388332914344,0.28759591622219366,False
PTRH2,-0.00031941268701242485,-0.17001451651858623,0.04110506471173471,True
PTRHD1,-0.004133441912128957,0.37070965269167844,0.1983592412272181,False
PTS,-0.00016789044687311595,-0.054965099516584605,0.7625193701169917,False
PTTG1,3.423156477709061e-05,0.321705149133426,0.15944653270900924,False
PTTG1IP,-0.0034680981618791795,-0.2090388451013117,0.09733806376189555,False
PUF60,0.0015971384356318603,0.03407020322262087,0.8721376971989108,False
PUM1,-0.0033832488411210736,0.3430660135505983,0.495774196761107,False
PUS3,6.870752908565232e-05,0.2629713000999142,0.3698128924377977,False
PUSL1,-0.0002723227067338239,0.15437154638234984,0.5426884579837645,False
PVALB,-0.002175230559964513,-0.10471652554229809,0.6592494555170374,False
PWP1,-0.0035511368864783017,-0.099744929672707,0.43092278758298286,False
PWP2,0.0021707586287951757,-0.1900533694679144,0.4950560070698127,False
PXK,-0.0046855002281503575,0.16513399636850096,0.5615401769816357,False
PXMP4,-0.0005111666078887699,-0.22817764357015896,0.19722296458672692,False
PXN,-0.0016438480725599613,0.22293487054728997,0.576381793530818,False
PXYLP1,-0.0021202751300872812,0.21096025772609914,0.6113335902017217,False
PYCARD,-0.0012821423768887296,0.07334938576178966,0.4767204267185191,False
PYCR2,-0.0013074514904420228,-0.6345627903767164,0.04626519311616459,True
PYGB,0.0005767323006960278,-1.0393388633957963,0.02067394770746943,True
PYGL,-0.0012795202475787224,-0.07056722832879912,0.6954489584806178,False
PYHIN1,-0.0014372845693296696,-0.09625319397550908,0.6912054435712356,False
PYROXD1,-0.0007886370770546759,0.11015209503532786,0.5029584834101604,False
PYROXD2,-0.002283975881808275,-0.6450347434872163,0.09020013191853007,False
QARS,-0.0017696231045141529,-0.33226953445649826,0.2446920770549287,False
QDPR,0.0013396363579833898,0.09927196839694573,0.7266404776678644,False
QPCT,-0.002952522080055281,-0.06378079823383498,0.7594058005131757,False
QRICH1,0.0028929134015074623,0.053126361532341626,0.8918939229547431,False
QRSL1,-0.0012062995490656576,-0.4669383637101608,0.09916781648229747,False
QSOX1,-0.0010648646917338347,0.14116049592718916,0.428177160990019,False
QTRT1,0.0005379519064610542,-0.2522961603414722,0.4284562212166514,False
R3HCC1,-0.0014167680641011674,0.2324937431013113,0.39612013706494087,False
R3HCC1L,-0.0017199906646652927,0.19951258551127374,0.4465040696183613,False
R3HDM1,-0.0010153982685560158,-0.11996130395315904,0.6901237828174923,False
R3HDM4,-0.002005895272628645,0.008070353041535139,0.9736947746034808,False
RAB10,-0.004604910632901984,0.009018750463790463,0.9384451129921396,False
RAB11A,-0.0009429589372094136,0.022306642129082437,0.861899887582702,False
RAB11B,0.0005509326689332881,-0.3554642641661002,0.4110040379760078,False
RAB13,-0.002345035253387819,-0.1832370141973701,0.518708220294674,False
RAB14,-0.0012206680508940729,-0.12819157014081378,0.33024931985086975,False
RAB18,0.0009318721639107648,-0.02792538993807714,0.8664184698224254,False
RAB1A,-0.0010717722318066365,0.019369223144301697,0.9114023251135372,False
RAB1B,-0.0009658726984723748,-0.4180633902049473,0.3401482647738764,False
RAB24,-0.0005037844865637874,0.036272897371090435,0.7740863953424875,False
RAB27A,-0.00213308016936518,-0.1067410424418356,0.7036364108363791,False
RAB27B,-0.0044663232835757,-0.4097251627221877,0.24314605823567795,False
RAB28,-0.0015184817908751222,-0.06395252808646229,0.8245241261339781,False
RAB29,0.0029575517972977444,-0.11551492106185944,0.4512430948946333,False
RAB2A,-0.0020921817734227224,0.20718153810476225,0.2527334986636228,False
RAB2B,0.00028032049763501536,-0.014680961603660305,0.9424638492345465,False
RAB30,-0.0020392906293446,0.09775591255562795,0.720388422803558,False
RAB31,-0.0028509654607897514,-0.15551949179018643,0.6491115861343756,False
RAB33A,0.011416310023471482,0.08312721418922688,0.6315474697763277,False
RAB33B,0.0015855282651442647,0.029686597485611976,0.9217404086733197,False
RAB35,0.0012418387848764016,-0.06987028880454176,0.8261907483738931,False
RAB37,-0.0032841762057788425,-0.29848190753696585,0.12195810122798217,False
RAB39B,0.016431383303417688,-0.26310120609317383,0.4814045404996877,False
RAB3A,0.0005876100222480911,0.05577168602981453,0.8568134132931908,False
RAB3D,-0.004284483423801389,-0.4922088861312858,0.10845520738289982,False
RAB3GAP1,0.00021198970174201678,0.07831714026932803,0.6788734933649582,False
RAB3IP,-0.0024551909174886145,0.24128889450959295,0.5625530736356865,False
RAB43,-0.0006787833549410393,0.17599300587423733,0.5777246448633191,False
RAB4A,-0.0001597829124402216,-0.30818862068779945,0.08682576997541881,False
RAB4B,-0.0023114258630917875,-0.4565190479112949,0.2177262776913907,False
RAB5A,-0.00032527900089644084,0.14753259486757894,0.6641509060130466,False
RAB5B,0.0006799703563645821,-0.3255778786035246,0.30616129488034227,False
RAB5C,0.0014544501338984719,-0.2658626345924885,0.4142462231867353,False
RAB6A,-0.0019156096051717894,-0.1667533618625678,0.6095354299854165,False
RAB7A,-0.0027955553007743207,0.3069089185716591,0.2349976132741696,False
RAB8A,0.0017940585435574441,-0.13075543623090655,0.5675070361630452,False
RAB8B,-0.0012484545227177892,-0.26981599556917274,0.021686018789102604,True
RAB9A,-0.0013470854542809803,-0.18642459933755992,0.1943654878240302,False
RABAC1,0.0006444185798844884,0.11405789078285168,0.16176017457662084,False
RABEP2,-0.0009037321832839669,0.03060813184594735,0.9251596829940743,False
RABEPK,0.003141767227381123,-0.12900641655803266,0.5238260342798817,False
RABGAP1L,-0.004404073863327978,0.030628737575715367,0.7205129883902301,False
RABGEF1,-0.0042359371984810315,-0.2246463836626644,0.17438785535353485,False
RABGGTA,0.0015781302901783899,0.45677399944465097,0.11791072410911306,False
RABGGTB,-0.0010188059188713087,-0.7100521985735821,0.02415048423315245,True
RABIF,-0.0028649038634159085,0.06579995021387565,0.47025937881604796,False
RABL2A,8.559555423702078e-05,0.16620171626343982,0.4389022868381598,False
RABL2B,0.002380071356701906,-0.5164102049943509,0.23038907106406853,False
RABL3,-0.0006166031900676226,-0.13595934246100466,0.46189633168358546,False
RAC1,-0.0031273299074803243,0.12620507311328874,0.4699540431886068,False
RAC2,-0.00106942918181677,0.20079832694356034,0.22391855833523008,False
RAD1,-0.001047957437240583,0.042297719636776004,0.8018410138650922,False
RAD17,-0.0002707734505530677,-0.19460554928459503,0.30240889974862795,False
RAD23A,-0.00033884651222606263,-0.15494452480834653,0.19648619883799387,False
RAD51B,-0.002479266670012575,-0.4721577222251621,0.1539951510928387,False
RAD51C,-0.0008134383696355803,-0.12305092718552782,0.269439975440437,False
RAD51D,0.0021511305993633326,-0.4774891593635507,0.04089007802415853,True
RAD9A,0.0016330035278051339,-0.45070747351433366,0.25050081584148337,False
RAE1,-0.0032428104713322858,0.008751686005661737,0.9401109954359508,False
RAF1,-0.0034742572910417217,0.208461691853997,0.4111443580237957,False
RALA,-0.0035846030289037574,0.09020611572565529,0.5773495459816436,False
RALB,-0.0028228067308827248,0.272976436266262,0.33519625030650957,False
RALBP1,-0.002550648926162339,-0.9375292479669604,0.01352453775386013,True
RALGDS,0.0034707311278919088,0.05487563923313103,0.8739080003008933,False
RALGPS2,-0.007065967588863355,0.045768958965911606,0.8720503728553948,False
RALY,-0.00046275957682344456,-0.07009328865417676,0.8277205176795996,False
RAMP1,0.005547742484691595,-0.8617208907415201,0.021883484737677112,True
RAN,0.0007706049583333001,0.040217887140974184,0.3949863514654409,False
RANBP1,0.0007870260152300194,-0.1112513842753066,0.5635351027310568,False
RANBP3,-0.0003646388454572067,-0.2090481609739265,0.5809056208018004,False
RANGRF,-0.0013814742437869448,0.13143835196841577,0.409451988204263,False
RAP1A,-0.0028214403923496533,-0.20744302408844967,0.47666837643007376,False
RAP1B,-3.2380199916266475e-05,-0.1795741957112155,0.3646880273075049,False
RAP1GAP,-0.00014018029557939216,0.16223634795496902,0.6382155334559936,False
RAP1GAP2,-0.0009347217215445109,-0.2529017682500594,0.10025566932709094,False
RAP1GDS1,-0.002542862465275845,-0.08526753758490975,0.7391144041376445,False
RAP2C,0.01956081616426456,0.067139984937523,0.7191453058604713,False
RAPGEF6,-0.0009839899701073996,-0.4339463694214482,0.2838939795481881,False
RARA,-0.001672401751962105,-0.7936530769816955,0.2141628053433317,False
RARRES3,0.001306627220421623,0.03129451991460562,0.714803241336395,False
RARS,-8.557809696498956e-05,0.2647209158203739,0.4319872683929947,False
RARS2,0.00025850216045957393,0.16891113259725826,0.5049408236891546,False
RASA2,-0.00022038040316658557,-0.43179927950791874,0.2192776384084394,False
RASA3,0.00036809575177554647,-0.2979166727452383,0.33679000784881313,False
RASAL3,-0.00038219690686201415,-0.40440578529994714,0.06761777659863345,False
RASGRP2,-0.0007941901199284245,-0.250365113882941,0.3793475959886927,False
RASGRP3,-0.0020434556289141066,0.05652774022957447,0.8756704505624092,False
RASGRP4,0.00039810802550713264,-0.20612150033692572,0.6003154780834591,False
RASL11A,-0.00031802948699923505,0.1333115778537325,0.451015273519207,False
RASSF1,0.0016364885911690295,0.092745611234558,0.7125628043498655,False
RASSF2,-0.004650180018768651,-0.07582090789333668,0.8175993788417437,False
RASSF4,-0.0008137302202425246,-0.16622856518618578,0.3227602693947209,False
RASSF5,-0.0002511103048977663,-0.12159669625288799,0.6129823002801607,False
RASSF7,0.00016508017158217442,0.017348188100315465,0.9722275448714957,False
RAVER1,-0.0014262982787655574,0.027420156540980498,0.9167161040617016,False
RBBP4,-0.0006820714002988552,-0.28718249583092526,0.18655314922963562,False
RBBP5,0.002040237652923778,0.00022655820898013582,0.9993857283951251,False
RBBP6,-0.001951837479351611,0.28604231379508577,0.21036695544165598,False
RBBP7,0.007175263547607414,-0.1406355953079977,0.5443696067306274,False
RBBP9,-0.00037324984761157406,0.004155447248411671,0.9934954952736144,False
RBCK1,-0.000918248663264586,0.04257342971636597,0.8415596883062413,False
RBFA,0.0012763835101813911,-0.26288777020461723,0.3308469505171618,False
RBKS,-0.0023589597024466936,-0.2273596663108472,0.34347544146563164,False
RBM10,0.011085824504037934,-0.31300409581011873,0.31288712261468693,False
RBM11,-8.580196308227121e-05,-0.08871279496457506,0.7481887816236008,False
RBM17,-0.0018847731271315704,-0.30707538522077155,0.36295337462022487,False
RBM18,-0.0004910739009467118,-0.1621103594344143,0.23863027776679024,False
RBM19,0.0003122494213990572,0.16929593781434626,0.6069902894365143,False
RBM22,-5.499316915250036e-06,-0.21656214360610182,0.4429056122688343,False
RBM23,-0.000792855388547198,0.21931265367853506,0.33172724912624885,False
RBM25,-0.0011398253001809735,0.1836642173230725,0.6261532245324715,False
RBM27,-0.001361409225119571,0.09595461090437737,0.7112578857886489,False
RBM28,-0.0031051437016100802,-0.044761070066733466,0.8604081874861577,False
RBM3,0.018942327377707558,-0.2824411135579801,0.16411598629396318,False
RBM34,0.0003352173807778187,0.02741919360442803,0.8765323542729424,False
RBM38,0.0016724281628854101,0.17363116597814268,0.4140111793425313,False
RBM39,-0.00022876666641620386,-0.05164295328595446,0.7722266099708865,False
RBM4,-0.0005228342162229946,0.02352561234556679,0.735361821482364,False
RBM42,0.0003021270400488022,-0.17153504044139078,0.5633825460417059,False
RBM43,0.0014544438445266746,0.06263257207747192,0.7585225029005147,False
RBM45,-0.0010627345547873726,-0.5962926087329817,0.09169259720797746,False
RBM47,-0.005083565305350453,-0.2883616726916566,0.217318282992023,False
RBM48,0.0007116688913826345,0.08375737053979189,0.7733058963393036,False
RBM4B,-0.0018059999473218522,-0.1631860660552345,0.37431350524284845,False
RBM5,0.0014387743494284524,0.2689992801962543,0.3846012880542995,False
RBM6,-0.0017921053629407619,-0.061796061285100734,0.8217204604646443,False
RBM7,-0.0026768422427194336,0.12541397681945787,0.427297166319216,False
RBM8A,-0.0005263016142147498,-0.03912521661911564,0.5505830709332439,False
RBMS1,-0.004129150295472954,-0.21082809261642563,0.36680974857131765,False
RBMX,0.005627021043927783,-0.06887557743258821,0.4867489572909377,False
RBMX2,0.015504858169995823,0.11633349051093639,0.021469912694670783,True
RBP7,-0.0006608503586764075,-0.0640227247178691,0.6835248982857853,False
RBPJ,-0.00023365514319759848,-0.11746434359636451,0.5517198335101567,False
RBSN,0.0014979858345259896,-0.2664854476076882,0.33612024941876684,False
RBX1,-0.0002870258891211154,-0.0019087023900239172,0.9784595235842346,False
RCAN3,-0.0022730358919111453,0.32232753373412937,0.22486593020822027,False
RCBTB1,0.001881260823346329,0.10922954470690145,0.7165147126980068,False
RCBTB2,-0.00029933216787720484,0.17085584830207864,0.4360957893541051,False
RCC1,3.94506963968568e-05,-0.47285155364898507,0.12375636912399104,False
RCC2,-0.0006316128476971179,0.2678336553156565,0.39897285951536754,False
RCE1,-0.000530716047043446,-0.42508661716680335,0.11760022226773215,False
RCHY1,-0.0013227853647070627,0.3643847063099686,0.29463427697465144,False
RCL1,-0.00449392476264982,0.07368666289005353,0.792412302822292,False
RCOR3,0.0002357301984122536,-0.47286325515414757,0.01937105685637925,True
RCSD1,-0.0018425785254803236,-0.13927149456633758,0.5165056481053827,False
RDH11,0.0006967827629971616,-0.21864556521538583,0.3619762202754028,False
RDH13,-0.002497203051887762,-0.05276572613269507,0.8380903515737937,False
RDH5,-0.0004062853667694419,0.18907634676665144,0.5539034340928729,False
RDX,-0.0019944861532928187,0.13997931879510817,0.6141243231285833,False
REC8,-0.0010196709638664767,-0.4344029673431782,0.1011886179331956,False
RECQL,0.0001390735590747775,-0.25497074740022185,0.20297189308140662,False
REEP4,-0.0017356790187920573,-0.25704284799390253,0.4619352573931341,False
REEP5,-0.0015472735555967427,0.1256410869603222,0.1625063207017779,False
REL,-0.001107407844756742,-0.14434427192541982,0.6460909947257591,False
RELA,0.0038671909052111395,-0.24960926772011888,0.5711825048334025,False
RELL1,-0.0007946414242515547,-0.36776905490632705,0.18141528204229163,False
RENBP,0.011960924540460926,-0.3038827232302946,0.43872461480721336,False
RER1,-0.00040978769421350173,0.10422261623575174,0.3328141269469857,False
RERE,-0.0026426995613374957,0.09420957299390059,0.812324539836377,False
RETN,-0.004210369891449866,0.30492242130207603,0.22817228341830173,False
REXO2,-0.001990802896597883,-0.12210213618329391,0.556487020909513,False
RFC1,-0.0033973464453164854,-0.33859532251814856,0.3087469011441241,False
RFC2,0.0008971824758514491,-0.20663277164082341,0.23949199009784705,False
RFC3,-0.0057338788589602705,-0.14152835361752444,0.5863741141608156,False
RFC4,0.00132997648620799,0.13160867460765013,0.6168693474029763,False
RFC5,0.0011661396063970455,-0.18084331562730183,0.5153192465555407,False
RFESD,0.004357660114852399,-0.16185605367235506,0.6450236491514791,False
RFFL,-0.0021048672139880476,-0.21314171149592415,0.6739176134749213,False
RFK,0.0015173940625015493,-0.19324550292348897,0.645006306602748,False
RFT1,-0.002133987505111607,-0.2523840796407961,0.1031083248504936,False
RFWD2,-0.000617004235418996,0.5270783929942913,0.01755936683547375,True
RFWD3,-0.0011622936569558612,-0.029530407233241962,0.921434101639194,False
RFX2,-0.0008939958398108171,-0.38028979498273174,0.20548319866381476,False
RFX3,-0.004477085951934688,0.21729078699909976,0.43400034534372867,False
RFX5,-0.00027868797193189376,0.2240814254815688,0.49297393206828743,False
RFXANK,0.0013539522382173899,0.351994117033653,0.014894897673055778,True
RGL2,-0.0003674298262558791,0.08791718190089151,0.7172562081489582,False
RGP1,0.002842538166765041,-0.549906098664039,0.03781846472710245,True
RGS1,-0.004874442668798637,-0.23553643028399554,0.13296422209071374,False
RGS10,-0.001998834593687551,-0.03668433937533777,0.7441885968214808,False
RGS14,0.0015901653220220823,-0.5299034070929809,0.0925043141415912,False
RGS16,0.0003812353879871532,-0.20022060695341665,0.4469811487704042,False
RGS18,-0.005396841145028832,-0.15926047518712247,0.2800118612589293,False
RGS19,-0.0014464484950428749,0.05916988897209436,0.6456913101236341,False
RGS2,-0.0006063698657706673,-0.19491535212525246,0.2823860900317727,False
RGS3,-0.0004982964254539042,-0.4669893730487121,0.1136630736514682,False
RGS5,-0.0030794966766261424,0.01384418871737398,0.9742394265993851,False
RGS6,-0.0009465308085324576,0.31927135440562754,0.07033241088282492,False
RGS9,-0.0022013205702376593,-0.15314308287924713,0.6981939818969709,False
RHBDD1,0.00037742388044288,0.1748785108184371,0.5818476828058314,False
RHBDD2,-0.00420495098695267,0.5397127222273386,0.07945368093538159,False
RHBDF2,-0.0019513220098039488,-0.763869602708871,0.24222842371882566,False
RHCE,-0.005690438290494882,0.09112515213878002,0.7287975837190431,False
RHD,-0.016008381672760495,0.02304368381167501,0.9456220925821994,False
RHEB,-0.0023572245571634835,-0.04485576397251201,0.670350013096167,False
RHEBL1,-0.0006645620881197493,-0.06757636638748982,0.8631803163420466,False
RHNO1,-0.007767940334012766,0.07244850007513391,0.3718512789270086,False
RHOA,-0.002273610863019403,0.06678291002561723,0.4953638390619637,False
RHOC,0.00017172161961431597,-0.11598214097747582,0.6945680662480522,False
RHOF,0.0009118917857929734,0.059789870033680574,0.821026058335748,False
RHOG,7.64769601472832e-05,0.09194084413999842,0.39887321940608944,False
RHOH,-0.004827034132221591,-0.38466580587532,0.10382197270870717,False
RHOT2,0.0010346850576973495,-0.30133658852159234,0.4695704928695995,False
RIC3,-0.005261246631915578,-0.19881866760164624,0.34842092304791794,False
RIC8A,-0.0010691092668148354,-0.40696099233279776,0.0911268099280627,False
RICTOR,-0.0019264722166632687,-0.01193816861753088,0.9793353576035477,False
RILPL2,-0.004891797976428221,0.12009117689577013,0.5190010683592505,False
RINL,0.0012518233842746238,-0.10120025157473754,0.7845778121795708,False
RIOK1,0.0005694067421882222,-0.1812900483118199,0.5561617065612713,False
RIOK2,-0.0005191012121528384,0.03584492451803411,0.8683982595143962,False
RIOK3,-0.0054436779315101885,-0.049417885944165976,0.781783349158067,False
RIPK2,-0.0033294077264692293,-0.16065485741540522,0.621833832571865,False
RIPK3,-0.0008314062406819316,-0.46250364760248647,0.1869494447435782,False
RIT1,-0.0012165367218894836,0.10387463480065026,0.5776095115753732,False
RITA1,-0.0012552291917702707,0.039522319176958115,0.8762573928624902,False
RLF,-0.0018264230625664,-0.2614912635889612,0.32985682846066183,False
RLIM,0.025497253337773095,-0.2729833693041324,0.3222483069234932,False
RLTPR,-0.0033012734458212896,-0.12042083897761907,0.6502105937485777,False
RMDN1,4.260944935154442e-05,0.15665047093680196,0.5019329349571238,False
RMDN3,-0.0015909638874611165,0.19897455012656373,0.5217224230929012,False
RMI1,-0.0018518192465154261,-0.3441474495336062,0.10968158314568201,False
RMND1,-0.0013220410032796749,0.2813927283941962,0.14708006324793113,False
RMND5B,0.0010341882441913114,-0.4602189201092466,0.2354504267051909,False
RNASE1,-0.0004852053731045421,0.441093015645109,0.2110881661680616,False
RNASE2,-0.002611323140661013,0.3793231461572457,0.3380944961149104,False
RNASE3,-0.009302598931220088,0.4784516323748665,0.28518669191239004,False
RNASE6,-0.00246199343913142,-0.1185241226693563,0.2458510284554535,False
RNASEH1,-0.001568769939628191,0.14781265764390172,0.5375092347520473,False
RNASEH2A,0.0005097829039342495,-0.4366254650400742,0.08134595045882233,False
RNASEH2B,-0.001168763153108937,0.05585346103236385,0.7593821019120284,False
RNASEH2C,-0.006743294112852219,0.06906321358326216,0.420512524787243,False
RNASEK,-0.0009229846840916336,-0.014893384336912292,0.9481351246239809,False
RNASEL,-0.003230337199344315,-0.19179597782558647,0.3940961527489707,False
RNASET2,0.00039939562636024685,0.06061703290601756,0.5763373590192382,False
RNF10,-0.002283438353554861,-0.21991437097686228,0.5325704488258581,False
RNF11,-0.0039968658399549065,-0.010303222945830613,0.972637688196708,False
RNF111,-0.0018791216324288505,-0.2812578015958875,0.22406431005266572,False
RNF113A,0.0314086209960546,0.08462004070808554,0.3925858922941222,False
RNF114,-0.001825311801402699,0.07415987133594608,0.6761279666462193,False
RNF115,0.0010356813523130048,-0.0842273411502159,0.8086732372638763,False
RNF121,-0.0001392899170240793,-0.06311696852290842,0.8200078734381968,False
RNF123,-0.0016869920578704832,0.20972514248509175,0.5886972796812271,False
RNF125,-0.005350831047643522,0.022678009413752767,0.9256904169483641,False
RNF126,0.004633798645306236,-0.14766966242945262,0.7436136950748093,False
RNF13,-0.0044556330199472275,0.1143582268473556,0.5747729953762428,False
RNF130,-0.0036295272237940397,-0.0685776699062667,0.7609154153400282,False
RNF138,-0.0028102075509602274,-0.13137079296352416,0.5908943010130417,False
RNF139,-0.0015406646003013943,-0.1610151589677597,0.6486533652483684,False
RNF14,-0.0015695428606250612,0.1043723037743163,0.6786556105349786,False
RNF141,-0.0009857176012348539,0.08573017987332242,0.4601336745714787,False
RNF144B,9.933477133898168e-05,-0.25123107850280424,0.2566667878001458,False
RNF145,-0.004808040363009518,0.10168141122863547,0.5709572193941059,False
RNF146,-0.002777047260813657,0.1125843745442478,0.7137494551252507,False
RNF149,-0.0022097150852852104,-0.4634741450934717,0.14326374679744713,False
RNF166,0.00030227495185518755,0.17022780155651662,0.6305781554042298,False
RNF167,0.0003410289548654683,0.13508726896296194,0.796007351581808,False
RNF168,0.0013438341636014268,-0.018324837314522044,0.9506886681594608,False
RNF170,-0.0016542487983698417,-0.04891232232578667,0.8176071847890576,False
RNF181,0.00033970440406573137,0.109369256938459,0.26011327345964336,False
RNF182,-0.0030079347427069618,-0.20032599157736625,0.6175499907873679,False
RNF185,0.00038062028058093134,-0.2229596496365573,0.43359131876022605,False
RNF187,0.0011478360398428373,-0.12314690037356531,0.694317556297204,False
RNF19A,-0.0032310809393196766,0.2142847213751729,0.456129288102207,False
RNF2,-0.003678414553627863,-0.04462102638988427,0.819326485086379,False
RNF212,-0.0010868100258349849,-0.11103784702335186,0.7390114650674093,False
RNF213,-0.0010293967604379612,-0.11925668938836499,0.5349805391146414,False
RNF214,-0.001023011645952998,0.00036779824065993585,0.9990350873641973,False
RNF216,-0.0040280666849891855,0.07209584491902109,0.7896700615038144,False
RNF219,0.00540617812252368,0.04241326093006154,0.8803620640698301,False
RNF24,-0.007866947868271667,0.11693926494353274,0.5987528217264009,False
RNF25,-0.0017007585226804275,0.10741705014174856,0.8149189996328142,False
RNF26,-0.0020889117973053872,0.46716798815292926,0.23294199829160087,False
RNF31,-0.000383315996440564,-0.5783409657342958,0.13333004610324403,False
RNF34,-0.0019765696307852253,0.1520694981541901,0.13439849489980693,False
RNF38,-0.002442752568004026,0.2602064955790107,0.3354710980659425,False
RNF4,-0.00010513532288431223,0.06863374239618952,0.8220453443268065,False
RNF40,0.00010432581638258313,-0.27222682838332724,0.4079055025656836,False
RNF41,0.0009185866664105158,0.21788670273136151,0.18057494167594978,False
RNF44,0.0011717288641693176,-0.3098277254527939,0.4162508109012468,False
RNF5,0.0014209316961585274,0.24008750377562876,0.41353440152491294,False
RNF6,-0.0005201536414320229,0.0663581128120703,0.850127494625317,False
RNF7,0.0005218278498657951,0.08732741676175672,0.4401671264469881,False
RNF8,-0.0013513814571652128,-0.18923024395994273,0.4423546593022921,False
RNFT1,-0.0014848987613025682,-0.07830191731307397,0.5883833488262529,False
RNGTT,-0.0015009956296483883,-0.3947316870844452,0.16594279409994367,False
RNH1,-0.0022305836035844623,0.017724390509064,0.9297738075196504,False
RNLS,-0.003390273812564052,-0.04944920693285101,0.8372583777178012,False
RNMT,-0.0011708195318001033,0.2635918925992169,0.4105813935590755,False
RNMTL1,-0.0003261574641744418,-0.14524947957839224,0.5870380357933802,False
RNPC3,-0.0001310064637298104,-0.13987162433210917,0.7349453969989553,False
RNPS1,0.0003953083589581167,0.15773162256822282,0.4189901419715746,False
ROGDI,0.0028527833999622996,-0.06712128992975266,0.901423454552007,False
ROMO1,-0.00029568233681520037,-0.0033091386632193576,0.9697263974247892,False
ROPN1L,-0.0022585482882184135,0.2608526148236062,0.27211537507611083,False
RP2,0.023872802801989824,-0.003927067289763577,0.9871065834369188,False
RP9,-0.0032642898132949675,-0.08244294202378856,0.7659241544112161,False
RPA1,-0.0010545579323449686,0.11758767295313463,0.6811739495388234,False
RPA2,0.0016607245065701406,-0.15009798112809886,0.44376059885863284,False
RPA3,-0.0004083047971635069,-0.035239139438021816,0.7651621714300677,False
RPAIN,0.00033304382641772325,-0.059343508310987815,0.5269471309167527,False
RPAP1,-0.0013081268892125555,-0.5129382025116558,0.1837196838619688,False
RPAP2,0.0026809939681453647,-0.15525525305691024,0.6133305111445121,False
RPAP3,-3.466581108612112e-05,-0.1032273757478386,0.6234400722615341,False
RPE,-0.0021111133885282378,0.015778364511834713,0.9666534962415659,False
RPF1,-0.00024465725388913304,-0.12195050052684359,0.6205067161184239,False
RPF2,-0.0025610751390010727,0.10243460640831792,0.6772594908466271,False
RPGR,-0.0004910306914841127,-0.2917633345526473,0.02015625189038781,True
RPL10,0.022953833733728418,0.03415078197909654,0.6500933776226765,False
RPL10A,-0.0002862952919818999,-0.03389578260699208,0.6861145156442013,False
RPL11,-0.0006823307053524809,-0.0695092068995115,0.38930233674560055,False
RPL12,0.0011523151406350228,-0.08987897983176,0.2761040471243865,False
RPL13,0.0017352973648679128,-0.006086275474823803,0.943680773536894,False
RPL13A,0.0023646867903603904,-0.15481446978386476,0.32024214777881554,False
RPL14,0.003728563744337446,-0.13592906091079174,0.2896245114873765,False
RPL15,0.0006375190510086879,-0.09169563186075062,0.4229443228025186,False
RPL18,-0.00023616710868116763,-0.04534673980057945,0.5817442713756988,False
RPL18A,-0.001128001550673405,-0.13561567849743403,0.40343687365740777,False
RPL19,0.0015473934388088697,-0.011824662698357555,0.8546994324270417,False
RPL21,-1.3741783139685092e-05,-0.1184940664411701,0.047659867418318104,True
RPL22,-0.0021242827936779405,-0.004139131666336837,0.9549698315658107,False
RPL22L1,-0.001291318740315767,-0.03792223616614088,0.6550903986405386,False
RPL23,-0.0022517281709453028,-0.16194342564893757,0.25722654915144283,False
RPL23A,4.9140384802866065e-05,-0.11960447901503596,0.15915722073964547,False
RPL24,-0.0002731483293298543,-0.13158963636204746,0.24330888625894548,False
RPL26,-0.0017574979607178078,-0.15829935954065869,0.2550600700720071,False
RPL26L1,-0.0008928708150452947,0.1405061838331138,0.1735629279317176,False
RPL27,0.0004400100652072621,-0.2203453979646122,0.0919557675319803,False
RPL27A,0.0010899674057296225,-0.08706094506182656,0.5397284930961365,False
RPL28,0.0013334971294975031,0.050589665527708244,0.43247243126535395,False
RPL29,0.00010333506781554288,-0.01763546415238615,0.8584999392679387,False
RPL3,0.0002130484088821802,-0.04778737545513915,0.624915497344499,False
RPL30,-0.0005037793973550691,-0.2395505930239287,0.10439501707602288,False
RPL31,-0.001098290184966298,-0.1014440772809875,0.23751630934554782,False
RPL32,0.0004815524777268703,-0.07117618040365947,0.32330540953894765,False
RPL34,-0.0007861878406134376,-0.2077655199135005,0.26081238304671145,False
RPL35,0.0024839152439575,0.029843566112802478,0.5147376539954089,False
RPL35A,0.0017283653528788326,-0.06107013235359046,0.16344797913345044,False
RPL36,0.0007114738631970874,-0.048629742148560515,0.19271203577185197,False
RPL36AL,-6.867935913639185e-05,-0.016486874576480817,0.7611004463811079,False
RPL37,-0.0018233633604109465,-0.10001495266465395,0.3276317729443566,False
RPL37A,0.0007960427648469184,-0.15025546740189455,0.16746326825564756,False
RPL38,-0.0005762892571327098,-0.0995532631053412,0.21108557411694934,False
RPL39,0.018576166341810117,-0.09787830067556966,0.252870285667004,False
RPL39L,0.0026521705440349292,-0.002562063087209163,0.9951574985686347,False
RPL3L,-0.0024406121302461433,-0.15394535009155214,0.6131039555099583,False
RPL4,-0.0019197369574725626,-0.146279794691754,0.30240145414891834,False
RPL41,0.0013878173244843187,-0.013059412639771593,0.8596589998912669,False
RPL5,-0.0016059285797309483,-0.09777562756556375,0.08864562885741825,False
RPL6,-0.0007146564224239126,0.0020145277314836583,0.9690272696947728,False
RPL7,0.0029633646864476804,-0.014269423400931439,0.8531490680470314,False
RPL7A,0.001486123775897219,-0.026682109520279065,0.6171679257335445,False
RPL7L1,-0.002128869651643712,-0.17021063957751453,0.4999529166458647,False
RPL8,0.00017242973937015414,0.1613970291174424,0.17519738462682022,False
RPL9,0.00038926833127795577,-0.17612798562840087,0.28352678817659877,False
RPLP0,-0.0014453390672184473,-0.06628962355928476,0.6010317686123479,False
RPLP1,0.00299009685582503,0.03729694593843193,0.6000001702566897,False
RPLP2,-0.0006940785587130674,0.02703216842662136,0.749625515583161,False
RPN1,-0.0036168926230251306,-0.15397630114758087,0.19682213358000752,False
RPN2,-0.0017305808022177666,0.19517096897629838,0.13881730196533845,False
RPP14,-0.0016153480270171346,-0.1528967769952302,0.29599236228420145,False
RPP21,-0.0015464558870213138,0.23351202730577103,0.11204067135712267,False
RPP25L,-0.0003290809857758849,0.0620402169128048,0.6806521457161082,False
RPP30,0.000784639794155506,0.02644141084816128,0.8611151793290269,False
RPP38,-0.00016605490660673685,0.10434921890869155,0.5637576535025807,False
RPP40,0.0005424011384166453,0.1327162765426193,0.5915977035061862,False
RPRD1A,-0.0038172556134645113,-0.1470964508344877,0.477033920366999,False
RPRD1B,-0.0011305286243824709,0.37475034241064353,0.192558585252147,False
RPRD2,-0.001482576766039893,-0.3370862392438732,0.32905003399173344,False
RPS11,0.002506457987153442,-0.09515354529921755,0.23257706510969064,False
RPS12,0.0007783773818860975,-0.10424671090458383,0.13212398812642684,False
RPS13,0.0001972311146053786,-0.05892972723456206,0.4652973960623973,False
RPS14,-0.0004794612467846066,0.00016917457841023363,0.9981714985688239,False
RPS15,-0.0015539066648644104,-0.19164622433615325,0.1643675139308412,False
RPS15A,-0.0005348037923568673,-0.06693739738254638,0.2736271343614735,False
RPS16,0.0014362985774604808,-0.08897085390312792,0.5984141466517003,False
RPS18,0.0017755388264945003,-0.07718571943162426,0.4730864326763722,False
RPS19,-0.002269447259448968,-0.0841407727775761,0.1972737870604795,False
RPS19BP1,0.0005836858466133877,-0.06727960169278004,0.6381920796904235,False
RPS2,-0.0011904378127322516,0.06873643986145285,0.17616081733779004,False
RPS20,-0.000880717162323707,-0.15897880041973877,0.26058701617180297,False
RPS21,4.021778152018929e-05,-0.023856448766922413,0.7519516537928217,False
RPS23,-0.002472694296988259,-0.049872249403198135,0.6046956354480387,False
RPS24,-0.0024213541101495762,0.015196977385707713,0.8773254271659292,False
RPS25,0.0018290899378079386,-0.07045912798651838,0.2326017939099927,False
RPS26,-0.0028353050868784972,-0.1876349319436209,0.43933363052307073,False
RPS27,0.0006783639124867755,-0.07779394190769888,0.19416727178998353,False
RPS27A,-0.0008145644862550479,-0.0078175905440045,0.9003758934890903,False
RPS27L,0.0018072207771690069,0.08680911798218421,0.5184809871686604,False
RPS28,-0.0011667393092883891,-0.1282654754687235,0.19449613885731012,False
RPS29,0.00031407698547846375,-0.10222536317930597,0.1549363270682396,False
RPS3,0.00035024973822909186,-0.0056001722531949915,0.9567457885109241,False
RPS3A,0.00016126162381949942,-0.0631669940213884,0.5940025815790354,False
RPS4X,0.002127543219522466,-0.07935326048350413,0.5318544364657055,False
RPS5,0.0010160523601091653,0.00962186355535424,0.9152899223579661,False
RPS6,-0.0012881923818543741,-0.019691646888623755,0.6751808571851776,False
RPS6KA1,-0.0020649333326051016,0.3352810981561103,0.23109727232588248,False
RPS6KB1,0.0028350746483333253,-0.3937249649805677,0.24798456804433894,False
RPS6KB2,0.0031671719538312712,-0.15594452838025233,0.5605920632056349,False
RPS7,9.647394809727285e-05,-0.32012344556631533,0.17322260160009803,False
RPS8,-0.002392788711615903,-0.08099895667561757,0.24851930372296382,False
RPS9,-0.0035406513821945457,-0.060166535807299186,0.6695477930870625,False
RPSA,-0.0020242807718755034,-0.2749830724259493,0.20686988013397042,False
RPUSD3,-0.0008418443556568317,-0.18834868560506168,0.404925415252265,False
RPUSD4,-0.00041836671605982557,-0.062925959247448,0.8129300535669314,False
RQCD1,-0.0021292816827964307,0.01896781322848313,0.9115919544064146,False
RRAGA,0.0010234366172806588,-0.1558565278247917,0.4466632753124552,False
RRAGB,0.004489671875511296,-0.22437634417872004,0.39780210710136843,False
RRAS,0.00018197567974571332,0.24145436498557485,0.4084896454495338,False
RRBP1,-0.0024035920423707076,0.37996054624788894,0.10403039571168379,False
RRM1,0.0002359911533040095,-0.3043518548997817,0.4181329426509873,False
RRM2,-0.0014460938978811929,-0.392771052303566,0.35592441553037835,False
RRM2B,-0.005173947242387208,-0.018959797945252068,0.9409687596289249,False
RRNAD1,0.0013543117578365986,0.11413812791109779,0.7137998910117224,False
RRP12,0.00032511755535998856,0.1551793696805788,0.6068447517366418,False
RRP15,-0.0035241818924075354,-0.7218686532092065,0.037486558303558404,True
RRP7A,0.00015257387434530788,-0.09380969524801958,0.5814834225648331,False
RRP8,6.875427751321659e-05,0.18307095503791995,0.5174729357183641,False
RSAD2,-0.007477490671932481,0.9432401839306996,0.14277085472133122,False
RSBN1,-0.001511001072002982,-0.48958628162060397,0.1547103360294058,False
RSBN1L,0.0003326037628075627,-0.28175870969141853,0.2543639456963461,False
RSF1,-0.005615876077951556,-0.10739171649404151,0.6008183117920929,False
RSL1D1,-0.0006654710925134481,-0.05587077504307598,0.7102809371692627,False
RSL24D1,-0.00136171351308263,-0.15173344826987575,0.19686982387875782,False
RSPH1,-0.0005753347690717822,0.023518276444091053,0.9262655064354165,False
RSPH14,0.0030848432794100245,-0.19644333767210764,0.4391873225366041,False
RSPH3,-0.0014165417191681496,-0.030435331781757786,0.916455191776077,False
RSPH9,-0.006199694535542366,0.532917705678646,0.10533184958637871,False
RSPRY1,-0.001538998742985239,0.17116369415708213,0.5499952666937891,False
RSRC1,-0.0029929639112023835,0.047891561731655194,0.8251906232971176,False
RSRC2,0.002324429776780651,0.052752817773903365,0.8166649269582064,False
RSRP1,-0.002334199193633762,-0.6077679108858142,0.0015587689277365413,True
RSU1,-0.0006758082935200947,-0.040566492321353266,0.7176998509060206,False
RTCA,-0.0034327373080689336,0.03558253796373038,0.8999475493951471,False
RTCB,0.004247637395310721,-0.15627602966464382,0.3220608414388569,False
RTF1,0.0003072328910054007,0.06988236338862401,0.7594329529979706,False
RTFDC1,-0.0029270473672527047,0.10981897721414313,0.2960336522745345,False
RTN2,-0.0020830136176069095,0.30702186733425396,0.0839805414353134,False
RTN3,-0.004408358392895322,0.03240788282563588,0.8471449414938717,False
RTN4,-0.0036221635268992216,-0.7064866257024588,0.013063693517207023,True
RTN4IP1,-0.004289465931552509,0.010800212655923434,0.9700599842337833,False
RTP4,-0.002807159830943078,0.32287208237369125,0.2742446513566374,False
RUNDC3A,-0.0003882519937772621,-0.6545919852746603,0.05109304118201636,False
RUNX1,-0.0024708393194031084,0.035608614949096645,0.9106483570651446,False
RUNX2,-0.0025043391842314486,-0.3222915663254588,0.3664138381912692,False
RUNX3,0.004068049464161162,0.3158479908229903,0.17821493062227758,False
RUSC1,-0.0032087334883202506,-0.3278316531477827,0.3362511388309907,False
RUVBL1,-0.002146905040698234,-0.05113707213995619,0.4795521822437142,False
RUVBL2,-0.0009061044203090451,-0.01690795257861128,0.9268197741585542,False
RWDD1,0.0005307079994452754,-0.11493038986412578,0.2997578199298149,False
RWDD2A,-0.0026144173582956323,-0.2831879719113213,0.337249991093841,False
RWDD2B,-0.002811723491828335,0.571947884811055,0.03571924171471247,True
RWDD3,-3.931359183691534e-05,-0.020394838567810967,0.8694668812788311,False
RWDD4,-0.00011803556575389344,-0.18485263181820388,0.3903960676261611,False
RXRA,9.885155440135179e-06,0.3389810852250225,0.32536227499088094,False
S100A10,0.0018921570144048686,0.1178537012712027,0.3794113190919438,False
S100A11,-0.00045500193109919993,0.06684325814605489,0.5724286443065524,False
S100A12,-0.009223576283368626,-0.07128564366480955,0.7766469552064525,False
S100A13,-0.006490052182527491,-0.7977423329505946,0.04602507969573777,True
S100A4,-0.0023229303941476155,0.03454361354064714,0.5134693585095016,False
S100A6,0.0004171973277612703,0.108520006423001,0.32211087721864273,False
S100A8,-0.006520042131631231,-0.02047054504069064,0.8702150796495915,False
S100A9,-0.001679684331300678,-0.1076257213653437,0.6374672819214005,False
S100B,-0.00552261344408683,-0.47770356623576027,0.040216747877970783,True
S100P,0.0007231274088180101,-0.07588806491003888,0.7272764083774448,False
S100PBP,-0.0003594838706521992,-0.34803773478078104,0.3968953668449341,False
S100Z,-0.004840668867499217,0.18806287091807722,0.2081663486522702,False
S1PR1,0.0036753021952625436,-0.19883608050228785,0.5056840810107771,False
S1PR4,-4.717897410105301e-05,-0.16186076664778246,0.7118280218442316,False
S1PR5,-0.0007518191121400509,-0.41726586401814847,0.26992177169578113,False
SAAL1,-0.0048921040160981935,0.1359333158456768,0.6933747966745293,False
SAC3D1,-0.0022619706061351094,-0.016669364694449525,0.936881903078626,False
SACM1L,0.0004457515169063482,-0.02140320820166962,0.9469616862070902,False
SAE1,-0.0015291714542686138,0.4676796026404025,0.0137096337858006,True
SAFB,0.0006079094748192953,-0.005334084094605451,0.9909436585849065,False
SAFB2,-0.001651306278388776,-0.15325320416552718,0.6480843135239172,False
SAMD3,-0.00042795724486059574,-0.21746302044639762,0.21553539872276847,False
SAMD4B,0.00039503408687257353,0.4213678098420124,0.2089212618279321,False
SAMD8,-0.00032611093164206857,-0.2967866606567277,0.2857195187682068,False
SAMD9,0.0020779266444603895,-0.22699708117048722,0.5091356605058173,False
SAMD9L,0.0024684984793131868,0.3995708769946248,0.12265149338491284,False
SAMHD1,0.0010822637185479824,-0.09448543448489424,0.6581810134552327,False
SAMM50,0.0007575421151111304,-0.12317086260102005,0.2602498633776041,False
SAMSN1,-0.012129828992670089,0.06947749169456137,0.8069909883173786,False
SAP18,-0.0013609867899898403,-0.1078859708967137,0.2732573217151554,False
SAP25,0.006647547435784914,-0.49733318066061494,0.004093445828731336,True
SAP30BP,0.0022396965623018013,0.07551235986211877,0.4002872253153873,False
SAR1A,0.0007255074855322849,0.14520732975595893,0.2778726456330562,False
SAR1B,-0.003484909819491322,0.11762377962602136,0.5916644151847297,False
SARAF,-0.01147148568210834,-0.004606307331365479,0.9580741388397398,False
SARNP,-0.001023220281603509,-0.11470082506950005,0.44527701213523574,False
SARS,-0.003007145239025588,-0.0737132588637482,0.5824966986660157,False
SARS2,-0.0012224866394544788,-0.4879711642177752,0.33148490710139,False
SART3,0.00020933831411059438,-0.15246915335693154,0.3952509413682189,False
SASH3,0.011054213611116408,0.29218241282229085,0.6417673040236431,False
SAT1,0.022498971593715267,-0.07748152845609033,0.6893543022261317,False
SAT2,-0.0007500596902498771,0.05254859805265729,0.413924989077057,False
SATB1,0.007024483402752981,0.09703359917022342,0.7450103281222182,False
SAXO1,0.0035579941509868073,-0.5891185341026071,0.03617711354968176,True
SAXO2,0.0003033680435880503,-0.28945619177747367,0.29300825083953624,False
SAYSD1,-0.0057287822868338665,0.0147384193135629,0.9465455626350223,False
SBDS,-0.00011524992122864321,0.33970766747453063,0.011985002583324036,True
SBNO2,-0.00025905109505385595,-0.03983347095278152,0.9064984956656669,False
SC5D,0.0023137256410433963,0.07096502504392443,0.8683433080736535,False
SCAF1,-0.000551986426643001,-0.26701732615501306,0.4948708962496684,False
SCAF11,-0.00476812717720926,0.020864891435539306,0.9267658405836542,False
SCAF8,-0.006600208092836615,-0.1923250084868416,0.5537026780131034,False
SCAI,-0.0009393404108929245,-0.02741298748994815,0.9081278442681924,False
SCAMP1,-0.00015680162018488308,-0.2456332540039421,0.44595817692453943,False
SCAMP2,0.0002415184002377646,0.16434099548922682,0.4523020002495377,False
SCAMP3,8.872949606036185e-05,0.12637838198849682,0.18825064058603302,False
SCAND1,-0.0009482394625618997,-0.15152546158123098,0.5144935940150688,False
SCAP,-0.002022932961121173,-0.5783137449839215,0.29874547799328655,False
SCARB2,-0.004767141731317163,0.14023035828029815,0.5896171153438559,False
SCARF1,-0.0024125139504505696,-0.01331224147133863,0.9362881863049184,False
SCCPDH,-0.0010417408058806933,0.34791421158777897,0.3406376045218165,False
SCFD1,-0.0035300628534518613,-0.036799796780844614,0.6518049869741032,False
SCFD2,-0.0024967441730376137,-0.2858273344674845,0.17501111655786042,False
SCGB3A1,-0.0034557876437783792,0.053683071930750136,0.805747971276864,False
SCIMP,0.0021766801778753896,-0.060415067100406894,0.617897535427228,False
SCLT1,-0.00024063131269564942,0.06402995399310868,0.7861236481821268,False
SCML1,0.015455254844588307,-0.03943662950990835,0.9087384459362327,False
SCML4,-0.0016260617697405472,-0.11547030997076854,0.32635205506271037,False
SCN3A,0.0005658040507438017,-0.022800030853298663,0.94343012393651,False
SCNM1,0.0005744430825710615,0.04415382942850115,0.7293954007347973,False
SCO1,-0.0037467216216131105,-0.15343195767457496,0.5902633466088352,False
SCO2,-0.0007348137615972486,0.12701333551893346,0.7225143798101998,False
SCP2,-0.004201985654236083,0.11827405438681489,0.3186220541376187,False
SCPEP1,-0.0019338793506744997,-0.1114732696532739,0.46416966713660435,False
SCRN2,-0.0005640240232371059,0.07773959744296821,0.6887531126914939,False
SCRN3,0.0006281754001225637,0.05781884312788673,0.8072800007099362,False
SCYL1,0.0023231299315083316,-0.047413588315918256,0.8996466814638736,False
SCYL3,-0.0006056920391024826,0.565869081128917,0.10233717696464241,False
SDAD1,0.0009905051403177748,-0.3438894814340959,0.4171050523083386,False
SDCBP,-0.005829452141157923,-0.13095467291008925,0.462310023895515,False
SDCCAG8,-0.0023454876483743952,0.0008750659584851266,0.9951539663277134,False
SDE2,-0.0004638513124210949,-0.049853215976156585,0.9053539631405058,False
SDF2,0.00164532075895807,0.03844368077550491,0.7150813583252706,False
SDF2L1,0.0008249319089907479,0.1440168228911173,0.6356522906125017,False
SDF4,0.0020559137544961434,-0.333538233274165,0.1808373090471581,False
SDHA,-0.0012714871141973826,0.03955736273578357,0.7019859150954776,False
SDHAF2,0.001150909391159085,0.08740689865806603,0.42179913659165325,False
SDHAF3,-0.0037367884949418466,-0.02280489786368224,0.9008673052117302,False
SDHAF4,-0.0037797086175828214,0.32265843143242784,0.013757262020571743,True
SDHB,0.002989167963156808,0.025653085453422066,0.8334615546926315,False
SDHC,-0.0027560503291920004,0.0643517107430681,0.8594735315079753,False
SDHD,0.001103487107538871,-0.07043736647019275,0.4128020534073765,False
SDPR,-0.004746020670404182,-0.3999255717945213,0.07323992797187635,False
SDR39U1,0.0013731846088750322,0.0015167276219349743,0.989906372550527,False
SDSL,-0.0032717559971130548,-0.3639994744974397,0.21453087696139655,False
SEC11A,-0.00011074421154278677,-0.042704714898419205,0.6783952109780398,False
SEC11C,0.00036208148661780415,-0.1728012014848105,0.14991872755822486,False
SEC13,-0.001068217722698498,-0.17487301220205717,0.11226585826101786,False
SEC14L1,-0.0014000245124495179,-0.08883842138870277,0.47316606002457884,False
SEC14L2,-0.002590508340464937,-0.10852545459880814,0.6551347493411063,False
SEC14L5,-0.0015903697902332485,-0.21663015627886562,0.46307749808796717,False
SEC16A,0.0001478809317689078,-0.2992279189248063,0.533670359139842,False
SEC22B,-0.00042986032887188454,-0.09239935377568322,0.47755579845268725,False
SEC22C,-0.00032625990279990685,-0.2283052102629451,0.30379959532445056,False
SEC23A,-0.0015447235934952603,0.03991006370141939,0.8334237973479032,False
SEC23B,-0.0006471909961571489,-0.18128387710815247,0.39311100492831685,False
SEC23IP,-0.0013666620350937621,0.3171462630668061,0.2416058734402673,False
SEC24A,-0.002401538778212686,-0.04166774484022419,0.889012915949704,False
SEC24C,-0.0009096577935895235,-0.101782031146957,0.8697350948211287,False
SEC31A,-0.0022869334406603777,-0.6173854497304613,0.07691240180147123,False
SEC61A1,-0.00043279195068638457,-0.167057510206583,0.5231956766089638,False
SEC61B,0.002241434704186854,0.021131288100357262,0.8145717488369638,False
SEC61G,0.006723813695904365,0.043235108879956546,0.5060127541843051,False
SEC62,-0.002902593354098014,-0.1813801854284686,0.41534923321590334,False
SECISBP2,0.0012127256573686883,-0.10516789705501288,0.554915102886099,False
SECISBP2L,-0.0021338438361051433,-0.2659227936813162,0.30925516715480883,False
SECTM1,-0.0005056202062936514,1.0065080786668672,0.059664184746325406,False
SEH1L,0.001745576825885543,-0.10825349980552017,0.7006483181203622,False
SEL1L,-0.0019732267770458355,-0.5772368681486668,0.07688322428719505,False
SELENBP1,-0.005649035496346968,0.20213620238392702,0.492256777939164,False
SELK,0.0015505155432581515,0.05404692473839962,0.7600335182938995,False
SELL,-0.0008521393168607318,0.06377565535864932,0.7482065310826946,False
SELM,0.004287221198571505,0.1839730024703853,0.08018401805387036,False
SELP,-0.002226925275610654,-0.41796834464376975,0.20668725747838254,False
SELPLG,-0.0016452934102252083,-0.2925423376658197,0.3797244327081505,False
SELT,-0.00221975517846964,-0.032626639768056305,0.7624595880619454,False
SEMA4A,-0.0001352095237878858,0.5444890563749402,0.2798570322390387,False
SEMA4D,0.0008220782548305474,0.41230165216820475,0.2822618285315938,False
SENP1,-0.0007804855609631032,0.07751220441256505,0.7930154862807273,False
SENP2,-0.0007103239336226556,-0.15388466062420472,0.4559248535707999,False
SENP7,-0.004659135067979002,-0.11181826016131136,0.6160190403427155,False
SEPHS1,-0.002317018403870322,0.42052345321106,0.2342049827021792,False
SEPP1,-0.0009038313549897316,0.0739970035656661,0.8119255474280812,False
SEPSECS,0.0021458993114135,-0.16644234461576637,0.7025037567002874,False
SEPW1,-0.0014077525667239817,0.0811616283058896,0.12634826483221698,False
SERBP1,-0.0014998122260452484,-0.017268423124042483,0.7932324125168139,False
SERF2,-0.0014244528064723766,0.0584135580680025,0.5845011026774618,False
SERGEF,-0.0009297933146259253,0.024863374217520582,0.9010344448346517,False
SERINC1,1.81538687788212e-05,0.2035612731962652,0.30887727175329494,False
SERINC3,-0.002100009260304967,-0.08741460007425456,0.5599204300810743,False
SERINC5,-0.004076027755743562,-0.14210947346622751,0.617965965103989,False
SERP1,-0.00018072677168284336,-0.23788956933967625,0.28458032467395117,False
SERPINA1,0.0009141729219454692,0.010960659035697084,0.9387709040179381,False
SERPINB1,-0.0014979453445990699,0.02483141469644481,0.8604832855098348,False
SERPINB2,-0.009293648230928342,0.1215923608689646,0.7060777607769062,False
SERPINB6,-0.0024581217509966127,0.15089904863994383,0.013965045329037593,True
SERPINB8,-0.001381464460064463,-0.22237585082989395,0.38524398976031426,False
SERPINB9,0.005926840998286067,-0.2414960677354239,0.5460367161212487,False
SERPINE1,0.001531545576648282,-0.5275472028645422,0.22127287374082732,False
SERPINE2,-0.0010309651346038166,-0.05734721945736979,0.6982755615157797,False
SERPINF1,-0.0043145767132014585,-0.23223835343868504,0.5075479643318284,False
SERPING1,-0.002957473847174305,0.8733819752123808,0.24140324365275495,False
SERPINI1,-0.0014352494077456508,-0.10857642659759535,0.7596402869489208,False
SERTAD1,-0.0021143536624917813,0.2268759462343611,0.21962401882953836,False
SERTAD2,-0.0012363935520352753,-0.3409107314163497,0.48989570857010756,False
SERTAD3,0.0012364658433037356,0.28693917721246825,0.4316795363657975,False
SESN1,-0.00104036312013116,-0.030903195222700477,0.9226653665987087,False
SESN3,-0.0010273101971759438,-0.08158950235821211,0.8296957304882524,False
SET,-0.0025181764628499094,-0.11243496042662045,0.6844102526226059,False
SETBP1,-0.0021348063408542233,0.25719778947288685,0.3578489788956889,False
SETD3,0.0005196739325547628,-0.3504097834560884,0.1941709646899977,False
SETD4,-0.0026789126792198374,-0.4774471670975525,0.0905101063161049,False
SETD9,-0.00506390955122939,-0.07893700332051326,0.7237513795960175,False
SETDB1,-0.00013200516481393372,0.19513459777819098,0.5236863662438327,False
SETDB2,-0.002280556727433756,0.1753548734516674,0.5240596779638858,False
SF1,0.0015322010805238191,-0.5167864318984768,0.14894711623400517,False
SF3A1,0.0012841714219059108,-0.15495717941678486,0.7942229232595308,False
SF3A2,0.0007371879970134446,-0.4817836944297375,0.210923575644001,False
SF3A3,0.0013963765299040878,-0.05394724391796056,0.8183701244983997,False
SF3B1,-0.004553040268954574,0.05160055912350146,0.8066673648739593,False
SF3B2,-0.0004660465823354509,-0.8163806801700345,0.07569018414459971,False
SF3B3,1.9670111080006914e-05,-0.26712079395905647,0.42028566141495227,False
SF3B4,0.0016171150294550139,-0.4706336656154564,0.06346252748439347,False
SF3B5,-0.00010576355621899561,-0.10137697789551166,0.32434776803250986,False
SF3B6,-0.0030539651247244856,0.05630747535028085,0.640377881607347,False
SFI1,-0.0008627179845114304,-0.06489890495241488,0.8491813509719788,False
SFPQ,-0.00019962762105068255,-0.5722818564644299,0.3480492300688961,False
SFR1,-0.0009130365932558101,-0.07026167588550401,0.7544231144804499,False
SFRP2,-0.0036828337025354855,0.452667095414696,0.14560085791223384,False
SFSWAP,-0.00019249865014157386,-0.2793754949646141,0.4886622486803792,False
SFT2D1,-0.0017409298572810417,0.03031104991986903,0.8135989642597081,False
SFT2D2,-0.0017910222255582255,0.21630089020877735,0.5195486108881626,False
SFXN1,-0.0030766608552571274,-0.18211577357867095,0.5449510470362029,False
SFXN3,0.001992831296417869,-0.2713885355568523,0.4767793979904117,False
SFXN4,-0.001122464212959699,-0.0654719456661078,0.7890945769305034,False
SFXN5,-0.0018141216846050928,-0.23190460670625404,0.3936021016133415,False
SGCB,0.0029567505614211563,0.0036683466294705016,0.9906254411050979,False
SGIP1,-0.0009901413986876813,-0.46128819054570097,0.158965020649314,False
SGK1,-0.0020445003221617503,-0.1375286838116526,0.5228347391315478,False
SGK3,-0.001398960852662195,0.15165337599581571,0.5123764636546786,False
SGK494,-0.001564410408248055,0.06745580423938445,0.8776740496791726,False
SGMS1,-0.004205837410698526,0.2588041019681525,0.33795425303086934,False
SGSH,-0.0002089690760043891,-0.29215409783799295,0.12056315925261836,False
SGSM3,-0.0016440288222084544,-0.012926701737049621,0.9657581844456105,False
SGTA,-0.0017469690693481712,0.552313092701885,0.20420551520016852,False
SGTB,0.0006289288822896478,-0.06422888181541699,0.8568027174899875,False
SH2B1,0.0012022670842421724,-0.17467519606795257,0.34106103011389477,False
SH2B2,0.0005933974376907185,-0.3244305306988377,0.42990279548585386,False
SH2D1A,0.0017064952424590226,0.00447346962077851,0.9764335842189814,False
SH2D1B,-0.003988570049465354,-0.20368619121905399,0.4057048875677721,False
SH2D2A,-0.0008049801118037879,-0.04009790265676497,0.9176917794973859,False
SH2D3A,-0.003626520990992311,-0.6374618058443424,0.01644530331001525,True
SH2D3C,-0.0026668901341696354,-0.4029360004867098,0.11442931543613082,False
SH3BGRL,0.013934422993143273,0.10312406942164741,0.38044066785538955,False
SH3BGRL2,-0.0017788289301320834,-0.24684343956409605,0.3131590604947763,False
SH3BGRL3,-0.0015563082513022084,0.04667756992069153,0.4727027098706824,False
SH3BP1,0.0024000970786398684,-0.07036305168715505,0.6753442509753766,False
SH3BP2,0.0008130543835178457,0.2620338696753799,0.6000108075461101,False
SH3BP5,-0.0016968926256520334,0.0854032505841842,0.7346215288881124,False
SH3GLB1,-0.003347884934690403,-0.14401993007277447,0.6487338246909715,False
SH3GLB2,-0.00229224623620299,-0.17308468146233139,0.5013793353947675,False
SH3KBP1,-0.0021682939445739333,-0.3628315822423854,0.3566858230268812,False
SH3TC1,-0.00027362157809392276,0.1636057377028781,0.6823612590454784,False
SH3YL1,-0.001066081866460705,-0.22693725232112547,0.3946952401364584,False
SHARPIN,0.002213364017834677,-0.0069579306797814666,0.9775333623350302,False
SHC1,-0.0005612186341929303,-0.43717108507063157,0.22735356314937344,False
SHF,9.889515425394646e-05,0.3068232227920998,0.3070259209420206,False
SHFM1,-4.3287136803450845e-05,0.06809991646093068,0.279872962493492,False
SHISA4,-0.0010747684020383334,0.11790089848723016,0.6087103345771538,False
SHISA5,0.00046760753071603035,-0.021786243724422703,0.9290048773301522,False
SHISA7,-0.00028114229340063263,0.14751362066882312,0.6388548640534956,False
SHKBP1,-0.0011497271935042065,0.03193308786358075,0.9159050786684324,False
SHMT1,-0.0026649466271818495,-0.8028204098985681,0.017099363563759736,True
SHMT2,0.0015704205552700757,-0.21267999817047986,0.27213316539524135,False
SHOC2,0.0006750855579692735,-0.20188226026137635,0.46194933542988204,False
SHQ1,-0.0008187710589749197,0.03146836971311506,0.8888418605459317,False
SHROOM1,-0.000546952788600694,-0.3869972016433522,0.12731678613656852,False
SHTN1,-0.0008540478833488272,-0.2458675847661293,0.5099353198362844,False
SIAH1,-0.002327790349345878,0.40833270650955866,0.248004197007191,False
SIAH2,0.000659434612421962,-0.2772754364097628,0.322670186206271,False
SIGIRR,0.0017648121362836319,-0.1560078189686068,0.40832605766161634,False
SIGLEC10,-0.0007554878400765695,0.0986614712329522,0.8616191542882822,False
SIGLEC5,0.0007973910486478778,-0.03539480852917973,0.8798791748529535,False
SIGLEC7,-0.0036207461887660312,-0.4115772775445753,0.16231637788639963,False
SIGLEC8,-0.006988673640632715,0.2796537990401269,0.4728512086734614,False
SIGLEC9,-0.000695434251849196,-0.5753181026703627,0.02133016896968828,True
SIGMAR1,0.001198123473118784,0.1225078854872635,0.771989036697011,False
SIKE1,-0.0010036831008160686,-0.007371007339170177,0.964369488275268,False
SIL1,-0.0023176372357175978,0.27167547029513534,0.09299198049541485,False
SIN3A,-0.0003745569542924992,-0.22407037643486033,0.5290439692447584,False
SIPA1,0.0015715167122230538,-0.0620308941413472,0.8497021974723449,False
SIPA1L3,-0.0016300574712981035,0.04565198748956693,0.8988521382913801,False
SIRPA,-0.0016153623484502291,0.3354999843493391,0.44030503410387445,False
SIRPB1,-0.005836922327225662,0.11012932818778814,0.6061828860557346,False
SIRPB2,-0.004017027042790083,-0.29782706773099354,0.4043585263173588,False
SIRPG,-0.0005302006822573916,0.11688875409407161,0.5697452753095897,False
SIRT2,-0.0003964682623485951,-0.025576244454795807,0.8266692269407399,False
SIRT3,0.0004414735001596021,0.09892561714724797,0.6805367699454895,False
SIRT4,0.0013168628376055045,0.021472789611497702,0.9299422452964786,False
SIRT5,-0.0026230735241992795,0.2881482914265034,0.23801862604161547,False
SIRT6,0.0015064767606218585,-0.37544269706899686,0.21478779728876654,False
SIRT7,-0.0012178928897120774,0.31359444858317376,0.4584538964978534,False
SIT1,0.00024872155719518987,0.0735051842730004,0.8797466387975243,False
SIVA1,0.00016392772069578464,0.08535852408821833,0.3322107959093048,False
SKA2,-0.0014861050151230531,-0.03409057412243212,0.8108430308027317,False
SKAP1,-0.002654701710047576,-0.12713723443140237,0.14515935108713382,False
SKAP2,-0.0021470912740773956,0.4542216433697266,0.19993636712336618,False
SKIL,-0.0036581116652502133,-0.2854292877400449,0.47603678514652603,False
SKIV2L,-0.0002981912734540286,-0.39963093521700715,0.3431004242805098,False
SKIV2L2,-0.002260098022648013,-0.25310680033738486,0.15021457278461184,False
SKP1,0.002051925072502973,-0.00876771185434914,0.9064756545858319,False
SKP2,0.000990730213836478,0.10358179078657787,0.6831874485957308,False
SLA,0.0007807834665343464,-0.2202909607409452,0.44411879994896597,False
SLA2,0.0011357170509806607,-0.6755513777034864,0.08710659720575835,False
SLAMF1,-0.004113255834161598,-0.5702322461115487,0.027052702799572097,True
SLAMF6,-0.004703323043701603,0.02306765906781585,0.9427329576500909,False
SLAMF7,0.005194033087579721,0.22155332022648364,0.39540686484431997,False
SLAMF8,0.000408238780674484,-0.19890908133325405,0.5908274928229384,False
SLC10A3,0.0265974205428671,-0.8308824689658405,0.006636742119550596,True
SLC10A7,-0.0007333910369056428,0.16338341345392976,0.5387926600795636,False
SLC11A1,-0.002734116141113031,-0.06737801047803327,0.7760090406219011,False
SLC11A2,-0.004455635136129522,0.4710887460280875,0.11055411646982391,False
SLC12A5,-0.0008709243606589917,-0.12245156120234595,0.695886722919995,False
SLC12A6,-0.002661253519954813,-0.08598256782154781,0.7452150820923042,False
SLC12A9,-0.006585042265543727,-0.38704352915191476,0.07240629878676573,False
SLC13A3,-0.0008643087193819745,0.0824067180066594,0.6646278932342382,False
SLC14A1,-0.0026429197049544343,-0.18363039302847517,0.3743886987842999,False
SLC15A4,0.003018003510545417,-0.1486833378258197,0.6753979184383421,False
SLC16A13,0.0012178735897654647,-0.30673050117708056,0.36989195746610426,False
SLC16A5,-0.00012646915040822785,-0.5252596665042449,0.14485399764027926,False
SLC17A5,-0.0059142017254209716,0.23031399530191118,0.4857928452827618,False
SLC18B1,0.0012776334679998915,-0.2385771281074019,0.47979658746135967,False
SLC19A1,-0.0002484259718872855,-0.4687630441535938,0.2455228874368813,False
SLC1A5,-0.0030083169501597482,0.09125026483326687,0.8761508950007866,False
SLC20A1,-0.0009781894128382625,-0.3894049600559201,0.07461811227043458,False
SLC20A2,-0.002157105778773817,0.3066447055570095,0.22785623763810642,False
SLC22A16,0.0018267540739722705,-0.07671805933662829,0.6738635200434158,False
SLC22A18,-0.00010556419447001791,0.16158237976499473,0.19449610873567175,False
SLC22A18AS,0.00048212269322256445,-0.4608094662782587,0.10789653559776204,False
SLC22A4,-0.0002878696832677454,0.17427458598334294,0.5653850091668167,False
SLC23A2,-0.003878198194110961,0.29831022540065066,0.42977221085432527,False
SLC25A1,-0.0008696155295486719,0.04863207439759251,0.8632864346704674,False
SLC25A11,0.0005404125476774027,-0.2045183342719854,0.30585284988031036,False
SLC25A12,-0.0015113955204758113,-0.23559866504358296,0.2890929105307864,False
SLC25A13,-0.004529660676037834,-0.12197522989493888,0.6851603851006454,False
SLC25A14,0.026278155186636853,0.10735290044403195,0.8032998775220235,False
SLC25A17,0.00034212090157956807,-0.25501427015912687,0.3415648497715786,False
SLC25A19,0.0007041282877561775,-0.3642555021635887,0.14722870487175369,False
SLC25A20,0.0002016685179812842,0.1992153715790384,0.3683693037795956,False
SLC25A22,0.0006516959457889503,-0.24837126864891548,0.5035543663454005,False
SLC25A24,-0.003539024219124723,0.3998386036082699,0.24398309208386004,False
SLC25A26,-0.0009045178003256656,0.15254261659781954,0.22196883633643852,False
SLC25A3,-0.0038053606887160176,-0.03090040082808522,0.7909245991281713,False
SLC25A32,9.475146000422819e-05,-0.02720001563493995,0.9375385374216437,False
SLC25A36,3.4722633948840604e-05,-0.04315089506942625,0.8924917185621645,False
SLC25A37,-0.0025383150213662787,-0.14189874108760195,0.23901451760038367,False
SLC25A38,0.0006578175396936884,-0.41316366326263243,0.0022670726858782077,True
SLC25A39,-0.001513095229500538,-0.01291510465017471,0.9463960814802195,False
SLC25A4,-0.0010935608413751928,-0.18694300569504485,0.38394970137972995,False
SLC25A40,5.976992540083014e-05,0.09680694900109649,0.7291134744345142,False
SLC25A44,-0.001476168836526041,-0.35891434693710916,0.22771809780559302,False
SLC25A45,-0.0003702593439987037,0.2780902991926053,0.291915690162063,False
SLC25A46,0.00012664676586146459,-0.24016396464526787,0.506408531057013,False
SLC25A5,0.022008426019312733,-0.009547634685885006,0.8707995693727775,False
SLC25A51,-0.0032414371091749852,-0.1318985617263875,0.6036304709425451,False
SLC25A53,-0.0016600939307867032,0.14880462337335182,0.3941528035290709,False
SLC26A6,0.00022924124533978086,0.11496496566305822,0.7621757491031655,False
SLC26A8,-0.004095948408656269,0.5443825350695118,0.10974120153446627,False
SLC29A1,-0.002128507151006092,-0.3085832945049136,0.4389819480781061,False
SLC29A3,-0.00015916123359639803,0.3444905097290638,0.2667600766769335,False
SLC2A1,-0.0007406931985556637,0.09424341816172276,0.5731315705406492,False
SLC2A11,-0.0009267265008752558,0.28976790953155784,0.2056708635971188,False
SLC2A3,-0.003448076055772843,-0.2744741032940005,0.31887244889728195,False
SLC2A6,-0.0016302897613962068,-0.04997283240589794,0.8257176821771041,False
SLC2A8,-0.00032170488310186753,-0.0795493145398712,0.7127896836252634,False
SLC2A9,-0.0018656334137441557,0.24046977277175843,0.20448941579301486,False
SLC30A6,-0.004169678418744404,-0.26943495724030275,0.1658798430162039,False
SLC30A7,0.0009590104529101335,0.25607301784601444,0.6337923398079071,False
SLC30A9,-0.0024853525304373994,-0.344795597580762,0.19602391462981766,False
SLC31A1,0.0014895056953123766,-0.10884145973482763,0.6825146716647934,False
SLC31A2,-0.0019477947910256268,0.07615402287638694,0.701319221156794,False
SLC33A1,-0.0006549466641331304,-0.21878833919628843,0.6238799761469287,False
SLC35A1,-0.00247587545357693,0.16719759710275547,0.4822882124660961,False
SLC35A2,0.021850191606006368,0.03255791571173868,0.8242616137667033,False
SLC35A4,0.001298615830070099,0.09110898124219997,0.7353019767867102,False
SLC35A5,0.0005467170616218732,0.2529363399670811,0.27991015941623476,False
SLC35B1,-0.0011075111311807666,-0.16195415158584797,0.096082795963063,False
SLC35B2,0.0008086510156451053,-0.005995455603591814,0.9899140606105653,False
SLC35B3,-0.007522114071889013,0.08083934143656081,0.8071262061757147,False
SLC35B4,-0.002704152478913447,0.26216014521275727,0.13040815109490234,False
SLC35C1,-0.001792827426074643,-0.2340903534865186,0.36771749845354085,False
SLC35C2,-0.0005068378374600901,0.12146738303577756,0.6580821768993759,False
SLC35E3,-0.0007716465446773197,-0.6741710034436093,0.028413502218272338,True
SLC35F5,-0.0011054117055834321,0.1431078527409606,0.5475757209032737,False
SLC35F6,-0.0059442107694346975,0.16428568535107146,0.43779252406263003,False
SLC36A1,-0.001998366643120231,-0.6826951731043969,0.11042524936517352,False
SLC37A3,-0.002685309455786818,0.06609105058391698,0.8578262997385322,False
SLC37A4,-0.0007737171380430229,-0.11590905010910009,0.5995704802870121,False
SLC38A1,-0.002098385583089481,-0.10301941604412115,0.7671743262625421,False
SLC38A2,-0.0034859239590192942,-0.7982965300613186,0.003439968628204141,True
SLC38A5,-0.004849900788618583,0.12722096940535418,0.6519973999863333,False
SLC38A6,-0.0014672273689468808,-0.20655918526562578,0.4623315238955692,False
SLC38A7,0.00035880264782840585,-0.3470208714654795,0.17743258937996148,False
SLC38A9,-0.0022790373874642285,0.13412852324318594,0.6857535176973568,False
SLC39A1,-0.0007606433383289851,-1.0590752800181762,0.007840378256372479,True
SLC39A10,-0.002806852132405533,0.3189680844839829,0.3421184937719123,False
SLC39A11,-0.0019370161200228742,0.6539567789603632,0.04182133691195746,True
SLC39A13,-0.001977220625505783,-0.06932276398246248,0.7731113066357649,False
SLC39A14,-0.0011939529079696618,-0.19123215495487503,0.4107558096391801,False
SLC39A3,0.001373591140080025,0.3679093798881108,0.14850900829248384,False
SLC39A4,0.0006131841752684025,-0.06932057515285657,0.5030893376117817,False
SLC39A5,-0.0008974279615650797,-0.411648312381909,0.28019218505609655,False
SLC39A6,0.0004343370183899388,0.12557593646747353,0.5838057796797677,False
SLC39A9,-0.0011726517180497345,-0.133025779284646,0.6993180844198096,False
SLC3A2,0.00024106505947591456,-0.24746311393615944,0.10797119643470307,False
SLC40A1,-0.002224791391336449,0.173821213581001,0.6189435087317703,False
SLC41A3,0.000920347556790988,0.14293717134020312,0.5769613486572356,False
SLC43A1,-0.0027558756773968275,-0.37202899404840967,0.21719862099526513,False
SLC43A3,-0.0060104866832999945,-0.2893834027163218,0.357176165049536,False
SLC44A2,-0.0024423018121708475,-0.25152478904450576,0.33821070789018653,False
SLC46A2,-0.0022733064312755354,-0.2713268250435227,0.30146945065991765,False
SLC46A3,-0.004164091301218056,-0.03719034933395279,0.8900090281970662,False
SLC48A1,-0.0025398709677121926,0.5484022453659626,0.1624697155796448,False
SLC4A1,0.00014525954710638853,-0.15712420388885734,0.6064723836130239,False
SLC50A1,-0.0010540749687819877,-0.43084129347700156,0.19318416916321024,False
SLC52A2,0.0005025774487966819,0.16408889457183254,0.6373826748567291,False
SLC5A6,-0.00020852683807258304,-0.4648318940435277,0.22032453610448993,False
SLC6A6,-0.002778462249220736,0.1460139716635763,0.7062799810478271,False
SLC6A9,-0.00043053492261774327,-0.38009219840484426,0.2302042159584626,False
SLC7A6,0.0006697257355884749,-0.4844403107283585,0.04978001821559627,True
SLC7A6OS,-0.0005719860388778875,0.33861427188104004,0.2979249285702702,False
SLC7A7,3.531958867187356e-05,0.04216030358322994,0.7996984773582883,False
SLC8B1,-0.002838060402903212,-0.060668686515119266,0.8393632375065064,False
SLC9A3R1,0.0011439801766373271,-0.8405725798806275,0.05405215732967698,False
SLC9A8,2.692516192750442e-05,-0.07183793896200506,0.8168045031146115,False
SLC9A9,-0.00023011466717651365,0.18130508842019535,0.6453686591483003,False
SLC9B1,-0.0032442355331218837,-0.15034501976809295,0.5553076374979584,False
SLC9B2,-0.0075284950875640815,-0.17385418726731014,0.617747013867215,False
SLFN5,0.0009773842830561952,0.31078246946103566,0.08041709963925654,False
SLIRP,0.002136844001030328,0.009789354794726634,0.9144531824475809,False
SLMO2,0.0004902825210245738,-0.2301820741553512,0.24630819454328307,False
SLPI,-0.009121970781380545,-0.2777634040281847,0.21150320009728932,False
SLTM,-0.0003900994431975104,-0.11606279498635984,0.4977179110936315,False
SLU7,0.0006539118366282592,-0.21314319014597474,0.19872654289493377,False
SLX4IP,-0.0019428315588673317,0.0937876973272657,0.8028951771115062,False
SMAD2,-0.0023131888780022485,0.08281160228549389,0.6804276931633573,False
SMAD3,-0.002471765250556917,0.09116332043308398,0.7941058193966769,False
SMAD5,-0.0033002173379868198,-0.3998322360025581,0.24139680023609342,False
SMAGP,-0.0008781401042560143,0.15163526220625367,0.3536792274345727,False
SMAP1,-0.004569928706256643,0.12217370726932142,0.190778555782706,False
SMAP2,-0.0015979927299837853,0.1703297906906552,0.3886114308571048,False
SMARCA2,-0.0037234515732821327,-0.15065808094715594,0.7172250545313272,False
SMARCA5,0.0003590748546726586,-0.0047981776259911684,0.986957932857129,False
SMARCAL1,-0.0001969655004281398,-0.14384653138855058,0.7274397907185591,False
SMARCB1,-0.0023829250270798025,-0.19134076174530554,0.3202821173974668,False
SMARCC2,-0.0007475568178202453,0.18739074569749364,0.67950780532457,False
SMARCE1,0.00028266039547191147,-0.3394191133312597,0.007232413522481012,True
SMC1A,-0.001993245798743221,-0.23934236539888662,0.4891201631536509,False
SMC3,0.0006907276813194733,-0.2047756617770776,0.34121175362501327,False
SMC4,-0.001211489807858975,-0.20972910591815103,0.4742086120986786,False
SMCO4,-0.0013913245238959624,0.3716092305892794,0.03600407050478709,True
SMDT1,-0.0009283281426001399,0.18796741655545976,0.2771690119903707,False
SMEK2,0.0013845509862707678,0.13241925812899968,0.6453879492436233,False
SMG9,-0.0012467434756110978,0.06581756814700891,0.824470681573784,False
SMIM1,0.0032521484370517184,-0.21304104432430437,0.22405924463687085,False
SMIM10L1,0.0007440094823508465,-0.07442595758916741,0.15017772664352813,False
SMIM11,0.00022741252341139696,0.10796572009021002,0.5487865282361756,False
SMIM12,-0.002899452027069866,0.1288269310162472,0.32784670685556977,False
SMIM13,0.0003119737174268327,-0.20324788947219838,0.47208880722221613,False
SMIM14,-0.005596224753804639,0.08891159187115043,0.501111166708679,False
SMIM15,-0.0001937461542923342,-0.21537443731811143,0.11624461954434691,False
SMIM19,0.00023024167733162997,-0.10959336939466234,0.5704505678295502,False
SMIM20,-0.005864710223915312,0.014081474453265328,0.9048308091476597,False
SMIM24,-0.008800864135891658,-0.14306228496134477,0.48950720015938465,False
SMIM3,0.0018247683454164464,-0.15944909384660763,0.19755013082637526,False
SMIM4,0.0024524432929063644,0.011556268595617128,0.9250305731756536,False
SMIM5,-0.0008511325658835435,-0.04124355939366363,0.8016325115036838,False
SMIM7,0.003080852009309316,0.08966630506872925,0.32800641389398766,False
SMIM8,-0.0007872468433581792,-0.04105663554100566,0.8132330662456069,False
SMNDC1,0.0006621525859679998,0.03632212468885118,0.8768457569584374,False
SMPD4,0.002582775294775289,0.18552080957775402,0.5299313979565083,False
SMPDL3A,-0.0005726220282912764,-0.051808932438387814,0.8424329174638725,False
SMS,0.004256697319241755,0.026529159689867673,0.8598418966542316,False
SMU1,-0.0001854488886519321,-0.14069953103778973,0.35268127031859936,False
SMUG1,0.0014153062499495342,0.13512940628762898,0.3615502360753955,False
SMYD3,-0.0034643195066842605,0.2324962379157789,0.15886719207064168,False
SMYD4,-0.001180119488274157,-0.0655439718810965,0.8694432335195297,False
SNAI3,0.0005040563087207806,-0.03704443994707926,0.9610091289368689,False
SNAP23,-0.0037810549631302082,-0.07830063618547317,0.5676257022697901,False
SNAP29,0.00027174027563328515,-0.03433053365842256,0.922681036379248,False
SNAPC1,0.0020897702762137068,0.1831496171632729,0.43219430533592085,False
SNAPC5,-0.0031470490160430908,0.04061676272448859,0.716627907077388,False
SNAPIN,0.0012671127705749274,0.08559191761505414,0.3960841837358171,False
SNCA,-0.003284014475680254,0.04731763062795954,0.8626991822122907,False
SND1,-0.000521246742347144,-0.3733680521333431,0.1967007760231532,False
SNF8,-0.001727322103981669,-0.1433217288612209,0.4525795338692544,False
SNN,-0.00385035857393883,-0.3475825934225207,0.30294962436582196,False
SNRK,0.0024835598830871422,-0.46737122078551735,0.02830705217571117,True
SNRNP200,0.0007124589766125213,-0.2667116951413606,0.5979437236983528,False
SNRNP25,-0.0020616956118496305,-0.0714910843699091,0.7632283956816063,False
SNRNP27,-0.0013110035039685865,-0.29113248794462154,0.05902880257523461,False
SNRNP35,-0.0009009430661104033,0.48837336744089593,0.025072813987683403,True
SNRNP40,-0.0008885991904439369,-0.08816609827931406,0.3417809664616276,False
SNRNP48,0.0031180441326727737,-0.231853301137383,0.19478848233596852,False
SNRNP70,-0.0011906769678400617,-0.30715864095832046,0.4858244945999418,False
SNRPA,0.00032153687918146996,-0.21407965884685737,0.24284958764694728,False
SNRPA1,-0.0008039849813478055,-0.02724062766409337,0.592790033881655,False
SNRPB,-0.0012364153106866943,0.038076952672017744,0.4130503963176656,False
SNRPB2,-0.0003407387363624949,-0.05040264931384206,0.4109753636303728,False
SNRPC,0.0026112898807844607,0.14403030238866343,0.033373988135300826,True
SNRPD1,-0.0013504576290664521,0.03828311468253512,0.5536976596676494,False
SNRPD2,-0.0006457494269983841,-0.0008382163593216615,0.9910080308183183,False
SNRPD3,-0.0011036767641766263,0.09170230600654655,0.31337416572491167,False
SNRPE,-0.000827411364009014,-0.021023471901560755,0.8498770025263793,False
SNRPF,-0.0030772487029945244,-0.02559451587301294,0.730723828935494,False
SNRPG,-0.002132097474400366,-0.004806022489412026,0.9542492281374735,False
SNRPN,-0.00403670990748867,0.05483510106674881,0.8484385208693745,False
SNUPN,-0.0014108591101688493,0.22158890946024185,0.15702517254856024,False
SNW1,0.0012688885810157467,-0.1452721807945077,0.49031245167980386,False
SNX1,0.00013143888047347787,-0.09529212777081669,0.6630200587219826,False
SNX10,-0.0028623345877838015,0.058451963656172744,0.7846969842649771,False
SNX11,0.0010958908149057121,0.05191219767121607,0.8045330462455408,False
SNX12,0.02634588574093142,-0.07905855499588021,0.7997752567038762,False
SNX13,-0.0038027036927116495,0.1038322876113334,0.7421861036240724,False
SNX14,-0.0011433777472134447,0.4140144576409597,0.04758747488049129,True
SNX15,-0.0008186156394441482,0.0940226772410165,0.6734043977744786,False
SNX17,-0.0008501147187366388,0.04127198291196758,0.5337614971989157,False
SNX19,-0.001446187560779796,0.24391521414814468,0.440171332557604,False
SNX2,-0.003662860426856962,-0.10773423053773475,0.5013486948120716,False
SNX20,0.0007044971946428888,0.17659918383760453,0.3330567514577882,False
SNX22,0.0005841814042411218,0.1281948976350716,0.5780147685797001,False
SNX24,-0.0019347199896546765,-0.16734199100351785,0.663445559542895,False
SNX29,-0.001693261669473773,-0.4981682673707781,0.1456785977572601,False
SNX3,-0.006853613375620444,-0.06363164354468391,0.7197066234693212,False
SNX4,-0.002785753797775647,0.17276161653042588,0.6074137247952844,False
SNX5,-0.001029571287222387,-0.039431262551151626,0.7623838188306232,False
SNX6,0.0037095811858487496,-0.03100232408069549,0.8640922026407989,False
SNX8,0.0008137912498033452,-0.028255341420693168,0.9181563324232548,False
SOAT1,-0.0014323187136006251,0.2894271028300746,0.37295564716020496,False
SOD1,-0.00021545868476795406,-0.0030707846812531394,0.9428419212604733,False
SOD2,0.001159224272745105,0.00017859216535715601,0.9991905623786705,False
SON,-0.00023252156459234439,-0.09371576503340487,0.22911647711844613,False
SORD,-0.003400258362217617,0.347913056457447,0.2624100829816655,False
SOX4,0.0016910043703485752,-0.20813386036726467,0.08875378525655855,False
SP100,0.0001707455806061565,0.0067175081089044675,0.958316061948651,False
SP110,-0.000388119356740155,-0.03211900067460386,0.8665046024486791,False
SP140,-0.0014629935408599878,0.5316823635469203,0.03598950651203183,True
SP140L,0.0009126285418332493,-0.11426219281488785,0.564353585767458,False
SP2,-0.000159080854271549,0.831235752651235,0.10781651538460386,False
SP3,0.00048661038939824006,-0.2022352009683518,0.4818376537042902,False
SPA17,-0.003784813601434367,0.14273236882327417,0.7003897586075262,False
SPAG16,-0.002221256800295633,-0.22974954486358257,0.6326739366066367,False
SPAG7,-0.0002750880999541111,-0.1706939944932958,0.5031427982409105,False
SPARC,0.0002956221328944908,-0.6944207598548229,0.0038732567127385937,True
SPATA13,-0.00042807575996758423,0.0011421645843976177,0.9961528541076912,False
SPATA2,-0.001364515602823435,-0.2775660673937828,0.31461789344025604,False
SPATA20,0.001505345141834042,-0.28891680887439164,0.4843687524716579,False
SPATA24,-0.0009988317989158813,0.13554530887475078,0.6932164257077854,False
SPATA33,0.0014685343665273999,-0.09312269618039333,0.6324048798246154,False
SPATA5,-0.0040571315247443646,0.0873879833190436,0.6600056115226545,False
SPATC1L,0.0006028582779581976,0.24536570360635737,0.31951525493962724,False
SPATS2L,-0.001605179895270323,-0.32674092359834916,0.20074427899791297,False
SPC24,3.282685041132947e-05,-0.06461674505388491,0.8557811028111164,False
SPCS2,0.0002872165728015187,-0.00010533121180383237,0.9993012117298135,False
SPCS3,-3.462722868444977e-05,0.05210876164022446,0.7187653782666026,False
SPDYC,-0.007321709210035607,-0.060965952189849425,0.8578358450899837,False
SPECC1,-0.0023498384155400454,-0.27118929100864747,0.22895861892640862,False
SPECC1L,-0.001045481357150159,-0.07743893151936135,0.7182533376255047,False
SPG20,-0.002728511201660267,0.12150629601694475,0.7570826529119032,False
SPG21,-0.0022488062622998644,0.06517055776811957,0.5807681541066354,False
SPHAR,-0.002050002330915642,0.35046262008074375,0.33685711575230604,False
SPHK2,-0.0007911161885745504,-0.4038389565482689,0.2188772299625228,False
SPI1,-0.005395373125433031,-0.3268609441305917,0.5756318746884124,False
SPIB,-0.004774371128762771,0.20591497659363492,0.2787012762791038,False
SPIDR,-0.003496953547962167,-0.38757650384377984,0.16961676523034105,False
SPIN1,-0.0004581866469525698,-0.04466136908578714,0.8833915121186489,False
SPIN2B,0.027655257587191274,0.07530947801687635,0.6960441165031722,False
SPINK2,-0.003953336657313033,0.37614136506195944,0.048270379994014144,True
SPINT2,-0.0016213748981438916,0.23073438995287976,0.21388113700457242,False
SPN,0.0003439083786220318,-0.38027601157185276,0.0662502413408044,False
SPNS1,-0.0006699513392927638,-0.2743889515996287,0.38442856902640377,False
SPNS3,-0.0028179374838171096,0.0586792213431392,0.8783023982804544,False
SPOCK2,0.0016452106569795795,-0.34603713199203,0.2553061990898624,False
SPON2,-0.0029866246328250513,-0.6208063639418199,0.0879512615910206,False
SPOP,-0.0023002220476662904,-0.3335692469725023,0.0015377863052950349,True
SPP1,-0.006573698377889757,-0.08040820736283207,0.6388850209030934,False
SPPL2A,0.0004189868367486281,0.28991829549450443,0.16191909643752714,False
SPPL2B,-0.0004383371863355071,0.05194689853015715,0.8630933169374824,False
SPRTN,-0.0017576770072096355,0.06520234076416213,0.8173867661213383,False
SPRY1,0.0006691389369888701,-0.3478056862502886,0.17852947148782886,False
SPRYD3,0.0007492757870939765,-0.38765180162244,0.18751541204624597,False
SPRYD4,0.0010311799708203043,0.03616566539201744,0.8959277301986321,False
SPRYD7,-0.0035726505571708313,-0.5445270734908266,0.11398330124840407,False
SPSB2,0.0006206306529610407,0.06149688419635124,0.8695625351154793,False
SPSB3,0.0005054921903361874,-0.1915164190116404,0.06965631830337682,False
SPTAN1,-0.00045609492686065804,0.03139268661402788,0.9324618011462745,False
SPTLC1,-0.0011758533174540179,0.10523083931810934,0.48262602964548196,False
SPTLC2,-0.005116709817140906,0.24953235791573544,0.18529381646854273,False
SPTSSA,0.001176191586577458,-0.04022443364825182,0.8711693328320864,False
SPTY2D1,-0.0004228024453819564,0.6094820651271798,0.07170766733290251,False
SQRDL,-0.0032110323856613977,0.13823298873032494,0.5192565277726188,False
SQSTM1,-0.0013805070630206137,0.03135999739869241,0.8562819832478152,False
SRA1,-0.002995790188469021,0.038262486225445654,0.7455589603806159,False
SRBD1,-0.0035422663738412926,-0.023945062182897662,0.9309718929441846,False
SRD5A3,-0.0003179900756032549,-0.1341002724758827,0.6756540297482949,False
SREK1,-0.004349486167469493,-0.30849597320074945,0.24631190686507898,False
SREK1IP1,0.006454634764372056,-0.18223536076941707,0.23914158676151331,False
SRF,0.0005433963157195729,-0.28150337777310813,0.4673852248881035,False
SRFBP1,0.001480389125753218,-0.3815189906335475,0.2503406692696359,False
SRGN,0.00015057305716920964,-0.14332588711859984,0.5012656620924859,False
SRI,-0.000647079281752583,0.14831403399927792,0.06803154236286256,False
SRP14,-0.001072354818704541,0.019062220570165503,0.8235705847571214,False
SRP19,-0.0017121878998281983,-0.1337902890185907,0.21861364223452662,False
SRP54,-0.0010782410836241464,-0.19153933836856823,0.5150969170621362,False
SRP72,-0.0017958620056898807,-0.21494304435806832,0.17855745707637335,False
SRP9,0.0005523882497035222,0.03066471111268232,0.7183776334633551,False
SRPK1,-0.0016634564790542203,-0.0974839237056749,0.5127490869009883,False
SRPK2,-0.00023390551842676014,0.004855887976736146,0.9829383056155183,False
SRPR,0.0005252431278620012,-0.4204390116471179,0.16038356485860164,False
SRPRB,-0.00047321658176711413,-0.22127450726631842,0.018066524224401682,True
SRR,-0.0013377991698780385,-0.5599103985092259,0.1429854594798475,False
SRRM1,-0.0035748050139216615,0.3273685879886321,0.4046351493434369,False
SRRM2,-0.00026943540085757706,-0.2383751616062822,0.2300959614666041,False
SRRT,-0.003404847266395769,-0.8072348994453734,0.09236645356852027,False
SRSF1,0.0008378566816659699,-0.36941243492479214,0.15289368961539393,False
SRSF10,-0.0021067240020912945,-0.21244147167230082,0.14804328949503764,False
SRSF11,-0.004671454620857993,-0.07082312854013383,0.8058549291980714,False
SRSF2,-0.0018873607899116637,-0.04028203826118156,0.8810551169110032,False
SRSF3,0.0023567999907645526,-0.029652369841550827,0.7852733966110255,False
SRSF4,-0.0041174882807732726,0.18644373524819408,0.45220552140796366,False
SRSF5,-0.003717356309279514,-0.4333306246937965,0.16715910704067816,False
SRSF7,-0.0030666170332924194,-0.07287081141991426,0.5529035939306477,False
SRSF9,-0.004747160725371617,-0.008557337074083004,0.9678859084270399,False
SS18,-0.0002912188141233464,0.25897006489961294,0.6045031107523853,False
SS18L1,0.00033658136855299056,0.3619655257900703,0.2376886462283534,False
SS18L2,-0.001397066007218908,0.030464666142643735,0.6683233354239575,False
SSB,-0.0020156052324644654,-0.24004055758882384,0.11727074379473151,False
SSBP1,0.0008377352274499675,-0.010564645311210756,0.8612884643359484,False
SSBP2,-0.0018538907087678439,-0.17283758929383775,0.4900193848210098,False
SSBP3,-0.0007945133264226484,-0.1856735847405634,0.1265344160847347,False
SSH2,-0.0029936251097383484,0.22797259356773183,0.1072524103524088,False
SSH3,-0.0007566228256245007,0.07202636005999653,0.8285533307759148,False
SSNA1,-0.001270050578487994,0.045800308782329914,0.664892621892123,False
SSR1,-0.0015175127941270468,-0.2353979351942584,0.2178733047899257,False
SSR2,-0.0017993394385586849,0.0652077118930509,0.2974973396417093,False
SSR3,-0.003065677162072835,0.13003769143637722,0.1454424814030402,False
SSR4,0.025049723362226543,0.005530739890731853,0.9227194586573423,False
SSRP1,0.002508561566093049,0.3101358601828507,0.2527874544744156,False
SSSCA1,-0.000279712260433538,0.08341810499294174,0.5809932147266543,False
SSU72,-0.0018166226245973005,-0.07211491974279521,0.39558008505173814,False
ST13,-0.00022311187959748487,-0.11248690783412663,0.33178854121712814,False
ST20,-0.002562169957753739,-0.6536048114562775,0.14103157082952375,False
ST3GAL1,0.00020507813337840294,-0.05748313164621107,0.7873278382645752,False
ST3GAL2,-0.0035166696032721666,-0.4845063343276607,0.08972792608294693,False
ST3GAL3,-0.001760163319268644,-0.32669221447865654,0.19427243916128653,False
ST3GAL4,-0.002984256104760131,0.12690952103883962,0.6219299934242369,False
ST3GAL6,-0.0028513477750881596,-0.09759453904361867,0.7575684699967353,False
ST6GAL1,-0.0025440979051968233,-0.37845893469515474,0.37578849909256895,False
ST6GALNAC1,-0.0024813094100300383,0.30710581919912777,0.26461807474960425,False
ST6GALNAC2,-0.0026903337945657596,-0.11511340377649436,0.5692729131564953,False
ST6GALNAC3,-0.002142336066545979,-0.1239017847157704,0.7631986883659607,False
ST6GALNAC4,-0.0014242038764502895,-0.20485040038903624,0.36927361450139007,False
ST6GALNAC6,-8.930816647844276e-06,-0.5174697138720403,0.27486658442657735,False
ST7,-0.004638419792405827,-0.6404559075697266,0.016939526742623754,True
ST7L,0.00046558476434394253,0.27423068627103714,0.2426759764263142,False
ST8SIA4,-0.0017995563066207075,-0.21192132069913638,0.22365216317137498,False
STAG2,0.020143735121330584,-0.060448301377913224,0.6526138978414484,False
STAM,-0.00351138104580963,0.28194698978399846,0.37839711687736,False
STAM2,-0.0032767431929583966,-0.2782168222232531,0.1759260336818305,False
STAMBP,0.0018866087815789271,-0.25250912205299336,0.22448415575685424,False
STAMBPL1,-0.0023930837917109597,-0.5324486310598987,0.11817267929990934,False
STAP1,-0.008594849321468997,0.02781263822418049,0.9293597134188775,False
STARD10,-0.00024458833199346604,0.23575297842343865,0.5756107651844349,False
STARD3,0.00011725928422719409,-0.9476640201309561,0.01571431915193795,True
STARD3NL,0.0012122915107339782,-0.003446480353337463,0.9869549017674888,False
STARD4,-0.0034585981873017277,-0.3298036986126463,0.12879534565313697,False
STARD5,0.0002985630984610006,-0.22441658829192207,0.44735435473627994,False
STARD7,-0.000979177541759024,-0.232139212842737,0.43603833626608535,False
STARD8,-0.0010714059912607498,-0.6591890642628738,0.01891219659088996,True
STAT1,-0.0006781666892663349,0.33578175395069954,0.2884322319810944,False
STAT2,0.0004795046333026077,0.39470451435906867,0.2880218763614242,False
STAT3,0.00015692819765588916,0.031873875813918415,0.878400744521785,False
STAT4,-0.0005899197856797742,0.2109557344917008,0.5240403041888724,False
STAT6,-0.0007240657601353041,-0.06706103240199782,0.8386786216106517,False
STAU1,-0.001337336965845701,-0.3235071410807524,0.24902800470081982,False
STAU2,-0.0015274658131863655,-0.015615379269632376,0.9420476083258285,False
STEAP4,-0.004664018692258054,-0.060789959189342824,0.7831663940485881,False
STIM1,-0.003017223499714841,0.13745986898318474,0.6544887868179075,False
STIP1,0.001075039020993445,0.13565175180385966,0.7560895148932061,False
STK10,9.971833697870367e-05,-1.4532564428699586,0.01868442980298085,True
STK16,-0.00032911627565893254,-0.06749684304153798,0.8228668749997159,False
STK17A,0.0027365383663552176,-0.14820138204704122,0.5753638299804099,False
STK17B,-6.95290698648588e-05,0.1059663781367018,0.676496877919329,False
STK19,0.0019506964447448994,-0.403176928063934,0.25144787860988704,False
STK25,0.0006579643077751599,0.02018266531212655,0.9414571593702105,False
STK26,-0.0051431268060725,-0.0240256964120287,0.9020915041839773,False
STK3,-0.00404002458504421,0.5466246755485815,0.1010120382274665,False
STK38,0.0016485058173412832,-0.15312309354914216,0.25399825050349834,False
STK38L,-0.0007531274061484401,-0.3724525235611808,0.1843942998686123,False
STK4,0.000817184289884603,-0.16050381948632056,0.43751818596930414,False
STK40,-0.0034463128240804493,-0.4207801135132918,0.1536948264624304,False
STMN1,-0.000457051309553098,-0.11397602296411567,0.6835988436003435,False
STMN3,-0.0003831239666452586,0.631011216340017,0.16698378921839274,False
STOM,-0.0004342882669136456,-0.041050751564751034,0.8398567997234909,False
STOML2,0.0012229902912233176,0.05517215307031926,0.6739423124103785,False
STON2,-0.002168382002056581,0.0355639944510869,0.890493614106693,False
STRA13,-1.702044986195412e-07,0.06994503598570774,0.6859943944819145,False
STRADA,-0.0009868601327866536,-0.2546405594643845,0.20824930549098408,False
STRADB,-0.00014640938535465263,-0.20826910418660693,0.5739793412763914,False
STRAP,-0.0019612348310752876,0.02558348043423221,0.763211916208299,False
STT3A,-0.0015154934171328516,-0.15351785967862097,0.6703406575284762,False
STUB1,-0.002774327144858018,0.23294358914689145,0.4319095530413136,False
STX10,0.0020216291820948818,0.048912662240728544,0.7233855397059478,False
STX11,-0.00044607313621103075,0.487818153947413,0.17451644960497215,False
STX12,0.000244510681581924,0.21485280889519429,0.3821507401796449,False
STX16,-0.0004707713261259624,-0.3115818606033813,0.24841318693967251,False
STX17,-0.0012667803068259823,0.20467919558368655,0.5414311761578141,False
STX18,-0.0020562057260370714,-0.26496416927291677,0.3475662232855639,False
STX1A,-0.004875852542375712,-0.38334342226621576,0.28520186924250723,False
STX3,-0.0024090367791751266,-0.0017511843174988278,0.9933096506313128,False
STX4,-0.0006647281401664506,-0.2572087468264868,0.1658852785191296,False
STX5,-0.0017438224399397362,0.2887256410136781,0.199391775733462,False
STX7,-0.004594056553133557,0.039111644830833486,0.7282402704744083,False
STX8,-0.000809755337320742,-0.08754752472568444,0.3692509497086518,False
STXBP2,-0.00126374609819678,-0.01673807815565493,0.8966646646107788,False
STXBP3,0.00017387796722910534,-0.3414484837097979,0.018749588381363775,True
STXBP4,-0.0017204680873139794,-0.4821448126581096,0.0685156961671213,False
STYX,-0.0005704999861389004,0.1191873690295904,0.5213820980965284,False
STYXL1,-0.0006471047485562522,-0.09262867506046563,0.5999436612472673,False
SUB1,-0.0069974210406272405,-0.07348111622152025,0.4772617084142261,False
SUCLA2,0.00316945568724014,-0.6600031586447189,0.052457250552410885,False
SUCLG1,-0.002340443130666827,-0.3406597410771917,0.020914443936798414,True
SUCLG2,-0.0022648479518923327,-0.0406520841925579,0.8444932984018723,False
SUCO,0.0006171026979638901,-0.10787556549293179,0.6817487183389175,False
SUFU,-0.00113974302429754,0.23101841435828396,0.43177380658124964,False
SUGP1,-0.0026160954762023325,-0.25493671865810963,0.33021077739439364,False
SUGT1,0.0010526600440569206,-0.06967855131822936,0.6739751062127981,False
SULF2,-0.0002731088208572485,-0.2639389368020526,0.334665024305451,False
SULT1A1,0.0020206730083345784,-0.026308523052450166,0.8275138184270381,False
SULT1A2,-0.0028666209022503767,0.05361131386402354,0.8973140922599254,False
SULT1B1,6.260872670650873e-06,0.10775904591355556,0.5802497273475188,False
SUMF1,-0.001168399988861418,-0.1965985543869335,0.5872232073411975,False
SUMF2,-0.0031895789319452937,-0.16647032700442901,0.21172555105485566,False
SUMO1,-0.0006334348034950284,-0.04922015212433441,0.5310577011749495,False
SUMO2,-0.0006394763587153177,0.0353411883794392,0.5833592692734109,False
SUMO3,-0.004416478875591253,0.2610364901705172,0.0158611745574785,True
SUN1,0.00028805074049412737,0.04067701407741965,0.8550972216022282,False
SUOX,-0.004136883547592602,0.13616027027656374,0.6309525205754443,False
SUPT16H,-0.0011382949995739594,-0.15829763350229073,0.5889981491676458,False
SUPT20H,-0.01281614259402924,-0.13204284757013374,0.2726404817964879,False
SUPT3H,-0.0037138805949118348,0.10365032883171289,0.6509749303576162,False
SUPT4H1,0.0018364447972685862,-0.20745465691973308,0.4063458458991017,False
SUPT5H,-0.0006846500690197914,-0.32330332211653096,0.342370353418953,False
SUPT6H,0.0014203789661998865,-0.42952416760018153,0.009468026027665551,True
SUPT7L,0.0012596612648786679,0.08774843965919768,0.715120034505047,False
SUPV3L1,0.0016149093974677186,0.031249777997087995,0.887154665724029,False
SURF1,0.002700573691303204,-0.046986448351874315,0.8805423129679699,False
SURF2,0.0022735478097927943,0.11191033894700257,0.1584892094986916,False
SURF4,0.0001557198414131525,-0.1702853342334985,0.3514520208853156,False
SURF6,0.0011489632066701769,0.14556876234120417,0.4915780852413766,False
SUSD3,-0.0027392543942428523,-0.24054138493024346,0.23398839060214335,False
SUSD6,-0.0009825320981477845,-0.3749184796150209,0.46248507417992724,False
SUV39H1,0.0033261936982966907,0.01634962034855789,0.9253073837727047,False
SVBP,0.0042553778081692644,-0.26961055316847393,0.1651305665352696,False
SVIL,-0.0009961951627882892,-0.3732541104725182,0.2503349241056639,False
SVIP,0.0017107002789228038,-0.2846473332855233,0.03144190195570828,True
SWSAP1,-0.008146730535234964,-0.11474288561797828,0.5450867154497793,False
SYAP1,-0.00018792374295601498,-0.2392838849460195,0.1444609431264904,False
SYCE1L,0.0012292803261603371,0.413921600129589,0.39559131615805687,False
SYCE3,-0.0029053050863541486,0.23627496764810235,0.5484261280169515,False
SYF2,0.0023731630164934405,-0.0975596207814313,0.3997290057735471,False
SYK,-0.0017422558962751115,-0.6912932332949926,0.026303698005804583,True
SYMPK,-0.0017569294701673252,0.4849129712550602,0.07341399993122696,False
SYNCRIP,0.004127920543045063,-0.3836647130060022,0.0040037906396986084,True
SYNGR1,-0.0022941843742598123,0.01661347804947412,0.8689320720650909,False
SYNGR2,0.0002721977480688524,0.1537539370680449,0.19401869077641967,False
SYNPO2,-0.0028996433647485577,-0.07481001561129924,0.8004973230497074,False
SYPL1,-0.001357517726227725,-0.14149940728941493,0.3405250542767844,False
SYS1,-0.0035317687406436777,0.05574744101752977,0.5794912005831918,False
SYT11,7.850364056927617e-05,0.005744860292910634,0.9890066638030777,False
SYT17,0.001238883690311706,-0.12870891074916757,0.6513434298930254,False
SYTL1,-0.00015672824988790631,-0.0010792489709088057,0.9975035662609955,False
SYTL3,-0.004543704326231654,0.10037194933954642,0.3661603626625639,False
SYTL4,0.009602184799794244,-0.21523582034308802,0.14981278275061682,False
SYVN1,-0.0011794368966453969,-0.9423200738754303,0.29857727539747325,False
SZRD1,-0.001098823425064437,-0.1962550183246525,0.6615761598565499,False
SZT2,-0.0004988752378025345,0.3571011532884331,0.27196400204813814,False
TAB1,-0.00037861086389790214,-0.5107186771728782,0.10824984021149484,False
TAC3,-0.001352049870087479,-0.2188000614858858,0.4382966850967811,False
TADA1,0.0005628666452713029,0.3444205977082346,0.28088481396669696,False
TADA2A,0.000754062681312739,0.10526388986786689,0.7106897857523752,False
TADA3,0.0011030987171209796,-0.22038841665951464,0.1953825446414307,False
TAF10,0.0005299753563559491,0.11544891300048074,0.7797155585232975,False
TAF11,0.0013730137624267968,-0.20751768843660734,0.07632455672350194,False
TAF12,-0.0039022103545727476,0.043614235442507976,0.741953830102078,False
TAF13,-0.00030162217668735196,-0.1140275752834285,0.7983867684221221,False
TAF15,-0.003024331626734697,-0.09576268999562498,0.6880097650256181,False
TAF1A,0.0007390524530800308,-0.33064181042321766,0.2950198461466432,False
TAF1B,-0.006618083868965216,-0.23610893745716627,0.19844747959112896,False
TAF1C,0.0018465915778553353,0.05403379703538717,0.8712271561641831,False
TAF1D,0.0015617930542764446,-0.2851265138329414,0.2726689017771874,False
TAF3,-0.0016978616339734338,0.09560017216085633,0.6407129717413673,False
TAF6,-0.0006593115267658619,-0.2701147251078671,0.41532239850849606,False
TAF7,8.26035919066713e-05,-0.25455867563981427,0.2668141937708328,False
TAF8,0.0029085976247389964,0.0966767104582388,0.7371054977609837,False
TAF9B,0.0177301912588385,0.3276657693747667,0.17605748808699,False
TAGAP,0.0015524118827295096,0.011871048038469686,0.9576414637389778,False
TAGLN2,0.0022744808087361013,-0.31357890904733665,0.3320945925323085,False
TAL1,-0.0009548502849444023,0.14191587652860133,0.598333295329226,False
TALDO1,-0.0005071858646823944,0.024861067996366434,0.7449458081241636,False
TAMM41,0.0012656080162391412,0.3078788496088458,0.11918841243868132,False
TANGO2,-0.0017488146413802306,0.11484524949494684,0.576497101817813,False
TANK,-0.0033384046653131627,-0.060662958023006225,0.7312206348794665,False
TAOK3,-0.0033420069793254556,-0.5720483417919335,0.0917758739956633,False
TAP1,0.0005065786055174167,0.16770783062903505,0.7553803239053716,False
TAPBP,-0.0012073857533735747,0.11098965359937872,0.5010045481955432,False
TAPBPL,-0.0005977252237168455,-0.4168708746631164,0.09901266752923298,False
TARBP2,0.002962123581922522,-0.08471555132565912,0.8558968349735327,False
TARDBP,-0.00047262586409687566,-0.44820053435163487,0.1798139550780913,False
TARP,0.0029672155765461624,-0.5262324751622108,0.18510495279511452,False
TARS,-0.0010342936869596761,0.15323973567160956,0.7138032958531373,False
TARS2,-0.0008560819322704758,-0.5511744348321737,0.24568883565108168,False
TARSL2,-0.00025049081830336926,-0.27216030294657556,0.3939280505904834,False
TASP1,-0.003947192567010339,-0.6793063252104353,0.1053445250165138,False
TATDN1,-0.001919881446678501,0.018934128425104016,0.8771521182109956,False
TATDN3,0.0003376349174299138,-0.037572704884034094,0.8274055295042734,False
TAX1BP1,-0.0032685343666995726,-0.25756684607045,0.1724580916508888,False
TAX1BP3,-0.0006669853468857079,-0.0883140614280241,0.6967693016413674,False
TAZ,0.024145959606526178,-0.11598102516939957,0.6249198431533933,False
TBC1D1,-0.002347277766069805,0.11864411246675181,0.6917203336011583,False
TBC1D10C,0.000271599851346336,-0.0050807675268221214,0.9857755890968002,False
TBC1D13,-0.002161501681104482,0.22560690708093625,0.6417266782556397,False
TBC1D14,-0.0008997532424121606,0.1993626536191067,0.5350133450527484,False
TBC1D15,-0.0019923572085125793,-0.4117107165290402,0.19080359111507353,False
TBC1D17,0.000513705172886456,-0.6259408231143591,0.17579253138187584,False
TBC1D2,-0.0034252934066324884,-0.022145579249122763,0.9339974259619305,False
TBC1D20,-0.0016300553028960236,-0.1676573386688956,0.48049808452234277,False
TBC1D22A,-0.0009649480951471679,-0.06037250528060786,0.8373013913174975,False
TBC1D22B,0.0008814303881298301,-0.16828009069865132,0.45352333049137405,False
TBC1D23,-0.0023483329643131426,0.37218057842843627,0.012427857564690142,True
TBC1D31,0.0004486717257372244,-0.011335050059422357,0.9781630843811928,False
TBC1D7,-0.00106457218836806,-0.3370873878120134,0.20919924064918644,False
TBC1D9B,0.0005012106394538385,-0.1237506443691146,0.7677274730877889,False
TBCA,-0.0034392846721120513,-0.03424136344944076,0.4022394276908926,False
TBCB,0.0017517440422969467,-0.0783543573280542,0.7152524733915352,False
TBCC,-0.002784925097522924,-0.0870174605614401,0.597173971760963,False
TBCCD1,-0.0016950700947207852,0.08376239273522978,0.8517466717544467,False
TBCE,0.00010216942739942053,-0.21754389393568874,0.41730816659304626,False
TBCK,-0.0011536491265972438,-0.07702016771684657,0.7679997979282904,False
TBK1,-0.004512455176027879,0.029376468769738415,0.905803971087024,False
TBL1XR1,-3.7982862670426064e-05,-0.5505623070648464,0.15070748999951444,False
TBL3,-6.305418769598745e-05,-0.4185083506571239,0.546680377450663,False
TBP,0.0013301802017675975,0.1783675350753076,0.647414014070309,False
TBPL1,-0.0008387492348282874,-0.1040780210514585,0.5326463469728286,False
TBRG1,0.0006003309596034033,-0.19372852322979922,0.07854011030480046,False
TBRG4,-0.0005855045443810365,0.33519382461139147,0.1550791215227951,False
TBXA2R,-0.0029026794729729685,-0.602826868762112,0.06660585207481874,False
TBXAS1,-0.002598113005601142,-0.1404672869550176,0.30637090946988554,False
TC2N,-0.002799467462074038,-0.23255928578338,0.39074807241901954,False
TCAIM,-0.0028704650255015687,0.3188149822305715,0.1621552370806017,False
TCEA1,0.0019449268191336735,-0.24199911685014724,0.06493555356335401,False
TCEA2,-0.0007280417785734655,0.3826093672992095,0.179059276136004,False
TCEA3,-0.002708999950995956,0.030645706192838018,0.8862023756494579,False
TCEAL1,0.020053740345754308,-0.23925345495135383,0.287031727722798,False
TCEAL3,0.012975402893770499,-0.17405371403468417,0.46362032147475085,False
TCEAL4,0.011267147552933279,-0.15305455940167556,0.4474783269155437,False
TCEAL8,0.012288977040078707,-0.2705789979200154,0.011953459423325288,True
TCEANC,0.0032367466094185724,0.21047245136346093,0.4575325703173383,False
TCEANC2,-0.0018657136542850454,0.3132107180849262,0.13467930207381118,False
TCEB1,0.0014582352353462536,-0.05359398133606172,0.6364090407199774,False
TCEB2,-0.0009974378037295507,0.13182549573728902,0.15599856267774798,False
TCERG1,-0.0023265566550440993,-0.10720778641138556,0.8306663371179879,False
TCF12,-0.00505613233988982,0.1776414994394905,0.19982459712305148,False
TCF19,0.0007740477415974842,-0.4179817646003754,0.13102441618737112,False
TCF25,0.00042934064460667165,-0.15906865558088767,0.17873301198577907,False
TCF3,-0.0009527327906452231,-0.09517866088830458,0.7359383225599274,False
TCF4,-0.004141340204993031,-0.40442145840372373,0.20408572969847483,False
TCF7,0.0026360558400475623,0.37923787328908964,0.3661644389514883,False
TCF7L2,-9.281705376199381e-05,-0.09390900282512953,0.7628155879556497,False
TCHP,-0.0010498620856146824,-0.20485850452252807,0.43896635987886157,False
TCIRG1,-0.002212960251416556,-0.4577526863365059,0.34930266851167874,False
TCL1A,-0.00213024597761511,0.24036873428302968,0.06746286465309706,False
TCN1,-0.0005353797696509982,-0.07228020947446383,0.6879412296853427,False
TCN2,-0.003459550712857699,0.36850445303482715,0.32661793743886514,False
TCOF1,0.0002610706214767073,-0.3226890744455501,0.3388774105375142,False
TCP1,0.0009282691243392663,-0.08546124753173315,0.6512249235334668,False
TCP11L1,-0.000551692713179718,-0.30880441519354,0.12755380197328306,False
TCP11L2,-0.00012577721747312928,0.013196504682521216,0.9575897878684003,False
TCTA,0.000538192602881422,-0.047438081519505654,0.8989383629020864,False
TCTEX1D2,-0.004506637527903954,-0.2829236790212484,0.260405516920249,False
TCTN1,-0.00025971627155985344,-0.1687654230195807,0.312261034036629,False
TCTN3,-0.002600545347655817,0.05919732699854095,0.7950559639963943,False
TDG,0.000281350809050697,-0.3153844931054515,0.16919254947722953,False
TDP1,-0.0018685437835767728,-0.03312602301087159,0.9364442179744763,False
TDP2,-0.0024160715715206616,-0.26807229171522823,0.296606055684787,False
TDRD3,-0.0013124490867452094,0.4734314114033874,0.1587840776875552,False
TDRKH,-0.0009203108206173969,0.29097592828305874,0.09685314168145413,False
TECPR1,0.0011360965060373837,-0.3289508928566424,0.1848651039187363,False
TECPR2,-0.00039127203358401704,0.34133518448752054,0.24134079789078003,False
TECR,4.9614430840128774e-05,-0.016686171238166046,0.9006089724229649,False
TEFM,0.0027941412428603247,-0.11415914531930656,0.7219807380147643,False
TEN1,-0.006159182353549257,0.1843488612075316,0.4189019760062688,False
TEP1,0.0006294106974318147,-0.024208314240819026,0.9241860504489725,False
TERF2IP,-0.0002010836592100756,0.05850800718059627,0.8581090084612886,False
TES,-0.003469786272617141,0.015417519445543013,0.8816862544370503,False
TESC,-0.0021672389692521726,0.17416632701165355,0.5613122841136823,False
TESK2,-0.002385203751326537,-0.5621311851129486,0.19310960034808894,False
TESPA1,-0.0005796132603607747,0.03746015463381955,0.8906401426431221,False
TEX10,-0.0019696714603879666,0.16885316241038253,0.6328429371588462,False
TEX264,-0.0010343808940818232,-0.3654922767969824,0.15429009566553545,False
TEX30,-0.010302623884944021,0.42461535787166577,0.2519191726388205,False
TFAM,-0.0013060966427634296,0.5972589142829764,0.01954654251413946,True
TFAP4,-7.900680113631984e-05,0.43218000145760815,0.5061947341754017,False
TFB1M,-0.0012889293156441936,-0.17089660522503103,0.21557233008703122,False
TFB2M,0.00011316460865273293,-0.00076359331038668,0.9974386259689167,False
TFDP1,-0.0024381420535283774,-0.03749625646507589,0.8848422137148325,False
TFDP2,-0.00454289134789531,0.36184576000071417,0.09295707722236081,False
TFEB,-6.436143023698927e-05,0.37476438713113835,0.3088014692256621,False
TFEC,-0.001906941121381477,0.08330465201715515,0.8255785311145148,False
TFG,-0.0014361349553136506,-0.12721293508059248,0.3349599046900826,False
TFIP11,0.00017881004063884668,-0.34894493911235375,0.06665013233777803,False
TFPI,-0.0009190704705114377,0.16693209887854765,0.5805443322641067,False
TFPT,-0.0006926684930078927,0.058669787890706586,0.5932685094635421,False
TFR2,-0.0023326809074728197,-0.5686383411859105,0.10576337206523673,False
TGDS,-0.00015872554445835242,-0.10521744355839403,0.6952043068133718,False
TGFA,-0.002453645887521445,0.0589464124936779,0.8358899630209056,False
TGFB1,0.001545504027344168,-0.7217508373435206,0.3384841216287986,False
TGFB1I1,-0.0009629573194981362,-0.19245596075355706,0.5359279467732629,False
TGFBI,-0.00033465164690360517,0.08362519637407503,0.8203654120667091,False
TGFBR3,-0.002878598879218487,-0.1308955050368542,0.7463902976017649,False
TGIF1,-0.0005488173803531283,-0.773186856869627,0.008639890615704016,True
TGM2,-0.0014456866846410405,-0.6278777617880693,0.2117912469549177,False
TGOLN2,-0.0028075290907154703,0.22727593685230862,0.5758911960546336,False
TGS1,0.00041589115437734564,-0.3161043019291278,0.30628756688129527,False
THAP1,0.0003847914100039478,0.1310008735916664,0.47212827266013635,False
THAP11,-0.00021237730152356193,-0.08020841121934691,0.7397183479999525,False
THAP2,-0.0010882906519647216,0.14467605835998676,0.5494774913490061,False
THAP3,-0.0025369896032750197,0.10108528823678548,0.31054404874064173,False
THAP4,-0.0012133877252011643,0.038248625859870926,0.8864424628164397,False
THAP5,0.0003701936536738007,-0.27664782627443346,0.31725330119202483,False
THAP6,-4.206231958526717e-05,0.1800251009193219,0.5297810749521792,False
THAP7,-6.069672158260366e-05,0.356110860858832,0.004605754910061261,True
THAP8,0.0010018017779474886,0.04865333073301622,0.8988214129617267,False
THBS1,0.0007459207336236242,-0.5981852968899236,0.11306572145274547,False
THEM4,-0.004542522821994325,0.03600117467691683,0.8923014453274644,False
THEM5,-0.003697981580795263,0.3578595568143201,0.3998151738271801,False
THEMIS,-0.006115724190938721,-0.050725240986653417,0.8924331600264914,False
THEMIS2,-0.0019560707690099996,0.3136272550159382,0.3033144659624302,False
THG1L,-0.0007253580996042442,-0.21113951488636498,0.3825295264943459,False
THNSL1,0.0007324802278257712,-0.19964759469279422,0.3965047443311883,False
THOC1,-0.0001243977660541867,-0.11838228322346679,0.5730220286829442,False
THOC2,0.007232611757303948,-0.5659102586883854,0.012383494644452417,True
THOC3,0.0028627841019009917,0.6591519338531447,0.0877307591588749,False
THOC5,-0.00047499380358622783,0.09905629419136004,0.7120336156935252,False
THOC6,0.00030694673625023233,-0.28784966540756385,0.44174098562206443,False
THOC7,-0.0008972842366031701,0.06938277433223838,0.39252969798358484,False
THRAP3,-0.0014693393522371599,-0.4350970482077743,0.007921977263004323,True
THTPA,-3.822029955674517e-05,0.08786328438885668,0.7157260473746283,False
THUMPD1,-0.001933873994989678,0.10003634804037193,0.7509660546456571,False
THUMPD2,-0.0031186160799252277,0.41935548825875407,0.027820320940863407,True
THUMPD3,-0.0010891165340216474,-0.15196169962273806,0.6554437296654403,False
THYN1,-0.0009432770738735331,0.15867185856226554,0.28095670975423453,False
TIA1,-0.0026171241368145174,-0.0340977844441763,0.8217432988767112,False
TIAF1,-0.000263561181282229,-0.555062538799463,0.21152079253379033,False
TIAL1,6.777702024899025e-05,-0.35182804118636796,0.19688128529309246,False
TICAM1,-0.00037908836958266436,0.17796367363932067,0.7395281573724208,False
TICAM2,-0.004326212086649226,0.2978813016926358,0.20913596987530023,False
TIFA,-0.0003443797796847164,-0.1941711758244369,0.5096191576455282,False
TIFAB,0.0013265071885011316,-0.3422024444635901,0.2856289540365789,False
TIGAR,-0.00520003181644752,-0.33624463615855543,0.09659563770117431,False
TIGD1,-0.0027958534063691775,-0.07607925925274713,0.83502617357498,False
TIGD6,-4.416729364685044e-05,-0.014331082109299545,0.9583535529213485,False
TIGD7,-0.000986770218048401,-0.1909871531929717,0.529411317850162,False
TIGIT,-0.004595309501496905,-0.14847269395226986,0.5246617425620971,False
TIMM10,-0.000666929356609274,0.08433155921481165,0.5583145207752157,False
TIMM10B,-0.003983635849030111,-0.18238031520813797,0.1408044723087947,False
TIMM13,-0.00020020090721530753,0.02857661053654316,0.7441931395807739,False
TIMM17A,-0.0011468480323306857,-0.11378134829959895,0.45373200026158256,False
TIMM17B,0.028960104742270336,0.11031883942384457,0.11530175991478563,False
TIMM21,-0.001473968421987029,-0.1391084028869764,0.6192673246031486,False
TIMM22,0.0009952154245683575,0.15830976790413315,0.5681270698463887,False
TIMM44,-0.00047711406224096705,-0.517778539782576,0.1993556778932625,False
TIMM8A,0.024082579850495056,0.24099776450139856,0.278972859534087,False
TIMM8B,0.0010481386531678786,-0.1293742303389639,0.6818060358557072,False
TIMM9,-5.341858889398459e-05,-0.2156204354996008,0.26614541089451543,False
TIMMDC1,-0.004270744310883641,0.14860111714062915,0.08160053338526839,False
TIMP1,0.010279833893109767,-0.005804604208256039,0.9419006042660318,False
TINF2,0.0023222987863732543,-0.3484067200826698,0.1221771960118571,False
TIPIN,-0.0007764444083667748,-0.5773736520419465,0.06839466464790823,False
TIPRL,-0.0009549898346352304,-0.07999460191562807,0.592770701252739,False
TIRAP,-9.353362557103158e-05,-0.3614843187819487,0.21779523976641882,False
TJAP1,-6.429372053456591e-05,-0.5128774070531709,0.49171603975786604,False
TK1,0.0023315488021005,0.17936846344484778,0.5910487749393614,False
TK2,-0.0033839876969534535,0.778252759215143,0.0035261293480288187,True
TKFC,-0.0010369335966028334,-0.089975059503481,0.7288175672110387,False
TKT,-0.0020232993793427917,0.011873928648781847,0.9562247779518204,False
TKTL1,-0.0026461917431903894,-0.2516053769571982,0.21100059252728173,False
TLE3,0.00011232569301898978,0.3028338802281589,0.207769942582803,False
TLE4,2.587647297838543e-05,0.0034993731086489076,0.990450291006457,False
TLK1,-0.00432787048297006,0.088607428386334,0.6572079460239955,False
TLN1,-0.0015149674706796386,0.3312146636506552,0.14426976892098828,False
TLR1,-0.002125113757945315,0.14545431994471544,0.6245109181363857,False
TLR10,0.0029652286883573875,-0.03931702221156445,0.8792956719837771,False
TLR2,-0.0011408015521449718,-0.24673975174785134,0.17295909893292544,False
TLR4,-0.006804024607914957,-0.301612986617798,0.3025855399804691,False
TLR5,-0.0019248594687629491,0.13113739574481556,0.6998922307890505,False
TLR6,0.00309617546118515,0.07262495845615126,0.7557852467239107,False
TLR8,-0.001019135005186295,-0.692786988956782,0.06981515788950768,False
TLR9,-0.0040777545047590595,-0.6201021926841783,0.09631102105551445,False
TM2D1,-0.0027653882681588867,0.15385094576679087,0.16050002622221396,False
TM2D2,0.0014029835390888272,-0.05401393929122911,0.8344108913229904,False
TM2D3,-0.00034859984399566426,-0.054298989689295286,0.5752695401585779,False
TM4SF19,0.0012127503160792794,0.35854015692784863,0.16628314566165486,False
TM6SF1,-0.004714122564206039,-0.2293039452665878,0.2267118582694768,False
TM7SF2,-0.0005897005025019012,0.13902775317256866,0.35711729123308616,False
TM9SF1,-0.0003367377826435837,-0.6433838266943501,0.03990527753373087,True
TM9SF2,-0.002505013678903886,-0.2645727261484364,0.05482057011620228,False
TM9SF4,-0.000719558962205019,-0.33013303200952043,0.10292660674478854,False
TMA16,0.0010998298603825938,-0.05266024380241991,0.7054892925705752,False
TMA7,-0.0020668147573802836,-0.021043411211120657,0.7796754894518465,False
TMBIM1,-0.0014361921170118388,-0.25769699703386667,0.3884413773968832,False
TMBIM4,-0.003870735681441352,0.13862227522816856,0.2018191629620357,False
TMBIM6,0.0018926926771803776,0.2058693881175589,0.19487686746812166,False
TMC4,-0.0013103838695444157,0.5446988593238495,0.07285439987457781,False
TMC6,0.0012533513861858216,-0.06503437432572112,0.8811990872337945,False
TMCC1,-0.0033268826496692223,-0.05632962629511895,0.8450634563895869,False
TMCC2,0.0015903125773233842,0.04903669900259341,0.8813753381393616,False
TMCC3,-0.0019946251522234277,-0.0037905043135165123,0.9898873803969974,False
TMCO1,-0.00015888843341828402,-0.06412155908069422,0.4615710371127262,False
TMCO4,-0.00020737455974111625,0.1127317454065136,0.7560971698874246,False
TMCO6,-0.0019160711603171063,0.0823957872684096,0.7795386716006099,False
TMED1,-0.0010347541341198482,0.05518519833509493,0.5713986092585186,False
TMED10,0.002145303169870478,-0.10196230244570674,0.4478544999983718,False
TMED2,-0.0052763779973638795,0.05965740068846307,0.7424738493918581,False
TMED3,-0.002045712497048276,0.05700321502632604,0.4494100006556737,False
TMED4,-0.00044511007465761405,0.15368115679053862,0.2656418577136678,False
TMED5,-0.0009092165946579039,0.16718827772187422,0.23391505549279884,False
TMED9,0.0005286808478080304,-0.5323660808846387,0.20322550107117435,False
TMEM101,-1.549151792240465e-05,-0.25279365758735495,0.45802260398523365,False
TMEM104,-0.0017049478993051712,0.0192993836990573,0.9448777378859112,False
TMEM106A,1.1053506749915399e-05,-0.09347476376119225,0.489303354426753,False
TMEM106B,0.0005820283952653971,-0.1305269930370656,0.5056399776206528,False
TMEM106C,-0.00010533816032222689,0.04778586801117592,0.75370997980135,False
TMEM107,-0.0024457529609784923,-0.17628395151835002,0.25699128558368045,False
TMEM109,0.0011069500154641874,0.04029193004582357,0.9412106422048143,False
TMEM11,-0.0022255043743125884,-0.009557642319086944,0.9301292138776486,False
TMEM115,0.002223150622589818,0.10574323031706728,0.704394457475179,False
TMEM116,-0.0011250409811038625,-0.4872332878173059,0.1586267385957705,False
TMEM117,-0.0020427876298678574,-0.36414541945033396,0.17880724980991797,False
TMEM120A,0.0008761595087551454,0.006280789712749997,0.9592438542848349,False
TMEM123,-0.0009311311143366128,0.0980433903230155,0.7201929848280855,False
TMEM126A,-0.00021709468083663566,-0.11386966130709958,0.15900865700642458,False
TMEM126B,-0.0018606636505736464,-0.018904061233331524,0.8739659214268866,False
TMEM127,0.0009577364266659275,0.38863810483478073,0.08977435544879865,False
TMEM128,0.0015000062032535498,0.053226174610365815,0.8551978814868243,False
TMEM134,-0.0008908729266924111,0.17532605359868902,0.13313447546954027,False
TMEM135,-0.0067935776925067545,-0.33189070591820685,0.28214805063938053,False
TMEM138,0.000992924477105806,-0.15630884690816138,0.18811938535085723,False
TMEM140,0.0006385522485814773,0.05295929369714249,0.6892699395737496,False
TMEM141,0.0010146724697068681,0.08283137800310107,0.36995400936776973,False
TMEM147,-0.0005764505064291723,0.052655177013612775,0.7257118250119076,False
TMEM14A,-0.00013536042827215784,0.09549467781730353,0.4724649081413673,False
TMEM14B,0.0004781392705369136,-0.02719636597479437,0.7300828363633093,False
TMEM14C,-0.0009513043252736067,0.0040697860681091986,0.9649485064130175,False
TMEM150A,-0.00011748359535537169,0.025822080642520562,0.9307664730471974,False
TMEM150B,-0.005070685924578099,-0.22687235005876813,0.5435852312006582,False
TMEM154,-0.008150253303317166,-0.07863892001821061,0.7742974395155957,False
TMEM156,-0.003695242401212278,-0.1944156521055224,0.4455874416281631,False
TMEM159,-0.0014427018143326103,-0.02187494826561635,0.8584026561652213,False
TMEM160,0.0012754938950005413,-0.10492758610235937,0.7003296033338734,False
TMEM161A,-0.001041339812601884,0.43639342173573764,0.10490862274331923,False
TMEM164,-0.0038200378251052195,0.2295970089358667,0.5522399036501902,False
TMEM167A,0.0007572690538560343,0.10702864977662754,0.5520943813290266,False
TMEM167B,-0.00023516768886852873,-0.02492986432216017,0.9137418277464371,False
TMEM168,-0.003268280052100644,-0.3654656263473873,0.08168584089491314,False
TMEM169,-0.0009160161843072864,0.24104827102292475,0.16131555367921896,False
TMEM170A,0.0009586073639146903,0.08009291962664603,0.7024617828902635,False
TMEM173,-0.0005734110376099522,-0.0013544768479808826,0.9949865821151723,False
TMEM175,0.0012223653700674255,-0.2775430559999312,0.5665898301869972,False
TMEM176A,-0.002482441562692022,-0.0012954918515110966,0.996827331307266,False
TMEM176B,-0.0036054370333385636,-0.13911761078914012,0.6165907330334505,False
TMEM177,0.0017410182791939791,-0.287329257466392,0.45117123978873497,False
TMEM179B,0.0006571150034503655,0.09119780536240135,0.10294063029649037,False
TMEM18,0.002291077638986457,0.06634537135772384,0.6448029348723581,False
TMEM180,-0.0006634444565590874,-0.11208858210747641,0.7221814297568864,False
TMEM184B,-0.0026371584956650785,0.12200965036330436,0.5581769549489188,False
TMEM184C,0.0014602173922353538,-0.3352969507542457,0.2652457808626828,False
TMEM186,-0.0010597682799808647,-0.2796339334003615,0.12877999948152763,False
TMEM187,0.01903409477070798,-0.4763675982526398,0.13585563326192984,False
TMEM19,-0.0009407712987893091,-0.04750012576293572,0.8700971168771966,False
TMEM192,-0.0007230530734627054,-0.18220397561287963,0.48571275038495076,False
TMEM199,0.0007105316490933655,0.3136551761436298,0.0267541206803156,True
TMEM203,0.001083671587019701,0.2119992187284993,0.15326789259072632,False
TMEM204,0.0004023264541322402,0.018708013051187435,0.9564764018854407,False
TMEM205,-0.0013992746837178697,0.22041023520186875,0.09327135341174346,False
TMEM206,0.0007813216448605991,0.09207050515834185,0.5068167869258748,False
TMEM208,0.0007216668251124503,0.1600183553697131,0.17363527338704235,False
TMEM209,-0.0011356455232054239,-0.44160404622591165,0.02585179500755452,True
TMEM216,-0.0023016050415771345,-0.08498765950380369,0.4466192733653005,False
TMEM218,-0.0002497913879800197,-0.4348654191793682,0.10494579522044946,False
TMEM219,-0.0009928369770106252,0.19688571562193383,0.0760598515473711,False
TMEM220,-0.008556798769584824,0.16084384434951854,0.6412400114477028,False
TMEM223,0.00014989555148739304,-0.2002709943191784,0.12493851840342841,False
TMEM230,-0.00041004835192751387,0.01486792380948248,0.8677295483316465,False
TMEM234,-0.0005265931434104022,0.01950242424636918,0.9345133839673891,False
TMEM241,-0.0019204557279178874,-0.17722664686302766,0.5549428742987852,False
TMEM242,0.0049265174699851,0.15296672923351032,0.2093062154631559,False
TMEM243,-0.001583892285265168,-0.15242903407451053,0.16613560567075514,False
TMEM249,-7.268880994823884e-05,0.4070120408043618,0.16999343134696607,False
TMEM251,-0.00383947057666848,-0.07034963502557397,0.6849746042058281,False
TMEM254,0.002757062276355673,-0.10701249400855738,0.35455311330688405,False
TMEM256,0.0010598561270782402,-0.04622679013929402,0.6081196833001994,False
TMEM258,0.0054529055737618445,0.04878814295619094,0.5744869502214103,False
TMEM261,-0.002552280541718658,0.19405152199508832,0.05369824311487267,False
TMEM263,-0.00315253794969121,0.012568474780347847,0.9663315626473366,False
TMEM265,-0.002017825457078289,-0.022675389912341994,0.9346008732198217,False
TMEM30A,-0.003997020864455064,-0.06621821130139338,0.7759309389846829,False
TMEM33,4.803330145853034e-05,-0.18404806877495494,0.41569659809719517,False
TMEM38B,-0.006145476617256146,0.04332789026108993,0.8932167709551396,False
TMEM39A,3.916655329975401e-05,-0.6550555309241781,0.07596378972023274,False
TMEM39B,-0.0009792635278454394,0.09508258016827303,0.6709215250911387,False
TMEM40,-0.0023566846339354687,-0.1583040407128719,0.29854793927800116,False
TMEM41A,0.0006638562291035597,-0.10722074632664544,0.38599542449981583,False
TMEM41B,0.0012557925796201036,0.3462720523766273,0.3940077380410839,False
TMEM42,-0.0002575616956516948,-0.11727067887161773,0.4807296204097874,False
TMEM43,-0.0006908462426087382,0.14007674595355551,0.36348255881265157,False
TMEM45B,-0.0024332977164073562,-0.44057988212688026,0.18977237358744675,False
TMEM5,0.0010128274705643882,0.31798899211262743,0.3600347536928716,False
TMEM50A,-6.241857593530659e-05,-0.1574325117660491,0.12929929269083348,False
TMEM50B,-0.003050979897241589,0.08000076675163895,0.5637472867488953,False
TMEM53,-0.0005398569027064864,0.09430131707655488,0.4389558827451888,False
TMEM55A,-0.0033983309221977953,-0.038578822261830896,0.7737935378102632,False
TMEM56,0.0010345312026829331,0.07775509273939629,0.8419660847876749,False
TMEM59,0.0004941926317895798,-0.08682876961084268,0.4223147709932914,False
TMEM60,3.2686539284571804e-05,-0.003454581011488125,0.9782861441850487,False
TMEM63A,-0.0034480134687493655,-0.5347324521519312,0.1963437921202337,False
TMEM63B,9.021535709448357e-05,-0.05384352361640651,0.8516709308008047,False
TMEM67,-0.0029500399786834704,0.14980102993070737,0.33176352220559946,False
TMEM68,-0.0024294456895496467,-0.2829506349581823,0.3401955496071948,False
TMEM69,0.0004142030584754466,-0.01829532273261098,0.9201033471068631,False
TMEM70,0.00010600307267657517,-0.12607856387691893,0.45307101634920943,False
TMEM71,8.975871967075583e-05,-0.2581661421102117,0.12867093454288714,False
TMEM81,-0.0004008450580943931,-0.011119303838073104,0.9579275369651635,False
TMEM86B,-0.002275339754459466,-0.06366129737538012,0.835766863627712,False
TMEM87A,-0.0003403019875698211,-0.07764208730667871,0.7416593436923788,False
TMEM87B,0.0006257375271956502,-0.2535953229943209,0.3227714980844221,False
TMEM88,-0.005349479183487356,-0.5332739381083369,0.3202831398083192,False
TMEM9,0.001105819186140482,0.2615018057294863,0.030492357156891487,True
TMEM91,-0.002767327256364421,-0.08218876195709063,0.7326035678963294,False
TMEM92,-0.00258567591244199,0.5161406316270256,0.36898748416960025,False
TMEM97,-0.000603654825304109,0.2667929762256321,0.16664703610388398,False
TMEM99,0.00162645381814921,-0.13237099549342035,0.4476359831092378,False
TMEM9B,0.0039734930102892484,0.47302984354768085,0.08536790501454808,False
TMF1,-0.001263993292135204,-0.40756077300077437,0.2807813554102016,False
TMIGD2,-0.0023826172595518896,-0.08610555940661552,0.5030070360511859,False
TMLHE,0.010994717802632172,-0.1747925011508886,0.4671402269727635,False
TMOD1,-0.0011995667759241674,0.09766856320436952,0.7783974774781223,False
TMOD2,-0.0042172523467169445,0.16334661141958048,0.5832638442559779,False
TMOD3,-0.003989554824806615,-0.019683418784776998,0.9276972640914908,False
TMSB10,0.0015384271804859053,0.0883047686529965,0.15974473393210226,False
TMSB15A,0.017736686608858753,-0.4234310121019981,0.06489575211232618,False
TMSB15B,0.009240951836657579,0.5414565842947212,0.17716771112326074,False
TMSB4X,0.015801424571037302,-0.17200014472546205,0.33426021533855477,False
TMTC4,-0.0010386622829281161,-0.3418287704059668,0.18848056560333828,False
TMUB1,2.7393767515282243e-05,-0.5626220066600748,0.24324415008287956,False
TMUB2,0.00019101545300053614,0.04808917219150885,0.8702517222512987,False
TMX1,-0.0045559656130585765,0.12776869439720637,0.0808739277601165,False
TMX2,0.0018715168920531826,0.11327516017563141,0.4496748912934926,False
TMX3,-0.0013012456276475706,-0.7191060169100656,0.022542560378501057,True
TNF,-0.0025104964791899426,0.015171615290458875,0.9425953631796526,False
TNFAIP1,0.0003878114400687088,-0.28850241621700073,0.41253559536041096,False
TNFAIP6,-0.006661917468294081,0.11662933846063754,0.7699349340019612,False
TNFAIP8,-0.0016955696675195568,-0.03799672281188254,0.7298019297670444,False
TNFAIP8L1,0.0011564809320948474,0.5483424498513679,0.23460554802080824,False
TNFRSF10C,-0.0013717292754016354,0.2614287333944378,0.14510736152516435,False
TNFRSF17,0.0068400312392749765,-0.07238096804616845,0.8280939394829805,False
TNFRSF1A,0.0006862044083183671,0.3044241368222706,0.5749240566939249,False
TNFSF10,-0.002726991656169055,0.27566832592696183,0.38020568415930844,False
TNFSF13,-0.007053287347386646,-0.05084105471536669,0.833196699877636,False
TNFSF13B,0.0007084608120630537,0.22829694940980477,0.36350879385269147,False
TNFSF14,0.006553254495780172,0.18916710400666975,0.47029042368049134,False
TNFSF4,-0.0035207706228787155,-0.16638630102572907,0.4999253828112684,False
TNFSF8,-0.0017736367185059749,-0.2864634954577086,0.26626559615518053,False
TNIK,-0.002469823162350441,0.49111501681395237,0.06818175677627383,False
TNIP1,-0.001539678944550339,0.04316797641143186,0.8968940935638978,False
TNK2,-0.0005545190009889024,-0.6221795356788744,0.15898240742185535,False
TNNI2,-0.0021624423993551072,-0.03270258517775298,0.85298454097414,False
TNPO1,-0.0007244407517590551,0.12994566259722554,0.6989941380407998,False
TNPO3,-0.002657412371898888,-0.07558897199799966,0.7842413327291614,False
TNRC6A,-0.0005943820965179222,0.0165839144588059,0.9233523557096637,False
TNRC6B,-0.0013820302069162578,-0.2560827568285544,0.2524344897019456,False
TNRC6C,-0.0007384638519342593,-0.023041034106681717,0.941946475533286,False
TNS1,0.00134654571286183,-0.1565201192263287,0.602418256853519,False
TOB1,-0.0005795020318988904,-0.9182191558296127,0.012517396451959885,True
TOE1,-0.0018811924481650108,-0.6575710120108866,0.08754955637125542,False
TOLLIP,-0.001222014194297663,0.3505279453748391,0.05450802807673501,False
TOM1,0.00023077618108642472,-0.4287706720219158,0.25167900755121747,False
TOM1L2,-0.0016693141410877646,-0.2680174722716325,0.4236038406558099,False
TOMM20,-0.0014119923314005892,-0.17014090549444186,0.3154604685131996,False
TOMM22,0.0007891301235168306,-0.1472797146968125,0.22529837433561625,False
TOMM34,0.000839381697756847,0.052450352391378484,0.8006317773393888,False
TOMM5,-0.0013483372157120273,0.10528844301201465,0.09028293633026735,False
TOMM6,0.0006742213847499541,-0.0035804562200674184,0.8757692260100047,False
TOMM7,0.0009376076438502993,-0.02563509345922456,0.7623930800543356,False
TOP1,-0.0027908576564195727,-0.23367232074507685,0.28370965064487474,False
TOP3A,0.00033040901592537515,0.36965317359286415,0.26564461326063454,False
TOP3B,0.0013266891078902486,-0.7132737060541721,0.1566463483577509,False
TOR1A,0.0021251684938277003,0.10514410580240252,0.45458571967859185,False
TOR1AIP2,-0.0018587915240958642,0.08827867648754036,0.845503191019588,False
TOR1B,-0.0012941636610246218,0.03513770286647485,0.8701609725218256,False
TOR2A,-0.0016641767982032761,-0.037854827811874533,0.8796798715650753,False
TOX,-0.002280449069434066,-0.2734835681850292,0.32269297677989767,False
TOX4,0.00030831250158846226,-0.13272461471486688,0.7437404102341019,False
TP53,0.0002745902099378174,-0.27669598184085475,0.490265785609035,False
TP53BP1,0.00035979498830241466,-0.047981348733382286,0.9044681505054251,False
TP53I11,0.00032544120022397113,-0.22659694956578885,0.5424914154656064,False
TP53I3,-0.005386299656536902,-0.26665600247931115,0.1484732616396951,False
TPD52,-0.003002765974681022,-0.17543837440045926,0.3819170653534618,False
TPD52L2,7.451396595567077e-05,-0.09023462175430305,0.7604762300723957,False
TPGS2,0.002716137578834881,-0.045952797548666977,0.7742394714740823,False
TPI1,0.0004924986064697138,-0.07108157287092472,0.3490208762539959,False
TPK1,-0.004111904376433035,-0.06795583820610283,0.8065411482897492,False
TPM1,-0.00019910916807306777,-0.1920919068917584,0.48515285314696377,False
TPM2,0.002480663256066303,-0.5995888143561934,0.06527562697379871,False
TPM3,-0.0011516247195860689,0.03897221160584014,0.6303021345146521,False
TPM4,0.00046158992550228347,-0.11043881008519765,0.5365366136996441,False
TPMT,-0.000987978247524171,-0.11074553631111546,0.5102196584688703,False
TPP1,0.0001715594461242135,-0.2744643640039778,0.36364406206446853,False
TPP2,-0.0022218491638948314,-0.4236148218253643,0.2026404680455011,False
TPPP3,-0.0028414589298399,-0.0027646871151060606,0.9941708518530334,False
TPR,-0.0018809613573209578,-0.45254336942080886,0.23663711581742222,False
TPRA1,0.00180128284203842,0.19782797512619388,0.27829245367545374,False
TPRG1L,-0.0021854309091680806,-0.18046338377528437,0.6500349992680436,False
TPRKB,-0.0008393493808213089,-0.01486405641475831,0.9183408254649748,False
TPST2,0.0001747442969358913,-0.24706013163107812,0.5431629240154712,False
TPT1,0.0008118343500651159,-0.06014694944669666,0.2558399414225668,False
TRA2A,0.001399577747118284,-0.04034925174983255,0.9185183738185335,False
TRA2B,0.001564967996379747,-0.47980218298195926,0.04927019352619856,True
TRABD,-0.0011712401410882809,0.06799775528542057,0.8510602421095812,False
TRABD2A,0.0006433975364970349,-0.5391639152066722,0.12455278542133229,False
TRADD,0.00013883704146418587,0.015461403847720693,0.9415876806389494,False
TRAF1,-0.0016633659208016747,-0.5072046265775492,0.03823384808438152,True
TRAF2,0.001447182873569836,0.38745402222772163,0.23457155920019626,False
TRAF3IP2,-0.0016780235985879126,-0.08729868960700764,0.7443911068287989,False
TRAF3IP3,0.0005030147307542432,-0.013587960937420441,0.8975257031713374,False
TRAF5,-0.0015243630483481512,-0.43604576300435377,0.14764840899577877,False
TRAF6,-0.0008982235868150103,0.6181398979781972,0.028971824029519273,True
TRAF7,-0.0003540721627524739,-0.8692214326818267,0.031473042650627676,True
TRAFD1,0.0014918858749573191,-0.0049227432066199445,0.9868098026506966,False
TRAK2,-0.002327522739379668,0.19450864354812106,0.4664269503802253,False
TRAM1,-0.003279065503958883,-0.2677118656998221,0.26142062239484964,False
TRANK1,-0.0018955953932868143,-0.19196119466978054,0.6401648740726611,False
TRAP1,-0.0002780539768469416,-0.04211435489337845,0.8966964198124409,False
TRAPPC1,0.0010122914906709418,0.03927600809289543,0.44606265975771675,False
TRAPPC12,-0.0008511382791489874,0.08684355378791325,0.7757675163505902,False
TRAPPC13,0.0001184577443910138,-0.11538824923827987,0.7323183356460944,False
TRAPPC2,-0.0019516420871921168,0.014912124150893182,0.9356329453860315,False
TRAPPC2L,0.00032196709593621935,0.05954529778492715,0.606463550869045,False
TRAPPC3,-0.0010747196400313272,0.006073223108180691,0.9558502210532932,False
TRAPPC4,0.0014667631971600145,-0.07328517753001368,0.3423766398089323,False
TRAPPC5,-0.002298337476809183,0.10162311249974484,0.07962495322751781,False
TRAPPC6A,0.00039079392660391253,-0.05568972351600202,0.7177135468139111,False
TRAPPC6B,-0.00013667853869860959,-0.0321986160886046,0.9081184252779703,False
TRAPPC9,-0.0009841419821807417,-0.5568096699429388,0.10207968157998537,False
TRAT1,-0.0020075216961165073,-0.07938575764732321,0.5579845618506563,False
TRDMT1,-0.0014500175461087943,0.5700259244382022,0.039614619172674316,True
TREM1,4.93287671858131e-05,-0.190618932013933,0.4197433598524041,False
TREML1,0.0019300439105390786,-0.13391033816435638,0.37488159055184234,False
TREML2,-0.002742009237408522,-0.3244771280517817,0.6408813099335473,False
TREML4,-0.0005962967198890911,0.1962653465029981,0.36275774517416215,False
TREX1,-0.001128954234872328,0.10431161944548635,0.4550132694022624,False
TRIAP1,-0.0006437713888938168,-0.1102369670322375,0.6293201304877293,False
TRIB2,-0.0003568095459274053,0.4336321709919308,0.1935766902536389,False
TRIM10,-0.003121910892617665,-1.0519522602379612,0.05269688953889601,False
TRIM11,0.0018114123050993421,0.6030402985210535,0.07665387636946008,False
TRIM13,-0.0028397209512253676,0.29041003933733117,0.4871238186940299,False
TRIM14,-0.0012092436786701863,0.5921715227649975,0.05946888347505962,False
TRIM21,-0.011314673625384233,0.1879501052165409,0.1497382725927482,False
TRIM22,0.0010378614167692367,0.28599403561723147,0.5140474012042813,False
TRIM23,-0.0003636446264690385,0.10422365695441074,0.6701730021242895,False
TRIM25,-0.0005425632561672026,-0.09135802562976683,0.6368676541893379,False
TRIM26,-0.0008740959936419461,-0.24893154838820106,0.16561550163481475,False
TRIM27,-0.0011101562491252592,-0.14130346802777696,0.5804718015051007,False
TRIM33,-0.0021004625104218567,-0.5362202113932558,0.00817382318480528,True
TRIM34,-0.002991002821954843,0.08232868149869826,0.7139959087649179,False
TRIM35,-0.0014312072268906598,0.14349969570786886,0.6195686680635447,False
TRIM37,-0.0016089407967238205,-0.39371059547785114,0.1634666444234466,False
TRIM38,-0.005347685683267324,0.09373279647003642,0.7774734385308382,False
TRIM39,-0.0017589085556757303,-0.1195993882916884,0.7085273461233433,False
TRIM5,0.0002637308220530646,0.5897347720749848,0.06327820833230291,False
TRIM56,-0.0007136106788909473,-0.24149702022145675,0.04072676421139979,True
TRIM59,0.001121270205180256,0.21348848433863132,0.4706087834626498,False
TRIM61,-0.0074772788668778616,-0.5474722891137236,0.009311798162875643,True
TRIM62,-0.00022328702424667288,-0.36115315175494744,0.24964138287954982,False
TRIP12,-0.0027784472251064277,0.04533101089905348,0.900395502275206,False
TRIP4,0.0005163854525608336,-0.40396630138683454,0.22508664505322576,False
TRIP6,-0.0032051691734319605,-0.30826435239938127,0.38280020233636824,False
TRIQK,-0.005419054163171337,0.18451603244679227,0.6128065098010542,False
TRMT1,-0.000363813729781028,-0.2372639253640448,0.4450983849122805,False
TRMT10A,-0.003738609553295569,0.01525962200319237,0.9374712691082967,False
TRMT10B,2.5031599155631885e-05,-0.152595051883894,0.5389861995414277,False
TRMT10C,-0.012337200049640996,-0.08588015705689085,0.6900700865134277,False
TRMT11,-0.001020300023774555,-0.09853665401289062,0.7130789451971157,False
TRMT112,-0.0001479029561687709,0.12470034978830687,0.07562861521532602,False
TRMT12,-0.001967733786222013,-0.152057627545271,0.5328744955740448,False
TRMT2B,0.020317288043252196,-0.4002716941850046,0.1535268028693406,False
TRMT6,0.0014768786147666194,-0.27770394908426393,0.08534765394311773,False
TRMT61A,0.00013254726650353634,-0.28125913086546944,0.16855748306656407,False
TRMT61B,0.000603556666804598,0.40689462264454046,0.26196809446474917,False
TRMU,-0.0022876513645623165,0.18427511850120823,0.31612945668474685,False
TRNAU1AP,0.00010286294440718787,-0.07814940554682694,0.6869039674783691,False
TRNT1,-0.0023702857830829914,-0.09498212473524055,0.552845406496849,False
TROAP,-0.0017819490437026104,0.18878769266188747,0.6526496194671876,False
TROVE2,-0.0009024631943624103,-0.35336239608843123,0.3221388488657325,False
TRPM2,-0.0009030314151390391,0.013203850807389136,0.9800205371242845,False
TRPT1,0.002302379737119943,-0.04315428690044638,0.6983270517234157,False
TRPV1,-0.00016076905481172103,-0.6249178906300121,0.06210511891409939,False
TRPV2,0.000297623314475634,-0.2509683699540417,0.3592203817280192,False
TRUB1,-0.0024514298192091903,-0.08103802083376616,0.8250980080473285,False
TRUB2,0.0006189949416732398,-0.0047227293855680585,0.9769664310837638,False
TSACC,-0.009401107885628847,-0.18277869413992562,0.5568350655801741,False
TSC1,-0.0003278720272460377,0.10697854607588456,0.6170892652238305,False
TSC2,0.0005935070037584576,-0.672160677192932,0.05049322657381699,False
TSC22D1,0.0004675725632084706,-0.34755949622164156,0.11922245239269126,False
TSC22D3,0.011947534139491964,-0.39022798920522445,0.06008883745484284,False
TSC22D4,0.0008062089578906284,-0.30860662296125035,0.4362127336767474,False
TSEN15,-0.002664587589265915,-0.09796819038662191,0.4443078593673052,False
TSEN2,-0.005086802054682443,0.3415111290684197,0.20929981813841253,False
TSEN34,2.594514410073605e-05,-0.21858470527872148,0.297072878904553,False
TSEN54,-0.000989879325252532,-0.39178415704882724,0.36183414158430793,False
TSFM,-0.0019271713375333828,-0.07867068352800437,0.5759818141224216,False
TSG101,-0.001083407975005958,-0.013606216455925808,0.9225717096935535,False
TSGA10,-0.00037895277474884554,-0.13138736309746943,0.49154294767629236,False
TSHZ2,-0.0007376568714365024,0.01833855173936473,0.975188915652458,False
TSN,0.006711500950984334,0.17794966759747796,0.15559290135786466,False
TSNAX,-0.0015255754175041562,0.014793388446580735,0.8492006376525305,False
TSPAN10,-0.004671769446010314,0.31946787607834587,0.3417910599455321,False
TSPAN13,-0.0011775611878753274,-0.5572966307348725,0.04248728350603477,True
TSPAN14,0.002433347604743321,0.050658434737234824,0.7968993052438347,False
TSPAN2,-0.0007498849442236583,-0.17009935422323164,0.48987010012581245,False
TSPAN3,-0.0005700388381522917,-0.09353899865047015,0.6498200587309877,False
TSPAN31,-7.349949998364686e-05,-0.03848556294010594,0.7187578025604003,False
TSPAN32,-0.0004331020945800115,-0.04763601624817775,0.8514809383898906,False
TSPAN5,-0.0038416327151019414,0.08376810705942102,0.7276210171807624,False
TSPAN9,0.003312001409238449,-0.2670162439046334,0.4072022986342113,False
TSPO,0.0002689227811739665,0.11775261145095467,0.23915818442178868,False
TSPYL1,0.0005578313127032406,-0.15695055005765823,0.4825426737788995,False
TSPYL2,0.01950536438506782,-0.04543631304704089,0.9287998735684635,False
TSR1,-0.002433481240287087,-0.3038454666136305,0.08706781920800406,False
TSSC1,-2.8352450028456814e-05,-0.44683833873222617,0.07283428029709997,False
TSSC4,0.001350977692564036,0.12003004308020554,0.6421189188355134,False
TST,0.0014018469885745037,-0.04670223515082271,0.8258120008194403,False
TSTA3,-0.0007106154832559959,-0.08364579620813088,0.625493237206417,False
TSTD1,-0.006218265506120459,0.046128791091331306,0.5423231182677279,False
TSTD3,-0.005478837590643521,-0.21928412974331804,0.507225445484118,False
TTC1,-0.0024071382274218176,-0.1041432273868903,0.30603443283354426,False
TTC12,0.0017321120187056493,-0.08845557992825674,0.7646919005605739,False
TTC14,-0.0008254122777505844,-0.08222484217065339,0.7392629826988846,False
TTC17,-0.0037274681981848135,-0.30150862723402433,0.12717444864885882,False
TTC27,-0.003688558104237202,0.22894396609794773,0.3487777078695826,False
TTC31,6.57289868392866e-05,0.08993559981862481,0.6366963502403958,False
TTC32,-0.0016323158458872048,0.08106377201484492,0.7515783962631508,False
TTC33,-0.003067417420191324,0.24068457082065006,0.34624436971512046,False
TTC38,0.000801884336959172,0.5129648933117421,0.04259734267834434,True
TTC39C,-0.0011567249882542107,-0.3099201752024142,0.2504140936985802,False
TTC4,0.0011245519844874214,-0.49342829784742775,0.05780144502401047,False
TTC5,-0.0011886433668836204,-0.4256608748717291,0.12067839577901762,False
TTC9C,0.00012544384819431506,0.0667539204395725,0.5789018513744346,False
TTF1,-0.0022721582809663355,-0.3963445731833809,0.13879692113982492,False
TTI1,-0.0003717901948347316,0.14063542816117064,0.5203317329305284,False
TTI2,0.002931100837329333,-0.25530184581651716,0.2951265677374855,False
TTLL1,-0.0014781345980474539,0.37336451428771494,0.22521681101673183,False
TTLL3,0.0008028993514588254,-0.27944085065293733,0.31882977294715115,False
TTLL4,-0.0070310715524628,-0.2046508947872521,0.4764377719452877,False
TTLL5,-0.003239581706256905,-0.3915479139387783,0.008912267099512998,True
TTPAL,-0.0027397693396053785,0.14318837227945438,0.6426816737510375,False
TTYH2,0.00034202503370169707,-0.04057023102546811,0.8902113841223864,False
TUBA1A,-0.007610774944414631,-0.07550007132943914,0.6544143786531034,False
TUBA1B,-0.0020081216102026526,-0.3032178050968412,0.2717397792772198,False
TUBA1C,-0.0016848389929738294,-0.3901494031965784,0.24723088407713947,False
TUBA4A,-0.0009205291160587931,-0.03921263634472617,0.7549024098823762,False
TUBA8,-0.0015908721896987614,-0.05257972432426997,0.7993032586990959,False
TUBB,-0.001851048575705917,0.06599205589904313,0.5474779214588662,False
TUBB1,-0.0014597256360495132,-0.24473316411016194,0.4767290931744139,False
TUBB2A,0.0017016905709548527,-0.9059121384884014,0.009760753474949875,True
TUBB4A,-0.0006045928150142549,0.1558983180463737,0.6908977779046126,False
TUBB4B,-0.001905641859446872,-0.3112847123637745,0.1661954424122911,False
TUBB6,0.00020863582449245533,-0.1062965474321446,0.7900716339190206,False
TUBD1,0.0014096252838297527,0.05942457068224215,0.8330848900626062,False
TUBE1,-0.0008436306407280167,0.3677261507417359,0.26414059303974324,False
TUBG1,0.0007025376623639748,0.06548646321517672,0.6868999014759622,False
TUBG2,-0.004035870021415759,0.41721080306632696,0.4092630374579218,False
TUBGCP2,-2.0335363459441307e-05,-0.2394941120611574,0.48441669887513683,False
TUBGCP4,-0.0006674032832481054,-0.046307571137760156,0.897502773420448,False
TUBGCP5,-0.0006404016297601897,-0.36787086482016,0.30921443935385384,False
TUBGCP6,-0.001433201276980261,-0.33693238921081725,0.27887106159496045,False
TUFM,5.436376525579263e-06,0.15428594544505517,0.15798726532932222,False
TULP3,-0.0032350876520615165,0.2377089886095052,0.4486109079282521,False
TUSC2,-0.002488796668603896,-0.03311570246846508,0.8547051978499307,False
TVP23B,-3.1821381687876996e-05,-0.22155628818345935,0.23628734605608007,False
TWF1,-0.0012362920870452614,0.05122693421138092,0.8595215590445754,False
TWF2,-5.0697790931204224e-05,0.10396298915229056,0.40786496423693086,False
TWISTNB,0.0005459902951643903,-0.40401923427392394,0.07175073753813797,False
TXK,-0.002028219025302052,-0.33967567521696507,0.18706357051834066,False
TXLNA,-0.00030740716734385014,0.1951081849098972,0.6446899505421915,False
TXN,-0.0016839007582283346,0.13106337655589723,0.41011956710539443,False
TXN2,-0.0011270629539753027,-0.049913300114282265,0.36244070793258054,False
TXNDC12,0.00022422548329993215,0.13893355266127452,0.4526799290063258,False
TXNDC15,-0.0007531301732927068,-0.51701246718974,0.17145593612819826,False
TXNDC17,0.0009034892625172343,0.02675483703551536,0.7798844968494976,False
TXNDC9,0.0007902292765476346,-0.12665855145815386,0.4693486834829157,False
TXNIP,0.0012235567958497652,-0.25732687203652965,0.19100148032759437,False
TXNL1,-0.0026621875589293116,0.08581266875609778,0.588287910325221,False
TXNL4A,-6.0735348112590187e-05,0.04170492049288418,0.8637172125898198,False
TXNL4B,-0.0002849836806572647,0.4399127231521098,0.009070420284787216,True
TXNRD1,-0.003619268290338804,0.057113915380907564,0.8054343952435443,False
TYK2,-0.0006644873110510038,0.047239589651241566,0.854721837278969,False
TYMP,-0.0007331604441376069,0.7491819006938607,0.08682616103726144,False
TYROBP,-0.0035955252263266614,0.14442954223859494,0.21354174072295787,False
TYSND1,-0.0007217675904582648,0.4071125228259016,0.500254619219288,False
TYW1,-0.0038244628586811768,-0.09168081225096365,0.8086623620446185,False
TYW1B,-0.002412941619949327,0.22679756092358794,0.5422220295589076,False
TYW3,-0.00012491554563573667,-0.33608097887926225,0.184321910473546,False
TYW5,-0.005038293605571251,-0.46216154494649836,0.007244127545507198,True
U2AF1,-0.0001195799084138748,0.24428340378569338,0.33231521909313866,False
U2AF1L4,0.000805756868545762,-0.21956721567581472,0.578372001557209,False
U2AF2,0.001969039823108314,-0.30280608587743063,0.37545400864940115,False
U2SURP,0.001326614731605359,-0.1148860296301858,0.4142917269786095,False
UAP1,-4.382534830286457e-05,-0.19220524487667678,0.4217462290758759,False
UBA1,0.0035855601481141293,0.7708258967737761,0.07082552009457779,False
UBA3,-0.0014551909382492696,-0.3394446455773994,0.0031682283589078335,True
UBA52,0.00031034127939278273,-0.021104764512849802,0.7969995609434479,False
UBA6,0.0005612402891142509,-0.2517563607887367,0.4311810513667853,False
UBA7,-0.0017349442695385592,-0.1227034753427015,0.739611258782648,False
UBAC1,-0.0012772894301854726,0.11492013912173343,0.47586075328932065,False
UBAC2,-0.0018162817181778758,-0.0030260814573893745,0.979765186512745,False
UBALD1,-0.0077916960397084985,-1.1849440595558902,0.004445011832582109,True
UBALD2,-0.008810234041853156,-0.07662655822010282,0.8816463134264639,False
UBAP1,-0.0023428971162638545,-0.15407942167090066,0.42477335346792133,False
UBAP2,-0.002300621716879949,-0.8023133461182024,0.006511464723742909,True
UBAP2L,-0.0007479487458811351,-0.274619689654336,0.5566073867835526,False
UBASH3A,0.0054241067220372535,0.06311959749763767,0.8788585482136957,False
UBASH3B,-0.002633588625710146,0.09464322019761193,0.8194696892945371,False
UBB,0.0026532136824705785,0.046242183811727955,0.7477366523183155,False
UBC,-0.0002047564918053831,-0.2635771394902729,0.1954358188507872,False
UBE2A,0.020190965250628454,0.002351944743578274,0.9848007502416494,False
UBE2B,-0.0011034885814330704,-0.002634262331553049,0.9923218079712244,False
UBE2C,-0.0016766046615921725,-0.390884462211041,0.06193960663001442,False
UBE2D1,-0.0015779510169428898,0.33999571013803465,0.24639399592180505,False
UBE2D2,-0.00044342646623309935,-0.3215054568209933,0.10437517904791824,False
UBE2D3,0.0009195810014663197,0.02781403498473731,0.858041830962857,False
UBE2D4,-0.001062354250349382,-0.0992097369432145,0.6936534056637422,False
UBE2E2,-0.002089437837968569,0.6191506778672013,0.032181306928154234,True
UBE2E3,-0.003963964810327004,0.02369713475954412,0.9149007688150229,False
UBE2F,0.0012246371607430272,-0.12559903854489965,0.15860063806988894,False
UBE2G1,-0.002508199554069223,-0.03841253612511775,0.9019639974786808,False
UBE2G2,-0.0011187319820372679,0.07819401314938762,0.6702487350548736,False
UBE2H,-0.0024284912965198985,-0.3427661181803003,0.34955514199235854,False
UBE2I,0.0013566177799451988,-0.05199478538484175,0.7074111614996711,False
UBE2J1,-0.0014851192623092859,-0.221416003862583,0.5163821057752167,False
UBE2J2,-0.0007813084887002145,0.1546909687402628,0.6229671352748753,False
UBE2K,0.00044697999455362513,0.2920462735731675,0.4079950058591295,False
UBE2L3,0.002713341903585358,0.01637062148131374,0.8857211836663241,False
UBE2L6,-0.0022816969948617526,0.48280182187353976,0.09367836366288612,False
UBE2M,0.0027819562776471352,-0.0030260849573485616,0.9889444065668828,False
UBE2N,-0.0020071777585974064,-0.03433964903375634,0.6819380522783585,False
UBE2Q2,-0.0009885738083441698,-0.7580440698278896,0.1341691278427888,False
UBE2R2,-0.0005012610591935973,-0.07948745422836885,0.7985787116164176,False
UBE2T,0.0005698980224332751,-0.09790231619304862,0.7113167529375533,False
UBE2V1,0.0007892276279443626,0.04368217307562746,0.6921024934653297,False
UBE2V2,0.0008474397400913616,0.010981612755934024,0.9380993544897857,False
UBE3B,-0.0007815840485716812,-0.5837015535075432,0.08042773889463829,False
UBE3D,-0.0017796225789257515,-0.0309241040966298,0.9207211798605557,False
UBE4A,-0.002528243052069887,-0.598112263826218,0.01481140214311916,True
UBE4B,-0.0028653730505316913,0.1783562122391804,0.5668191833038483,False
UBIAD1,0.0010115249216503814,-0.17931603531968263,0.5207256657169048,False
UBL3,-0.002598854591198033,-0.2763319407860364,0.39526043545075606,False
UBL4A,0.027188800672205676,0.1431398335889861,0.4764704405849567,False
UBL5,0.0022327570364513564,-0.060996755154887145,0.5816261299133167,False
UBL7,0.0012768892545367047,0.0888860697118951,0.40497744056314355,False
UBLCP1,-6.317069767773306e-05,-0.018672077138455742,0.918085800403657,False
UBN1,-0.0008754255846208618,0.19872622192009665,0.3103113755015143,False
UBQLN1,-0.0003845387357458285,-0.12237640246429181,0.5854802813646942,False
UBQLN2,0.023900064481956775,-0.038355993240527714,0.9053788285393989,False
UBR2,-0.0023001559615861413,-0.3035705926124973,0.16531818423957056,False
UBR7,-0.001992320002789279,-0.0218132480240911,0.9347480175932917,False
UBTF,-0.0004654113222611443,0.17874849186185776,0.5900821955791196,False
UBXN1,-0.003923122782538527,-0.18609117027384592,0.05762624664498182,False
UBXN11,-0.0023622049414113782,-0.35039198975444763,0.1465897351726964,False
UBXN2A,-0.0020139581819464012,0.190630559218192,0.3964879729139704,False
UBXN2B,-0.0011544659520567376,-0.15650022542956318,0.3995841897638154,False
UBXN4,-0.0018496394260138712,-0.20734589670355139,0.515125557738219,False
UBXN6,0.0007023824473969697,-0.1166534950431825,0.35821992472408015,False
UBXN7,-0.005022048500384035,0.23851095962636354,0.49518849039882096,False
UBXN8,0.001336945281001451,0.20244104026875429,0.3736193931814862,False
UCHL3,-0.002336501251469295,0.019682441817670773,0.8812450523558726,False
UCHL5,-0.0015025840588010265,0.0943964622080457,0.6185496798760741,False
UCK2,-0.002150617198121028,0.19842015017966444,0.39049829086035936,False
UCKL1,-0.0026990196303699914,-0.3182434315936764,0.05529474816922578,False
UCP2,0.0016519555670044858,-0.12060540925656957,0.662114150161793,False
UEVLD,-0.001996086998432278,0.136928891721254,0.5591566160452786,False
UFC1,0.0015482782427044797,0.004293834276972497,0.9607088803615302,False
UFD1L,-0.0009821591267334835,0.10017879603179065,0.48052343202264913,False
UFL1,-0.004582479645101666,-0.11554324842931063,0.48051326509420444,False
UFM1,0.0022606418095502223,0.01352996017329596,0.9143296401916909,False
UFSP2,-0.0015039208998131079,-0.588050643054592,0.17141535641119338,False
UGDH,-0.00047410032492268303,-0.2298783101487175,0.2719139857422486,False
UGGT1,-0.002917176464679603,-0.09395571705657665,0.7353671133587996,False
UGP2,-0.001423539174298907,-0.09005708027879826,0.6663819472977768,False
UHRF1BP1L,-0.0039564521954482705,-0.07053887041401764,0.7525056955291202,False
UIMC1,-0.0022858748651196224,-0.19833380521070212,0.30608542829356367,False
ULK3,0.00021100695444469504,-0.5231966502145884,0.10160177704055794,False
ULK4,-0.0022203807022087626,0.17693605878192012,0.38010251857063637,False
UMAD1,-0.002171244043313493,0.28653969962890674,0.0758443724934468,False
UMODL1,0.00029254321038397254,-0.12614960807173256,0.45987940891691315,False
UMPS,-0.00446493593085062,-0.16877904963165222,0.3563530515432242,False
UNC119,-0.003956971168949222,0.148541754415725,0.5493063972833343,False
UNC13D,-0.00026409363575222633,-0.14050229950470072,0.5949296328006237,False
UNC45A,-0.0019573756352771715,-0.5488612877531929,0.04075932242313422,True
UNC50,-0.003523089451242037,0.36364784505299136,0.019749640948756298,True
UNC93B1,0.00041474167596099453,0.1303100212488914,0.7742113778972397,False
UNG,-0.0010930920156921238,-0.1769809130922172,0.5553923410525158,False
UNK,0.00027892562636188756,0.1476958963498859,0.5087851856402151,False
UNKL,-0.0010194822442306888,0.3658664481903279,0.38908769406605503,False
UPF2,-0.002057806073870215,-0.24850919143147976,0.04858461868824016,True
UPF3A,-0.0008742647449634183,-0.2072633643219824,0.39592786687281956,False
UPF3B,0.03205582244888697,-0.30962840540999825,0.23792431689780544,False
UPK3A,-0.01063678620012181,0.08383474509813826,0.7130673404497501,False
UPP1,-0.004193511023652399,0.049227473758134285,0.7516707945972623,False
UPRT,0.00528471863726715,0.16640186946211644,0.5311113105647194,False
UQCC1,-0.0008326547577328973,-0.7303447864677821,0.04356907515602387,True
UQCC2,0.00213751783513456,0.06854120085823784,0.6976824081958476,False
UQCC3,0.0003659211517460766,0.2913649672416078,0.033169590563779716,True
UQCR10,0.0006054433051272133,0.11391417199890874,0.11993873097065755,False
UQCR11,-0.00036776935921204785,-0.023688400649405337,0.7549238058934806,False
UQCRB,-0.001570813507559061,-0.13668907905207542,0.06837086393660888,False
UQCRC1,0.0009762481721308971,-0.006365108369405428,0.9553344335158112,False
UQCRC2,-0.0001426003586811226,-0.09590227559395675,0.21402268967403845,False
UQCRFS1,-0.0006170510444487556,0.05165381981968902,0.813673878707003,False
UQCRH,-0.0007752218286753328,0.0056868521604371836,0.9461098920212359,False
UQCRHL,0.01798880458422007,-0.03773406970371307,0.8710601582952081,False
UQCRQ,-0.0019755220761762636,0.1167830406839045,0.3285322850127705,False
URGCP,-0.0003966057111266083,-0.14073418645408503,0.6004236744386945,False
URM1,-0.002011484087911259,-0.23981253490096222,0.1842369001361726,False
UROD,-0.00014580690403446706,-0.20220191139319799,0.33269548417909567,False
UROS,0.0007727326838613063,0.11108113034620966,0.7360761634019812,False
USB1,-0.0034644357632709123,0.1309270693156499,0.6455573831108197,False
USE1,7.014577492502362e-05,0.019548483568301793,0.8376110986899322,False
USF1,-0.0031921799198212607,-0.0984850817428057,0.7137667595519169,False
USF2,0.0012083477612734681,0.08286655063788563,0.771023498111463,False
USMG5,-0.002302173866273632,0.04411923862445574,0.6241789710824622,False
USO1,-0.000851552310638,-0.6777699743150015,0.03849869643117979,True
USP10,-0.004781906277346932,-0.034910580265129894,0.8469870944286264,False
USP12,-0.004135459892102034,0.005354995543215181,0.9763337033220776,False
USP14,-0.0022963558350528102,-0.23673218041100302,0.09309540560173615,False
USP15,-0.0024141829834534376,-0.1888651197223789,0.2460711654292171,False
USP16,-0.0018736330497175831,0.11121587904487848,0.6928736813342,False
USP18,-0.0025568140491101835,0.9470672095607561,0.014983332810752443,True
USP19,0.0008675630239521312,-0.532104059797931,0.05169950952519451,False
USP20,0.00190280367917543,-0.4107020411285878,0.05768104763142294,False
USP28,-0.001145057335717272,-0.20477080020447608,0.3523931732538444,False
USP3,-0.0026816445323775604,0.10019458051590036,0.4455461042342438,False
USP30,-0.0014766303656118817,0.6103911903949436,0.14314948541768774,False
USP33,-0.002219696934540972,0.11415398221670274,0.7046251801118639,False
USP36,0.002331594658241109,0.14948335794111822,0.7709668610622173,False
USP38,-0.0030923759153360137,-0.09736692466105107,0.515561561276135,False
USP39,-0.001934005029912179,0.045025374895826115,0.8770601172661858,False
USP4,-0.0020007392146736153,-0.5639291396727921,0.07184062958894218,False
USP46,-0.0022929465852522947,-0.16545901361573379,0.4969172735330647,False
USP47,-0.004043699320147538,-0.06729883467725822,0.8377547623976719,False
USP5,-0.0006114280424106895,-0.045463813175136564,0.8914085613728953,False
USP53,-0.0016858624662134643,-0.535952761675378,0.12976000866773638,False
USP8,0.0003365305131214938,-0.14012255038810853,0.6562600954264668,False
UTP11L,0.002302713916830018,-0.22199958106461887,0.0704551165288927,False
UTP14A,0.011843083028484419,-0.08602670928446687,0.5457726017735525,False
UTP18,-0.0009691991980329977,0.021113435469674962,0.9471601708561477,False
UTP23,-0.0034648851871282747,-0.07987681212509853,0.8334019794214892,False
UTP6,0.0003627120511392379,-0.4861083977673845,0.007792935826139508,True
UXS1,-0.00029002585701176685,-0.15447230182776003,0.6603579430866828,False
UXT,0.024442791375637585,-0.005700618613606896,0.9434595709997746,False
VAC14,-0.001572972598739469,0.035996172131367035,0.8542786812064271,False
VAMP1,0.0021497298461105527,0.1781665357943224,0.5963872502222485,False
VAMP2,0.0010255914695273755,-0.10248929397578611,0.308109785690994,False
VAMP3,-0.004664105892363704,0.00598141810776741,0.9598157557444016,False
VAMP4,5.401275045737889e-05,-0.05746877046916479,0.6461779665461824,False
VAMP5,-0.00016821682806417284,0.35380726487662795,0.08179653068419039,False
VAMP8,-0.0007912810258903848,0.09061371029628044,0.12572209712605625,False
VAPA,-0.0003612311874090498,0.10807473153164793,0.3963536003279302,False
VAPB,-0.0014187425349529781,0.08166636253666769,0.5997296952097771,False
VARS,-0.0005282649337484051,0.24745770062267183,0.3512828742927596,False
VARS2,-0.00016921280107588718,-0.8074386380496454,0.004394678789186181,True
VASP,0.0007940280398904267,0.08749620504298468,0.79428582162631,False
VAT1,-0.004283851763382987,-0.03094250357866748,0.9270759363397018,False
VAV1,0.00017269488093732361,-0.31794406832319344,0.35682731030137904,False
VBP1,0.008863777130933415,-0.20209500258941324,0.10556288161403352,False
VCAN,-0.00011615690120007365,0.4138010998989901,0.17835678708218722,False
VCL,-0.00359538438947067,-0.1013901559395696,0.76216100505998,False
VCP,0.0017002730957071522,-0.09073653206424846,0.5356072707429952,False
VCPKMT,0.0020418332411130304,0.4112422611356436,0.10237400458014939,False
VDAC1,-0.0006965850997533002,-0.17571307598441313,0.678876033701248,False
VDAC2,-0.0011076840671693077,0.021929161043301053,0.7476915534471602,False
VDAC3,-0.0009825135729008537,-0.08603570224539887,0.598031443151654,False
VDR,-0.0027263235963552327,0.4830251311865218,0.23300705102329206,False
VEGFB,-0.0032463495140318704,0.06564608295750979,0.8869037494529892,False
VEZT,-0.003053619685490882,0.06562876933545254,0.8065517893660186,False
VGLL4,-0.0012861005323292012,-0.8714882417125591,0.013844244335582945,True
VIM,0.0008157856156227197,-0.032701017419774284,0.7274573513259427,False
VIMP,-0.0021581398717146027,0.0671964146301493,0.7127763282640858,False
VIPAS39,-0.0003068258351520911,-0.08632996991616679,0.7371543335537899,False
VKORC1,0.0028826153398537353,0.0008645054076696665,0.9772591402579286,False
VMA21,0.021370324501259443,0.11153358878888003,0.3992259601699645,False
VMAC,0.000433551019880647,-0.06391760847808607,0.8520197759331075,False
VMO1,-0.00305412789251718,0.10685203061830369,0.7278831610966761,False
VMP1,-0.0033141282711433664,-0.005338343090185265,0.9712136642108793,False
VNN1,-0.0015557275865802874,0.24976719493125843,0.33962389215705113,False
VNN2,-0.0010014862298105259,-0.12367847817795624,0.5513174857091114,False
VNN3,-0.00371260726142003,-0.4495283762913132,0.01724043504206504,True
VOPP1,-0.001691602481262322,-0.2108338087057755,0.5899399945048236,False
VPREB1,-0.001472281533385366,-0.06352122925880427,0.7627560426701656,False
VPREB3,-0.002510344247122156,0.24079555001320152,0.07394806789149283,False
VPS11,-0.000946329247228384,-0.2881031812514938,0.15546165752200367,False
VPS16,0.0004826476576283545,0.005536904827412166,0.9840708148266584,False
VPS25,-0.0016733240428277,-0.029478380482351026,0.7967615610556639,False
VPS26A,-0.0027168159136130732,0.023856370439990907,0.9255972731180537,False
VPS26B,-0.0005093258838905212,-0.6275001619880434,0.004134768421591882,True
VPS28,0.0006783541511100843,0.09470594407948635,0.09984159622793741,False
VPS29,-0.001804723275015083,0.01275965326790265,0.9072098340408069,False
VPS33A,-0.0010108938017082342,-0.189570073244743,0.3121687287175158,False
VPS35,0.0007285254959780463,-0.4098139720499877,0.0034927220955454498,True
VPS36,-0.0004240989568359702,-0.09343753580092587,0.6689053857782226,False
VPS37A,-0.0011288542885249599,-0.16976002766002657,0.35085389639492215,False
VPS37B,-0.0022588116089938453,-0.6716081146871146,0.32413886043491374,False
VPS37C,-0.002745455258972563,-0.15404787426516198,0.8090211024977478,False
VPS39,-0.00037283421809244824,-0.07060232864451652,0.8574872230051713,False
VPS41,-0.003148454239891975,0.34747052920828503,0.22856242682129746,False
VPS45,-0.004003893839352393,0.48111443921035524,0.016966468363477212,True
VPS4A,0.0002763881643892525,-0.14079312613168132,0.6958623102326746,False
VPS4B,0.0015082610958473573,-0.2778005457821852,0.2965628822407877,False
VPS52,-0.000977466483373337,-0.29734422770305824,0.15251420919286052,False
VPS72,-0.00016561563029076002,-0.118298720084118,0.4932788693007343,False
VPS8,-0.0018640808597208578,0.0609859497740063,0.7947097826400569,False
VPS9D1,-0.004659753447928353,-0.3201241997331253,0.34792741611451133,False
VRK1,-0.002262933527617346,0.29102435743096067,0.020457631666599384,True
VRK2,-0.00409107094529583,-0.03491937035418788,0.8838959419434733,False
VRK3,0.001296025041029719,0.07650523514121371,0.6437738071675072,False
VSIG4,-0.009802895627226966,-0.36131404210482276,0.21504954740478174,False
VSTM1,-0.0012594678787528674,0.03787305410868422,0.828440226077704,False
VTA1,0.0012914037746634217,0.03681776481876861,0.6824313780944977,False
VTI1A,-0.0017804078450815099,-0.060995228461219214,0.7670829156535833,False
VTI1B,-0.0030320133809954805,-0.247917041893309,0.33465318213887285,False
VWA5A,-0.0010065943803233672,-0.17656738812187742,0.5117656538756115,False
VWA9,0.002279906080694108,-0.11886882478896488,0.8035357534520567,False
WAC,-0.0014899533497583167,0.2703742027447979,0.4123123998793715,False
WARS,-0.00032763085032918633,0.28359741350035367,0.2861358290261538,False
WARS2,-0.0014390566404454375,-0.04474064417073542,0.8906520391047201,False
WAS,0.0024933078566653096,-0.5858057505825813,0.2815401217121124,False
WASF2,-0.0016771449421889417,-0.5383079559998019,0.04064668741153398,True
WASL,-0.002838346563354335,-0.44137513696462555,0.12790588132762767,False
WBP1,0.0005600219808695794,0.26652286882560916,0.32185886443469314,False
WBP11,0.0023239320430305114,-0.16509780552006953,0.5698893076841218,False
WBP2,-0.001949283151946261,-0.5415296934676597,0.24475187551886063,False
WBP4,1.754591251394829e-05,0.10388259654659057,0.3008974141579703,False
WBP5,0.010978048924760448,-0.03624491454484269,0.9166133487723702,False
WBSCR22,-0.0005539061000459887,-0.3032472692195696,0.08399907281269102,False
WBSCR27,0.001159104069204653,0.46191475234257745,0.17171467004610358,False
WDFY1,-0.0020584733455099964,-0.08686979730017964,0.7742742405784111,False
WDFY2,-0.002972275967145641,-0.03896421750131269,0.8846460791668955,False
WDPCP,-0.003150338844774024,0.2642450394583326,0.4987357846257491,False
WDR1,0.00019835130085797497,0.05379905837408572,0.7366636774058039,False
WDR11,-0.00451144707970298,0.6358638850169372,0.1866938886141507,False
WDR12,-0.0019813481788202164,-0.23914328457193978,0.36733008924505994,False
WDR13,0.002721806117409686,0.17850857697875172,0.581436253671143,False
WDR18,0.0008266370619901142,-0.6017605672667772,0.14717379980578807,False
WDR20,-0.002590502498599238,0.008232600155111895,0.9857909442523141,False
WDR25,-0.0009969402364453724,0.07676749135674507,0.6741232188981122,False
WDR33,-0.0025617084796158256,0.16175401826565003,0.45662201449460194,False
WDR37,-0.0004430895206119878,-0.5355033153164652,0.1318080333920447,False
WDR4,0.0008540124493592345,-0.2632139240842444,0.24482022587014995,False
WDR41,0.0003976461606024188,-0.05747311683948982,0.8139271127224068,False
WDR43,-0.0015697114070157537,-0.24819197924128034,0.4431570602841862,False
WDR44,0.019235114462572245,-0.11175983225774397,0.7158504859564918,False
WDR45,0.019521455061917124,-0.27194769598557045,0.17419505616178138,False
WDR45B,0.0021032624611549244,-0.3217324743886041,0.3825653176343805,False
WDR46,0.00022068130782629112,-0.27768456660387986,0.26877978511643613,False
WDR48,-0.001794600901592116,0.2191098803388123,0.5642813069449555,False
WDR53,-0.0021084224376775556,-0.09793729335968597,0.7731119061128537,False
WDR54,0.0003509789813325671,0.37173475080231566,0.027682775760448735,True
WDR55,-0.0007046659760302525,0.052328412559947246,0.8509179633275847,False
WDR5B,-5.9976169740854805e-05,0.05011751616083077,0.8730156041648888,False
WDR6,-0.0003661684291475135,-0.6772490047170685,0.1254684192753809,False
WDR61,-0.0010566475427250498,-0.06330174458394636,0.26370421687934564,False
WDR70,-0.004131644874570996,0.024483432780552983,0.9433992281218692,False
WDR73,-0.00020552627767855605,0.162564526404545,0.6444819229109932,False
WDR74,-0.00047870669925295813,0.16326326557889606,0.5719643672185362,False
WDR75,0.002361287451554247,0.1953581288700121,0.5575307559142212,False
WDR77,0.00018069940711391055,0.4540295106867295,0.03926538630777807,True
WDR78,-0.0019241715558941741,-0.1998777082444941,0.6022398735525427,False
WDR82,-0.0010288380027012778,-0.7323575128626523,0.030021491365749543,True
WDR83,0.0013577855298633004,0.019698308908856505,0.946953545948017,False
WDR83OS,0.003314451800357804,0.13149715625447853,0.07916872349241257,False
WDR89,-0.0018585503671186235,-0.031234065684560886,0.9226115113609586,False
WDR91,5.6784555033911745e-05,-0.46325070105834815,0.17771491190112637,False
WDR92,-0.003111029192969309,-0.1753477374906548,0.40532344540672527,False
WDSUB1,-0.0006664806414353477,-0.0019699545990410103,0.9892764322719345,False
WDTC1,-0.0011306217827878932,0.12614868451723538,0.7254095838459855,False
WDYHV1,-0.002467661367598185,-0.427242091061452,0.23063992643993353,False
WHSC1L1,-0.0020916241682371562,-0.014373556589533938,0.9533005154513197,False
WIBG,-0.0008543537219960149,0.019910840607705142,0.8954623582699203,False
WIPF1,-0.00039465411221198144,-0.20274684546982702,0.3214992331821419,False
WIPF2,0.0002463405245768702,-0.05188036419672399,0.9068403289936602,False
WIPI1,-0.005433283035812959,-0.25600273238937954,0.2263913887029825,False
WIPI2,-0.0009471959050501384,-0.05581150456386741,0.8339799373302689,False
WLS,0.0029320096957252757,-0.8379678919253589,0.10898192930167507,False
WNK1,-0.003970888048944492,0.1921885079348643,0.5246163255165656,False
WRAP53,0.0011774164524641314,-0.3386094257738281,0.24361205935539307,False
WRAP73,0.0036671084017597146,0.18978053855299828,0.36572799142655604,False
WRB,0.0006040940008029051,-0.19500881869531758,0.16911799290569923,False
WSB1,-0.00011416488413495673,-0.4129836227943426,0.18203102270277402,False
WTAP,0.000536057659198601,0.24738508088213904,0.2648283549820922,False
WWOX,-0.0020068718739171894,-0.013205351797510442,0.9397919072434735,False
WWP2,-0.0024107771123139466,0.2815978257579713,0.4284956333518172,False
XAB2,0.00041350035992015636,-0.24786505632765612,0.4671263122195678,False
XAF1,-0.0024213368691219867,-0.08154424893029705,0.8119692836799882,False
XBP1,-0.0030521517138997773,-0.13364893973821812,0.6394621884574279,False
XCL1,-0.020784939365198152,-0.14006380951984607,0.17433821096980326,False
XCL2,0.005990205579245822,-0.5665136174048947,0.09593658961191465,False
XG,-0.008514963759817612,0.005664905933986818,0.9831598714980214,False
XIAP,0.013166134810360674,0.14500910416126064,0.7600640604602972,False
XK,0.011243395959743234,0.4911985427953743,0.06648285439542241,False
XKR8,-0.0015278967380196505,0.7613948799759186,0.018204121683899493,True
XPA,0.00015273819170749282,-0.09815183632576084,0.717687453337498,False
XPC,-0.0008413179939396271,0.2791520539982187,0.36599851930613986,False
XPNPEP1,-0.0014343469150340557,0.26756535019476263,0.42393270232564406,False
XPNPEP3,-0.0022653202193224737,-0.1046890127844062,0.26079490773180125,False
XPO4,-0.0023200827597410867,-0.1996778869146462,0.5530671466054785,False
XPO5,-0.0014066236957296933,-0.48147415124047377,0.016159234716566072,True
XPO6,-0.0008008425008224193,0.10358647084423506,0.6781275750001527,False
XRCC1,-0.0013401901027386939,-0.6218191217772961,0.13143373311409742,False
XRCC4,-0.0011794420714557,-0.28468438062014,0.24900305252642785,False
XRCC5,-0.0038313915488260384,0.17353899499464287,0.28815817259542975,False
XRCC6,-0.002672977817724799,0.04784229297099696,0.38042294145331357,False
XRN1,-0.001332998353825411,-0.09761495734639886,0.6586375253704526,False
XRN2,-0.001590262548244074,-0.2828817130723065,0.15964282143823535,False
XRRA1,0.00018957214717578747,-0.2629560999154301,0.47379411844359953,False
XYLB,0.0006410294919549086,0.12578180554829213,0.6399567417790943,False
XYLT2,-0.003089683711816024,0.12007484467479669,0.6437800069169355,False
YAE1D1,-0.0031753083936316233,-0.14207488577689828,0.5552780817405836,False
YAF2,-0.0007639338369887802,-0.47606288500927474,0.045531866369592125,True
YARS,-0.00113163648714645,-0.041879486034790886,0.7087362730166527,False
YARS2,-0.000392930764781536,-0.027037099531793476,0.935999561466039,False
YBEY,-0.0009318954488977717,-0.049869449410987796,0.8223841822256407,False
YBX1,-0.0013163550653458066,-0.6541047508259963,0.013060487548433438,True
YBX3,-0.004410260766042172,-0.4419334775716883,0.18511698753644393,False
YDJC,-0.00030523586696685746,0.6285244659377353,0.06575535978102724,False
YEATS4,-0.0016472654321585912,-0.11635693405658637,0.6684642306074038,False
YIF1A,-2.3625701173017626e-05,0.23895251152860147,0.18487630497575158,False
YIF1B,-0.0025821283840016195,0.32973201268055335,0.09080861832556684,False
YIPF1,-0.0024906564012715468,-0.043820863767376435,0.805505246595317,False
YIPF2,-0.00031174921431309017,0.03734328940119368,0.8813644423534377,False
YIPF3,-0.0006836263712567825,0.0511171702173629,0.7962141239207843,False
YIPF4,-0.001065104458411226,-0.05830349543650756,0.7147685143698911,False
YIPF5,0.0010247761219321228,-0.09229913244706935,0.5838747146469507,False
YIPF6,0.018385287478975092,-0.17067012580738433,0.302447609246431,False
YME1L1,0.0008058801366730494,-0.35285504694047315,0.19903171773083095,False
YPEL3,0.0016101512503771877,-0.21750696003812908,0.05015757827382831,False
YPEL5,-0.0002671704230611432,0.210651498564986,0.2885269977178114,False
YTHDC1,-0.0030677322032427548,0.03629907885317274,0.9162609827480576,False
YTHDF2,-0.0021669926953616237,0.02833043926774634,0.7586880171151701,False
YTHDF3,-0.004722410411216235,-0.021175600497158338,0.8953020674306673,False
YWHAB,0.0028897296253194214,-0.11031675535788654,0.2566489089270084,False
YWHAE,0.000941441300899179,-0.1191269755589482,0.3152954288314266,False
YWHAG,-0.0017588060088412256,0.15906046748751942,0.6835800609770791,False
YWHAH,0.002023693284396141,-0.1422603890472172,0.592817460908508,False
YWHAQ,-0.0030069857438179536,0.005065381506379375,0.9734637560053592,False
YWHAZ,0.0007441579953845402,-0.013844922227800142,0.920744498682518,False
YY1AP1,-0.002686193819025805,-0.03952623049935585,0.8707937454450771,False
ZAK,-0.003042186475797671,-0.04468301943801524,0.8415515828315747,False
ZAP70,0.003248805477631686,0.00556456011868119,0.9896840743312127,False
ZASP,-0.0011470753325053984,-0.14807023860940347,0.656731204892429,False
ZBED5,-0.002375792387806523,-0.714262620686823,0.0322068074121289,True
ZBP1,-0.0015110390156969718,0.017647051024406026,0.9408765935039367,False
ZBTB1,-0.000773260466232707,0.07870220423456889,0.7967729613814587,False
ZBTB14,0.00029612553851615707,-0.4416113174669473,0.09843401992519032,False
ZBTB17,-0.001518761465285446,-0.4298921347549759,0.33223488566806963,False
ZBTB20,-0.0022591734013265212,0.04856837743741302,0.8804471937092468,False
ZBTB25,-0.00048223529592408896,0.19512727054173892,0.3898411528419695,False
ZBTB26,0.0023780010548680266,0.10793462280137986,0.7058331221034349,False
ZBTB43,-0.001578915876421378,-0.23433401617314326,0.4103225606192127,False
ZBTB45,0.0014738188612118867,-0.004814977649342467,0.9930190895004687,False
ZBTB48,-0.0021287665445991694,0.021933027010132777,0.9555950316554138,False
ZBTB49,0.0020493606770019723,0.13950977627221256,0.7336192321323118,False
ZBTB7B,-0.001189750689848395,0.06756743554980946,0.8192424281911642,False
ZBTB8OS,-0.0007633526329122536,-0.01880307884020264,0.8736068153826073,False
ZBTB9,-0.001082799696972327,-0.20908304347045703,0.348867866177238,False
ZC2HC1A,0.0016990046130342454,-0.3107037603242271,0.2980389946707109,False
ZC3H10,0.0004891842134705352,0.23771806506808668,0.13978117796781664,False
ZC3H11A,0.00012549278565377223,-0.2998114423270635,0.4177243589971371,False
ZC3H12A,0.0007098528662298534,0.21607638394458015,0.5071193435631909,False
ZC3H13,-0.0022948840217799317,-0.15410148879320099,0.4647340097530319,False
ZC3H14,-0.0011649434417268178,0.08700933696035247,0.7720456964196372,False
ZC3H15,-0.0016409011335193928,-0.12552343384072945,0.5256428912939561,False
ZC3H18,-0.0005771554828812878,-0.8031137102042344,0.031249002106311628,True
ZC3H3,0.0008952770385696996,-0.1764097941904312,0.634389946897427,False
ZC3H6,-0.0028492251185744197,-0.28398910806350464,0.28935149285748185,False
ZC3H8,-0.0032009755273596403,0.1221192403741522,0.5353053628024322,False
ZC3HAV1,0.0010541739460660018,-0.08127808416626624,0.895348053875497,False
ZC3HC1,-0.004325011088414886,0.043491812738437434,0.7599165660448408,False
ZC4H2,0.013982443261378031,0.06091492516240087,0.8334390402863416,False
ZCCHC10,-0.0005628526719166336,-0.042409559861172376,0.7771117092377876,False
ZCCHC11,-0.0033733823057932686,-0.22282072519690566,0.38294225805452287,False
ZCCHC17,-6.152858441025151e-05,0.08454672091840809,0.6118037548768651,False
ZCCHC4,0.0009613914772754906,-0.3060326866933225,0.27672300452065185,False
ZCCHC6,-0.0023062821073846014,-0.11279336099148243,0.7085348469918058,False
ZCCHC7,-0.0032854328718656825,-0.2727856082964258,0.26141832650103325,False
ZCCHC8,-0.0057069272284551815,-0.6636238910918311,0.10253853764303797,False
ZCCHC9,-0.0019797490523822876,-0.49020605605669154,0.06954943990643232,False
ZCRB1,-0.0010330715713799243,0.07103103825364127,0.5914538663775781,False
ZCWPW1,0.0007549762050483563,-0.1670090592020111,0.6302006735143397,False
ZDHHC12,0.0012194516770191,0.2833045885356562,0.05487003979210303,False
ZDHHC13,-0.00012936328274648886,-0.17115755488539464,0.6094876723539082,False
ZDHHC2,-0.0035213526937063655,-0.17934509116168554,0.3705543573759074,False
ZDHHC21,-0.0019519647430894255,0.18645500290769712,0.5309481635466153,False
ZDHHC3,-0.0005320462034362922,-0.18042282203674143,0.4444857880256934,False
ZDHHC4,0.0014943829940630966,0.17712299288433492,0.3331528428616977,False
ZDHHC5,-0.0012363915133057238,-0.34938884929682,0.2578447925235735,False
ZDHHC6,-0.0004382784354222431,0.24713647883068868,0.3150625513739111,False
ZDHHC9,0.02234037789242336,-0.01666888924605852,0.9617827839223436,False
ZEB1,-0.0009045532241984997,-0.4450943018637878,0.10486014189536824,False
ZEB2,-0.0013415586713509046,0.2577019189418001,0.1447936695368694,False
ZER1,-0.0007681841009296247,-0.21116776103178692,0.46497995536757586,False
ZFAND1,0.00015170843765772727,-0.09686808354572528,0.6223115929717743,False
ZFAND2A,0.0027665575664738455,0.22763700555537902,0.22860135673462284,False
ZFAND2B,-4.4528892149702046e-05,-0.21985633880987365,0.33535753095900867,False
ZFAND3,-0.0053169315337504176,-0.23493483469320747,0.44092203237092564,False
ZFAND5,-0.0013402536278691228,-0.4275339752638367,0.2506245595941273,False
ZFAND6,-0.0023170739654909647,-0.14396882890001952,0.302601928618295,False
ZFP36,-0.0009069342855032484,-0.3020605516681251,0.4807251479957292,False
ZFP36L1,0.0007358574963714653,-0.24889881697916383,0.7307914820326724,False
ZFP36L2,-0.00017789578813890195,-0.207129707447106,0.4754719694422651,False
ZFP62,-0.0006364890046300554,0.10180435375499185,0.626999720756396,False
ZFP64,-0.001852229347426044,-0.5547109854506854,0.30977604834814404,False
ZFP82,-0.0001619952211223285,-0.025245953812593883,0.9079084943083722,False
ZFPL1,-0.000448832018890956,0.26934131709999104,0.4024646915968505,False
ZFR,-0.00391103253779993,0.2495901063128198,0.6662051193822205,False
ZFX,0.00027201724344573264,0.27185559673946763,0.26988472802360286,False
ZFYVE1,0.00013585861057472903,-0.4438553376476466,0.25902668046003086,False
ZFYVE19,-0.003869029806621141,-0.10511195481167276,0.7752499504136572,False
ZFYVE21,0.00046765528490151756,0.12085302290674511,0.6137233846290566,False
ZFYVE27,0.0008326960373329985,0.2538179071437584,0.5348360011710143,False
ZFYVE28,0.0010432489826878257,-0.2816506152266495,0.09835627740332947,False
ZG16B,3.3718019329373203e-05,-0.27599512374108864,0.16267208354609555,False
ZGPAT,0.0005900808893954836,-0.2620568591687845,0.5045728080718348,False
ZHX2,-0.001090101000871787,0.2570520272265674,0.21672124785507013,False
ZKSCAN1,-0.0014317707477343171,-0.19445072812879816,0.5691432790943118,False
ZKSCAN3,-0.0007771292859953994,0.22445816717813116,0.5044535144888018,False
ZMAT2,-0.0003071444895391865,-0.19818054131045404,0.3910981744974896,False
ZMAT5,-0.0014020906121242132,-0.10485345214474132,0.5282674916793162,False
ZMIZ2,0.0008561559606808985,0.041732223586325556,0.917803147399969,False
ZMPSTE24,-0.002717025461588953,-0.03959046226137845,0.840264744831133,False
ZMYM1,-0.0024425712208938177,-0.2549447430858526,0.3041620644226197,False
ZMYM5,-0.003430282068282896,0.08470770631038096,0.8677387273954462,False
ZMYM6NB,0.006127121429901255,0.06600512485322814,0.37736775379785104,False
ZMYND8,-0.00304890387494619,-0.6811412591247957,0.14360256620694237,False
ZNF10,-0.0001522684864032366,-0.25769539264808855,0.340128565217203,False
ZNF100,-0.0013047890632567208,0.05071625007555398,0.8554638928119102,False
ZNF101,-0.00027742005376880225,-0.1481115731556929,0.49690441291475884,False
ZNF107,-0.003387219871366557,-0.42241936195068513,0.1879182037208134,False
ZNF117,-0.001422246515656475,-0.2992713360367484,0.3311473143559281,False
ZNF121,0.004338635479320765,0.021875735574600416,0.9456655965413505,False
ZNF124,-0.00011615097404614541,0.054826867753131135,0.6239674504805589,False
ZNF131,-0.0018317908339143933,-0.1837543013334165,0.29140599673224754,False
ZNF133,-0.0020580205696724366,0.1282419774932072,0.6226754734292653,False
ZNF135,-0.004176179991472127,-0.30588550874015863,0.2787074979590663,False
ZNF138,0.0006422642230637144,-0.224646277970253,0.2212637716496498,False
ZNF14,-0.0005697971931215053,-0.17322116844101268,0.5191802626341281,False
ZNF140,-0.003231654524970677,-0.2610660632529586,0.5535495242568149,False
ZNF141,-0.0005393969503279528,-0.36221311239773035,0.20196206353875787,False
ZNF143,-0.0008404346634994013,-0.3501939160681092,0.15851253566300183,False
ZNF146,-0.0007403464618628899,-0.0857704019555364,0.7947893733143107,False
ZNF148,-0.0033158221533736566,-0.16140954332771984,0.5522883138943544,False
ZNF155,-0.0014549620595730559,0.018786217154004844,0.9359448635474802,False
ZNF16,0.0009297569542163873,-0.07458707383814528,0.8027678483883189,False
ZNF160,0.0009753256346449313,0.04935684129131203,0.7515119661504879,False
ZNF169,-0.0035758349688856154,0.30115253243032947,0.37835936422171734,False
ZNF174,-0.0007543848122387153,0.34536759125360156,0.09523675744133461,False
ZNF18,-0.00030510644587536395,0.2099924791367815,0.5616212962466162,False
ZNF181,-0.0029227180197784527,-0.2203527339719321,0.473480339223616,False
ZNF185,-0.002111430916012646,-0.3798158692623464,0.1268024646448621,False
ZNF195,-0.0005603553390677635,-0.07089339026697337,0.7403822553644339,False
ZNF2,0.0007696731868316026,-0.5759634500810075,0.1478311015176571,False
ZNF20,-0.0011124778373721878,-0.183296367109593,0.5338926722629684,False
ZNF200,-0.00188377322894808,-0.14366772775303696,0.6371714059385102,False
ZNF207,0.00023064569363932574,0.17156426546581371,0.5371332664839115,False
ZNF211,-0.0025439887542284406,-0.37503199693323225,0.25761623491714114,False
ZNF22,-0.003444670606729756,-0.0984477945073656,0.47269992573106,False
ZNF222,-0.0018720634700249525,0.01836502655553935,0.9412197409596901,False
ZNF223,0.0002214031770373719,0.2311514549444104,0.20808940202655773,False
ZNF224,-0.0009086121997333577,-0.0854631103833863,0.6192941341676497,False
ZNF226,0.0010388813293665713,0.22520050356365814,0.34982763558464314,False
ZNF227,-0.0007716832704893273,0.181955353447228,0.38427413554163736,False
ZNF23,0.0006305823101220076,0.42748873348370076,0.3171228758252545,False
ZNF230,0.0020560284378963608,0.11432836891935949,0.7601754990605464,False
ZNF232,-0.0008177213540508683,0.360941659311564,0.3549626204805985,False
ZNF234,-0.0012208166070529637,-0.25184690997616344,0.4993604744575971,False
ZNF235,0.001413856030576898,0.2367722081751926,0.15656316250349897,False
ZNF24,0.0014688799991644328,-0.11129776842254024,0.5431091137430524,False
ZNF248,-0.0016074402079381503,-0.05085834230283358,0.8609755599286858,False
ZNF250,0.001948556316410971,0.24195144023203977,0.4142287749463799,False
ZNF251,0.002624936551815252,0.4965878187254485,0.03524194562026715,True
ZNF253,-0.004442928267816135,0.09659859631547793,0.816033678483352,False
ZNF254,-0.0033726611310988925,0.1989805810792972,0.444027540218895,False
ZNF257,-0.007150255001427778,-0.10850227002207626,0.7415112308496191,False
ZNF26,-0.0032582216484592945,0.14640666352704695,0.48859348200093367,False
ZNF260,0.003041953066890116,-0.05760031248771044,0.9690194669367194,False
ZNF264,-0.00018685425839441984,0.5840518655602298,0.09123256419239228,False
ZNF266,0.003165165271130037,-0.17193524682411257,0.5228733154160704,False
ZNF267,-0.0022365242204028715,0.18701806313021485,0.4044325704325119,False
ZNF268,-0.0032404277671726,-0.035070742147480044,0.907793431460236,False
ZNF273,-0.0019842877541043024,0.222866602772835,0.45938560859571453,False
ZNF274,-0.0043153829040830614,-0.06090786845327109,0.7693243481999551,False
ZNF277,-0.0022007406070810457,0.00791453936072934,0.9719788691838769,False
ZNF28,-0.0026717654312426046,-0.22356696264762257,0.45432680824645544,False
ZNF280D,-0.0008887194732807718,0.06246282315415594,0.771838939480584,False
ZNF283,-0.0021671052464835128,-0.10101070668020681,0.7849791005877831,False
ZNF286A,0.000449686234485047,-0.056606953427726876,0.8771616327710756,False
ZNF287,-4.4696706253919815e-05,0.10068338779913677,0.7003067136510386,False
ZNF292,-0.0025167228415742347,-0.3300749834492088,0.1822283896512534,False
ZNF296,-0.0021178934986871866,0.14951629051926515,0.5748763631020799,False
ZNF3,-0.0008448366226475092,-0.12384565604396193,0.6060226167659941,False
ZNF302,-0.0013185086586955453,-0.22985546144722432,0.21804281066424352,False
ZNF317,0.0006084140846515625,0.5626657656990756,0.013475021286668217,True
ZNF32,-0.00010384641536148374,0.11369945195141613,0.38147394445262417,False
ZNF322,0.0008832466874804955,-0.223323440961321,0.4224092388151207,False
ZNF330,-0.0006860903005146787,-0.040107701930632525,0.7666891736450125,False
ZNF331,-0.00020428195604650884,-0.18883448356154714,0.6368301960206322,False
ZNF333,-0.0006375921278143639,-0.40357007438375164,0.011383849130249838,True
ZNF33A,0.00044100985968426406,-0.27822567652592445,0.20471359634276942,False
ZNF33B,-0.004809173057154911,-0.5166549775319961,0.03675994961414584,True
ZNF34,-0.0030400539912714517,0.28784439403599155,0.1642016757835818,False
ZNF341,0.002280393948305107,0.09282324293376996,0.6944794705376947,False
ZNF343,-0.0003558813370701533,-0.21456058739152564,0.4053654835931393,False
ZNF345,0.00018683157073246312,-0.06772870779163344,0.7786847009435731,False
ZNF346,0.0006993746205967146,-0.14221721506588866,0.42602124055166524,False
ZNF347,0.0003402935509806289,-0.0996162698366506,0.7072751203385165,False
ZNF350,-0.0032890698347855744,0.11735004919253801,0.6104910426993361,False
ZNF37A,0.000824925419746259,-0.3894923452296394,0.20651232537810826,False
ZNF384,-0.0010778737339679628,0.7601653126101905,0.3567826092209269,False
ZNF385A,-0.0021656846065414835,0.0983701088063597,0.7974692104854703,False
ZNF385D,-0.0010399091270280661,-0.12815247613905573,0.7119387949587509,False
ZNF394,-0.0033352291495454003,0.07013353183901873,0.5982737856306419,False
ZNF395,-0.0021821761067774663,-0.6018942870602122,0.05288507450653316,False
ZNF397,0.0017814212790367631,-0.20862745118340334,0.35905418813822115,False
ZNF408,0.00038536588883690125,-0.09526643702778842,0.6742147010085895,False
ZNF41,0.02031291397841472,0.24206793743821128,0.3404515025761428,False
ZNF410,-0.0009706457408349232,-0.6625416579250734,0.0694779709092263,False
ZNF414,-0.003500676540309142,0.5562427687829138,0.380382774357934,False
ZNF419,-0.0008504599191242265,0.21386983926711345,0.4077062580242873,False
ZNF420,0.0025563403996893227,0.08162659893679386,0.7582961647386799,False
ZNF426,-0.0010314261761742525,-0.23948949848100368,0.38398828680596153,False
ZNF428,0.0002766638694264863,-0.14524386651327592,0.7099550892375793,False
ZNF429,-0.002718578725229353,-0.11853658855343754,0.6958722897866996,False
ZNF43,-0.004357504579919731,0.5028262531879611,0.21928561040904906,False
ZNF430,0.0023165739559982057,-0.26699942589919723,0.3975651307530478,False
ZNF431,0.005405241854225003,0.24882612540763235,0.5813466619298457,False
ZNF438,-0.0041006927873839865,-0.06083303879814456,0.8162479651907398,False
ZNF44,-0.0006491476077241325,0.11379092928820124,0.5190914197304147,False
ZNF446,0.00037791945609465054,0.34754271511793505,0.18480067805322034,False
ZNF451,-0.0038711541887276584,-0.42209275042797634,0.19656251801751043,False
ZNF461,-0.0009634410178079134,0.18951180063926892,0.5714508142966006,False
ZNF467,0.0027626800903893466,-0.28320084090720743,0.2937852889408358,False
ZNF468,0.0028712805743178783,-0.5463654248396715,0.18596048279005886,False
ZNF473,0.002199445866074541,-0.24692268979118787,0.33443080154598914,False
ZNF48,-0.0023071026678844024,0.26613954539872187,0.6550457556065257,False
ZNF480,-0.00047363825211951057,-0.48627188112533787,0.15055729007030946,False
ZNF485,-0.0005702384437685584,0.061374277700410186,0.8738644324285453,False
ZNF486,-0.003213034562253896,-0.4569804976432763,0.10545781963923095,False
ZNF490,-0.001745027666586395,-0.13065045169943634,0.6643586744575494,False
ZNF493,-0.003691498304791175,0.19469174315588678,0.3792359243200185,False
ZNF500,-0.0018292127909587284,-0.10749196657675723,0.7553262115836259,False
ZNF501,-0.0026609545310094327,0.16390974653672907,0.6004207271704668,False
ZNF506,-5.9031174339388816e-05,-0.05679164108385552,0.684502164419888,False
ZNF511,0.001955711046152533,-0.6381654350225984,0.0672595176793521,False
ZNF512,0.0010438782033011529,-0.5605903649871634,0.09892062549585548,False
ZNF516,-0.00258403720725867,0.08425480512201605,0.7700420991477405,False
ZNF517,-0.0029573256443274987,0.7246619844151098,0.023911977847704113,True
ZNF518A,-0.0034739024964498912,-0.3164699303262204,0.33250235748251605,False
ZNF518B,-0.0006312562095818716,-0.30394813889048233,0.49144234341501414,False
ZNF519,-0.008167822626913533,0.10217013230537199,0.7192150833327557,False
ZNF524,0.0009940063714983997,0.25311922840096823,0.40738513278565225,False
ZNF526,-0.0011302344254570155,-0.24735494129889574,0.6078663342591841,False
ZNF528,-0.0013469801532412118,-0.6076847364651672,0.04392583684877341,True
ZNF529,-0.001372749468826134,-0.24250341379201648,0.47582723723081766,False
ZNF530,-0.00217408909615306,0.2962205539002681,0.2054024340058929,False
ZNF540,-0.0007055408067076475,-0.08387696038983462,0.7950982154916804,False
ZNF544,-0.001807834711441711,-0.13349025892606747,0.5060209819011043,False
ZNF547,0.00043522437188777254,-0.09759994076318652,0.5155929065933604,False
ZNF548,0.0007136817409507211,0.6603147871271855,0.05684670492599205,False
ZNF549,0.00021226058444491746,-0.32521156609029156,0.2996114799323122,False
ZNF551,-0.0020282750200910863,0.3418893336259397,0.41167066314679723,False
ZNF552,-0.00019405267864244677,-0.3378975830330538,0.2101491936520058,False
ZNF555,-0.003492710591534733,-0.10006820994628139,0.77642183456676,False
ZNF557,-0.0003793717686317628,0.2323325075441904,0.4762252967912588,False
ZNF561,0.007950831146830078,-0.3414050495825467,0.40988170530845025,False
ZNF562,2.447179361144986e-05,-0.32979454246660933,0.19973577572915133,False
ZNF563,-0.006913870019465703,0.3090788064226918,0.17739865014367648,False
ZNF564,-0.0026352541643745804,-0.06911994098017146,0.777978285441,False
ZNF565,-0.00034927852556164006,-0.3270651371491954,0.25503850020893165,False
ZNF567,0.00029670042667756145,-0.7136540212940845,0.023844050035372374,True
ZNF568,0.0002591141190552412,-0.13520362697882757,0.6444618594186906,False
ZNF569,-0.0029610777907966212,0.516104591456721,0.03356759718660505,True
ZNF57,-7.455339098512777e-05,0.11101940579175991,0.7350100403420045,False
ZNF576,0.0003768857430202662,0.2116126852858701,0.42613933352845723,False
ZNF578,-0.007140599651713581,0.20217882270315035,0.23080924141593806,False
ZNF581,-0.002398654051104814,-0.08378727012959183,0.4931269324730423,False
ZNF582,-0.0010961304013515228,0.5060132264873823,0.08445157269651855,False
ZNF585A,-0.004748467445034653,-0.19848408812284107,0.16081624609495382,False
ZNF585B,0.000899903857961105,0.055760982650329076,0.7845625235740264,False
ZNF586,-0.0007749347645883967,0.039305051171734405,0.8449737770156351,False
ZNF587,-0.00325748039624061,0.25753508311825407,0.14405261913146764,False
ZNF592,-0.003144236194942051,0.4128658307820521,0.32183383272765026,False
ZNF593,-0.0005715010480146858,-0.10451790158416191,0.3003578003350507,False
ZNF596,0.00186871593897574,-0.556942709660741,0.08367084696514301,False
ZNF597,-0.0006946993977296129,0.016966136469102475,0.9269320300194797,False
ZNF599,-0.0003251131221423199,-0.09291978574701822,0.7832001866117556,False
ZNF600,0.001164977913780686,-0.28054774508371366,0.4127301259863103,False
ZNF605,-0.0006969397675535181,0.23066646775073363,0.3116794814498758,False
ZNF611,-0.003803838176740207,-0.14533824991017197,0.685182853741899,False
ZNF614,-1.671527136053129e-05,-0.2563532494141506,0.28599409246098434,False
ZNF619,-0.0034170958816979436,-0.25672083763257864,0.2513642041403333,False
ZNF622,-0.00302361894335227,0.07934065259651953,0.5210310245691904,False
ZNF623,-0.0015501267308170698,0.04085678855737908,0.9067315405169452,False
ZNF626,-0.00032232166661564737,0.2712801924919539,0.20439863819832985,False
ZNF627,0.0009231803689291393,-0.1846062597796273,0.4562647038991562,False
ZNF638,-0.0002271884522368634,-0.6097558629335484,0.116149766446238,False
ZNF639,-0.002430364059430603,0.12967310192151935,0.7039201634700841,False
ZNF641,-0.002154451257575726,-0.16855957591586637,0.4125196979911546,False
ZNF644,0.0008769051612013712,-0.26180872804060845,0.42008468079066996,False
ZNF649,-0.0029753978623447345,0.1731523945772665,0.44891808583787574,False
ZNF652,-0.0018667503984675458,0.0803661772898536,0.6877127152068752,False
ZNF653,0.0009064421039943236,0.5190027485907378,0.061469268344848005,False
ZNF655,0.0001350101981176958,-0.16644996910972687,0.13090494240571343,False
ZNF660,-0.00047055041489253046,0.5325912207632096,0.033174622683626004,True
ZNF668,-0.0004895820349382906,-0.05789416588317834,0.8428030126580626,False
ZNF669,0.0010475300568995364,-0.0351436262925155,0.8952789509882366,False
ZNF671,-2.484045549570123e-05,-0.15227952315468576,0.6880861807295908,False
ZNF672,0.00022881355882239091,-0.02378442778398991,0.9428822391397627,False
ZNF674,0.024727287834697482,-0.0043924776320901394,0.9908666391396374,False
ZNF675,-0.003282115097743155,-0.37996854169903316,0.2374597359871414,False
ZNF677,-0.0014202294912542984,0.20036362550211026,0.4190356546766053,False
ZNF680,0.00247025489414787,-0.007460497947505473,0.968853404192177,False
ZNF681,-0.005942820977219262,0.47983263167782425,0.13173370455834907,False
ZNF682,0.0016810818011862225,-0.8110014364855327,0.007716916004528479,True
ZNF684,-0.0017883307831856766,-0.03719016483596957,0.904405244308544,False
ZNF69,-0.0011174268291181465,0.08462267945388327,0.7683081883934328,False
ZNF691,0.002865417871500303,-0.12081217672575703,0.7366532181602139,False
ZNF692,-0.0022396026764402864,-0.29393363035868686,0.21207152325321696,False
ZNF7,0.0003917052379858419,0.26395835245443944,0.3420665023386797,False
ZNF700,-0.0013121206216616186,0.3914667911424183,0.36578438328745444,False
ZNF701,-0.00037164553739673837,-0.36866699443880435,0.3381490915445938,False
ZNF706,-0.00047003181540174795,0.026143221483095818,0.7840772554616506,False
ZNF707,0.0009349028406149793,-0.11265392884081758,0.6015858861751049,False
ZNF708,0.0025297012611489515,-0.33733329446941823,0.13118170739315135,False
ZNF709,-0.0025106497455751335,0.29850134772116277,0.30429561292618496,False
ZNF710,-0.00347015599134934,-0.5143676882059567,0.031914690471421155,True
ZNF714,0.008486854789895061,-0.37883760429353414,0.14558164283248223,False
ZNF717,-0.001166513125951654,0.2802633894794188,0.1929078216075437,False
ZNF718,-0.0011281547899379186,-0.2157479190525188,0.16018251850153037,False
ZNF720,0.005575652431001874,-0.2521049362347495,0.33985304773040026,False
ZNF721,0.0002971994837313156,-0.24987805789515008,0.36068625945931354,False
ZNF737,-0.008500600857221064,-0.4469761692749113,0.16511569130762868,False
ZNF749,0.0004199756418474882,-0.5483456709362418,0.21200892338228916,False
ZNF75A,-0.0008648199228074419,-0.08409160887897367,0.769282169032642,False
ZNF76,-0.004248606420999574,0.5947328270117069,0.2828494086977916,False
ZNF761,-0.0005277415657041707,0.04713437700413757,0.875689960046568,False
ZNF763,0.003958126525560816,0.03426699298339954,0.8419566439841837,False
ZNF765,-0.0018263220866804085,-0.31713556169150037,0.29104950815926073,False
ZNF766,-0.0016246639525685366,-0.3059894966081265,0.08127654620118163,False
ZNF77,7.619678181180717e-05,0.2804665417825716,0.41398686032435184,False
ZNF770,-0.0017533582188450293,0.2763911107359346,0.38069274866588476,False
ZNF773,0.00037884539946473527,0.31254184778785504,0.08139251303190802,False
ZNF775,0.0006448623100222473,0.6133682283188112,0.025905110359171365,True
ZNF778,0.0005535304816681024,-0.2419191261058034,0.14544677815947205,False
ZNF780A,0.0002018489847819331,0.06511342905867111,0.8148791514752629,False
ZNF780B,0.0008340128159867626,-0.20089736454782395,0.6330603253629108,False
ZNF781,-0.0011978420193660816,-0.008085173026268667,0.9599511117266256,False
ZNF787,-0.0015987783015348038,-0.2675384203916454,0.28207067917637835,False
ZNF789,0.00024048337570795321,-0.24868224249587734,0.4363255658978905,False
ZNF79,-0.00247990855385326,0.26429249628721735,0.474052929485936,False
ZNF790,0.0015760195846293557,-0.2702722319823102,0.339397654594014,False
ZNF791,-0.002184640881852208,-0.40212843154509864,0.14252615147987827,False
ZNF8,-0.0011859115140315103,0.017597404290220227,0.9360372640528967,False
ZNF80,0.005675129618019866,-0.12861633135460432,0.7220455824760146,False
ZNF808,0.0021173327153029956,-0.07697997666973712,0.8617897029076371,False
ZNF81,0.016843102390744887,-0.04180026529196119,0.8934484756189286,False
ZNF814,-0.003139637000713916,0.18285851816850224,0.5783833056033609,False
ZNF821,-0.002561575221162182,-0.14647677324814892,0.6341450125306789,False
ZNF823,-0.002187513835279415,0.36079697232237,0.2971563718509708,False
ZNF827,0.000686657380806732,-0.43847275073798286,0.1627077533216533,False
ZNF83,-0.0070042151232745,-0.128259968983247,0.5717291853527988,False
ZNF830,0.0003838015027063008,-0.30747491261675086,0.33526397502878325,False
ZNF836,-0.001446545612429945,-0.43227352372501016,0.005763604910386646,True
ZNF84,0.001919916108936506,0.06719171329441294,0.7013965341781572,False
ZNF841,-0.0044108724478368255,-0.16405816040803645,0.67953192942888,False
ZNF844,-0.0023676216142856474,-0.14213557291218237,0.5601489142663335,False
ZNF845,-7.615316184352927e-05,-0.525868748096572,0.10335705425872911,False
ZNF846,0.00025210644004522627,-0.45488592637815206,0.018636954481475947,True
ZNF85,0.003943554814122982,0.1914183246819247,0.13946266254891468,False
ZNF852,-0.003097405612404231,-0.2588210699728509,0.24741112080853575,False
ZNF860,-0.003656622148744751,-0.1905536263165807,0.4774061421627137,False
ZNF862,-0.0037922835788539518,0.04133817521307733,0.9235368997248622,False
ZNF879,0.0008996508885569804,0.10517473450581077,0.7499316581818984,False
ZNF880,-0.0014604875898301438,0.09018788074261591,0.33330440397847766,False
ZNF90,0.0018885227234871477,0.05056626186784606,0.7953122729556903,False
ZNF91,-0.004611016925425435,-0.21170845476581845,0.4564655790323646,False
ZNF93,-0.006744950139336981,-0.004334150868019421,0.9866940218722375,False
ZNFX1,0.002017941447581525,-0.18954236472916033,0.5937385780426235,False
ZNHIT1,-0.000595887992520185,0.0682062295094305,0.4443197774365836,False
ZNHIT2,0.0004970575335109452,-0.3689012865257897,0.19487564501119223,False
ZNHIT3,-0.0032848787118341747,-0.007250312953369469,0.9103960701007103,False
ZNRD1,0.0018879509643584234,0.031014187888347325,0.6512768859162199,False
ZP3,-0.0008611134892565115,-0.07374604094098748,0.7701062426964564,False
ZRANB2,0.0022763735314054014,-0.012216682895538863,0.9716867367693892,False
ZRSR2,0.001480433998403934,-0.5421580599194358,0.0959154010754347,False
ZSCAN16,-0.0015086502598037738,-0.07097637351543609,0.6117661408334023,False
ZSCAN2,-0.00019509745452484965,-0.23168362638939596,0.5981595892881089,False
ZSCAN21,-4.0360714962108105e-05,-0.5310229396638888,0.07372319151503658,False
ZSCAN25,0.005458764956629286,-0.25061408441661914,0.4387502509603163,False
ZSCAN26,-0.002785265566242543,-0.2319504987917226,0.3864677806454715,False
ZSCAN30,-0.0004934114412321274,0.2235517983550528,0.1502107199609689,False
ZSCAN32,-0.002299262248176262,0.03712498396224343,0.9282156564870754,False
ZSCAN9,-0.002177695259990573,-0.41654306218697984,0.17416712239442014,False
ZSWIM1,0.001972821112618664,-0.0389082561871777,0.9171283819878985,False
ZSWIM7,-2.1828426091984783e-05,0.01963806294365443,0.9085904751128601,False
ZUFSP,-0.007554901371424232,-0.0622380946600621,0.6831643325008904,False
ZW10,-0.003124458180313456,-0.07891495646625003,0.8167262243458995,False
ZWINT,-6.094311614651993e-05,-0.7055197553305923,0.0830860587647626,False
ZYX,-0.0019627242421484613,-0.3725600024644215,0.24107636595828424,False
ZZZ3,-0.004035350468802268,0.3264972934822541,0.28125449415722065,False
