gene,meth_delta,expr_delta,expr_p,expr_sig
A1BG,-0.0012672856398266662,0.14953665679998013,0.3089528397932747,False
A2M,-0.007312115842724999,0.7340444790918106,8.476640111324438e-05,True
A4GALT,-0.0029950528393047618,0.26590143434673413,0.035552457044821385,True
AAAS,0.00434723803455,0.12288715902084882,0.06987246365644882,False
AACS,0.00011297771141611123,0.2826963262826794,2.6818949863464257e-05,True
AADAT,0.0014329742394928572,-0.04607138369596586,0.618785018566643,False
AAGAB,0.0036874822091125,0.11244157837253853,0.13761670904835605,False
AAK1,0.0013590001493400002,0.02788860131290853,0.8273866294931093,False
AAMP,0.00016354629950000006,-0.012571750616696646,0.8813066025081944,False
AARS,0.0002592905733161904,-0.03199398162466509,0.6602136445319695,False
AARS2,0.0008908354646875,0.13404762393981356,0.04983842814644232,True
AARSD1,0.0038382919396071427,0.027196229074222537,0.7495500329550895,False
AASDH,0.0017617423777614286,-0.14592741864583061,0.11107844214118519,False
AASDHPPT,-0.0010615315303056669,-0.1537798534723235,0.053582990716156784,False
AASS,0.004833108859115,0.0002119017700695578,0.999088008074105,False
AATF,-0.0009309246194505263,-0.14988839560036069,0.11394503858066886,False
ABCA1,0.0037260373749315786,0.04207648619031166,0.7405767056226407,False
ABCA10,-0.008348077383333334,-0.29986258991446574,0.018486700306159943,True
ABCA11P,-0.00023687091822111113,-0.06869952262806202,0.6520412534162865,False
ABCA2,0.0004943972946113157,0.09125124824358641,0.5458999683359086,False
ABCA3,0.0021286378048104167,-0.05390555923059566,0.5637489162074393,False
ABCA5,0.003949271554910526,-0.37567040205982666,0.04727077388830833,True
ABCA6,-0.01546367394,-0.10279693668338187,0.24713414183596483,False
ABCA7,-0.0016021519768833336,-0.24974711115474504,0.0007833444481801236,True
ABCA8,0.004002650524,0.19471058448867493,0.22701497355928807,False
ABCA9,-0.0008529594783333335,-0.004378443567098842,0.9620473734651973,False
ABCB10,-0.00079843500663,-0.17464668629889063,0.0828761875117143,False
ABCB4,0.009113980561158334,-0.07389693107170224,0.5958166694203891,False
ABCB6,0.0002122794530071429,-0.4228661585140547,0.0008891434431875639,True
ABCB8,0.0019713105421495652,0.16634022197720313,0.14506916608716222,False
ABCC1,-0.0004916393868318182,0.005435597025537107,0.9348350836886399,False
ABCC10,0.007369049918668332,0.12634347072286134,0.25398987576541227,False
ABCC5,0.00055313743044136,-0.28342542448615976,0.02978517879780511,True
ABCC6,0.006558985243475,-0.26876475102464964,0.08551391407261401,False
ABCC8,-0.007219894081074783,-0.07307975847833735,0.5630564355900887,False
ABCC9,-0.00047896940199999995,0.009143548617486251,0.920963560341059,False
ABCD3,0.0009043725388199999,-0.10454436621731909,0.25609879215073755,False
ABCD4,-0.0016816402097454546,-0.14230866895034724,0.22377552758909516,False
ABCE1,0.0011676481388288096,0.13686545807674458,0.32263649658427085,False
ABCF1,0.0019268959473866037,-0.0542497189167169,0.3915645061136278,False
ABCF2,0.00661318894832353,0.1103195253240691,0.12615965485058575,False
ABCF3,-0.0015062801600933332,-0.06448864513013021,0.43043134764457314,False
ABCG1,-0.003440701395577783,0.3921516311332087,0.01938611068476404,True
ABHD1,0.0051428307793750004,0.5442964431147425,0.0015005601364504473,True
ABHD10,0.001957707930315385,0.07715537255934485,0.3173092518546516,False
ABHD11,0.0002494161069,0.43286699523582883,1.1888565901557948e-05,True
ABHD12,0.006048124499593101,0.1427396010450618,0.29949063693353517,False
ABHD13,-0.0003570983185749999,-0.11794662907938984,0.1538247283418924,False
ABHD14A,0.0036434228181631578,0.15140798674562897,0.05744457366975381,False
ABHD14B,0.0004980747929578947,0.2401057151997338,0.009222550879225456,True
ABHD2,0.001858793286208696,0.13805868211774122,0.26926827279132415,False
ABHD3,-0.0011870861725733334,-0.21631321180189939,0.19770081323790686,False
ABHD4,-0.00018531762279230772,-0.04860491742945674,0.645152224987705,False
ABHD5,-9.541082704000008e-05,0.03390138364409241,0.7041129442272218,False
ABHD6,0.007906958314846153,0.20201557439837475,0.12000761519132105,False
ABHD8,0.00042790617346206885,0.10741233288028526,0.43485634493279623,False
ABI1,0.004156790805735,-0.0004591645215910247,0.9935521214113698,False
ABI2,-0.0028096413302466663,0.4271502944206272,0.003451210789609727,True
ABI3,-0.0031752303807999994,0.4501532168830821,0.00038805014122459314,True
ABI3BP,0.005799950987434117,0.4965205643952716,0.007115877963528561,True
ABL1,0.003426178838577105,-0.014203691213778725,0.8375615993397197,False
ABLIM1,-0.0016436309589613883,0.12438379724715927,0.09266377106168079,False
ABLIM2,0.003642985214848154,-0.0332620828528873,0.7519492111523879,False
ABLIM3,-0.005153532454182001,0.4186984024071979,0.007014634675901724,True
ABR,0.004161197683745176,0.07706976064974436,0.1632501320059106,False
ABRA,0.025437596875000003,-0.5259302908459521,0.007333886015854935,True
ABT1,-0.00015976413214666686,-0.021096551661614817,0.7770870789556186,False
ABTB1,0.0005136928348692309,0.07264290196032673,0.3631726198147527,False
ABTB2,0.0059580188296,-0.054414769901791796,0.5265083782364521,False
ACAA1,-0.00371633507051,0.337812455371437,0.0013280238757873279,True
ACAA2,0.002534350876913999,0.4454412882473596,4.816630550219642e-07,True
ACACA,0.0039260953569543395,-0.002676627237959654,0.9870905254422,False
ACACB,0.0005352955043916669,0.09379354617685194,0.12236327456091972,False
ACAD10,0.0029549060466827273,0.20912907473954342,0.011968174019960285,True
ACAD11,0.0017591569040514288,0.006583340883889707,0.9654858327618434,False
ACAD8,0.0035048914243125,0.2226800395019912,0.0006919984733908702,True
ACAD9,0.0008213198157643748,0.14032766140455574,0.07883499567140517,False
ACADL,0.004372009777916666,-0.04501304878907721,0.6934486954934478,False
ACADM,0.006469616583666666,0.1040152354343526,0.3177667447344234,False
ACADS,0.0018596170308024002,0.4622955990924016,6.823174186352607e-05,True
ACADSB,0.0004616743063166667,-0.07717511028168653,0.5271111505236212,False
ACADVL,0.005566941071533334,0.3479746632440834,0.0014010302860828897,True
ACAP1,0.011020997638923077,-0.020613311447117946,0.8986646370363165,False
ACAP2,-0.0037496002270352943,0.027148601270146136,0.7930254979616624,False
ACAP3,0.003982619322739999,-0.13319545648616413,0.2191760587944097,False
ACAT1,0.002141530351939333,0.1932602767355368,0.013434098229672934,True
ACAT2,0.00265405274021875,0.16123293708867142,0.13836475078332772,False
ACBD3,0.000943646688745625,-0.14459537266857597,0.031883561620768865,True
ACBD4,-0.0005176264270259257,-0.07537902862034053,0.4115911976171597,False
ACBD5,0.0001736615376470587,-0.09967209286625733,0.2607954717515366,False
ACBD6,0.0018859950981235296,-0.06865153490420685,0.5482165345752228,False
ACCS,-0.002287094195871429,-0.14729882981714484,0.3435582880646908,False
ACD,-0.0013944378538834482,0.13047107471082187,0.21589979385658828,False
ACE,-0.003357989629846842,0.5772332849686935,8.337532624514121e-05,True
ACHE,0.0017892131818488235,0.12534811564041656,0.39754807818913074,False
ACIN1,0.0019030858824233337,0.12637329847601586,0.125734518534953,False
ACLY,0.0013937551790509524,0.37602262747134624,0.0005732910559919585,True
ACN9,-2.088689363636502e-06,0.06520338348876004,0.4758563206910146,False
ACO1,0.0022189159696125,0.20693548464991512,0.00020048607236886114,True
ACO2,0.0042285744753375,0.2658131805575843,0.0004485356132879879,True
ACOT1,0.0024259039559999997,0.29203565250197827,0.000337780429651847,True
ACOT11,0.008909021513920834,0.513728932761469,0.018359390323045472,True
ACOT13,0.0007641896217092307,0.3647765009817436,0.0007319522575337343,True
ACOT2,0.00901330208394,0.3395248465911039,0.0012711760150527908,True
ACOT8,0.0022984155155615386,0.0976659065988741,0.21299528073115498,False
ACOX1,0.004201679643598236,-0.11111066694821949,0.29134847783522017,False
ACOX2,0.00013241078999999979,0.2620453774197599,0.02657858686542295,True
ACOX3,0.0031586557447872087,0.034186073418821294,0.7746567740911994,False
ACP1,0.0016537638917154998,-0.0964309221441928,0.19918897939599478,False
ACP2,0.001056616236142105,0.1892667272128203,0.018007342769312228,True
ACP6,-0.00017408030037400005,0.012307125484891414,0.9114990598181976,False
ACPL2,0.00282463019014,0.12632066042898965,0.14179671198233085,False
ACSBG1,0.0017273623168888887,0.20917517891744392,0.03956045572203839,True
ACSF2,0.0033081540376478573,-0.06534867888639141,0.4749325563877308,False
ACSF3,0.001935242920429703,0.07003089470605108,0.5083651264720925,False
ACSL1,0.007456731265399677,0.7575093950151988,6.315071601335951e-05,True
ACSL3,0.0054770906511210525,-0.02650903708013881,0.7763074402803783,False
ACSL5,-0.00792218947086842,0.09703970465488934,0.1343787526499163,False
ACSL6,-0.004920752870638095,-0.08207456903759854,0.7317182788326237,False
ACSM5,0.024814412057,-0.2192869968844392,0.047858572724048164,True
ACSS1,-0.0061611020019375,0.11523133186649416,0.2736872555272284,False
ACSS2,-0.0010386673809000004,0.024660029840104594,0.6321859324133784,False
ACSS3,0.002134941357338543,-0.0742198650702039,0.525905898449265,False
ACTA1,-6.469342842000001e-05,-0.24760349879071583,0.9023996340130165,False
ACTA2,0.0034408991263482763,0.46036458314744455,0.19203447374311935,False
ACTB,-0.0011455999413582355,0.30221314786032294,0.04048772924687499,True
ACTC1,-0.006821810237425,-0.5543860947676701,0.21209047723588803,False
ACTG1,-0.0003062492627688001,0.3753540228941344,0.0010094295319947291,True
ACTG2,0.007209158693875,-0.3080507933921528,0.09989367956812438,False
ACTL6A,0.006047299960633333,0.20953119325051242,0.02387318981243919,True
ACTN1,-0.0013558161570618914,0.49573874203312757,0.0032087477919714984,True
ACTN2,0.003830701568980557,-0.03949994755617745,0.4765659810303885,False
ACTN3,0.0054064201072467856,-0.6671387625568491,0.011748120501494578,True
ACTN4,8.186258202947365e-05,0.4315254684429186,0.003165023817140244,True
ACTR10,-0.0008873436624363639,0.1305709714425682,0.040078367773173106,True
ACTR1A,0.002345871533878571,0.0005650052871516532,0.9946131252950567,False
ACTR1B,0.00040992046730000016,-0.012782039049346817,0.7485989985710546,False
ACTR2,0.0011816757766666664,-0.0749880387253829,0.4724162285851399,False
ACTR3,-0.0008222616874071431,0.2246411803167672,0.07140676299264631,False
ACTR3B,-0.0008608987533984215,0.013625961439067934,0.9093574652177658,False
ACTR5,0.0021667907509999996,-0.04987622816566392,0.37030764315377196,False
ACTR6,0.0035831030341428568,0.09838102625804536,0.5533214460246273,False
ACTR8,0.0016998683393416667,0.038303474537534334,0.7030760736581718,False
ACVR1,0.006071207071337501,-0.17104291367577262,0.152248880368218,False
ACVR1B,0.0014785064989714287,-0.026364046022531798,0.4814389375139566,False
ACVR2A,0.0005793497284812502,-0.01250660394541409,0.8854954713298328,False
ACVRL1,-0.007841341763894442,0.27306394547863216,0.08638803140000091,False
ACY1,0.002297625493302222,0.24916423959832731,0.040293528340258566,True
ACYP1,0.0027168415505300003,-0.2543890273074284,0.007613884920721403,True
ACYP2,0.003074259912913043,-0.10475621720365715,0.23676056679478308,False
ADA,-0.0037220343728666663,0.08254322262630284,0.47351037912801375,False
ADAL,0.00292629935172155,0.05604623080274893,0.6451614836581585,False
ADAM10,0.0031332075957979993,-0.009486560897559877,0.9400382898986044,False
ADAM15,-0.0013090320612944447,0.35100439736246275,0.051925458132970954,False
ADAM17,0.0008951812463687499,0.055635953961067214,0.17064001862249012,False
ADAM19,0.0027035151320640004,0.1181701709866766,0.21837348966163905,False
ADAM23,-0.0004185258758928572,-0.34742935535236374,0.006152545555099116,True
ADAM33,-0.0049597814607523815,-0.13254722256136112,0.22299147523340493,False
ADAM9,0.0017984965143549997,-0.30139967973540477,0.02730350940135994,True
ADAMTS1,0.0013021013134785712,-0.09878575137635552,0.5136484105721288,False
ADAMTS10,0.005170342000208333,0.01961961253130813,0.9111388979042288,False
ADAMTS13,0.0012932055307546832,0.04328382906552622,0.6818142420542613,False
ADAMTS9,-0.0029676789865805556,0.4782988374545651,0.005138130598478983,True
ADAMTSL2,0.00380189584907,0.39232462633521314,0.009380354735750482,True
ADAMTSL3,0.0024790737239626668,0.29590596682473963,0.010750105988250176,True
ADAMTSL4,0.0006621531818818183,-0.06878535337794664,0.5863777290542722,False
ADAMTSL5,0.004369809994061044,-0.15287431892894934,0.16717717934042503,False
ADAR,0.0015333559911818518,0.14327873607564492,0.08188882963216912,False
ADARB1,-0.0010970956680625,0.07165815103643224,0.6299298320583777,False
ADAT1,-0.0013157080879583336,0.11258536751820447,0.31169866350223907,False
ADCK1,-3.853375605722342e-06,0.04412435307412845,0.6754556071223774,False
ADCK2,0.0023044739599,0.09749237480582207,0.14726216322620164,False
ADCK4,0.0016069985105714283,0.2764956939196158,0.013890863467877343,True
ADCK5,0.0094507802758,-0.08543325225552763,0.29265228411256966,False
ADCY1,-0.001173866341152381,0.2465229511928038,0.013681063101023145,True
ADCY2,0.0034188139353034676,-0.3542333822118383,0.00021472333732621126,True
ADCY3,-0.005848873669824242,0.37665527657921866,0.010129983839260295,True
ADCY4,0.0023344336055000003,-0.016463841379834546,0.930191045207712,False
ADCY5,0.0006151077504580647,0.12697037629382657,0.2212863519094695,False
ADCY6,0.005444293429316666,0.23065232281952477,0.06535650618891493,False
ADCY9,0.0048461455494092425,-0.013773392289193366,0.8775906689229908,False
ADD1,0.0018275315608346154,-0.12886540650646677,0.002879303450067171,True
ADD3,-0.004351672325900001,0.1758736632759019,0.31250155191839735,False
ADH1B,-0.00719449105075,-0.14552514298472063,0.3620986484965326,False
ADH1C,-0.0029061565959,0.051110041888655304,0.7436954808534098,False
ADH5,0.0010145819968142857,0.02957003950910877,0.5521348398738266,False
ADHFE1,0.008579976169951818,0.0171519077438542,0.8269278142948475,False
ADI1,0.0019954728809520005,0.0815745350001853,0.06644697814461736,False
ADIPOR1,0.004788493167408235,-0.030237510438191218,0.5522609093959399,False
ADIPOR2,0.003981152092641177,0.0003118067185237307,0.9961755376024515,False
ADK,0.006903322000671428,0.03590539049360694,0.6509775283572394,False
ADM,-0.0027702685851790005,0.44434655659783967,0.005124889050508431,True
ADNP,0.0005762020004285712,-0.07220016068073926,0.19233393595428058,False
ADO,0.004401322887693125,0.0034580655185789274,0.9428428890495217,False
ADPGK,0.005252146294489474,0.12649065410063615,0.19092796320656302,False
ADPRH,0.0027837356646593565,0.14515026357930913,0.0851122839526179,False
ADPRHL1,0.005364096799509678,-0.12640041056010654,0.16168746637977735,False
ADPRHL2,0.0031482644851800004,-0.025159287408190633,0.7066543809739727,False
ADRA2B,0.0016256656425555557,-0.04784609066319765,0.6187549619590653,False
ADRB2,0.0020195969307,0.12099312050143046,0.16611868443206199,False
ADRBK1,-0.002854314984941923,0.04111377848220074,0.6031727119684105,False
ADRM1,0.0058495483478,0.05073243856011614,0.5383220279145153,False
ADSL,0.00321342900302,-0.2588654727714687,0.0014193694007579032,True
ADSS,0.0018653995190750002,-0.029956119504200265,0.6979601823316761,False
ADSSL1,0.008920061245203573,-0.15281904888753123,0.05255485796869199,False
AEBP1,0.0025317479529150004,0.508498205217826,0.0012515960637177802,True
AEBP2,0.000960561602648375,-0.11415177748062716,0.29171460222604184,False
AES,0.004089075410977266,-0.16577577670250304,0.012309981731070115,True
AFAP1L1,0.001273689567611765,0.13213333329520915,0.33181859982936246,False
AFAP1L2,0.00101600127792,0.348212683606153,0.0039850733422421205,True
AFF1,0.00822017348635325,0.17817868383936683,0.01231950217518815,True
AFF4,0.004897030052829999,-0.007604980797723689,0.9410492399495481,False
AFG3L2,0.0033386990257399996,0.011586290289830714,0.824796615238514,False
AFMID,-0.0006240167062615385,0.33155535199744496,0.016923440393480507,True
AFTPH,-0.0002843321127249999,-0.11295060760713867,0.18567160072390354,False
AGA,0.00056011618512,-0.08047530755117825,0.296010737212679,False
AGAP1,0.0027751226924338708,0.03079002095327771,0.661203228975495,False
AGAP11,-0.0025245440647058814,0.1351899844375054,0.4903066694514806,False
AGAP2,0.013873509518944735,0.17648295080461016,0.08403424779849092,False
AGAP3,0.0026107580776502048,-0.05119751018667751,0.5774394950589741,False
AGAP4,0.0070745787743382495,-0.06287468106181078,0.5520667135169082,False
AGAP5,0.0030211571684909096,-0.06791195840169482,0.2716000945822533,False
AGAP6,0.00215927674664,-0.23401389346814525,0.054214744083696954,False
AGAP8,0.0084906524925,-0.10235684920965776,0.24142167899810063,False
AGBL1,-0.0017845184594631582,0.32957871697444846,0.018869376324425535,True
AGBL5,0.0012476841003619045,0.031128768204980097,0.7078367822900773,False
AGER,0.005976717228849999,0.04907808908214768,0.6751239310019048,False
AGFG1,-0.00034571943663611103,0.017240934805635103,0.790936373830437,False
AGFG2,-0.0044214718667545455,0.2018113270847273,0.003957723134034969,True
AGGF1,0.0016093656635583337,-0.24356318461995743,0.018094283341360623,True
AGK,0.0030806902896428562,0.19376023993397548,0.074689875925391,False
AGL,0.005413269426375,-0.3889569093076101,0.0724679417323326,False
AGMAT,0.008211994640636364,0.08432770049468435,0.5339970909435277,False
AGPAT1,0.002091113554667073,0.14322422578488478,0.04019131248676644,True
AGPAT2,-0.0006090193626727273,0.2784447609880915,0.027308076271152056,True
AGPAT3,0.0037201990173785717,-0.11885608706479654,0.1907262498237654,False
AGPAT5,0.0003372220066822222,-0.13182646383564203,0.08688283712209345,False
AGPAT6,0.0055806211482833335,-0.0687993413039678,0.26682541315045855,False
AGPAT9,0.0010000805803124999,-0.2633838973621821,0.007295617847563184,True
AGPHD1,0.003231806508833334,0.15066175893442513,0.25807847015243984,False
AGPS,0.0006594927152941176,0.0218719577387982,0.8240552351015944,False
AGRN,0.00088246880758565,0.4338469994473175,0.00784574332754673,True
AGT,0.00972389245657143,0.08734845608354828,0.168963839752969,False
AGTPBP1,0.003518629886171429,-0.22445293935145508,0.05223599096765216,False
AGTR1,-0.0057566229057675,0.15820753388499265,0.3105495563156318,False
AGTRAP,0.0010016327989578943,-0.04993405330394114,0.6474765066744399,False
AGXT2L2,0.0017985527561566667,0.07497311660231774,0.46063380016219346,False
AHCTF1,0.0019638502764437503,-0.3305050770855364,0.17139226309730676,False
AHCY,-0.0007072147819319998,-0.017228128793242172,0.7177229046960589,False
AHCYL1,-0.0008489776780214285,-0.2718778171763676,0.009945653786405004,True
AHCYL2,-0.0004064917389432,-0.07405926089099525,0.4189071589937349,False
AHDC1,0.010962485159308165,-0.07313599438951317,0.45098283899597236,False
AHI1,0.0011261790467549998,-0.1591741833404621,0.3609422236909392,False
AHNAK,-0.0012352405061128208,-0.17786185310594432,0.009412767826903054,True
AHSA1,0.0002657941982125,0.1452321951196365,0.11345153984884232,False
AHSA2,0.003066132252033333,-0.31818195691069073,0.1097364194175691,False
AIDA,-0.0004223885209726317,-0.0010745621260565906,0.9870303068874315,False
AIF1,-0.0006704014290749998,0.40269768226711133,0.029249310422089753,True
AIF1L,0.001119295969571429,0.4658171323060163,7.425955475958489e-05,True
AIFM2,-0.004206878576104347,-0.07313723298535907,0.23897602905593318,False
AIG1,0.002958825468826087,0.34393665636505166,0.03228546716177982,True
AIMP1,0.0014030757032705886,-0.1595854214105403,0.10708605845457929,False
AIMP2,0.005676977547529411,0.11327880659206381,0.23127032040072254,False
AIP,-0.006610905509986668,0.18444520699634007,0.04358232439312709,True
AK1,0.014921175485555558,-0.03332499136950595,0.7224556850876718,False
AK2,6.519305393384618e-05,0.12414105937140718,0.10801552718415214,False
AK3,-0.0006373050364699999,0.35025176772495337,0.22349319593614048,False
AKAP1,0.006192558101007681,0.11094835902949786,0.3478807346122611,False
AKAP10,-0.001460321968164706,-0.06572269746874032,0.7535019058601697,False
AKAP11,-0.0016076770775500001,0.007922866150806517,0.8949061664956454,False
AKAP12,0.0011765946567358,0.18622671465669888,0.06995179626999269,False
AKAP13,0.0014324419281925376,-0.1226087056557934,0.39545066716688293,False
AKAP2,-0.010801745094424999,0.3231715587831067,0.06088192504029096,False
AKAP6,0.004048397539321053,-0.23644452645331562,0.13676985924123225,False
AKAP7,-0.0055601256085875,-0.2391653321328991,0.0009373568542903926,True
AKAP8,0.002329677282580769,-0.03455801519160572,0.6033637321025502,False
AKAP8L,0.0024792371433290327,-0.04274532414619892,0.5353839700529268,False
AKAP9,0.0017678926446333335,-0.4690364563131464,0.06429931734564398,False
AKD1,0.002937103859839286,-0.1452900919449971,0.07402666822956924,False
AKIRIN1,0.0016192940039905556,-0.11881242455049729,0.06839362974336119,False
AKIRIN2,-0.001047287549342857,-0.07455200165257482,0.31008479262919153,False
AKR1A1,0.0012377632417466668,0.19319642710229792,0.03535161861230842,True
AKR1B1,0.0032185586089463155,0.013417185381841406,0.7922347703840898,False
AKR1B15,0.010347851894750001,-0.02814733306748055,0.8643299877605347,False
AKR1C1,0.010019332567,0.35971295321712865,0.04331295797835256,True
AKR1C2,0.006019998468888888,0.3204513751069475,0.04675572237048409,True
AKR1C3,-0.004287299021,0.48131099063248395,0.0033397863838729356,True
AKR7A2,0.0005389628986473331,0.112529976400582,0.0909230389910241,False
AKT1,0.005518894594950244,0.2198230330996928,0.05042679787952648,False
AKT1S1,0.0028793954192374077,-0.03835530432482883,0.5712101354413707,False
AKT2,0.009982134820166666,0.07866753935862315,0.09894100656346906,False
AKT3,-0.00018365745494062515,0.21440351654542553,0.1520261810916819,False
AKTIP,-0.0017176712508714283,-0.218923903057879,0.010122258137174439,True
ALAD,0.0037485983985777777,-0.005324510609399091,0.8974081525592409,False
ALAS1,-0.00328318395675,0.46461918044523354,0.005523953421774654,True
ALDH16A1,0.0013153506657995453,0.3247848895747531,0.024876950278231093,True
ALDH18A1,-8.967268746466658e-05,0.0980957567546267,0.21555282471886913,False
ALDH1A1,0.007955071087,-0.06205730450533304,0.4672775673048484,False
ALDH1A2,-0.00153920434135,0.008131129194301307,0.9359193609978378,False
ALDH1A3,-0.007353688582844828,0.4218426084712537,0.1030162495602898,False
ALDH1B1,-0.0049421870675875,0.412810201429644,0.0010020751472800537,True
ALDH1L1,0.0024104998775892864,0.17039955266033535,0.02720769500479643,True
ALDH2,0.0002298836610461539,-0.0784582886348565,0.1767855863487898,False
ALDH3A2,0.0014401579322799998,0.11907556773030169,0.04911899681358542,True
ALDH4A1,0.0028479206554684216,0.24104478243098343,0.002633867150208389,True
ALDH5A1,-0.0029009905209583333,0.14423658846278606,0.04881555050237365,True
ALDH6A1,2.2148835866666727e-06,0.22803150563335253,0.037149256829821536,True
ALDH7A1,-0.0020339470520333337,0.18700757338206414,0.04040610755099656,True
ALDH9A1,0.0010703976168199996,-0.13998643506888458,0.028773968668598104,True
ALDOA,0.007715933672772001,-0.12601902201645096,0.15912416426164133,False
ALG1,0.0013997851444166667,0.045959547283277516,0.7045201249683309,False
ALG11,0.00047226800246800006,0.18625672454941844,0.08210798926834019,False
ALG12,0.0010196063438194735,0.05223914353358623,0.6119219991766571,False
ALG14,0.00212472919547,-0.06727863370541946,0.5044957342473263,False
ALG1L,0.0023228809612,0.2581891789686965,0.04582844974742279,True
ALG2,0.00151420058225,0.13582753145823487,0.04133568202381246,True
ALG3,0.0006462150356584211,0.1191305749876122,0.07948384862029202,False
ALG5,0.0005206907885694119,0.05964544603166295,0.4641455378649255,False
ALG6,0.0033098934937,-0.07821898393700609,0.5648611225081416,False
ALG8,-0.0016026512630333337,-0.17710342401161938,0.10546985237755113,False
ALG9,0.0055163802857889225,-0.010314820704445248,0.9392653028045526,False
ALKBH1,0.0019196704011592307,0.023505116613086144,0.7536859745020481,False
ALKBH2,0.0037058548890470592,0.20681083513859094,0.1574989403183678,False
ALKBH3,0.0010744215852571428,-0.02220479690334393,0.8282166185508308,False
ALKBH4,0.0023797120984331253,0.02227171974612453,0.8273707149635526,False
ALKBH5,0.003075351623658636,-0.0880622133146769,0.20469669865555595,False
ALKBH6,0.0017256504749769226,-0.14679693853294554,0.3121654577116738,False
ALKBH7,0.0006846539327636364,0.1497974244259579,0.15373168168817533,False
ALKBH8,0.00044052335460000025,-0.01610892744497915,0.8691155022932089,False
ALPK2,0.0197513274738,-0.10082501795326632,0.37650830747329744,False
ALPK3,0.012560931476941178,-0.1909584093133916,0.11949752194867547,False
ALS2,0.0011200763829231249,-0.15998132462989553,0.05125528307533386,False
ALS2CL,-0.0008560931255454546,-0.17110398263018387,0.20463218422108476,False
ALS2CR8,0.0025232915597000003,-0.10422988412500239,0.21734275642596834,False
AMACR,0.005542781700181334,-0.012441772213400664,0.9024435347476297,False
AMBRA1,0.001659777674684,0.08175544670809916,0.2463574520616024,False
AMD1,-0.0003384498123555556,-0.09086208170368547,0.5103058623836044,False
AMDHD1,2.314655736363454e-06,-0.0029395485830868203,0.97459591870497,False
AMDHD2,0.002469953572435263,-0.13135119773704715,0.2943604243332788,False
AMFR,0.001595010209457895,-0.23861763292161287,0.012528614674628276,True
AMHR2,0.004440888088599999,0.13056283721936793,0.26648346265566586,False
AMIGO1,-0.0009671065231045456,0.25423993030938946,0.03725406399460077,True
AMIGO3,0.00035849490277333336,-0.020016516893127282,0.9288386989312111,False
AMMECR1L,0.0005281881439545458,-0.062171052048752014,0.2804108932948578,False
AMN1,0.0018632056276,-0.10904885759472034,0.397478558508528,False
AMOTL1,0.002432596947558108,0.14225552908486525,0.32491429492813506,False
AMOTL2,0.007125835825930073,-0.07951321013066752,0.48766682159404673,False
AMPD1,0.0173108873675,-0.27390676335305153,0.025284985381128982,True
AMPD2,-0.0007669343114353848,0.19048755186594032,0.07469215731307023,False
AMPD3,0.011266130539775002,-0.1956340431524387,0.363361850722286,False
AMT,0.006203911408576668,-0.3692697347389094,0.07494455281865636,False
AMY2A,-0.001205743334,-0.29204649282703576,0.0031735187734083224,True
AMY2B,0.0022669688671228573,-0.6303987824609631,0.003410127611749333,True
AMZ2,-0.0003700387346235295,-0.048973869472807685,0.3253155712424556,False
ANAPC1,-0.0004277825140384615,0.08229632381422793,0.24322729582707764,False
ANAPC10,0.00433397121692025,0.015686046278376088,0.9073508081438889,False
ANAPC11,0.002026899603132105,0.1790846105269367,0.014616554302912442,True
ANAPC13,0.001538859485814286,-0.06485709731072128,0.35603180255310296,False
ANAPC2,0.008045208633820002,0.01123737361291808,0.8696665533121124,False
ANAPC4,0.0032456996356624995,-0.13308537700950798,0.32321044698941437,False
ANAPC5,-0.0004678282510678947,-0.09717835385663784,0.16905186956357807,False
ANAPC7,0.001490113471635,-0.0395249719014457,0.661921877446769,False
ANGEL1,-0.004684349926307693,0.03343397249937197,0.6468261155390258,False
ANGEL2,0.001716989183469375,-0.0989258336535252,0.31487929282709165,False
ANGPT1,0.009086293549734165,-0.1545348193930234,0.4302131225037482,False
ANGPTL1,0.025736183420000003,-0.12552202029641596,0.4610766902481521,False
ANGPTL2,0.00806333836575,0.13234756703143305,0.32890742297501663,False
ANGPTL4,0.0019107454491916667,0.30568440443093314,0.2628738601943163,False
ANK1,0.002453598340837417,0.2558693285922539,0.018678272778757533,True
ANK2,-0.0026430783034380395,0.07632581720976693,0.5740973643442248,False
ANK3,0.003406436823548648,-0.7002044222654693,0.0018385672448010466,True
ANKAR,-0.0044408380224142865,-0.08971008782077523,0.48267335051304705,False
ANKFY1,0.005663879240506279,-0.0787123603429781,0.5464758430768479,False
ANKH,0.0014295795684877179,0.0011465642018307,0.9858540244834201,False
ANKHD1,0.0030645078607562503,-0.1575314738922575,0.06135034062066785,False
ANKIB1,0.0019056490744149997,-0.007679703862944829,0.9365660036640864,False
ANKLE2,-0.00018272286377295463,-0.1442789118070991,0.08028984787891433,False
ANKMY1,0.002295676887211471,-0.06425217828836159,0.5434379914265329,False
ANKMY2,0.000267372182182857,-0.028902403540086705,0.7723863331681406,False
ANKRA2,0.00101373199571875,-0.08888325961728513,0.2898859495899351,False
ANKRD1,0.023525880960166667,0.08944889291773758,0.8108856825570316,False
ANKRD10,0.004236243318473914,-0.20050491764343475,0.052954094431487485,False
ANKRD11,0.004540777311029786,-0.1616183468749572,0.035788576870531,True
ANKRD12,-0.000724117224193077,-0.41303836894625107,0.018837973556601755,True
ANKRD13A,0.004164116913909444,0.06739929696441246,0.5095850790031711,False
ANKRD13B,-0.0036633435347703633,0.32006415549213935,0.001201258936994356,True
ANKRD13C,0.0017876632295266667,-0.31846547868816005,0.005168595531460949,True
ANKRD13D,-0.004080446663353333,0.14871853594231135,0.21397290007674222,False
ANKRD16,0.0002254248840166667,0.10794835483210165,0.0748556103491551,False
ANKRD17,-0.0009471067102285712,-0.16934625989211277,0.044203105709668976,True
ANKRD2,0.0030860137766874993,-0.02780141673651724,0.9268987523121999,False
ANKRD23,0.015135759585166669,-0.25318859033209196,0.0010769964464389622,True
ANKRD26,0.0007725443823692307,-0.24992710803382992,0.13635304956202357,False
ANKRD27,-0.002407429374235,-0.18989783488537892,0.2144806405420398,False
ANKRD28,0.0006228273754110003,-0.062031364333376526,0.48842913425741086,False
ANKRD29,-0.004104828720671429,0.25265820092496166,0.03514265449072153,True
ANKRD35,-0.0013872367402538465,0.03935618023602498,0.4277417983480899,False
ANKRD37,0.0006931314089000003,-0.5492210217563905,0.0004964827263041197,True
ANKRD39,-0.0037994732105666672,-0.46963727671383776,0.002958761493526204,True
ANKRD40,0.00038012814015833343,-0.1661274753208385,0.019298389579098033,True
ANKRD46,0.0014067438703461535,-0.3695019126808248,0.0009110788955829982,True
ANKRD49,-0.00010800133628333337,-0.3080016619594556,0.007605385684902799,True
ANKRD52,0.007266269707239286,-0.0006506429989929382,0.9920390658394289,False
ANKRD54,-0.00018273604956000003,-0.03944723639562276,0.7313603215074073,False
ANKRD6,0.005577099396204763,0.1394296069430404,0.1190731990331489,False
ANKRD9,0.005005700569124999,0.10883561940122286,0.45150412937981543,False
ANKS1A,-0.0018306700204044446,0.06364042227734613,0.49020704128610637,False
ANKS1B,-0.00472351929672459,-0.35125416224345657,0.03664185757150951,True
ANKS3,0.001351618383956667,0.022423585143384554,0.8148804332136532,False
ANKS6,-0.00025020797664,-0.07883993489925929,0.17844905498430108,False
ANKZF1,0.0005889827568499998,-0.15196726605728553,0.1439223051020509,False
ANO1,0.0031112213372784213,0.14263654565575443,0.3156053918816061,False
ANO10,0.004556710077061482,0.042557221386965,0.6070679597433439,False
ANO5,0.004663208653318183,-0.4541563723440644,0.010330370804961657,True
ANO6,0.003225679371788974,-0.15173477306581845,0.10515634673166407,False
ANO8,0.0011860936519863636,0.09085909291126378,0.1362966075432405,False
ANP32A,0.0031850333264667567,0.005890001475379284,0.9083175950237037,False
ANP32B,-0.002860540690988888,-0.13607107759804976,0.013900109253611877,True
ANP32E,0.0001597540371521739,-0.20479517181661222,0.05782851537258283,False
ANTXR1,0.004096943851959575,0.28040644432820994,0.02097554755640342,True
ANTXR2,0.004378801509077142,0.15003456101239443,0.25734879844954095,False
ANXA1,-0.008760205261333334,0.38895878267334233,0.009053144151712223,True
ANXA11,0.005609550626975727,0.2020672541478141,0.047118477191943745,True
ANXA2,-0.007660763843305924,0.4788847596272277,0.012645465583759426,True
ANXA2P2,-0.0010894937488333332,0.12430288887321674,0.23510284605377388,False
ANXA3,0.00017338079079999997,-0.061516688118128826,0.6207201059382372,False
ANXA4,-0.0014110196251674073,0.23051976261929685,0.014363189724832144,True
ANXA5,-0.0003105695396588234,0.21901730868322059,0.11709342468985176,False
ANXA6,0.004471525736785714,0.0346309978138877,0.4636727494125046,False
ANXA7,0.0009111429812666669,-0.06912721977048958,0.2664694033050909,False
AOC3,0.0034311714519699994,0.6537527981516413,5.3025212024464136e-05,True
AP1AR,0.0011607273500664286,-0.18324317840834062,0.053272781132827615,False
AP1B1,0.000346396771776,0.25035822489442344,0.002565845084596784,True
AP1G1,0.007258598142972222,0.019185405570628866,0.8288790118689735,False
AP1G2,-0.002567411862507647,0.10857558781050063,0.46198448541061854,False
AP1M1,0.004292482428693332,0.11372703733020745,0.15584180022862618,False
AP1S1,0.0005539021357857142,0.26378488521006266,0.034548672328179195,True
AP2A1,0.0034924213871937036,-0.005435178433339557,0.9026955894240964,False
AP2A2,0.0009476393813752942,0.043604483259155113,0.5780437990606038,False
AP2B1,-0.001723877912943478,0.11425563313746254,0.09385563209312645,False
AP2M1,0.0018895915263348146,0.1232687350164765,0.03710568541314556,True
AP2S1,-0.00022459321453846117,0.17745776759062146,0.005066093886395325,True
AP3B1,-5.793732967904751e-05,0.15275026694479324,0.12885760780890942,False
AP3D1,-0.0005965454612052633,-0.06701859303368764,0.2244492718026567,False
AP3M1,0.0012443796829846156,0.09427880241929455,0.3051178138369474,False
AP3M2,-0.003056152199426667,0.18640960623765476,0.08390745033526356,False
AP3S1,0.0020681696158625002,-0.1434640528020122,0.3922049027474732,False
AP3S2,-0.0017028441003999997,0.1841170202590775,0.13907482612371083,False
AP4B1,0.0001329994194916666,-0.07571965518446086,0.24356570917046225,False
AP4E1,0.00046341527400499996,-0.0185855812019594,0.7970859970841474,False
AP4M1,-0.0007301294123409999,-0.24424630261395458,0.05526362285232612,False
AP4S1,0.0007084929301866156,-0.32573065791110833,0.014453929764149333,True
APAF1,-0.0004264620144076922,-0.009349031284311566,0.8882315344795015,False
APBA3,0.0005336868696041667,0.01871359390132531,0.7472207456594031,False
APBB1,9.260119220086963e-05,0.04542018857772436,0.5492178294331569,False
APBB2,0.004839652206304029,-0.09015424871368906,0.524767764462968,False
APBB3,0.000355824770975,-0.2728807081056175,0.07348507005427457,False
APC,0.0016106636342071426,-0.1285594896262473,0.24304454343363632,False
APCDD1,-0.001158237291236842,0.020543594707646592,0.7737862056143544,False
APEH,0.00248228152484,0.21926500368239407,0.00043117309944688695,True
APEX1,0.0008740538451000002,0.028252690844836937,0.7792816404098881,False
APH1A,-0.0026119451519571422,0.16494187322213022,0.012430781982577702,True
APH1B,-0.001534145656772222,-0.12539472814528035,0.17063269570274944,False
API5,0.0014009524466820002,-0.1672907532271009,0.043712623916942146,True
APIP,0.0037180739611666663,-0.35217253865490955,0.005614369555376984,True
APITD1,-0.004288988019793449,0.2706680444548983,0.032260250412638365,True
APLNR,-0.008878858340666667,0.9057915390606097,8.277510088457501e-06,True
APLP2,-0.002144737922764102,0.2839504594665791,0.0027941375148736233,True
APOA1BP,0.00311431823905,0.3946655587944845,0.00030388432426159856,True
APOBEC2,0.033870261445,-0.2720138690295508,0.0159995588919592,True
APOBEC3C,-0.006911506735014289,0.23371142282470314,0.014388195605732389,True
APOC1,0.0069918001611374994,0.12999912108376577,0.5602152667689067,False
APOD,0.006425905839142857,0.43961182809418237,0.13090995793318136,False
APOE,0.006401845606941667,0.25347955005572503,0.016485002819503214,True
APOL1,-0.0111372703854,0.2778141974954317,0.07151836786258994,False
APOL2,0.00452170691199,0.01864413201699542,0.8326540158337724,False
APOL3,0.0005319719953000001,0.3588028550892661,0.0011173108561846683,True
APOLD1,-0.003814899596385295,-0.011473784250407541,0.8851164045082532,False
APOM,0.003157601434595238,-0.21514989258233044,0.11089535593433625,False
APP,-0.0038402698736463153,0.4985233064520115,0.00035184995299062126,True
APPBP2,-4.745230414615375e-05,0.12589738822348895,0.26670385392467544,False
APPL1,0.0008195947258400003,-0.2382334593548851,0.07972277047752097,False
APPL2,0.002657714884165,-0.12194994598565957,0.41089101788155835,False
APRT,0.0008115560971307691,0.2159426032569143,0.04527621992278733,True
APTX,0.0011298389767833335,0.06452728196473266,0.5515657356313959,False
AQP1,-0.010175036912356251,0.26282848036712186,0.02473100563841291,True
AQP4,0.010809003767075,-0.2953645639738936,0.10234686787050576,False
AQP7,0.0032683889925000003,0.25912808405773047,0.1460352661024243,False
AQP7P1,0.0038649475681233336,0.29054750478258423,0.008565692524975565,True
AQR,0.0034448968935857143,0.001236253512502581,0.9906520906413433,False
ARAP1,-0.0012487887927882925,0.18728423220804616,0.11827762137209266,False
ARAP3,-0.00879824437134154,0.3622553728821986,0.0288979772517433,True
ARCN1,-0.0007621203999833335,0.12696170442756263,0.05732187508472837,False
ARF1,0.0010476528362634784,-0.023403948924628878,0.6873416480421233,False
ARF3,0.00028135980311588246,0.5155435793213758,0.00014696118246287546,True
ARF4,-0.004281157615621429,0.06842083092932444,0.3934081722642495,False
ARF5,-0.0014077503943181818,0.20068599336018353,0.0675780167295232,False
ARF6,-0.0019116816263206919,-0.006188425180890921,0.9347501732690857,False
ARFGAP1,-0.0008019327195428568,-0.1290567692845184,0.18568240096667246,False
ARFGAP2,-0.0012326943549000001,-0.2156227077722304,0.10122787129180029,False
ARFGAP3,0.0038805283711769232,-0.24667779919256916,0.021343674336711707,True
ARFGEF1,0.0015323614358421051,-0.2739678979394768,0.07498137060793071,False
ARFGEF2,-0.00035090818849999993,0.06132077621557063,0.48491612528147954,False
ARFIP1,-0.0005655024175340001,-0.021226367491484342,0.7685208491235437,False
ARFIP2,0.005828562029433332,-0.042245558421942976,0.5306905792727361,False
ARFRP1,0.0011681960389099998,0.2892145029263661,0.0009248593753981354,True
ARG2,0.00274848381985625,-0.526604402555357,0.025742435914381218,True
ARGLU1,-0.0005662121102050001,-0.3268835497560556,0.054942160652036484,False
ARHGAP1,0.005348207387860588,0.24833424859742587,0.01061909182990465,True
ARHGAP10,0.016046293090093335,-0.031853271029887005,0.5336654585929844,False
ARHGAP12,0.009675314299514003,-0.0456807164186581,0.6642856855432937,False
ARHGAP17,0.0005715828335842107,0.08831991361112532,0.2713943332919563,False
ARHGAP21,-0.0008856758923933334,-0.2332478400192586,0.10607345510988973,False
ARHGAP23,0.0023626234071777775,0.2469115988446334,0.20348482018269004,False
ARHGAP24,0.0031206363521466664,-0.1142122075186822,0.2762704996062491,False
ARHGAP25,-0.011672126216875,0.22037089047593642,0.004082712573151576,True
ARHGAP26,0.004039581492837587,0.22731543931885467,0.04938888396563195,True
ARHGAP27,-0.0049660531526125,0.17495518920097733,0.22407261422847563,False
ARHGAP29,-0.0030538629128858824,0.08273744752636164,0.44587633347956956,False
ARHGAP5,0.005056386025766666,-0.3031098146318192,0.03330215546035381,True
ARHGDIA,0.0014330333252764707,0.2842386690419667,0.0016657706781994768,True
ARHGDIB,-0.025238549742583338,0.5896401970542801,0.0004193026376952264,True
ARHGEF1,0.0008500034493684213,0.1876079001759291,0.16494980057008157,False
ARHGEF10,0.0037201280195894118,0.1920083017065171,0.14973230244885627,False
ARHGEF10L,-0.0002022428148969563,-0.055790835299680784,0.30254157357738,False
ARHGEF11,0.003201553053478947,0.0068067836456765,0.9152897126386589,False
ARHGEF12,0.006297531732052415,0.060672419363690964,0.4034933637481679,False
ARHGEF15,-0.0033897587735181815,0.4773222193130415,0.015331533506119812,True
ARHGEF17,0.0026606900715234884,0.28182025531665006,0.02298693903126206,True
ARHGEF18,0.0014344836367888572,0.018621538862569897,0.7929498888560348,False
ARHGEF2,-0.0002838035777545454,0.3844620712539309,0.014673807561196064,True
ARHGEF3,-0.0002966194967021742,0.31089189757559854,0.007193321619108731,True
ARHGEF4,-0.002245520750425,-0.29898562134625883,0.03760292181032885,True
ARHGEF7,0.005426137888117745,0.0852516168253663,0.10031928131880855,False
ARID1A,-0.0027545312145139393,-0.0947310019069144,0.2814845196323842,False
ARID1B,0.006356654495335051,-0.27892951198431165,0.00034386013062402356,True
ARID2,0.007096853738321428,-0.06973554588452675,0.365455051016938,False
ARID4A,0.0009999050091649999,-0.11610533603312226,0.4397546125719932,False
ARID4B,-0.0005054676809049997,-0.07281396695931318,0.6343104115035298,False
ARID5A,0.0009154343006631578,-0.17534648930605595,0.34169504354198044,False
ARID5B,0.006328911148532857,-0.42338692023101177,0.057389047089434854,False
ARIH1,-0.0012104688652960001,-0.1861169735589784,0.09802294306646042,False
ARIH2,0.001213136881962963,-0.2723811077149603,0.0030701876828149407,True
ARL1,0.0013111052010357142,0.08696335323956755,0.44420629612544515,False
ARL10,0.005302880810194285,0.1653499722145024,0.15294537410663273,False
ARL15,0.0021136281514331817,0.31327369973578173,0.015197401839841376,True
ARL16,0.0029486202902894738,0.009324977712786054,0.9071157097686776,False
ARL17A,0.0029433751441428576,-0.15685291656719033,0.04499253049916795,True
ARL17B,0.005280965511666667,-0.11886008923705588,0.04309889357600965,True
ARL2,0.0001443104360199999,0.17578093730123243,0.008990826332086347,True
ARL2BP,0.00033060555242499993,0.0619341386077457,0.6299656497775926,False
ARL3,0.0018746296019875,0.1421121031400837,0.0753730189856102,False
ARL5A,0.0018228882902363637,-0.44871315576475407,0.004520326227349036,True
ARL6IP1,0.002117111268261539,0.35644581105627104,0.0005762393050441131,True
ARL6IP4,0.003318573685792308,-0.029204704234402436,0.6548071977275911,False
ARL6IP5,0.006747428040055,-0.19653268643049626,0.002047376699770693,True
ARL6IP6,0.00018743258538,-0.222620484363842,0.058117492612319764,False
ARL8A,0.005826627320217334,-0.1200540602534008,0.0680210936003908,False
ARL8B,0.006770022048832308,-0.1347269720618839,0.20213686630017758,False
ARMC1,-0.0037326537030999995,-0.09656860500646781,0.39064025828731375,False
ARMC10,0.00132445960503125,-0.020575271722940883,0.7875621432576778,False
ARMC5,-0.0005647840778652172,0.09271098805822925,0.18973182780912362,False
ARMC6,0.0024397469036727274,0.08945364299336524,0.40915510122405085,False
ARMC7,0.003132427908388889,0.26128491849079283,0.025440214320021578,True
ARMC8,0.0010631759237843751,-0.15838726122691682,0.09120668172677433,False
ARNT,0.00688804219876875,-0.008125506173950388,0.9333995811880119,False
ARNT2,-0.0050573123650641035,-0.152333179622559,0.1693156796309675,False
ARNTL,0.005499732786183334,-0.21159671261213966,0.26824323234919295,False
ARPC1A,5.184185975705903e-05,0.11406952899272728,0.13519863042371028,False
ARPC1B,-0.004534031277961905,0.8096595295369159,9.431038386816232e-05,True
ARPC2,0.0006283112343157896,-0.1530811061859159,0.09101143766778201,False
ARPC3,-0.0005635608318461538,0.21662554471287862,0.12784331044852462,False
ARPC4,0.0008844312362311114,0.06795294273613645,0.3769994460943359,False
ARPC5,-0.0018900594423923076,0.47869802416021995,0.0005916154244418154,True
ARPC5L,0.00083756364068432,0.19412302291140063,0.03888206322072788,True
ARPP19,0.0009559433972900001,0.12046301998734986,0.06849257101454466,False
ARRB1,-0.01027720843165,0.39028579313297057,0.0037380570862066,True
ARRB2,0.0006513917620428572,0.0772448730545257,0.564869415252977,False
ARRDC1,-0.0043295152875,0.1832122540398766,0.10127681933302207,False
ARRDC2,5.8752273092307905e-05,-0.3163478491432032,0.3741485901184599,False
ARRDC3,-0.0003427837812654999,0.07962096702731275,0.709474600065438,False
ARRDC4,0.002017653518478947,-0.10423643512417315,0.7018560586112106,False
ARSA,-0.0002840666772542856,-0.084337805859114,0.4936662008365428,False
ARSB,-7.822111263750008e-05,0.2344264122152175,3.940010486666897e-05,True
ART1,0.02422161610375,-0.12461868649708445,0.3234160938796917,False
ART3,0.00829650143392857,-0.6132266528454372,3.936050398295192e-05,True
ART5,0.0012061087557846155,-0.0734538160805967,0.47191908505288493,False
ARV1,-0.0020350762675375,0.10309450273884592,0.16117189618950453,False
ARVCF,0.0010446781205871876,-0.252988105751178,0.0572186916302362,False
AS3MT,0.0008815233808530769,0.4098958383723808,0.0011045280448432166,True
ASAH1,0.003619994412682382,-0.003434364514118261,0.9769684616828219,False
ASAH2B,0.007538451907216668,-0.03128400697260743,0.7289537871389589,False
ASAP1,0.002885393933203443,0.05104567668735979,0.5652544106174583,False
ASAP2,-0.004875701522806364,0.49003588362690403,0.006866683943621831,True
ASAP3,0.0014998229345000002,0.11588143376584448,0.25722085629543295,False
ASB1,-0.0015556787604708332,-0.01451468490723014,0.8724801949825426,False
ASB10,0.018690423919,0.18335906414025943,0.0852116256846707,False
ASB13,-0.002657880028179167,0.1650474897093015,0.10781825079223516,False
ASB14,0.010132933153250001,-0.09521822012395086,0.6197430379423694,False
ASB15,0.0138067176224,-0.40376854468064854,0.032882925802585526,True
ASB16,0.0132807983686,0.08260469552104995,0.42358816922791087,False
ASB18,0.006432597787412941,-0.21270582634828034,0.22482065011889493,False
ASB2,0.014907885236812501,-0.2301791277053973,0.002646474841503154,True
ASB4,0.016022757557222225,-0.3808394906550204,0.03751050869122561,True
ASB5,0.03139148651057143,-0.24264716950257245,0.08045382650084011,False
ASB6,0.0071661071559,0.14823544451577056,0.21626422315753696,False
ASB8,0.0068878806486125,-0.2521174869498575,0.00035211621874901475,True
ASCC1,0.0049036537126210525,-0.0679350208144927,0.196195848006678,False
ASCC2,0.001183257760525,0.07457164448063859,0.37867074578486704,False
ASCC3,-3.2622529944442777e-06,-0.10059849348292907,0.242847517441296,False
ASF1A,-0.0027274959930000003,-0.20359020150668278,0.04301269974669269,True
ASH1L,0.00013993599534347856,-0.08575449658305509,0.42293539265806923,False
ASH2L,0.000164007158745,-0.07230973984380107,0.2693828354046289,False
ASL,0.0031633352417899997,0.13423877335714032,0.2907674383825558,False
ASNA1,0.0031878062651090914,0.04633231188987001,0.527517315932819,False
ASNS,-4.099732473571348e-05,0.018486781998955978,0.9013206604679442,False
ASNSD1,0.0004330302592166667,-0.26178150870649136,0.0031198485853989907,True
ASPA,0.006242012689525,0.21854975906934804,0.08516260335451227,False
ASPH,0.005195126140311764,-0.36876653162649065,0.00014693270142758353,True
ASPN,-0.001296180139,0.2699533770994063,0.12576891363257073,False
ASPSCR1,0.004506271239995295,-0.04656814830797391,0.6530537343615319,False
ASRGL1,0.0043057774026640004,0.3085288412269175,0.01038033401142144,True
ASS1,-0.005060910273333333,0.47601418664017425,0.0018219802416105245,True
ASTN2,0.001306660433437037,0.04622939559849166,0.5196592633787447,False
ASXL1,-0.0023613111508,-0.338270024531248,0.0018338319190643508,True
ASXL2,0.0015428597738236837,-0.019902135085403252,0.8227899475580622,False
ATAD1,0.0015326883361322222,0.03042012160829044,0.753772796270327,False
ATAD3A,0.0011102299506085135,0.14666461738139389,0.1833288555593077,False
ATAD3B,0.0003230911829777777,-0.1014683419145416,0.08687736355545057,False
ATE1,0.0003090751286214286,-0.07387858511646317,0.5288886673015922,False
ATF1,0.001533425108394,-0.4179470433746015,0.0012972695835773331,True
ATF2,0.0012624171521500001,-0.11349944025513273,0.24021517578234228,False
ATF3,-0.0025706022466596428,-0.17219296893417432,0.533500941695753,False
ATF4,-0.0011748962673454545,-0.17165915518575348,0.010252793341515494,True
ATF5,-0.00010711361795000017,-0.10645967972736224,0.25056901672786625,False
ATF6,0.002688096479458636,0.021972679514605718,0.6485705175427099,False
ATF6B,0.003437997637100222,-0.10583161758348215,0.34053846901145957,False
ATF7,0.002419613839125,-0.14236518243233195,0.03911735847209435,True
ATF7IP,0.0013332056558812498,0.12890874763104862,0.39122616809258437,False
ATG10,0.007742706424162352,0.17292959826322207,0.06816789929894199,False
ATG12,-0.00010314194830000008,-0.19850258934619294,0.16679883120875041,False
ATG16L1,0.0005334137011666669,-0.02580439656277399,0.7895988466114993,False
ATG16L2,0.005943247911777778,-0.252215306094515,0.0757213193810825,False
ATG2A,-0.00012969225081269244,0.019426060116139728,0.7418232047796696,False
ATG2B,0.004119789761255263,0.04588089105429861,0.5755426387952021,False
ATG3,0.00368400042784625,0.0873780585375354,0.33570163585570656,False
ATG4B,0.0018161163830353593,-0.03830678034462762,0.6645291924211327,False
ATG4C,-0.005688275712900001,0.18764945289711682,0.07102429613350598,False
ATG4D,-0.0003365424809058823,-0.03032795290541055,0.8340274339933753,False
ATG5,-0.0005202693610736842,0.005251851242131264,0.9372336909174392,False
ATG7,0.0038425091331514695,0.2718982782939402,0.03676621701134187,True
ATG9A,0.0008918301889083335,-0.09132940738888246,0.2470153810699351,False
ATHL1,-0.0017905244956076924,0.06229204018648464,0.7318000736325025,False
ATIC,0.0025416657031464285,0.05893278574840992,0.411278322132552,False
ATL2,0.00415795290037,-0.2614196610895688,0.01565563258949495,True
ATL3,-0.002989087382938864,0.05754905635205564,0.3645284785748978,False
ATM,0.0008279542262181479,-0.02445277521204252,0.8557984905278762,False
ATMIN,4.1603680636363624e-05,-0.05703102956041803,0.47764775265524717,False
ATN1,0.0012717636734965215,-0.03139000308292364,0.5773073655963272,False
ATOH8,-0.002198025370188462,-0.2505467864905268,0.1408700420874803,False
ATOX1,-0.0013177999433692312,0.025879020439686193,0.7601061263062221,False
ATP11A,0.0001042115086171952,-0.013940286720168317,0.855893332610643,False
ATP11B,0.004708606827542857,0.07216619280203643,0.5703258564107997,False
ATP13A1,0.0010112535123,-0.07673860797020211,0.48902757645908856,False
ATP13A2,0.0020478815831791665,0.08547283846805015,0.5473855542425115,False
ATP13A3,0.0039068196465,-0.09882264708470632,0.3133777603916116,False
ATP1A1,0.0007578031413759264,0.3365548825785465,0.02769188929099978,True
ATP1A2,0.029470127998133328,-0.3441198133314634,0.00042496749096989034,True
ATP1A4,0.00289374586823077,-0.22398729088742766,0.015375208869956932,True
ATP1B1,0.009600827387051666,-0.1174326599654409,0.2851855671137071,False
ATP1B2,-0.0024103153680647056,0.09955430871132682,0.20474339894447277,False
ATP1B3,-0.000257837855018182,0.19474888204737104,0.2602954792228869,False
ATP2A1,0.014290356176281481,-0.3961835154488474,0.0017145918378581927,True
ATP2A2,0.0018751370110000006,-0.11880477466830654,0.2593534007557151,False
ATP2A3,0.006508448929897501,0.2432905697627733,0.04928988277906934,True
ATP2B1,0.003108345309985715,-0.1270079116367366,0.21137632665848438,False
ATP2B2,0.0017572768683386671,-0.4534946700534464,0.010363722862733847,True
ATP2B4,-0.006832342378183611,0.35430335720203343,0.0026949044065369,True
ATP2C1,0.004223335867445454,-0.13720439135876036,0.22973309296531894,False
ATP5A1,0.0021311927375711765,0.31328715440329336,7.142652619640373e-05,True
ATP5B,-0.0005804997910249998,0.3325972115338692,6.770609248212442e-05,True
ATP5C1,0.0017213579612580002,0.3372682345370715,0.0004926710723779951,True
ATP5D,0.0025933724434044274,0.09441705824923717,0.3994347417928381,False
ATP5E,-0.001019104041682353,0.2819127840368315,0.003780165129347143,True
ATP5EP2,0.0025032926304000003,0.3254567325457192,0.0793494936009326,False
ATP5F1,0.0030331934500187497,0.4015825523210133,0.00021835440575445041,True
ATP5G1,0.0013871161582941175,0.5765695851206111,9.401066906742033e-05,True
ATP5G2,0.003796423339646667,0.05382725409259334,0.37096347227535253,False
ATP5G3,-0.00032985102722714283,0.5900720218814288,2.7161459277894924e-05,True
ATP5H,0.00022201915546428544,0.2179674482135635,0.0013528888856935482,True
ATP5I,0.004957565365109231,0.33254459118253155,0.0013231217406241994,True
ATP5J,0.002638047751438889,0.2476009645662379,0.0069472002593671854,True
ATP5J2,0.000903495709035714,0.2669967644591759,0.002072239849112299,True
ATP5L,-0.0005017122819825,0.3442728525546134,0.0021887616576625924,True
ATP5O,0.0009674374991999996,0.29263165687072673,0.0006720206351301445,True
ATP5S,0.0032145678884666668,-0.0011260349848870486,0.9877633184856098,False
ATP5SL,0.001515112092148889,0.35757779829991326,3.629288305667538e-05,True
ATP6AP1L,0.0033252154443599996,-0.13618161892904276,0.3146370833606048,False
ATP6V0A1,-0.0006979304033255559,-0.2603708699822895,0.020722890454443362,True
ATP6V0A2,0.0033335428192643748,0.03581853133535913,0.6848346220584984,False
ATP6V0B,0.000671765704729,0.21694907738714744,0.014787175658301508,True
ATP6V0C,0.0009804479069563158,0.12656461808240718,0.1546894774319857,False
ATP6V0D1,-0.0024762364346928574,0.09832386677334098,0.1631534450432783,False
ATP6V0E1,0.00711764228560635,0.26026209777433446,0.00042847280039826427,True
ATP6V0E2,0.0004500168128230767,0.06844807769284963,0.6209385574742283,False
ATP6V1A,-0.0009411455501214287,0.05093394389477712,0.5285576087175479,False
ATP6V1B2,0.002506781558253846,0.03726822860464838,0.35896988240778394,False
ATP6V1C1,-0.0007727244604266668,0.015649295233395654,0.8701076152743471,False
ATP6V1D,-0.0011757875739881818,0.15521740297821854,0.10926275827013307,False
ATP6V1E1,-0.0014639210085555558,0.017266726961304792,0.6866655507525403,False
ATP6V1E2,0.011728202090142857,-0.17897507661500958,0.24374141853153003,False
ATP6V1F,0.0026913900827076924,0.23046744831117524,0.03044482307815713,True
ATP6V1G1,0.0015068981057999998,-0.14816644075531568,0.00330424317950857,True
ATP6V1H,0.0029124579863544445,0.1242043629786385,0.033892496495790854,True
ATP8A1,0.00047398058043331565,-0.34063678308569206,0.021931082229243202,True
ATP8B2,-0.0009635788245353847,0.3008249321722563,0.0024040402825118885,True
ATP9A,-0.005322859627394736,0.03463814327398103,0.5340699534577138,False
ATP9B,-0.0006145778594602631,-0.07488274688054374,0.44011550670598965,False
ATPAF1,-0.0008686452528066665,0.2670654191843447,0.0003384711668515795,True
ATPAF2,-0.0004545972564294117,0.4459459641131684,0.004273347513219528,True
ATPBD4,0.0015965553826966664,-0.06368365731036606,0.5394957441990075,False
ATPIF1,0.003906436562935555,-0.061764852270375314,0.3840592646910641,False
ATR,0.0003696458043447059,-0.0895914405251327,0.5114569259933424,False
ATRIP,0.0007462599317985717,-0.23116381274553763,0.008257334463259615,True
ATRN,0.001778543211357143,0.11162340964433692,0.07264853481446454,False
ATXN1,0.0024506018061840585,-0.2752222622749537,0.0023412110339730554,True
ATXN10,-0.002577038380191667,0.04246486027198431,0.4426322701803611,False
ATXN1L,0.0010141533849566666,-0.07117402744253862,0.2628098442311144,False
ATXN2,0.0006998896694595455,0.11624552569960231,0.03586240384518034,True
ATXN2L,-0.003986147019809091,-0.11982422326230938,0.22348014969964022,False
ATXN3,-0.0003963027912911764,-0.06649708088509185,0.5183778280074067,False
ATXN7,0.0026035923964528003,-0.1183648672826043,0.1243623766312566,False
ATXN7L2,-0.0001934965672727271,-0.25130051957042726,0.007402144083262779,True
ATXN7L3,0.00264991839917,0.16580779740005197,0.1390625913219091,False
AUH,0.004303160582922223,0.19349674557720561,0.11238413157664125,False
AUP1,0.000639264583004,-0.05876035001764021,0.20997485723292778,False
AURKA,-0.0022327567528285714,0.17188438160272848,0.04354991928649156,True
AURKAIP1,0.002857451418869091,0.28546404171322665,0.010222703026859788,True
AUTS2,0.0029220858846656116,-0.019610625225412945,0.9129835541774098,False
AVEN,-0.00163568555838125,0.007536259101711225,0.9104634226320947,False
AVIL,-0.006061717777625,-0.2359339903275145,0.055307126134767196,False
AVL9,-0.0028358140337092852,-0.020592651005407827,0.7891686264869233,False
AXIN1,0.0005134360226001726,-0.08066512351712883,0.20976072068663884,False
AXIN2,0.002460838846855135,-0.3261786515646842,0.006208192308125201,True
AXL,7.121198311333336e-05,0.02101650110240387,0.7940866306714162,False
AZI1,-0.0024633522493688886,-0.006130079677900973,0.93712730695597,False
AZI2,0.001365896003645,-0.13738156453696096,0.3198705302191785,False
AZIN1,0.0045105231522,-0.21032553223183562,0.04286413794086971,True
B2M,-0.0008170552660666668,0.26532400074203366,0.03421214132094674,True
B3GALNT2,0.007236702763238461,-0.33590060502994334,0.032331345947954705,True
B3GALT6,-0.001674360210814286,0.14893796469071235,0.051476054629263,False
B3GAT2,-0.0005570943182555555,-0.09843583858244259,0.07591860368016826,False
B3GAT3,0.0002709483538616666,0.23531163899912963,0.0584664195436326,False
B3GNT1,0.0029983056647272725,0.13383317305055484,0.061885732211511196,False
B3GNT5,0.002610792741920833,0.03154604395679194,0.8387968330947209,False
B3GNTL1,0.00030723722335450674,0.01804530471024597,0.9054991158777986,False
B4GALNT1,-0.005154859691834482,0.09809313937735963,0.33869635589025293,False
B4GALT1,-0.009186199746154545,0.1543461839236446,0.01768304664915193,True
B4GALT2,0.005188400935366666,0.05663047300856167,0.3122460849216988,False
B4GALT3,-0.0016516701946666665,0.04009177373277668,0.6707933045136522,False
B4GALT4,-0.001672894854715385,-0.09059967436976774,0.4168342210086817,False
B4GALT5,-5.8328071691666636e-05,0.1029048592307289,0.29924312946819714,False
B4GALT7,0.0020550149028956523,0.11421783092287771,0.24049109396607993,False
B9D1,-0.0008271036933046668,0.037645260280243266,0.7899225046864529,False
BAALC,-0.0024931270730333337,0.14471131125058015,0.24512573992017708,False
BACE1,0.00255043070297375,0.0046140714036326394,0.95875796164881,False
BACE2,0.0052639351693130445,0.5327749509187796,0.0005125078536956227,True
BACH1,0.005027462996040001,-0.20563142289089112,0.05247781291542497,False
BAD,0.00048180882650882353,0.32406534987214225,0.01918280529455573,True
BAG1,0.0015330362667500001,-0.05865568133600731,0.5065201533673251,False
BAG2,0.00128532245254,-0.056486667970568345,0.43459702479463047,False
BAG3,0.010781969292415382,-0.049685500297433904,0.6327055380672244,False
BAG4,-3.799370110270582e-05,-0.07978401252270743,0.2292198212332352,False
BAG5,0.0013712003291375,-0.14501795684734942,0.023501630360921545,True
BAHCC1,0.0005744340139772041,0.2284257822770809,0.08359580047928282,False
BAHD1,-0.0037890991352499998,-0.027145285302630686,0.7053986065073488,False
BAIAP2,0.0012322335294696351,0.15490902609024043,0.18121530546012396,False
BAIAP2L1,-0.0022241735748559375,-0.03333182062149864,0.7346670999230991,False
BAIAP3,0.00945634540380625,0.011830722164814874,0.9345950764446216,False
BAK1,-0.0047390709921,0.2692763341951711,0.0015216487960145557,True
BANF1,0.001227018782888333,0.06970539028410312,0.31971946436794046,False
BANP,0.001232647819163684,-0.022890264271062624,0.8620059841797347,False
BAP1,0.000894448207966667,0.0063528057953393165,0.8994322769625098,False
BARD1,-0.003589799203,-0.4366179249068851,0.012506621521122205,True
BATF2,0.006899764455348572,0.06959657880836351,0.41911403253419854,False
BAX,-0.0016462550452222221,0.41123947243386144,0.10177394754079555,False
BAZ1A,0.0006559870544775,-0.2627648645928234,0.0727110398350982,False
BAZ1B,0.0034407952720291665,-0.1762549500316674,0.061120553451719975,False
BAZ2A,0.00028510111152833334,-0.011187338397598123,0.9328064539747268,False
BAZ2B,0.0002917509356090911,-0.19902284807585865,0.27643894297892946,False
BBC3,0.00020299486237222248,-0.06288877295669613,0.4399532353139405,False
BBS1,0.0009818064659272727,0.19428097451044682,0.1192166225912749,False
BBS10,0.0013233560568615384,-0.08729537855927012,0.20497021497347465,False
BBS2,0.004478058711291666,-0.13264585289634329,0.13254801370070607,False
BBS4,0.0003051326466992308,-0.06470150860700925,0.4387717022549459,False
BBS5,0.00545086422268,-0.22336244454392784,0.154834309528775,False
BBS7,-0.0008000827897633334,0.034212792179639726,0.7271754822509834,False
BBS9,0.006108998056446668,-0.03808603511581991,0.7692746181607801,False
BBX,-0.0012550539769333334,0.19344175063823113,0.10997405004259875,False
BCAM,-0.002508181303086667,0.613523116109675,0.00010042828286324278,True
BCAP29,0.002227301342631579,-0.2521825239275646,0.04858651929520082,True
BCAR1,0.005728297733605091,-0.08590378947953284,0.6496911293754817,False
BCAR3,0.000565213217496154,0.13755094710934526,0.23468718161310517,False
BCAS2,0.0020547904346363637,-0.5418307325018887,0.015686456133607873,True
BCAS3,0.0006801732430536065,0.044247771332426904,0.6566378424436375,False
BCAT2,0.0008290608672888886,0.21581618532044197,0.05138208952026832,False
BCCIP,-0.00011689636141349992,-0.1396645941163691,0.04841874169417988,True
BCDIN3D,0.0012289906877500003,-0.07622592808255123,0.2543310045943544,False
BCKDHA,-0.00044162754659999995,0.2935118859110222,0.012917976177364591,True
BCKDHB,0.0038985174900285713,0.2566941221616069,0.026822441188937524,True
BCKDK,0.0069920793213538454,0.17675934221479073,0.06493399970829662,False
BCL2,0.0014442562645798631,-0.33077456369565733,0.0349699960867387,True
BCL2L1,-0.0015852714326833337,0.18024941366065306,0.13247483961022904,False
BCL2L11,-0.002049438429946363,-0.08147746695071718,0.28600304566769874,False
BCL2L12,0.0005759475149142856,0.10703199633569191,0.32011858769247364,False
BCL2L13,0.0009090264587982219,-0.039795484761969195,0.35404048576969627,False
BCL2L2,-0.0009308531378528572,-0.04299503842608827,0.4859805904672251,False
BCL3,0.00197488673628,0.16125488284464812,0.08443740450260989,False
BCL6,0.006224657227962074,-0.8407718691358032,0.002253949665390129,True
BCL6B,-0.007860556287846666,0.5478646039117391,0.0006373062154353243,True
BCL7A,0.0016526957206885716,0.028809238984291108,0.7902046106783046,False
BCL7B,0.00025519505286363637,0.021436361139435176,0.7535890677584447,False
BCL7C,-0.0007172259470647059,0.15074035236630834,0.07853920374583905,False
BCL9,0.008115159833720834,-0.14132286823268336,0.10281523514614882,False
BCL9L,0.004070794907052632,0.060058416833378446,0.7857563346669315,False
BCLAF1,-0.0003997164212983333,-0.23771296793825628,0.13830203742564331,False
BCO2,0.0045142697916,0.04265878254364219,0.6840279533770768,False
BCR,-0.004003548786990909,0.2549042902121041,0.009290440800324705,True
BCS1L,7.617216535384595e-05,0.10868017695338361,0.17121855414612427,False
BDH1,-0.0007605353059250001,0.6574406880042907,0.0008109589875723355,True
BDH2,0.0019683226522400005,-0.012018516044329271,0.8725757716874978,False
BDP1,0.00212340282494,-0.22420141852714218,0.05364355680780731,False
BECN1,0.0016845137106900002,-0.15902184804909988,0.014460389551419454,True
BEND5,0.001901894122733333,0.08829169432344662,0.349047408308337,False
BEND7,0.004310106448398236,-0.010221050156262573,0.933597626438301,False
BEST3,0.011694207378692308,-0.11494900972467216,0.420626174958743,False
BET1,0.00209640722571875,-0.0934121772268825,0.4077371300496573,False
BET1L,1.9161990694736904e-05,0.15379599535370228,0.07361877390470391,False
BFAR,0.0023523962272769235,-0.0654669536136669,0.30404226614182905,False
BHLHE40,0.0054098393816452385,-0.35246167348126334,0.056596384978043174,False
BHLHE41,0.00673960699852857,-0.11992090741261073,0.2784517913837793,False
BHMT2,0.0052336670618,-0.14606323713285754,0.17702140398682464,False
BICC1,0.0037166781266932424,-0.18829815592225693,0.018094825497912036,True
BICD2,0.0017609540494318184,-0.1240802124617345,0.030079336938988746,True
BID,-0.0013879229226235296,-0.03195031046905832,0.6142617098851664,False
BIN1,0.007976275200736365,-0.24561981699500554,0.0014498525028365957,True
BIN3,-0.0025875864921696967,0.09897816168541222,0.287512831243524,False
BIRC2,0.001479542953553571,-0.19993325957759087,0.10832329696806614,False
BIRC6,-1.839130139529417e-05,-0.17146651372309407,0.05786064635100945,False
BIVM,-0.00131008040238625,-0.15702670120721268,0.27364060916943134,False
BLCAP,0.0048016302993915405,0.03470097509832664,0.6051648264076596,False
BLMH,3.7577321566666676e-05,0.035015638233218856,0.643130361373857,False
BLOC1S1,0.011678103663479286,-0.12997498927916773,0.06244221329415831,False
BLOC1S2,0.0019172981769347826,-0.043494142946194685,0.6973251744420892,False
BLVRA,0.0033661841547866665,0.11137737858942116,0.08460132230608394,False
BLVRB,0.0036992056665181242,0.2025432343793369,0.021024418035482325,True
BLZF1,0.0005913468379052633,-0.11420940878326777,0.21898744708446927,False
BMI1,-0.009170102808869566,-0.36395667774376295,0.005407825287095315,True
BMP1,-0.0017698958302428574,0.17429191217920897,0.1583554623994952,False
BMP4,0.0032989167311280004,-0.017404771298149244,0.8567560710654246,False
BMP5,0.005357005184750001,0.10272867051568281,0.39616661217980786,False
BMPR1A,0.007366195898789286,-0.16745763184290594,0.03234335769671207,True
BMPR2,0.0025826562909874997,-0.05930848286786438,0.434646904457482,False
BMS1,0.001040409945507693,-0.15315564223095948,0.045986715902523484,True
BNIP1,0.002343646958616667,0.1485165772175898,0.07566273163040857,False
BNIP2,0.0014648350470546152,-0.2709801531422978,0.024819688609551215,True
BNIP3,0.0025084329441308327,0.21626511721992145,0.0014980362718289716,True
BNIP3L,0.002632500071407143,-0.11052787594111614,0.34341327881728245,False
BOC,0.002553165466314411,0.2716987554875106,0.1009515753312781,False
BOD1,-9.329443359375002e-05,-0.02785209447607259,0.7564678035100254,False
BOK,0.0040976247296117645,0.1629526541990772,0.1936948107435124,False
BOLA1,-0.0010502722404999998,0.12325764315246807,0.22974787235124555,False
BOLA2,-0.0087938871574,0.16289633439594448,0.04799621624243168,True
BOLA2B,-0.0087938871574,0.33549567994989243,0.0005771755214950912,True
BOLA3,-0.0006533689321999999,0.4826759751500598,0.0027226446349505927,True
BOLL,-0.001430311456527778,-0.19446928198350735,0.11150093228924202,False
BOP1,0.006299098319925769,-0.1303575986942808,0.10637342779154901,False
BPGM,0.0031085362709687503,-0.056366577950525555,0.5414581426322203,False
BPHL,0.0017859719718754344,0.3727023247804883,0.004214704851940765,True
BPNT1,0.0019205431773200003,0.11477290591650893,0.2367322893678807,False
BPTF,0.002290511559447369,-0.387261599140496,0.03671696465261018,True
BRAF,-1.0448489517999812e-05,-0.06173832521864889,0.6674720033852738,False
BRAP,0.0010164517343694737,-0.1933780104646263,0.016770478438937923,True
BRD1,0.0058289434993225005,-0.15852734447662495,0.08875696985874365,False
BRD2,0.0012265852425360632,-0.05418161099101961,0.43500886533001637,False
BRD3,0.006452148495316667,-0.19211204416196181,0.0458069682836844,True
BRD4,0.009573102157720831,0.0190051038876719,0.7864161624429257,False
BRD7,0.006529420494733333,-0.11561570725709158,0.18778568489183242,False
BRD8,4.513703647894727e-05,-0.22209102048491125,0.11450844731148242,False
BRD9,0.0015153059305192305,-0.06175020802926114,0.13504173102030403,False
BRE,0.003392794576433255,-0.012210104903098908,0.8697805436004129,False
BRF1,0.0032157990013622667,-0.03608190185022699,0.7309935954896585,False
BRF2,0.010279128927083334,-0.014172257260821467,0.8015945785614738,False
BRI3,0.00018985583031250013,0.2450216379899331,0.024002615452019645,True
BRIX1,6.232052954444433e-05,-0.06874345422188792,0.5890244004096359,False
BRMS1,0.0026729268929347374,0.07933639609745873,0.5343408332281685,False
BRMS1L,0.0005623873383999999,-0.2872282486935572,0.006366382694684625,True
BRPF1,0.0024727004557199995,0.13160441457499236,0.14522163484209208,False
BRPF3,-0.0011881231646923079,-0.09277101234729292,0.2814644527074904,False
BRWD1,0.0007325404310142858,-0.3135118566905604,0.003478685049835641,True
BSCL2,0.0011501340705839284,0.17687550603802873,0.14036756315324256,False
BSDC1,0.0024501427028644444,0.03291777084472327,0.3974693905241613,False
BSG,0.0029470013463779314,0.4209305874190814,0.001310502944009676,True
BST2,-0.017775806531625,0.4172045622780567,0.004794018006978613,True
BTAF1,0.0019156874987857138,-0.09304578374109433,0.46177065522240957,False
BTBD1,0.005822916280061428,-0.3715449090531861,0.0009679160243624256,True
BTBD10,-0.0025901294963357143,-0.01270848245168081,0.8589868242263896,False
BTBD2,0.002657582014796429,-0.08172567665535482,0.40010629752175375,False
BTBD3,0.002721063879190476,0.015803251108548935,0.8828885283108788,False
BTBD6,0.003051530783386666,-0.08153837635260099,0.34532144589188896,False
BTBD7,0.0013348389860233334,-0.03137285021871545,0.7367425746907685,False
BTBD9,0.0021101940131675,0.05144929227095496,0.5152516063356046,False
BTD,0.005207193816822273,0.1782880384314566,0.20468344228999766,False
BTF3,0.0010018870932092308,-0.090300942724418,0.22756498802772224,False
BTF3L4,0.000809055663192857,-0.06739778723711944,0.340180936139886,False
BTG1,-0.0013197025729699999,0.1464027453049074,0.1766028517595016,False
BTG2,-0.00062363893236,-0.5617891266799085,0.07376149284578463,False
BTN2A1,0.0012176536162541666,0.06537079825514591,0.45591094071354443,False
BTN2A2,0.0011787808202249998,0.20613996164788906,0.011214249637927382,True
BTN3A1,0.008892000484142857,0.06991308068608454,0.6110893835512408,False
BTN3A2,3.08758095714279e-05,0.15325163245302853,0.14217838047465564,False
BTN3A3,-0.015017068847750002,0.2266795779168045,0.05607886673227933,False
BTNL9,0.0002562832055000002,0.2000511705915993,0.481341541560665,False
BTRC,0.006810815203306666,-0.06622236671063825,0.20602297020894686,False
BUB3,-0.0004428997489394444,-0.009773907757710204,0.9025070280556078,False
BUD13,-0.0001038451513171428,-0.07085770720890895,0.36816798915111737,False
BUD31,-0.001411145482468,0.10909362024393877,0.20004819608902727,False
BVES,0.005046804087218182,-0.00833085736916971,0.8835021059921768,False
BYSL,0.0002460577187499999,0.052268468666004535,0.37868483318224455,False
BZRAP1,0.0003166244607599999,-0.2212848096038157,0.24902638083021839,False
BZW1,-0.0021806502578599995,-0.08178650066971983,0.5487940244018188,False
BZW2,0.0010510125991713046,-0.09234259417546976,0.14684804531524986,False
C10ORF10,0.0035411356403750012,0.191026893136557,0.2625741212168748,False
C10ORF11,0.0028596399231403838,-0.04669204356471996,0.8033480977746499,False
C10ORF116,-0.005220477860362499,0.15428987540293992,0.45047825236748473,False
C10ORF118,0.0016215450188265,-0.1403715393807473,0.27334658581930665,False
C10ORF128,-0.003486200183,0.2907012440885537,0.028577577194186972,True
C10ORF137,-0.00026516018365666655,-0.14402431391573298,0.1607505095356894,False
C10ORF2,0.004275379234421739,0.14330595157639764,0.15008151819068782,False
C10ORF32,0.004931348683891667,-0.004533055864211741,0.9544479476384982,False
C10ORF54,0.0014291837209752629,0.5694703530415156,0.006954593112148157,True
C10ORF71,0.0231620382957,-0.40983999676685073,6.60978268108085e-05,True
C10ORF76,0.001185524948746667,0.08740998434352477,0.21248893112475783,False
C10ORF88,0.002581813688066667,-0.1728174520488352,0.09053992058794541,False
C11ORF1,0.0008439408971752941,0.18966490840075262,0.13640118700002524,False
C11ORF24,0.0024393245917399995,0.06001260946855822,0.6097368570959296,False
C11ORF30,0.001377557523665,0.07567732431451732,0.6235397494195847,False
C11ORF31,-0.0020972834046777775,-0.033802830267537616,0.5872176791974322,False
C11ORF48,0.002687303328668571,0.1430358778018671,0.14772334011984506,False
C11ORF49,0.005389342098030769,0.32935323738584493,0.07822418831893009,False
C11ORF52,0.009980702308355556,0.21563369250643596,0.19125567188435952,False
C11ORF54,0.0010154413350469563,-0.16295646638542244,0.0847858152860594,False
C11ORF57,-0.0014857798605941175,-0.1024862854954936,0.036714623025526374,True
C11ORF58,0.007002363767990001,-0.0931383586624576,0.22460808533115909,False
C11ORF68,0.004842498502976471,0.05776862934249737,0.4343630287433775,False
C11ORF71,-0.0008354581788857144,0.27698751800777416,0.001218064415591365,True
C11ORF73,0.0005322345855181817,0.036526397734891,0.6576410572573643,False
C11ORF74,0.0007831728249333332,0.04792481866508558,0.484448535404434,False
C11ORF75,0.003971112262359259,0.07989154562305623,0.778288357330372,False
C11ORF83,0.001414911569631579,0.29955918061957204,0.038697146326376095,True
C11ORF84,-0.004956342636616429,-0.12668643584945635,0.34619249872714364,False
C11ORF95,-0.001012062823988235,0.07407944745207652,0.4308313250219973,False
C12ORF10,0.0004011255742399999,0.053659781439167234,0.6317569496254302,False
C12ORF23,-0.0003533854355181817,-0.07307406027692442,0.5161870319951223,False
C12ORF29,-0.0001170106628700001,-0.044514741115673724,0.6817967200067909,False
C12ORF39,0.000518888047037,-0.00017949844805712186,0.9990189970714697,False
C12ORF4,0.0011285259176531245,-0.05170371542309409,0.5933792047344388,False
C12ORF43,-0.0014158851570000002,0.057358816537518245,0.5914260770974679,False
C12ORF44,0.000505601229775,0.23476837811078075,0.15162376472269165,False
C12ORF45,0.0005177170029799998,0.1733841923236571,0.26519180429456346,False
C12ORF49,0.004249271608108148,0.07779998384417319,0.4100282108025095,False
C12ORF5,0.0016093880911916666,0.046249980985378226,0.726190625549184,False
C12ORF50,0.00880210619375,-0.20646945992201982,0.004590919204762583,True
C12ORF52,-0.0010021268905475,0.03984395491047305,0.4707075752511254,False
C12ORF57,-0.0011260906288374998,0.10622982606224672,0.08668949220503945,False
C12ORF65,0.003628889805119473,0.159745929499398,0.12031100123085657,False
C12ORF73,0.0028054833853750002,0.32143852620824737,0.015565158726393387,True
C12ORF75,-0.0009349590627266667,-0.3069150689453687,0.03936596688574421,True
C12ORF76,-0.00176872709967,0.19112507167373238,0.17473596766703253,False
C14ORF1,0.0019171765515464281,0.08970053551134721,0.16151185737955534,False
C14ORF119,0.0018539193859222222,0.3691039394771794,0.004080957950985086,True
C14ORF142,-0.0023325571024000002,0.12372499017498993,0.17413230574866576,False
C14ORF159,0.0013512114236043473,0.1715045086544567,0.005664061094025383,True
C14ORF166,-0.003677281401444444,-0.07863506269226664,0.40671536747603043,False
C14ORF180,0.009172808384494444,-0.2201446515184066,0.07631947075777976,False
C14ORF2,-0.0002987686195769231,0.23434557330183428,0.004434146734141202,True
C14ORF28,-0.004420280788013334,0.05912217408564746,0.5941535126248825,False
C14ORF39,-0.015104898718624998,-0.31007157229340215,0.0043691819581090875,True
C14ORF80,0.003374768994699156,0.3558018359748273,0.01589194348100547,True
C14ORF93,-0.000981373773453846,0.13765273621330487,0.09764828894893886,False
C15ORF27,0.0008996662338564104,0.07735305597917085,0.42953461077216815,False
C15ORF38,0.002145806295090929,0.16452462807030352,0.05812890832853135,False
C15ORF40,0.0009675473445071427,0.014842099439067306,0.9068415251614588,False
C15ORF41,0.0019204619430846148,-0.003168937467048867,0.9734817353271361,False
C15ORF52,0.009796344687745455,-0.23868615478528502,0.007730259849546294,True
C15ORF57,0.0051017285961375,-0.16257101401218843,0.14992155514033662,False
C15ORF61,0.0013435096562300001,0.13611782656479068,0.06132457117491722,False
C16ORF13,-0.005244663394557143,-0.06434596236713629,0.45785358637183626,False
C16ORF45,-0.003736468694924,-0.049937571306129774,0.36055510380794686,False
C16ORF52,-0.0030409211683636358,-0.09075964792160929,0.29125870967079115,False
C16ORF58,0.0006160778167629999,0.029977028174624512,0.7742492546330042,False
C16ORF62,-0.0003744078764352939,-0.051308562454454434,0.5450526641610204,False
C16ORF70,0.00021888967540714286,0.02599044826688032,0.7860736293649273,False
C16ORF72,0.004673640687824166,-0.17212055881080388,0.04172874533642228,True
C16ORF80,-0.0006900741209647059,0.21714096041239445,0.025409799021660816,True
C16ORF86,-0.0024093129136375,-0.14560198653551948,0.25494292397935314,False
C16ORF87,0.004512234183736363,-0.14136213826222727,0.14370320428917377,False
C16ORF88,-0.0034363690503842106,0.06069784711597969,0.6050698809273458,False
C16ORF91,0.004442925871919048,0.15864857113680977,0.11229133929886224,False
C17ORF103,0.003865770759775,0.16930218480265682,0.09887585784831263,False
C17ORF49,0.003009401866535,0.15334180187500965,0.11283330682088315,False
C17ORF51,-0.0027543379096363636,0.009468824387354625,0.9181632098861103,False
C17ORF58,0.003912441263666667,0.008440778006547139,0.9059995669434183,False
C17ORF59,-0.0002151307810593333,0.05832912114812438,0.5421628320361926,False
C17ORF62,-0.0031148639024954545,0.15938911116682208,0.19641228320330237,False
C17ORF70,-0.0022063345485307142,0.2624905371152874,0.029752521013310045,True
C17ORF75,-0.0018771927827111114,0.08187615610970739,0.2203359074014781,False
C17ORF80,0.0011979903331332858,-0.19729245100811826,0.014579430694176339,True
C17ORF85,0.002013610837644118,-0.06597165096057368,0.5965967142421065,False
C17ORF89,-0.000808055051518182,0.01002966671452969,0.9179818437838803,False
C18ORF21,-0.0005062704664881818,-0.05154660902002683,0.5858510707181257,False
C18ORF25,0.00031293044327333335,0.06628887162413993,0.5555576051496549,False
C18ORF32,-9.847165139999991e-05,0.23118245207520857,0.03182668981291123,True
C18ORF8,0.0014848543251599997,0.03551062347098162,0.7808307789750091,False
C19ORF10,0.004491935086333334,0.398793165644915,0.009682027847310823,True
C19ORF12,0.005422161870030769,0.33085490597149936,0.013379960290603211,True
C19ORF24,0.0036500723200983336,-0.02701313564208897,0.8828172388484963,False
C19ORF25,0.0014963206493029413,0.13657991412819784,0.20717335434159245,False
C19ORF43,0.003221220688565555,0.007757501154322035,0.9283836690124772,False
C19ORF44,-6.0446747191111186e-05,0.03517299475145541,0.797519143766123,False
C19ORF47,0.005657953931948,-0.07994650157140319,0.23426160994544987,False
C19ORF48,0.00048555675944230776,-0.0574040554420798,0.6615976051125708,False
C19ORF52,0.00045020872000235294,0.08411725829100782,0.2025146440408114,False
C19ORF53,0.0035139562543,0.09947684091872783,0.1524349407482867,False
C19ORF54,0.0007368016096193332,0.003489095674712571,0.9726381721471901,False
C19ORF60,0.006519005600235001,0.08562577766993996,0.33660391003769385,False
C19ORF66,0.007636041655833333,0.08286503853578053,0.6340658630476537,False
C19ORF70,0.0004966316616364286,0.4405613485787212,0.002413185442903747,True
C1D,0.0037120640469300004,0.13237957387037838,0.13171739850008474,False
C1GALT1,0.0010325165203294118,-0.08168322769402074,0.4967935028166023,False
C1ORF109,0.001988375908714286,0.045089827853980774,0.5275151227094304,False
C1ORF115,0.00020242204205000005,0.17064042380150335,0.024707872564028188,True
C1ORF122,0.0009281572201238461,0.3429398698251744,0.10933961309823122,False
C1ORF123,0.001539878011263636,-0.002793683829896229,0.9692871859001979,False
C1ORF127,0.00452725915105,0.09315847988763094,0.27096730378890027,False
C1ORF131,0.0008525640133941177,-0.08777628411515054,0.3419671785220404,False
C1ORF162,-0.021393109469999998,-0.15813971155016515,0.11213635155077654,False
C1ORF170,0.013455626196133335,0.09922353283334782,0.5008809957299455,False
C1ORF174,0.005280698426048,0.01288619079454335,0.8364033169337791,False
C1ORF192,-0.004728258297833333,0.21152530185601295,0.034435240901428237,True
C1ORF198,0.005482438223703226,0.16789300535370852,0.10845474940979344,False
C1ORF204,-0.0005991755795257142,-0.28808170452347986,0.02457718968668629,True
C1ORF21,0.006448064403199999,-0.19929644048392284,0.0862412475063062,False
C1ORF213,0.0015015525724166668,-0.2103570012721188,0.20227201990986365,False
C1ORF216,-0.0012830878580583334,-0.08462788934753535,0.29956183896694943,False
C1ORF27,0.002651304219273125,-0.06915308742439809,0.6235099871092898,False
C1ORF35,-0.0069423400568,-0.03890845596381342,0.7492806059820281,False
C1ORF43,0.0018617699602804997,-0.06239520402336929,0.3096329963169627,False
C1ORF50,0.002332332809913333,0.12792473909181135,0.14293842938799647,False
C1ORF51,0.0029690569835416664,-0.09910485097777653,0.5999046101121892,False
C1ORF52,-0.0009373962979153845,-0.17912282800612414,0.061923991945688185,False
C1ORF53,-0.0049906314299785716,-0.2135670824018715,0.2142539730744461,False
C1ORF54,-0.005058086506249999,0.6401766471168595,0.0007228766797315587,True
C1ORF56,0.000962259000776923,0.17676565004796801,0.22033975007866363,False
C1ORF63,0.001227523978075,-0.36048241649146556,0.14479369477622772,False
C1ORF85,-2.2467295714287107e-06,0.04560102477891375,0.643483661174759,False
C1ORF86,0.004621193025467308,0.1290790020422123,0.20191849032227346,False
C1QA,-0.00312256433985,0.3805867369192729,0.038555814413141404,True
C1QB,-0.0004359397633636361,0.5257298937148941,0.013165402321688953,True
C1QBP,-0.003326551069238462,0.16983470915538626,0.020813644164491257,True
C1QC,-0.004935253386592308,0.7759090524330742,0.0006737360663243765,True
C1QTNF1,-0.002113709243660264,0.35646205889359217,5.67664762520594e-05,True
C1QTNF3,0.012786183112277775,-0.0769345234673791,0.6060912073505922,False
C1QTNF5,0.006599499898826667,0.5438959998300339,0.005155385181379997,True
C1QTNF9,-0.0048186165006666665,0.4886883043898145,0.0023870325833657375,True
C1QTNF9B,0.004135516311333333,0.25662300004891764,0.035791116380928606,True
C1R,0.0028447335478833332,0.32853570566708074,0.051674965306463025,False
C1RL,0.0011991349555249995,0.1644602458653554,0.18305172305966533,False
C1S,0.0032715757039333336,-0.058086060398536296,0.4925391148051633,False
C20ORF111,0.0029227978239988886,-0.3297441071329304,0.007636230224709755,True
C20ORF166,0.010187525290594081,-0.4358461321009454,0.0010432780204480008,True
C20ORF194,0.00060716871826,-0.13948571895311676,0.42566625712824124,False
C20ORF196,0.008625044348333335,-0.11847766162531971,0.2849734119862744,False
C20ORF24,-0.0016438478747000007,0.04831863391375155,0.6284769535150536,False
C20ORF26,-0.0031201327871692307,-0.25092239608846884,0.3010628543860199,False
C20ORF27,-0.007271680293549999,0.15556823348120194,0.10938326563608822,False
C20ORF96,-0.000851301560549412,0.17406926523939956,0.008663052966517988,True
C21ORF119,-0.0034459493298222223,0.21381052159992908,0.12348427720690136,False
C21ORF2,0.0019833505357,0.01592326893195623,0.8713735549973312,False
C21ORF33,0.005138918014826087,0.5621926816144256,5.266549048350573e-05,True
C21ORF59,0.0015379688170076924,-0.4540483006506083,0.045350887615215336,True
C21ORF7,-0.00031930086803750007,-0.4386756572355335,0.09314481588567608,False
C22ORF28,0.0008215002086300001,-0.018811903171625843,0.8056691738409858,False
C22ORF29,0.0010721961693568335,-0.0040452086345040324,0.9439677592654386,False
C22ORF32,0.0019044125432230768,0.0648431379779578,0.4009498853169996,False
C22ORF39,0.000405471292557143,-0.2242157584324989,0.0007567826903748672,True
C22ORF46,0.001570758709925,-0.1290936115594924,0.0950057295189381,False
C2CD2,-0.0038514660503,0.07724866091628363,0.41527895968262296,False
C2CD2L,-0.002472409741941429,0.10459953450751112,0.25383383203582094,False
C2CD3,0.001960981232288,-0.012026956487255026,0.8604697280339028,False
C2ORF15,-0.0033148551754428575,0.1510356408178068,0.06445408759234246,False
C2ORF40,-0.0066174169404,0.583448237311119,0.001139739207365856,True
C2ORF42,0.00047999100263437506,-0.05834594333706177,0.6581516833581658,False
C2ORF44,-0.0029675031141083337,0.06376986123690871,0.4649048782806151,False
C2ORF47,0.0009905318802499999,0.0744911655489778,0.4722014193853262,False
C2ORF49,-0.0008014416425749999,-0.12444779764796116,0.27583705965407546,False
C2ORF68,0.0027047964854727273,0.07256343346935014,0.13589601757554187,False
C2ORF69,0.005832496188114286,-0.1377802657718685,0.19918440093209175,False
C2ORF74,0.002527298412713333,0.007307702468680046,0.9403913146904924,False
C2ORF76,0.0012415490317305262,0.054012576790237625,0.655438619951418,False
C2ORF88,0.003622597213052631,0.20648823760270602,0.09153920951068475,False
C3,0.0017628324184370372,0.06068659952879967,0.6469047716406489,False
C3ORF17,-0.002000266314635294,-0.12414989842703263,0.13024578774178522,False
C3ORF18,-0.00011349968059499985,0.022789265578712425,0.7508515945674559,False
C3ORF33,-0.00034656029650909103,-0.011056555372001292,0.8809593623509684,False
C3ORF37,-0.0011867727271199998,0.1006757149923778,0.07530480805192537,False
C3ORF38,-0.0018256428786866668,-0.11620387093160134,0.10871293905054875,False
C3ORF43,0.011982568454875001,-0.009022004254529682,0.9132683786045263,False
C3ORF45,0.020123577192800002,0.12877698665420653,0.22374585352793525,False
C3ORF58,-0.0027594184209717596,-0.02175826345707934,0.7674228572983182,False
C3ORF62,0.001244145389446154,0.054826391043359485,0.6337420115631072,False
C4ORF27,-0.0022060820377076923,0.019585719939584214,0.8275249286477966,False
C4ORF29,0.0029225229120384616,0.14743641719690473,0.17329442053124347,False
C4ORF3,-0.0017687050829133337,0.11656243962965976,0.05284056512942097,False
C4ORF32,-6.180711891818186e-05,0.05862483331187864,0.6883803415473055,False
C4ORF33,0.0016903541775043478,-0.1392398411725651,0.09623771869836663,False
C4ORF36,0.00125672881666875,0.056037133900043105,0.5116522919281157,False
C4ORF52,0.0025987230555375,0.040129195587811944,0.5271998440724986,False
C5ORF15,0.0020813944278636363,0.06618400565344168,0.3414594726663245,False
C5ORF22,0.0008963631326925001,-0.026961551859371182,0.7479732676569795,False
C5ORF24,-0.0003444762685266667,-0.1544151375221163,0.17386814100532622,False
C5ORF28,0.0017031651217153847,-0.001427321946490201,0.9853716658725293,False
C5ORF30,0.0006328015658263333,-0.021266066810436766,0.6707935283131616,False
C5ORF4,0.002285385932015,0.0967927482369057,0.48867953743910875,False
C5ORF42,0.0006657149215072221,-0.09975185353561522,0.6379370691940158,False
C5ORF45,0.005186929734070416,-0.1378137127003901,0.17999156116735568,False
C5ORF51,0.002272739464066667,0.01825848650324383,0.8749530861416047,False
C5ORF55,0.003044156557246154,0.11045733313095325,0.27388787903629763,False
C5ORF56,-0.0022171651,0.11199198436196899,0.30218090490866845,False
C6ORF1,-0.0014136222589928571,0.42859292507571917,0.0008406644525222121,True
C6ORF106,0.006413738244520001,-0.17821984010675107,0.03309795919440128,True
C6ORF120,8.695335125000003e-05,-0.0005304534660446134,0.9934334140027002,False
C6ORF136,0.0038879493765915795,0.23832363803320522,0.01238421428310331,True
C6ORF203,-0.004265368170190909,0.17996781355982042,0.0016448407491149552,True
C6ORF211,-0.0009575729966133334,0.027478095361525397,0.8096528531197351,False
C6ORF226,-0.00042429305180000006,0.20459292580996144,0.21265193943918123,False
C6ORF47,0.0018068715929518606,0.04927223407108565,0.43428658056186087,False
C6ORF48,-0.0013624633229871155,-0.09363625842891246,0.45188820017526465,False
C6ORF57,6.756919646923081e-05,0.08130606599179512,0.32316723196059893,False
C6ORF62,0.0004293561727571432,-0.221406427083107,0.004389682199413254,True
C6ORF70,-0.0013815370033722224,-0.21597699314312901,0.10110837130515674,False
C6ORF89,-0.003497072433421429,0.024606439791425728,0.4884853335839622,False
C7ORF10,0.0009313122702334285,-0.03116555477655335,0.7722639625359902,False
C7ORF26,-8.316974759999998e-05,0.13353719144949086,0.26148752001006714,False
C7ORF41,0.0006443572615866671,-0.2400574796117114,0.04747052219603078,True
C7ORF43,0.0011060955582074998,-0.04800584429289179,0.623136045640819,False
C7ORF49,0.003094168698309333,0.044256818216620974,0.7130052895580992,False
C7ORF50,0.0017572101811907026,0.07461958635123009,0.24199065479167123,False
C7ORF53,0.023387245571499994,-0.6205334801930773,0.00041779021356089685,True
C7ORF55,-0.0011747628551263159,0.22153482116301254,0.06227656502607329,False
C8ORF22,0.01937325037,-0.6104460808503349,0.015282600369017674,True
C8ORF33,-0.0004258290407888887,0.09065314615594994,0.3079723559712379,False
C8ORF4,0.01283306074133333,0.32954761080181777,0.07499546520358084,False
C8ORF40,0.006090228581083333,-0.09483560886130676,0.3375085221651364,False
C8ORF44,0.0052508211443,-0.10022012097426818,0.5001706221185885,False
C8ORF46,0.008747766709875,-0.014915658729447424,0.9520815526603524,False
C8ORF58,-0.001987973711135714,0.19696837255318608,0.02545313752537093,True
C8ORF59,-0.00014062394399999998,0.01284000014548062,0.8706737678727492,False
C8ORF76,0.0013779321704621428,0.026789216846598893,0.7788320133873746,False
C9ORF114,-0.0007171292397166667,0.3852271313325264,0.00251278247331526,True
C9ORF123,0.0043276520616,0.16064807050993354,0.09987301177711094,False
C9ORF129,-0.005113691724142858,0.08246656351584213,0.4331686011875533,False
C9ORF142,-0.0008936748240000001,0.03259754873731957,0.7975753147706586,False
C9ORF156,-0.0019167348606333333,-0.17459577962263118,0.14204005742449616,False
C9ORF16,-0.0036150854855375,0.3613578158447461,0.03792446037171045,True
C9ORF3,0.01365906698274364,-0.12180415217944636,0.18432716912801156,False
C9ORF37,-0.001486387305325,-0.1433705060661534,0.09684045029792955,False
C9ORF41,0.0006526734001499999,-0.10457529841973194,0.3006244442378438,False
C9ORF64,0.0007176194949999999,0.06689435690621831,0.3793844269371305,False
C9ORF69,0.007572783052428571,0.13019743636235004,0.18484315160278642,False
C9ORF72,0.0033711627182000004,-0.21605111047156556,0.06281790060184067,False
C9ORF78,0.0025600558022500003,-0.19008868298499407,0.005214206546721963,True
C9ORF85,0.0031728124373333333,0.0007250777395781545,0.9957187246179962,False
C9ORF89,-0.001507025129869,-0.02514691495470809,0.8407327303290596,False
C9ORF91,0.003492070623373333,0.1416157519124156,0.3222516154283339,False
CA11,-0.0010539070468111112,-0.30760186321407085,0.10999325947198184,False
CA14,0.007383124050125,0.5316736240612009,0.06876850511010107,False
CA2,-0.002295941880644444,0.13704007378076544,0.051532705334809394,False
CA3,0.012214006774947059,-0.13014348878706514,0.2893860473670531,False
CA4,0.0032710842908333327,0.10007848795241013,0.5200456182266877,False
CAB39,0.008338289038237526,-0.4176212382459648,0.0003906734114399748,True
CAB39L,0.006510542226153845,-0.15011651458269856,0.03956349435045382,True
CABIN1,-0.00027369266151052655,0.012661572901032465,0.9121732614170673,False
CABLES2,0.0019109314883759998,-0.0724954017484858,0.2967167583809813,False
CABP1,-0.001260458743308334,-0.09457797467019083,0.1478589752899194,False
CACNA1D,-0.002108621527164865,-0.07412441271624083,0.2657478966695967,False
CACNA1H,0.0049870384468692075,0.01423340159725421,0.8684405926236569,False
CACNA1S,0.0120627478351,-0.23902060918001028,0.0011286558266669572,True
CACNA2D1,0.009672926932191428,-0.3923985304487422,0.03123269586556053,True
CACNA2D3,-0.00035978557976267607,-0.06395683847266496,0.6445662702398595,False
CACNB1,0.0031581280943599995,-0.2664888269824725,0.00258894658555955,True
CACNB3,-0.0010712778329999997,0.44758443666617054,0.014017554184834444,True
CACNG1,0.022590950022193752,-0.2201558609290429,0.002844833853758241,True
CACNG6,0.0040276986387099995,-0.234277901809122,0.0007938645804099933,True
CACYBP,0.0007003827791806315,-0.18996955107177838,0.15861407796840052,False
CAD,-0.004583987977916667,-0.09000116672243587,0.33028195850561093,False
CADM1,0.0010776665700431816,0.07820895419906769,0.3857255504892887,False
CADM2,0.0030479389553179997,0.004255255384225705,0.9511290243224375,False
CADM4,0.003308922336111111,0.029935702627072156,0.7651187816634284,False
CALCOCO1,0.0008763143406166667,-0.3516682632539656,0.0009480507873821407,True
CALCOCO2,0.0002571916176669999,-0.24867519765853974,0.007143701505856456,True
CALCRL,-0.0022524886526000005,0.19479375870186322,0.17134398324412892,False
CALD1,0.0002749577231219296,0.35437421222571713,0.02906539220806806,True
CALHM2,-0.005864269232052632,0.5291178527335741,0.0002526446958511818,True
CALM1,0.00256805820358,-0.1524430061590495,0.1498729406491674,False
CALM2,0.0054178506219625,-0.03463127436422968,0.7893754584791348,False
CALM3,0.0008065720977637501,-0.19527620497697787,0.01098288330573961,True
CALML4,-0.01102022184837143,0.07446735845907831,0.32965278787954577,False
CALML6,0.02365522427232,-0.5115539533492582,0.09714199295727627,False
CALR,-0.0016097612248499999,0.30770445836766547,3.591530782255998e-05,True
CALU,0.0008032686759318747,0.060986504302330685,0.46328433380908873,False
CAMK1,0.0014923494906666666,0.3360577656049074,0.02306399472743292,True
CAMK2A,0.007616811366895,-0.3675373461161925,0.001122818559148339,True
CAMK2B,0.0004306036580117649,-0.19313329727217388,0.0011838043891571463,True
CAMK2D,0.002689141678800666,-0.26697579007664934,0.026395926664552326,True
CAMK2G,0.008695794922612273,-0.14338298933845597,0.005187597735307748,True
CAMK2N1,-0.0004859658772333332,0.27535452345749073,0.00030640188963140184,True
CAMKK2,-0.006472895410578718,0.19912462951704574,0.0005437394020468012,True
CAMLG,-0.0036233789806469235,-0.20680400577629723,0.014865885866585755,True
CAMSAP1,0.006572463710117857,-0.2103055304549274,0.001954497990860772,True
CAMTA1,-5.751412001547804e-05,0.023443278958290407,0.7835289297749609,False
CAMTA2,-0.00043165540992840006,-0.08598398820650065,0.17571288358582504,False
CAND1,-0.00016836320037058797,-0.024341079229025186,0.8287533171813193,False
CAND2,0.008931495560865624,-0.1456412220482011,0.07487931291187774,False
CANT1,0.0013600135056845162,0.12894892367884833,0.2014932184894266,False
CANX,-0.0006258624634625002,0.06892741713072592,0.5344746950259712,False
CAP1,-0.001203021241152381,0.35871472131589077,0.037131652059512535,True
CAP2,0.014391061967205881,-0.3453668384048986,0.00013914158040232778,True
CAPG,-0.0093102878306375,-0.03970002968475319,0.5744097493612765,False
CAPN1,0.0005951164676934616,-0.01038169527415279,0.8969358571881694,False
CAPN10,0.007769003552873332,0.0439884668751681,0.7487387196724384,False
CAPN12,-0.0026377142417199997,0.2863226956489131,0.03506798027646595,True
CAPN2,-0.0058388384284530775,0.12907528762515097,0.07715173776031511,False
CAPN3,0.011070073738154999,-0.37100690301682737,1.2159167174262108e-05,True
CAPN7,-0.002455395701655556,-0.2760034714694062,0.01661221382777034,True
CAPNS1,0.0035863461311133335,0.12116075141003023,0.05946070737831511,False
CAPRIN1,0.00209520221746875,0.04421681870726561,0.5254943688774998,False
CAPRIN2,-0.0035654650109416667,0.14255187029607747,0.1673476355599636,False
CAPS,0.0010736764905250001,0.2784525980170715,0.03311251012779574,True
CAPS2,0.00066073961448,-0.2131402598829693,0.1257128992325565,False
CAPZA1,-0.0005069215505666668,-0.07040209198505763,0.19842821083797393,False
CAPZA2,0.0012005551392626312,-0.3116969905634303,0.00021407138169003912,True
CAPZB,0.0020344284196352935,0.04727211125767929,0.11734851903561995,False
CARD10,0.004048743318173333,0.06706166946302342,0.4816806879384865,False
CARD16,-0.00790507686308,0.2998126572091699,0.003986276162734464,True
CARD8,-0.0070475338377999994,0.022586137977851806,0.8300104884033467,False
CARHSP1,0.005639742381933334,0.16000071700168644,0.15926323906366094,False
CARKD,0.0012847782714243748,0.14010055017656528,0.04641049151501528,True
CARM1,0.006049144177264286,-0.17483262989498521,0.018703615048193616,True
CARS,0.0034366739480805007,-0.05198149555830475,0.43702131658076493,False
CARS2,0.005254552897499937,0.15243885030076354,0.012018770748475547,True
CASC3,0.00623167972774125,-0.3212082323478589,0.0036720567014421053,True
CASC4,0.0021915213147333332,-0.15292369006514459,0.09118028619337566,False
CASD1,0.0021879582031272726,-0.1966278866839233,0.07607996511620316,False
CASKIN2,-0.0006108753144975605,0.18392988151283485,0.22296144581315197,False
CASP1,-0.0033857403979624997,0.012529488779977706,0.9211622581449183,False
CASP10,-0.01901948671206,0.1767617928180279,0.021982099538249953,True
CASP2,-0.007708734199586362,0.17168793315409558,0.0089003037854028,True
CASP3,0.00010540712267500003,-0.11349822870524634,0.28793801562344346,False
CASP4,0.0006653644447272729,0.18713530321118868,0.298360731282708,False
CASP6,-0.0016519154436615386,0.09870052137826764,0.4236427465117075,False
CASP7,-0.0009442566414800001,0.0695634598048681,0.27895555986811993,False
CASP8AP2,-0.0016350817206416662,-0.09919046808428678,0.21560884644523723,False
CASP9,0.0026121573560571425,-0.031790197290948334,0.7181877856516017,False
CASQ1,0.021847560611875,-0.3253737642648255,0.00043542545987136037,True
CASQ2,0.012777527218,0.38739836257418914,0.006782892312993769,True
CAST,-9.778221592179476e-05,-0.19953202804902775,0.03260157710745386,True
CASZ1,0.003169881103509938,-0.060700441131313856,0.39903309613428184,False
CAT,0.0010599506420906665,0.18799751793449662,0.031106441699091665,True
CATSPER2,0.008145011502541667,-0.18633287456013992,0.1633766767895094,False
CAV1,-0.003940833884031428,0.7233422660826355,0.000310993885450748,True
CAV2,-0.00809051000398889,0.5078388756073071,0.0017349496083335274,True
CAV3,0.01656622414088889,-0.1504415408055843,0.048753622527718046,True
CBFA2T2,0.002937416680731818,-0.12243683910634197,0.01824618186837557,True
CBFA2T3,-5.316759809362732e-05,0.20367744355341796,0.24392099350384677,False
CBFB,-0.0021433949656875003,-0.015791613075511315,0.9140226261320752,False
CBLB,-0.0008472595479818751,-0.1143392769012329,0.15939059491899565,False
CBLL1,0.0011577441463822224,-0.2351474920864821,0.013240328811427707,True
CBR1,0.005347377675488888,0.43921984098491546,0.00344865713331734,True
CBR4,0.0015540419440888886,0.03143606111741593,0.7688711820164824,False
CBWD1,-0.0007770758996666669,-0.19078771986840512,0.05164954525183823,False
CBWD2,0.00039770620733333323,-0.12939844782703014,0.1312967152407238,False
CBWD3,-0.00490292657123,-0.07643595076343714,0.34118002948478465,False
CBWD5,-7.336576146e-05,-0.08011295597301879,0.2345438675392688,False
CBX1,0.000955079664585,-0.11069901445392162,0.058267992246546975,False
CBX3,-0.0007907044523526316,-0.07061014590018604,0.2802381705265606,False
CBX5,-0.0011321501281466664,0.06216248693360163,0.562350610410761,False
CBX6,-0.004556773067879474,0.2031467518221758,0.03025742390442473,True
CBX7,0.001730679685958333,-0.12477232290013006,0.16945708010650812,False
CBY1,0.0026226886102470584,0.24399692439155968,0.016645617467963066,True
CC2D1A,-0.0007391921492999999,-0.18690125803206276,0.009110970608993643,True
CC2D1B,0.0019100130565714286,-0.06885845380534401,0.4150211550260259,False
CC2D2A,0.005510078555616666,0.3354714581237373,0.001595035907007381,True
CCAR1,0.0007620268031000002,-0.5028045195940868,0.021648990841101952,True
CCBL1,-0.00245731213832,0.015797784643084647,0.8292393808415212,False
CCBL2,0.0011503911331157894,-0.13780555679989145,0.15058879269825431,False
CCDC101,0.0018592289738411764,-0.4071520609552328,0.00024435204901295134,True
CCDC102B,0.001213561704847619,-0.10385801023194972,0.27549543409829624,False
CCDC104,-0.002153336133598467,-0.0005339905201155207,0.9941711107307813,False
CCDC106,0.0028663710859333337,-0.09022978231982771,0.34189557509471047,False
CCDC107,-0.0026508060255,0.047863485606681966,0.5695423756945002,False
CCDC111,0.0022421858125000003,0.22131703616816825,0.10215479717810112,False
CCDC112,-0.002957893722612,-0.054320883949891895,0.7297154126993626,False
CCDC115,0.0009894174180222223,0.17884945718655104,0.09241001583389195,False
CCDC117,0.0022278348541,-0.1820565235100242,0.12358558261016664,False
CCDC12,0.007394255263547369,0.0006605812959382572,0.9960581856649127,False
CCDC124,0.004397475962303945,0.03757599045736852,0.6185845318713582,False
CCDC126,-0.0003881798769999999,-0.055686199855268195,0.5598368298189453,False
CCDC127,0.0012566389865225807,-0.08679626006490926,0.20616320605294966,False
CCDC13,0.0034184579527333334,-0.13243579574770442,0.09904916869792926,False
CCDC130,0.0004151854082578946,-0.19405339671873853,0.06147668733797158,False
CCDC132,0.0015289321004999998,-0.11449177724471853,0.16413198643694443,False
CCDC136,0.003475262769307692,0.22819136021767503,0.2151393627701526,False
CCDC137,0.0021894505290011535,0.25625021536504344,0.0032918324273831833,True
CCDC14,0.005378773534009091,-0.09444602847280709,0.632716085701053,False
CCDC141,0.010941796524999998,-0.12019133937000043,0.4446134082018355,False
CCDC149,-0.0006409729765350004,0.15939015576396753,0.12916851321088502,False
CCDC159,0.002940130745948125,-0.35112612488352385,0.008010215329101861,True
CCDC18,-0.00012106927322227272,-0.2932571267684389,0.02760962434851157,True
CCDC23,-0.001277386575665,-0.07576053763783998,0.43730345257976166,False
CCDC25,0.007998409225872728,-0.21091768521985788,0.016081222490713244,True
CCDC28A,-0.0014517726248312502,-0.10319717288511127,0.117154268172555,False
CCDC28B,0.007204069486205263,0.41217942443117384,0.0008319008045584728,True
CCDC3,0.0035292935908900003,0.3508478967323109,0.023578993551994196,True
CCDC39,0.0001484022207666666,-0.26272192936374633,0.17108386815649546,False
CCDC41,0.0006432138842842106,-0.29328756987780263,0.12017880936240746,False
CCDC43,0.004693501128661819,-0.24710120506609246,0.0034987245688937038,True
CCDC47,0.0009299926302388891,-0.14880550163871017,0.1316424216424339,False
CCDC50,0.0011375812629083333,0.11254345770329115,0.20760850963676908,False
CCDC51,0.0009369509668944446,0.19895860283713862,0.06229318386873259,False
CCDC53,-0.0019139834141866663,0.05397887094133233,0.5229570469889839,False
CCDC57,0.00406704163646508,-0.0320787930977727,0.7888810336527302,False
CCDC58,0.0032026198122545456,0.10538442940452915,0.17896304576457672,False
CCDC59,0.0018268986686954542,-0.30022650877546075,0.10686143335755512,False
CCDC6,0.008040874901555,-0.05456732718416991,0.41670533555284095,False
CCDC61,0.0003681631969681819,0.22745782747523993,0.12409494632509059,False
CCDC66,-0.000515435187275,-0.2680956612300003,0.14731749377260656,False
CCDC69,0.0020154356018166667,-0.1438057253110417,0.10329524550404436,False
CCDC71,0.0003988091012647058,-0.0014490888096547346,0.9837919870544316,False
CCDC77,-9.923267507297292e-05,-0.14289733348898243,0.22801404551299972,False
CCDC80,0.001175171018352941,0.6614540586751269,0.0002834734876962127,True
CCDC82,0.00080911403613125,-0.4887309709578471,0.07421769571963503,False
CCDC84,0.006772861512394118,-0.38082506696252366,0.00019631868891410633,True
CCDC85A,-0.0039107821112,0.1629907321255912,0.10721706555025602,False
CCDC85B,0.0009963253260507146,0.19962598224794006,0.20033768984546252,False
CCDC85C,-0.0009429213925608331,0.05807030642083606,0.3409103613331238,False
CCDC86,0.0006173846427333335,-0.008385327059055238,0.9355474898574162,False
CCDC88A,-0.0012568470377714287,-0.15470831276116945,0.303455161976452,False
CCDC88C,-0.002136169294511852,0.21347922205765882,0.07415778921034931,False
CCDC9,0.005374148315347222,-0.05100348295953016,0.6316858002571852,False
CCDC90A,0.0029396049636699994,0.15986173713903626,0.14787133237784203,False
CCDC90B,0.0017316470730140002,0.04921335938001414,0.5107188485328757,False
CCDC91,0.004728109651883332,-0.07383998241759683,0.6223357490334707,False
CCDC92,-0.0003419374532499999,-0.026769159926283027,0.6211894081003849,False
CCDC93,-0.0001512121620817648,0.03642581875149584,0.749862273430218,False
CCDC94,-0.0005209740304083333,-0.0445091856659962,0.5827105541535083,False
CCDC97,0.0033356327800181814,-0.02306296560613537,0.7822964197419086,False
CCHCR1,-0.0009850744929011596,0.05180703846752686,0.6818460205221237,False
CCL14,-0.0011454206384879997,0.5315418989977633,0.014074730020070167,True
CCL2,-0.00308650218714,0.39537682514136885,0.05673029915092936,False
CCL5,-0.004864366777333333,0.06282394590317962,0.5863613628265969,False
CCM2,-0.0035466536455280003,0.024153348592223664,0.7980852574449852,False
CCNB1IP1,0.0016640194550874999,-0.2480697148317144,0.00911936656326489,True
CCNC,-0.0024993244340499993,-0.23808493528401667,0.017642370243621894,True
CCND1,-0.003785615931991562,0.7426190854150406,0.00015347890200738767,True
CCND3,-0.001016085851097143,0.36730609311019646,0.01988540717188171,True
CCNDBP1,0.0007705536587611114,-0.14777741463321387,0.1241773459988182,False
CCNG1,-0.0007594463440461539,-0.3152172551345666,0.009896102123185362,True
CCNG2,0.003225840297781818,0.12704802846392882,0.3420489412002864,False
CCNH,0.007243031415879999,-0.12991101991878323,0.1715720868980169,False
CCNI,0.0004364827970775001,-0.09146663454503656,0.20370814066464585,False
CCNJ,-1.472044097500019e-05,-0.038770877522549194,0.639533793008799,False
CCNK,0.0027891914054485626,-0.11504714859485497,0.10652439622892772,False
CCNL1,-0.005180055627424999,-0.31057821070698194,0.04865018960578408,True
CCNL2,0.00029708309446666617,-0.24440200729601316,0.08240192688024549,False
CCNT1,-0.0005037718043117642,-0.05091844836566492,0.44254536308428927,False
CCNT2,0.001842998309611111,-0.1800360602126196,0.17997344766143872,False
CCNY,0.0022360095009295454,0.006302882735138449,0.9552527188934009,False
CCNYL1,0.0007695580885661537,-0.04922717698229953,0.6029871554051834,False
CCPG1,0.0008594199177777779,-0.3921854057053186,0.021047335140997162,True
CCR3,-0.004011651244875,0.029334941076365584,0.8602293405939627,False
CCRN4L,0.001944909920207143,0.09966788311763747,0.47460737516452334,False
CCS,-0.0005178736621856002,-0.08645711761515006,0.2714856172029082,False
CCT2,0.0009011935826272729,-0.052212346829941254,0.39838613330827277,False
CCT3,0.0011082145193105262,0.0385124668130244,0.7173672113606024,False
CCT4,0.00013460869669166663,-0.04753956616274743,0.5224012680180579,False
CCT5,0.00201724798036125,0.08095823234633016,0.21546766183477406,False
CCT6A,-0.0009010116331260868,-0.09683075942272074,0.2434582153696343,False
CCT6B,-0.0008341786997894735,-0.12473531061367452,0.13045606277341615,False
CCT7,0.0016464698567222225,-0.023698582972131375,0.7156952743622075,False
CCT8,0.0005193136963727273,0.0357509517266063,0.5933494021616332,False
CD14,-0.0017767743206111113,0.28187061889204523,0.0528083488981965,False
CD151,0.003918065524555555,0.18666635943147208,0.0994803756216215,False
CD164,0.0006019412560833332,-0.18053433383887507,0.054858992604531406,False
CD248,-0.007194883231225,0.4730827450366052,0.04034541142980925,True
CD274,0.00190180449915,0.16899798448368622,0.11272159747668534,False
CD276,0.003604428499518158,0.19343462270557013,0.20833696620804157,False
CD2AP,0.00030618697418421085,-0.06460942597247649,0.6269602950694227,False
CD2BP2,0.00125561316995,0.029085851851426255,0.7527472033781245,False
CD300LG,-0.01291322826836875,0.662542189807035,0.0018003024844360509,True
CD302,-0.01580555082209091,0.13896158536268602,0.137708581246699,False
CD320,-8.439325721428453e-06,0.19425871165189512,0.04336696248648946,True
CD34,-0.017459291884462498,0.7148973904351108,0.0004099600580625427,True
CD36,0.0013108910537647058,0.3874796360892843,0.015910409442405772,True
CD38,0.004192351106973685,-0.17810336084219694,0.0924407912756594,False
CD40,-0.007511006991166667,0.24070277186264422,0.024088085084066683,True
CD44,-0.0005634077028709675,0.024610296086653903,0.8697995210274383,False
CD46,0.0008476444418071431,0.11065953335399853,0.2745243791785008,False
CD47,-0.0010423779065888237,0.11859797279557234,0.14655483715596795,False
CD52,-0.0018863126196000004,0.14004700362822334,0.3079131912278982,False
CD55,-0.0018167230521562501,-0.12141514997367714,0.16401093958008037,False
CD58,-0.0026043054198166666,-0.11729619930939719,0.18249536889434498,False
CD59,0.003945343702912,0.0034346345817916975,0.9578948585099212,False
CD63,0.0004180125850242106,0.08803493944186336,0.321856260735647,False
CD68,0.005373166244771428,-0.020095316778526443,0.8997892490791171,False
CD72,-0.009566328884942858,-0.11217567618504197,0.09594220307829424,False
CD74,-0.015110947924346665,0.17277251350999345,0.18027905966328123,False
CD79B,-0.007150592229999999,0.47045012705828543,0.0067637400723148285,True
CD81,-8.538193983728813e-05,0.40411844818871,0.00026228106260948433,True
CD82,0.0016777798884527587,0.13765067497269887,0.20635913932933925,False
CD9,-0.00478572448894375,0.4723889359046814,0.002265186456410572,True
CD93,-0.025260665639357142,0.8218372474163871,7.93893017466344e-05,True
CD97,0.0035630960582363636,0.021125954714640093,0.8114849476159456,False
CDADC1,0.0006039081655841176,0.016474274056620244,0.9019161731133707,False
CDAN1,-0.00045275972081764717,-0.04563521739012704,0.6981253821427345,False
CDC123,0.002062980067389524,0.10831442183842922,0.18270976125172297,False
CDC16,0.001262962650262857,-0.15803339238205225,0.04210103188924637,True
CDC23,-0.001135901750185455,0.13356970974904966,0.13346593896198936,False
CDC25B,-0.003632674019234706,0.28669415020835626,0.004024405781104299,True
CDC26,0.0012828932116666666,0.1897906973983544,0.03227132201623218,True
CDC27,0.00055690542398125,0.00051848605758095,0.9975874447025387,False
CDC34,-0.0001403382143750001,0.19562302136155518,0.014929596194841731,True
CDC37,-0.0011259782849983334,-0.027862433276938846,0.5860875208919141,False
CDC37L1,0.0063917581158935,-0.3304130018822584,0.009286779000777174,True
CDC40,0.0002658434820933333,-0.08670396393675023,0.1854626527399698,False
CDC42,-0.00120814469058375,0.05126457492896536,0.3889058711346619,False
CDC42BPA,0.00015512322915294126,-0.007043110230403039,0.925922019719305,False
CDC42BPB,0.0050004677074775,0.13440838488015175,0.13289384419003963,False
CDC42EP1,-0.00536312418152,0.48338094557334355,0.007234365045519746,True
CDC42EP2,-0.002645302007166667,0.13551656063757675,0.20417050373961737,False
CDC42EP3,0.007524448973279048,-0.04695478790662948,0.7389111091371383,False
CDC42EP4,-0.0031498636156371673,0.08892264218505357,0.295395864604437,False
CDC42EP5,0.007879708201933334,0.35506718996775793,0.018541706175230994,True
CDC42SE1,-0.0032605178049722222,0.11316177985794526,0.28354286261604383,False
CDC42SE2,0.00090345952371875,-0.12074631301248724,0.19291859271604145,False
CDC5L,0.004868751036937499,-0.2477460820444196,0.025976609727176123,True
CDC73,0.004957422464883334,-0.26687383718037877,0.09278183277682898,False
CDCA7L,0.0005656655763169445,-0.08094232798663094,0.6267117316279653,False
CDH13,0.00083661859440129,0.00230228586132052,0.9818424402105017,False
CDH15,-0.003008933118658125,-0.1812222705379253,0.00886456733907772,True
CDH23,-0.002416576475458868,0.3216683985972963,0.008218507229370368,True
CDH5,-0.004211393617039524,0.7030948685357732,0.0005548862466322279,True
CDIPT,0.0003857734644725001,0.25130304735131,0.01951934123552587,True
CDK10,0.0025280935028545452,-0.10085011774105662,0.44075039317555587,False
CDK11A,-0.00026842364044947357,-0.22871294780637175,0.009817555469339026,True
CDK11B,0.00033493203948700007,-0.30797053927813245,0.0011055321478357515,True
CDK12,-3.4787862307856986e-05,-0.09206353306933193,0.3125853172801054,False
CDK13,0.0036189094403300003,-0.2035519723272839,0.020548682638009148,True
CDK14,0.002794152489680001,0.007842426290496645,0.9423308990623551,False
CDK17,-0.0005527882975061109,0.08660586901474564,0.3683237030579535,False
CDK18,0.002204257126832,0.19905357996624656,0.24684706090714417,False
CDK19,-0.001815993214772727,-0.019504059430185558,0.8141202216640911,False
CDK2,0.0033395109848210524,0.23754478210580968,0.1483712469639071,False
CDK2AP1,0.004595627634252,0.1374453404799136,0.2420097018592645,False
CDK2AP2,-0.0006749549197861538,0.4724319691549621,0.002511772928924518,True
CDK4,-0.0007955215045237728,0.18543378327907456,0.11701454634268649,False
CDK5,-0.0010300911617114703,0.20925104192597252,0.1691712044328309,False
CDK5RAP1,0.001361250566123077,-0.14160244457054655,0.06496983538147184,False
CDK5RAP2,0.007479820388255555,-0.27262829228062585,0.00099091626505734,True
CDK5RAP3,0.0009048787769111538,-0.12372328872569635,0.3888685061322341,False
CDK7,4.493357881818107e-06,-0.19635861409285027,0.05889794913642164,False
CDK8,0.006403988114539999,-0.13742822612593422,0.18229844149335583,False
CDK9,-0.00409029410232125,-0.1504123373172667,0.22172931086817924,False
CDKAL1,0.0041592176979442005,0.1576374325811799,0.09901981311413914,False
CDKL1,0.0022041882909166668,-0.03986930309152032,0.7725254739845107,False
CDKL3,0.0015011823918153848,-0.35569230406453334,0.011040673678075697,True
CDKN1A,-0.0027696654391142863,-0.01717313949331808,0.9045548892375056,False
CDKN1B,-0.007712535736838825,-0.29018171999396297,0.0007032093060915587,True
CDKN1C,-0.0035067516843995125,-0.19690635705872223,0.08738951734584628,False
CDKN2AIP,-0.0007320842653809002,-0.058979305320612685,0.3527353888636766,False
CDKN2AIPNL,0.0022618032150490907,0.046381318457240604,0.4464403386673711,False
CDKN2B,-0.0065081525672,-0.009107767788800685,0.906321698439441,False
CDKN2C,0.0017578470899000003,0.03806991461847204,0.7073269329629923,False
CDKN2D,-0.0016834632037933332,0.2545243164411382,0.007786040952961674,True
CDNF,0.0009171860899046155,-0.1574156658740451,0.1421599046298361,False
CDR2,-0.000964084013586667,0.2528701622041836,0.05109996450806869,False
CDS2,0.00212723001309,0.01692097343890363,0.8077577592163441,False
CDV3,-0.0002595821339214289,-0.3575276381005086,0.00014013631121729167,True
CDYL,-0.0010398930388694446,-0.142279432424384,0.03634053563454407,True
CEACAM1,-0.0094426725442,0.05250635910096411,0.7451803266318264,False
CEACAM19,0.012250209250285716,-0.3364813912964552,0.009947714821204766,True
CEBPB,-0.001712160004849167,-0.1965597826451602,0.38812348650395867,False
CEBPD,0.0002453069209555555,-0.0030312274284772286,0.9901187157940949,False
CEBPG,-0.0004125649325846153,-0.25292628538106693,0.029841597919113668,True
CEBPZ,-0.001176289919731579,-0.49833863463020633,0.008691356062775872,True
CECR1,0.00565803652298889,0.3380521473096291,0.0002217072814333324,True
CECR2,0.018397429664700003,-0.14262536142703766,0.13445578254556562,False
CECR5,0.006645427350124073,0.291079907248201,0.006818557337751567,True
CELSR2,0.0006877722852565218,-0.032829869824295456,0.667010252756815,False
CEMP1,-0.0009369467424727273,-0.05049040653076556,0.6573859136365844,False
CENPB,0.0037944160088999998,0.05116951010208312,0.4985964561591987,False
CENPBD1,0.002154980571664706,0.08168530057143802,0.20649809941160582,False
CENPH,0.00176608293722,-0.0025838173391033296,0.9716322731348316,False
CENPN,0.0020755057735773077,0.25290913356839934,0.00870119544167352,True
CENPO,-0.0005028340327882352,0.07809827339673249,0.20509866292338305,False
CENPQ,-4.548400969374991e-05,-0.18028307695556592,0.05544072155092651,False
CENPT,-0.00041381615430789476,-0.27129611640126544,0.0035738119178501163,True
CENPV,-0.0029598057356576475,-0.19621388835741038,0.0850456013819743,False
CEP120,-0.0005442112039277778,-0.17571759525034084,0.03519333656140253,True
CEP164,-0.0014728974083152379,-0.025632312803793432,0.8624811288254141,False
CEP170,0.006200328894013044,-0.1350162520667851,0.3034894900065113,False
CEP192,0.0017033772638700001,-0.1357961941947129,0.3238907160127603,False
CEP250,0.004191092980315384,-0.04099282465336515,0.6513266108168256,False
CEP350,0.00024218268437437495,-0.2553716081829543,0.19479306970830265,False
CEP57,-0.0005985683313275333,-0.29116013555371206,0.07331140857842339,False
CEP63,0.0017280677942366667,-0.4277762492801697,0.0013109257450114448,True
CEP68,0.0009309731890117648,-0.11744426587054126,0.04358399879352156,True
CEP70,0.0008935769979146151,-0.015478857317851057,0.8978248161491506,False
CEPT1,0.0020667357969777777,-0.07770782831627114,0.4486348044978147,False
CERCAM,-0.0018479089006666668,0.34051905279182565,0.027346854891038795,True
CERK,-0.007281832736263158,0.15310565865408707,0.11570415444160831,False
CES2,0.005585652940534762,0.4628259191379895,0.0012360895717645074,True
CES3,0.0005431910195,0.17010377827797593,0.31478315217259034,False
CETN3,0.00019231403395384615,0.05201671834587622,0.556005020248161,False
CFD,0.00329375226234375,0.034084441797243965,0.871982205923975,False
CFDP1,-0.003386734519891667,0.034589771165425436,0.6970394637833108,False
CFH,0.0170867491126,0.15812743381684813,0.08123195221119536,False
CFI,-0.0213600994785,0.08780074156740766,0.5065291697618894,False
CFL1,0.0008888144707230499,0.36187733096098834,0.004921443505529961,True
CFL2,0.0014946247879593334,-0.17347339373957915,0.06434955803495716,False
CFLAR,-0.0031422627782027777,0.06112690433605133,0.5338635983021571,False
CGGBP1,0.0008842445828153845,-0.15881338836332445,0.11843885717597333,False
CGREF1,-0.00274746046815,0.2007847646678896,0.029265902764902003,True
CGRRF1,0.0038102446015000012,-0.33109660870829877,0.028279683232644924,True
CHAC2,0.0027324434712777774,0.08970594880987433,0.2917262249121297,False
CHAD,0.0008262103785338463,-0.3050839884734537,0.00130767860610088,True
CHAF1A,0.00045668989911818185,-0.25061844409738065,0.07048598441481187,False
CHAF1B,0.01022318870214,-0.31541831115903446,0.0047170163524666905,True
CHCHD1,0.0059214038577,0.1578232555112616,0.0870739946566101,False
CHCHD10,0.0029647440594777774,0.18321881466337783,0.02698427747416047,True
CHCHD2,0.0011522584953809088,0.08468931704568726,0.1849281612459479,False
CHCHD3,0.0045644931373523805,0.14692582036850454,0.0028672196517336604,True
CHCHD4,0.0004977287708657143,0.03656653461431671,0.6509849911307093,False
CHCHD5,0.0006487730103692308,0.12778482015378081,0.17982582564911073,False
CHCHD6,0.004689412579609744,0.0796846326737494,0.4753355313668619,False
CHCHD7,-0.0024868807797500006,0.01776557972070664,0.8120868502392024,False
CHD1,0.009068766148839998,-0.18893711263503243,0.2833574745666778,False
CHD1L,0.0011574904429909093,-0.09725694185110839,0.33015334639414706,False
CHD2,0.007559410657477779,-0.14781307714941222,0.12083352262195002,False
CHD3,0.001557749902479167,0.32393645953785605,0.005867924420945069,True
CHD4,0.004817758970452381,0.0895649365469276,0.42374331998962533,False
CHD6,0.002697549134919047,0.05516985693090721,0.42268186387012696,False
CHD7,0.0019200852844805556,-0.15076515254328157,0.2587338610924555,False
CHD8,-0.0004917563826473684,-0.24975085475746853,0.010867474781273727,True
CHD9,0.0016739239376482762,0.11040316019807374,0.41482137239150385,False
CHDH,-1.883177662105346e-06,0.29154118834770415,0.004805549799919847,True
CHERP,0.0026896813650000005,0.013785377855615864,0.8604085928821806,False
CHFR,0.001722994012343766,-0.008965464832245008,0.9236418026760269,False
CHIC2,0.0017884817892818183,0.19893512765325233,0.08527047083418415,False
CHID1,0.0005384926628880001,0.12087467643088225,0.0525590265392635,False
CHKA,0.002596570441228421,-0.2110235109030563,0.08016634230755483,False
CHKB,0.0019427354847166667,-0.038142483088429865,0.795623365104791,False
CHKB-CPT1B,0.011670190332585293,0.06475044981263106,0.7210785567528475,False
CHMP1A,0.0022363960333016664,0.059158334095047754,0.4515098594409508,False
CHMP1B,0.00487037152713125,-0.20574736025375404,0.006972898206948365,True
CHMP2A,0.005479988015381818,0.009754023763159238,0.8729271857309383,False
CHMP2B,0.0011353142398866666,-0.18708080274850963,0.07333102448222459,False
CHMP4A,-0.0013478631765240002,0.306614020191615,0.006289084169376291,True
CHMP4B,0.000985188639045,-0.043301900889619625,0.5153661350294005,False
CHMP5,0.0007628572908749999,-0.09681216797391932,0.11377784740437522,False
CHMP6,0.0017796589328514288,-0.08969040230248741,0.33666010508241784,False
CHMP7,0.00141753658275,0.0885302033176162,0.25082546616988166,False
CHN1,0.00020974541929655178,0.2935635557741243,0.1203551329824061,False
CHN2,-5.0971193209756114e-05,-0.12067288673693145,0.3436352062238369,False
CHORDC1,-0.0016818494250599998,-0.12825122034685335,0.27958966671398866,False
CHPF,-0.0027314825563722217,0.18776306306277368,0.019113771640680385,True
CHPF2,0.004649327195533333,0.17392924932574572,0.037627903441494,True
CHPT1,0.0034969815509166666,0.27639226967659447,0.023857655556134984,True
CHRAC1,-0.0005219158125400002,-0.12193540062805647,0.2941888873658808,False
CHRD,0.0005353522711111112,0.17612145120368586,0.06462731130380349,False
CHRDL2,0.001014350261625,0.23948765199224303,0.13790923168889718,False
CHRNA1,0.021454783690349997,0.5402216389841961,0.04302092205071025,True
CHRNA10,0.004765094648426999,-0.07541624340536385,0.4802597356576157,False
CHRNB1,-0.0032576873749571426,0.1965647407871597,0.006441111674273262,True
CHRND,0.0157659123075,0.026091741287296563,0.8951608108460021,False
CHRNG,0.012831388453666668,-0.20194124158826368,0.2582671798244272,False
CHST10,0.0014130114712941173,0.2035155097606675,0.11256928039765916,False
CHST12,-0.002726411192914286,0.1942809467310891,0.10736502251600377,False
CHST14,0.00011155865131428582,0.3158420949286628,0.001502726178143791,True
CHST15,0.008393216477136001,-0.011845991513428617,0.9280764071491789,False
CHST3,0.008146885748170001,-0.09791548904968884,0.33142432526065313,False
CHSY1,0.00914063542833375,0.11336534008661268,0.1971852605264638,False
CHTF18,0.0018112584739391308,0.0016362457978684136,0.9925589420267853,False
CHTF8,-0.0005188868374833335,0.14552102781453968,0.09379053611351527,False
CHUK,0.0018638994936636363,-0.0506478095473947,0.579232101563155,False
CHURC1,0.00041094872207647057,0.14179929192948604,0.17672653312746409,False
CIAO1,0.0025793696454500005,0.05242043065165394,0.22729510239651604,False
CIAPIN1,0.0031499231776684618,0.05650787199586491,0.6534739237112612,False
CIB1,0.0017230371605583335,0.16820765884214436,0.07354705957236071,False
CIB2,0.0030775979195746153,-0.03730610684365229,0.826726934552369,False
CIC,0.000740220161256,-0.02089096812875962,0.8823356273536599,False
CIDEB,-0.013144415846695458,-0.01773292773676317,0.7083501114346614,False
CIDECP,0.0019031593537,0.15108885275027867,0.09610593940839526,False
CIITA,0.008657752563092,0.111195333715995,0.46034683016271194,False
CILP,-0.0016142826952222225,0.47572069861920263,0.0016948041546422973,True
CINP,0.0014431622795785715,0.07784324736303093,0.3568505795861825,False
CIR1,-2.765440425555563e-05,-0.5250003904277459,0.006955963718895517,True
CIRBP,0.004858569362604166,-0.26123925426381917,0.0003600839887536098,True
CIRH1A,-0.0017049688682923077,0.03754925502351765,0.5895793521482394,False
CISD1,-0.002132551773195273,0.1915547898296638,0.07842737957081398,False
CISD2,0.0013411610632857143,0.046075211948810695,0.6743222352817793,False
CISD3,-0.00045544639684285705,0.17344317662266828,0.13874476929487023,False
CISH,0.0013930725868212498,-0.3254666812828063,0.48273498479231813,False
CITED2,0.00036895571350000004,0.12306737862174169,0.30924373062881655,False
CITED4,-0.0015495097454230771,0.037255449625244956,0.8308853799412471,False
CIZ1,0.004657308772899412,-0.18942195450393776,0.004582354803222377,True
CKAP4,-0.003960999820494118,0.21309137552147794,0.052538823827930396,False
CKAP5,0.0011310586530782608,0.012192896512061922,0.8854515034881707,False
CKB,0.0015976073494979998,1.0364812898035252,0.001174945657820962,True
CKLF,-0.002861130772642105,0.14925113744405646,0.2843149535534831,False
CKM,0.014899867820577777,0.14413796015536837,0.13343570372227817,False
CKMT2,0.008694232794153847,0.7874678143757161,3.549320228702123e-05,True
CKS1B,0.0037730025501864707,0.12913201057286156,0.21625522905915087,False
CKS2,0.0025012822479888886,0.08151287635825231,0.5780482389985673,False
CLASP1,0.009143756833297548,-0.1763733792734027,0.03393984841710523,True
CLASP2,0.0031688208212190903,-0.1907606547069779,0.17760752936277086,False
CLCC1,-0.002106693231941666,-0.1905292000111208,0.004850931355005532,True
CLCN1,0.010146778245300003,-0.26308691398139633,0.025947549167848576,True
CLCN3,0.003934360823491668,-0.12055798805838186,0.39441030419330614,False
CLCN6,0.0023645044632289998,-0.04120561015349486,0.6270333539717806,False
CLCN7,-2.017199616290333e-05,0.11114921193239002,0.2663055338932267,False
CLDN12,0.0006853002008814285,-0.05831481273946086,0.6893927901988506,False
CLDN5,-0.014675329336594116,0.8433413244862749,2.665698891805305e-05,True
CLDND1,-0.0009205753792777779,-0.06307124011723389,0.459496090802581,False
CLEC11A,-0.012181139786384614,0.39471327616402746,0.036335814780523716,True
CLEC14A,-0.021296593570083334,0.5541173490236757,0.0019408238174576586,True
CLEC16A,0.0030881831217619044,-0.049140802927295966,0.6215434759552838,False
CLEC1A,0.011307350757514285,0.2768826419315839,0.004814771948651892,True
CLEC2B,-0.01356424072475,-0.13340785626327203,0.3502757686707558,False
CLEC3B,-0.007591038764458332,0.49897044914821537,0.011427901020608203,True
CLIC1,-0.011698264871742857,0.6676407492361661,0.00043267299084544627,True
CLIC4,-0.0027434286657349997,0.5028651225400714,0.0014731928529160283,True
CLIC5,0.006217116683851852,-0.0643657240139941,0.3496660102836352,False
CLINT1,-0.00227824536035,-0.22172291318313328,0.0008028232602585525,True
CLIP1,0.010902124078431817,-0.589773337277919,0.00209572474421205,True
CLIP4,0.0028461884577350004,-0.2221811378040455,0.057349476159913114,False
CLK1,0.0007624283018831578,-0.33284152577223514,0.04090401373758193,True
CLK2,0.00046757402175000003,-0.12702195343488068,0.19609286712930069,False
CLK3,0.0028753582336604167,-0.06793258958690568,0.3405239682670058,False
CLK4,0.002327968404970667,-0.3205241713514883,0.06901361224460921,False
CLMN,0.004146221627582143,0.17303197396237968,0.10624506004280826,False
CLN3,0.0005118656327785714,0.15651115614550148,0.09319509887914187,False
CLN5,0.002377053307492308,0.1387068678768299,0.07290595451971052,False
CLN6,-0.0017580945677533335,0.06600359474144221,0.36244362241870887,False
CLN8,0.00039832492277500027,0.25376759380610103,0.0234510975078282,True
CLNS1A,0.00010003163185500004,-0.00675281697897204,0.9117492663685771,False
CLOCK,3.440232107499992e-05,-0.0894125935897873,0.3271195050639839,False
CLP1,0.0030367105493473686,-0.011618244288515383,0.9056479825858237,False
CLPB,-0.0009690657046476188,0.22498925770652625,0.008635095841885357,True
CLPP,0.0033551418424272728,0.09636494881244423,0.22187457344709013,False
CLPTM1,0.0009396654732311111,0.005757576671389522,0.9293056014900329,False
CLPTM1L,0.0025359459965825,0.19927073075727722,0.12727449788940964,False
CLPX,0.0016591821563083332,-0.04657541214004796,0.7324573600899651,False
CLSTN1,-3.587915186342329e-05,0.23601321664559108,0.0006275917110884822,True
CLSTN3,-0.0007458265064681821,-0.014196728033475997,0.9137454577467841,False
CLTA,-0.002458507128371428,0.16228178390203524,0.059373960420613325,False
CLTB,0.006037106576700001,0.12880452283727709,0.05961081661145311,False
CLTC,0.0010560977927099998,0.019735806141288992,0.8443755919715672,False
CLTCL1,0.0069714871392583325,-0.12049703608798962,0.10381473904429489,False
CLU,-0.0003041036310437498,0.4677521657229036,0.02599397521997771,True
CLUAP1,0.002085542446736364,-0.10666001573575891,0.3306715173704019,False
CLYBL,-0.001368279636818182,0.10429034710834846,0.17260126246991045,False
CMAS,0.001597542241036364,-0.05909980123422797,0.3018401180869098,False
CMBL,0.008116035827875,-0.5117664747769481,0.00020752276887666733,True
CMC1,0.0017000633308333337,0.25891270513130954,0.08027495718115527,False
CMIP,-0.0036193436993695502,0.26357034974149546,0.03550425091112456,True
CMPK1,0.00036025770890857133,-0.16197291356811377,0.007839525768218147,True
CMPK2,-0.0035193555592400003,-0.010567655770226336,0.9357227847021055,False
CMTM3,-0.0039093781301537504,0.6220496828584108,0.0020034987797468056,True
CMTM4,-0.0010622624549594445,0.050728997801210735,0.5531834588110851,False
CMTM6,-0.0032055436119928574,0.12013356910855828,0.11135964072648619,False
CMTM8,-0.0015455052763461536,0.21866141987523235,0.05278130635626318,False
CMYA5,0.02526647765539999,-0.9347097933370502,0.00012526359136689363,True
CNBP,0.002603748988863636,-0.3625534068049174,0.00024328739932851501,True
CNDP2,-0.005878446701331667,0.0862873378971296,0.4545256271482766,False
CNGA1,-0.001039780015625,-0.19723343353824443,0.06794627117013409,False
CNIH,0.003125377848234667,-0.030193767071666,0.7124703650047568,False
CNIH4,-0.0014509238261000003,0.012459229976347802,0.8216562822021117,False
CNKSR1,-0.0032131978465636357,-0.3114202559654423,0.004489775940501709,True
CNN1,-0.0011779658955769232,0.504777684222171,0.10214645207826203,False
CNN2,-0.0045598991942466666,0.18334773438849794,0.28911917645232055,False
CNN3,0.0039843912167409085,0.3088998765785669,0.008370462395173996,True
CNNM3,0.009040856262266668,-0.44213808627428297,0.0021477044547532917,True
CNNM4,0.0013910415837037602,0.015248532086570631,0.8785130680751587,False
CNOT1,0.005127136150965217,-0.15682298297635447,0.057999379355897364,False
CNOT10,-0.0007198844488746669,-0.1274869435604489,0.20941506767682777,False
CNOT2,0.0011842292426914817,-0.13188560968333352,0.059624641610872706,False
CNOT3,-0.00035420148184937497,-0.02459169305601693,0.7536245144505461,False
CNOT4,0.0022880516075117646,-0.18468041944997102,0.05157365830101164,False
CNOT6,0.001227725171409091,0.01815544750642177,0.8568463204012616,False
CNOT6L,0.0014261312192333328,0.052661730534555744,0.4238642112634492,False
CNOT7,0.0015766656281066664,-0.2602516722070868,0.004748946731208762,True
CNOT8,-0.003211496183664375,-0.01040144361525948,0.904949883536146,False
CNP,0.004255130161543077,0.21347061079402907,0.00932583256714582,True
CNPY2,0.00304081505973,0.1010630853585004,0.26609027904979643,False
CNPY3,-0.00487756805351875,0.2578624322258272,0.006853915062723385,True
CNPY4,-0.001331900780221429,0.2839821282928882,0.024005739282224946,True
CNRIP1,0.0028021891007470583,0.1704733934206403,0.15146966825453512,False
CNST,0.0014866534121038707,-0.39043223036050423,0.004710337585846479,True
CNTFR,-0.013459114274369232,0.09001934296696668,0.6506059794472083,False
CNTNAP1,0.007836515562786,0.15523550614253495,0.07058791814590486,False
CNTROB,0.0031560278279999993,-0.057231400364786245,0.6125193984858897,False
COASY,0.0051361506383,0.02011182305333041,0.7287656723333301,False
COBL,0.0044840865250365385,-0.2549087480429119,0.0006284275847100482,True
COG1,-0.00012201021736666685,0.05447855105011849,0.5852053271085338,False
COG2,0.0019406174606999998,0.1091362470551044,0.25352192320354183,False
COG3,-0.0011702667804666667,-0.33924462837098673,0.01140451053580815,True
COG4,0.0025829947568,-0.023347866034930907,0.714941942396454,False
COG5,0.0026257368964782606,-0.13994137510009227,0.06658783335819991,False
COG6,0.0006815478217570833,-0.12132720185396573,0.3086365337215886,False
COG7,0.004237236016605882,-0.1145274802010809,0.31415038278548085,False
COG8,0.002996136139864,0.08970609387155302,0.3527109851903517,False
COIL,-0.0008305085696928574,-0.0646701005835152,0.3863142593284796,False
COL11A2,-0.00043449103826806456,-0.1798329308258109,0.05016753851882251,False
COL12A1,-0.004190704530310731,0.34922763278666286,0.02651633131681951,True
COL15A1,0.00401027774849,0.7078605767238949,0.0013506684248482637,True
COL16A1,-0.00170269454624,0.0433320865036297,0.8346945504549381,False
COL18A1,0.003621124510312596,0.7075400763256948,0.003196243855765906,True
COL1A1,-0.00635262864036,1.0178255742553495,0.0017815729818821322,True
COL1A2,-0.0008050090089833334,0.8538387307128313,0.0017312115602181198,True
COL21A1,0.005025733483164285,-0.21270550716684197,0.06961356500666216,False
COL27A1,0.0016048726074491667,-0.030142481522549783,0.7118106683315368,False
COL28A1,0.0045161295877499995,-0.4711003205160785,0.0002990165670542811,True
COL3A1,0.013982545634159998,1.2232166681313184,0.00013146422600450051,True
COL4A1,-0.0023376117046310144,1.5961865951957925,8.493427218959614e-06,True
COL4A2,-0.003320450680552985,1.6112072653135832,6.9991641944285675e-06,True
COL4A3,0.009194419697949999,-0.6982339110385986,0.0074257108911145045,True
COL4A3BP,0.0023574471945954547,-0.11028433496561872,0.355921191420946,False
COL4A4,0.0034754858936375,-0.4016742762222279,0.005143421579470311,True
COL5A1,0.003235189236259475,0.47601534696972564,0.028131985203122913,True
COL5A2,-0.00049980253163125,0.32979673337641896,0.02064696539053724,True
COL5A3,-0.001475053391855625,0.04927758386201287,0.7288167294561742,False
COL6A1,0.001240783088451613,0.36251549877709094,0.029346117187358436,True
COL6A2,0.0008870554111496666,0.5358985420686437,0.0021177881242445728,True
COL6A3,-0.002162369010772642,0.6349792959597493,0.002629953810900407,True
COL7A1,0.00018081798968181786,-0.2101508371391807,0.20922258017067688,False
COLEC12,0.004484497076375,0.39012313991939696,0.012799951698299788,True
COLQ,0.010249523431033332,0.1983456360126521,0.1409126828381321,False
COMMD1,0.0027705704810333334,0.05593470150959497,0.5853738730112408,False
COMMD10,0.0004090494321379,-0.0005819807749002673,0.9952198100895915,False
COMMD2,0.001429741592206364,-0.023210689645591132,0.8613314449649768,False
COMMD3,-0.0031294615495936844,0.17835751790111223,0.05301477982944945,False
COMMD4,0.0010035745086700004,0.056264473991052395,0.38634684215784887,False
COMMD5,0.0007210108766357141,-0.05075534852295327,0.44791441246653574,False
COMMD6,9.074438526000007e-05,0.23412038180689645,0.02999866099395448,True
COMMD7,-0.00023948438617333334,0.12008573612663875,0.14345001704918978,False
COMMD8,-0.0019363723836500004,-0.00822777304101137,0.9449958494888686,False
COMMD9,0.0007150513845785718,-0.04293747563506449,0.6600332970758515,False
COMT,0.00851471940231925,0.058715308421389494,0.27394660151435835,False
COMTD1,-0.0006758194985833333,0.6052186248966822,0.003225064838204757,True
COPA,0.0015341915993714284,0.06899788592393975,0.1935006104186529,False
COPB1,-9.414143344999998e-05,0.017646765414531564,0.8430105905672104,False
COPB2,0.002111591955103846,0.04716992993054287,0.5284165686651419,False
COPE,0.0006680480664,0.2222630099547481,0.005203066609135114,True
COPG2,-0.0002851621606118179,-0.0010907541268913125,0.9907320612953133,False
COPS2,0.0001548391797263156,-0.35785912513215695,0.017366565710022583,True
COPS3,-0.0015987828181399997,-0.09109204027522579,0.2097925058297721,False
COPS4,-0.0008068980203039999,-0.08040645368758953,0.30080208666255165,False
COPS5,0.0033500504625,-0.11626575408418666,0.116470521893979,False
COPS6,0.0005739422983166666,-0.03633693723521756,0.4804867808254333,False
COPS7A,0.0005188259874466666,0.08586019354802313,0.04459848185137607,True
COPS7B,-0.0011618448404384616,-0.0598179788815053,0.4503426935567001,False
COPS8,0.004999933013924668,0.005477763860098925,0.9121590386632364,False
COPZ1,1.228801558999992e-05,0.10051435206113526,0.12144369470416504,False
COPZ2,9.314900128571418e-05,-0.1244854833910897,0.16509453159238455,False
COQ10A,0.0021594399509105256,0.27283988192820163,0.06399672595156339,False
COQ10B,5.611659240624998e-05,0.002911776164988732,0.962411125770865,False
COQ2,-0.0025654550429300006,0.1529094220854404,0.08956693381889012,False
COQ3,-5.439630061538464e-05,0.43012823368522746,0.00010231024390260898,True
COQ4,-0.0020699027759999997,0.2110497947824075,0.001715457684801789,True
COQ5,0.0026906595447483334,0.23544887462791156,0.0010547538131711457,True
COQ6,0.004532279380794118,-0.0011173867156697235,0.9903076324680853,False
COQ7,0.0012997686204642856,0.03097516383311749,0.5814027288555499,False
COQ9,0.0023830633597227272,0.2242380281404614,0.00031775194503664715,True
CORO1A,-0.0018160882218750006,0.31391774709326087,0.007509080647592255,True
CORO1B,-0.0009492331989430003,0.34043776546264204,0.014901133443900549,True
CORO1C,0.005926867691925925,0.04514664466502862,0.7419396418210331,False
CORO6,-0.0106179766726875,-0.16694788138777836,0.06465423772591306,False
CORO7,-0.0009714790217472978,0.05276251931194413,0.6920662805789457,False
COTL1,-0.0013930460452760002,0.38193679157385835,0.017245175799849237,True
COX10,0.0019088285765045453,0.23218113960888934,0.00887798426496089,True
COX11,0.0012946325681527779,-0.10026742276256216,0.04168639752723591,True
COX15,0.001623272203365,0.1854910986477981,0.02566419554612195,True
COX16,0.0014574179441692306,0.026060410162908762,0.7503956264756626,False
COX17,0.0014299741786727273,0.0762249363991784,0.3024987848142532,False
COX18,0.00015086405265121432,0.37235032369486576,0.0016093509131818217,True
COX19,0.0047766039688544835,0.0524958239675885,0.44053964312226135,False
COX4I1,0.0013162304018084618,0.36600223732821635,0.00014768495031421334,True
COX4I2,-0.002393027226,0.608007381448185,0.0008416314206346169,True
COX5A,0.00011400378238181812,0.29420215201271804,0.003438613445433227,True
COX5B,-0.00037488502804615376,0.2272670303324342,0.025095102333904003,True
COX6A1,8.6094164525e-05,0.4479827112215697,0.000949570528407669,True
COX6A2,0.0219653422685875,0.09571034603938697,0.2734231693918132,False
COX6B1,0.0016319648201199998,0.3034264665693307,0.0008428598587227256,True
COX6C,0.000999816143576154,0.16257540796115902,0.05704062121620086,False
COX7A1,0.01142723081325,0.10517240539195799,0.1747710968851864,False
COX7A2,0.00012245858669999998,0.5195554983507971,0.0006945526376080374,True
COX7A2L,0.0023790510231214285,0.11287387572452591,0.036871091480634444,True
COX7C,0.0009070180350461536,0.21056881944415534,0.00978909914952053,True
COX8A,0.0024347567609799997,0.21003163397173,0.023390233328570702,True
CPAMD8,0.0003611960011380952,-0.15287263246874222,0.27995386427039487,False
CPD,-0.0019187028991599997,0.29076008622087224,0.012489261845028911,True
CPE,0.0009580577060273076,0.27944530958453234,0.08924382351383874,False
CPEB2,-0.0009715999539142857,-0.3011548975380693,0.0076409203263553115,True
CPEB3,0.0061822974672075,-0.27733355808023746,0.05307172443960036,False
CPEB4,0.0034621348777752166,-0.09315789568139753,0.45299378745780106,False
CPM,-0.00031837976162529396,0.07318419405724744,0.7089721537965614,False
CPNE1,-0.0009722677447470589,0.03567647774869567,0.6304234045465432,False
CPNE2,-0.005580971631311112,0.3142810480908072,0.005395569969288867,True
CPNE3,0.003085230133981111,-0.07666172486382004,0.42058297905269293,False
CPOX,0.00186220354012,0.13237871521979486,0.07712571669076311,False
CPPED1,0.0011000389734866665,0.006449340934282308,0.9078126825242256,False
CPSF1,0.0007908971368277777,-0.045071292557389224,0.7607800637422255,False
CPSF2,-0.0013041408920999996,0.06254981788411101,0.5473209260503042,False
CPSF3,0.0024735240709833333,-0.026470199608761492,0.7606262046579013,False
CPSF3L,0.004752988465235599,-0.15318193313729553,0.05195585347567236,False
CPSF4,0.0018529601168000005,-0.1120722099969202,0.05433564289886314,False
CPSF6,-0.0006322542784,0.13157432065530675,0.19644843994742364,False
CPSF7,-0.0018995595513307698,-0.30369159375056043,0.0045506299725163145,True
CPT1A,-0.0019477239626118517,0.5387280289448033,1.028121220200414e-05,True
CPT1B,0.020614666029894733,0.4286559430725798,0.0005735657707898733,True
CPT2,0.0010680133630018183,0.5531960388616558,0.00011975895812943003,True
CPVL,0.00903025793125263,0.32182996979886785,0.0012625497530220555,True
CRABP2,-0.0027092769607785713,0.42279136857675553,0.05485104569264525,False
CRADD,0.004310273001699999,0.03513553596574988,0.7887550950822079,False
CRAMP1L,0.00037494759990357174,0.06419831714121127,0.39989826207231305,False
CRAT,0.006048420620833332,0.34109119468297655,0.003404858402714885,True
CRBN,-0.002005750730246154,-0.12055389530460586,0.196780871719756,False
CRCP,0.005886979189047,0.1203040772562689,0.28962043640407137,False
CREB1,-0.0010416184009288238,0.19791515867292553,0.06634995522438367,False
CREB3,-0.0009008671304125001,0.12997219038979033,0.12173830528255407,False
CREB3L1,-0.002256624295452175,0.2614551628452211,0.04331038481111365,True
CREB3L2,0.0025859144114419356,0.1723951744845295,0.0024903907081049222,True
CREB3L4,-0.003084372964440714,-0.08234789862723722,0.25976877203224397,False
CREB5,0.004963788597516883,0.11150756594627093,0.443831869569115,False
CREBBP,0.0029347377957754544,-0.30674748322956646,0.012733817802115214,True
CREBL2,0.000901632631418,0.008103527114782703,0.9203194071591974,False
CREBZF,0.0014883172622854547,-0.3157363802757102,0.03097793705634936,True
CREG1,0.0008409800617090905,-0.0055096400739842654,0.946925230502632,False
CRELD1,6.277693058333333e-05,0.030944746180260795,0.5301319901340318,False
CRELD2,-0.00013436375270136364,0.15334830750649034,0.11277614136207958,False
CREM,-0.002037801635210256,0.07712966980592526,0.40197232301172503,False
CRIM1,0.00196302516544902,-0.32024933390019306,0.017895163213111798,True
CRIP1,-0.021603436357571427,0.6995066138278998,0.003944846418685669,True
CRIP2,-0.007717443847869565,0.48754602567643857,0.010143354884795643,True
CRIPAK,0.0024232909755555554,-0.09844987818248763,0.08568339514236652,False
CRIPT,0.001665215613916667,0.07681194198036558,0.5197499711963709,False
CRISPLD2,0.0033869524314522853,0.15190193710955555,0.16953809291363192,False
CRK,0.004961949516307692,-0.061077007281988636,0.5028806961210919,False
CRKL,0.004060091017741667,-0.09091546894874535,0.11385937767964847,False
CRLF1,-0.005730200478925925,0.17027847563648776,0.3857813411372202,False
CRLF3,0.0005983834610555554,-0.10142299298810195,0.2772911577158758,False
CRLS1,0.0009850594059199998,0.017529612004229724,0.8563072079348798,False
CRNKL1,-0.00220176748067,-0.2358378728093234,0.012452572211790363,True
CROCC,-0.0006986686781895,-0.08000495016889601,0.4916018339406585,False
CROT,0.0017663968686905558,0.02929908803463205,0.7400467441349038,False
CRTAP,0.0018176656378866669,-0.013408781637676974,0.8828401481301568,False
CRTC1,0.0032062906804714284,0.06896919921552537,0.2201768597139499,False
CRTC2,0.0022531146864571425,-0.08931436605569341,0.453859720312042,False
CRTC3,0.006345761578589999,0.013932792633062595,0.8179654594668426,False
CRY1,0.003634395099681928,-0.15810230327245167,0.17231927472483777,False
CRY2,0.0046517311159349995,-0.3024623657143559,0.005389247737635073,True
CRYAB,0.013437031810666668,0.01393021021780621,0.8698046941057689,False
CRYBG3,0.0020009680834222224,-0.2761222729564545,0.018872377940346477,True
CRYL1,0.00100526907515641,0.12741368985054488,0.11480738021657297,False
CRYM,0.0015332945736853845,0.11623120471166332,0.2147470688193928,False
CRYZ,-0.0025479418526846154,-0.11306480331297858,0.13388176325874532,False
CRYZL1,0.004333748818345456,-0.055970467780345985,0.5770256417898705,False
CS,0.002963512912106667,0.2328999226608434,0.0023742856183718987,True
CSAD,0.0010272338577470587,-0.22758643329874426,0.14023001843472518,False
CSDA,0.003239719062861538,-0.2080412815449443,0.0015280076221051294,True
CSDAP1,0.0026920938205538462,-0.11911586770808423,0.16724483656562833,False
CSDE1,0.0019738922370777776,-0.4566450128153787,6.95722366180625e-05,True
CSE1L,0.0007584808234268748,-0.058282952531575276,0.30854380606668963,False
CSF1,-0.0038397759097166667,0.06595190913339559,0.4779911440759549,False
CSF1R,-0.0038511717523066666,0.33617848066682027,0.018318858910721186,True
CSF3,0.017336150416342858,-0.29217860110522603,0.13889004181497724,False
CSGALNACT1,0.001376716061193571,0.22758824878630704,0.26148108716438806,False
CSGALNACT2,0.0024322544579231577,-0.1666037361831173,0.08261773972303876,False
CSK,-0.0003503629929333334,0.284243632912427,0.01040168779794663,True
CSNK1A1,0.004132250261425999,-0.1319441813816466,0.1716062616498758,False
CSNK1D,0.0011650909005485367,-0.01046183907232971,0.9098445162563435,False
CSNK1E,-0.020021910133135,0.05306737224221032,0.2531552501842725,False
CSNK1G2,0.003213695551744445,-0.013344557859484367,0.882193427165624,False
CSNK1G3,0.0027356674902866665,-0.05903375481526807,0.5543941199829578,False
CSNK2A1,-0.0010352873924000003,-0.09151686427022893,0.20677065321856225,False
CSNK2A2,0.001421050928458333,-0.06333973213286313,0.3433302350898867,False
CSNK2B,0.0011905329695491894,-0.07053707411044846,0.18575551801314488,False
CSPG4,0.0004349514611383334,0.18081587703703142,0.12857636666800093,False
CSPP1,0.0016074194555226666,-0.3543755480040179,0.012666636080993044,True
CSRNP1,-0.0007090562800588234,-0.031927013054201196,0.7658123874282562,False
CSRNP2,0.003790910776253333,0.04519178055587973,0.5934460405598476,False
CSRP1,-0.01376611227876875,0.5115695502864944,0.014128130083358106,True
CSRP2,0.002148851007361539,0.16614398011551867,0.21346166901186983,False
CSRP2BP,0.0008708495348790909,-0.09858844814263143,0.2056748499888276,False
CSRP3,0.019140360479375,-0.07797723291719767,0.6787023667594498,False
CST3,0.004332374460033334,0.403337991025362,0.005222184922921749,True
CSTB,0.002821381370116666,0.3425637105781066,0.0027508559267419097,True
CSTF1,-0.0014712038311760001,-0.1260758227456806,0.10221077228892228,False
CSTF2T,0.0012416982053428571,-0.0528715350410085,0.44090483992413887,False
CSTF3,-0.0030803933948642856,-0.07403074337465299,0.60692743238608,False
CTAGE5,0.0019656635557374997,-0.2509285645631482,0.20517369986527192,False
CTBP1,0.002451898235368262,0.08250811418133562,0.3249481007949311,False
CTBP2,0.008280310086580655,0.023968137090299383,0.8213923666430244,False
CTCF,0.0037994575180125,-0.15916872021453335,0.0028034494283053837,True
CTDP1,0.001390129562785942,0.11198794702479181,0.05675855069708721,False
CTDSP1,0.0022955608027384997,-0.0918982753610055,0.16725092157824456,False
CTDSP2,0.0022507871661367855,-0.05729833789657501,0.3318468493005432,False
CTDSPL,0.001474516226304,0.1343204457038797,0.3383921470890108,False
CTDSPL2,-0.002196568917120714,-0.06279445192289987,0.5949102998099712,False
CTF1,0.0025117159892425003,0.02219150405348908,0.7123239729798108,False
CTGF,-0.004401541847623076,0.3187589403070751,0.092847080478585,False
CTHRC1,0.00059844521775,0.8582518063182115,0.00021606984879514509,True
CTNNA1,-0.0009266800926185185,0.05577219993290045,0.5136860631280659,False
CTNNA3,-0.0018759323345444118,0.24472454014405554,0.16482422153034698,False
CTNNAL1,0.003276346898456001,-0.19173464438922527,0.03490490876351259,True
CTNNB1,-0.0029269945521125007,0.09400877937743157,0.18479418962309493,False
CTNNBIP1,-0.0001572373355430769,0.37241173190343363,0.0004724039493018477,True
CTNNBL1,0.00014873661051000036,-0.05994867429098589,0.582549863085142,False
CTNND1,0.0067261888417833315,0.2175164991572392,0.02329173342580915,True
CTNS,0.002000565335990323,0.08720066832816115,0.3382580049785343,False
CTR9,0.001858082546992307,-0.09073276865798974,0.3924132277422886,False
CTRL,0.00399605066675,0.05727289838457781,0.7728680603303637,False
CTSA,0.0013202147838555557,0.44766331197233017,0.00021829351969928547,True
CTSB,0.005728572421037501,0.14821689908843708,0.01671329116981265,True
CTSC,-0.0016817564165666663,0.22249797961490037,0.016218949067738152,True
CTSD,0.001991187309396154,0.24148765944926562,0.005152589492182467,True
CTSF,0.0035182111530769225,-0.3025137650362935,0.0022515691202334375,True
CTSH,-0.0007844836728600002,0.1896668130380719,0.047182624135097675,True
CTSK,0.00032852126255555593,0.23354454525088447,0.07417833801014005,False
CTSL1,-0.0016071708526888887,0.002714237741959073,0.9710961363283229,False
CTSO,0.0008960564795500002,0.17634665702787625,0.0761736910318369,False
CTSS,-0.0175710140472,0.39666478834094043,0.017031675692190173,True
CTSZ,-0.00624717388014375,0.2689303928528943,0.005745552783444399,True
CTTN,0.0029145062759941506,0.009299110174095692,0.9450309927178266,False
CTU2,0.0022978483435325,-0.012947484469012808,0.9015358689677386,False
CTXN3,0.0030428200807372727,-0.12375198780070153,0.41049819944608557,False
CUEDC1,0.009827407376854166,-0.1680048403746853,0.16273863861895954,False
CUEDC2,0.0007720120916081818,0.13702779733263695,0.07597533050144295,False
CUL1,0.00893652713611613,-0.21395646349229278,0.0004992660563222615,True
CUL2,-0.00037538465405692297,-0.22839426783449068,0.0678552418993178,False
CUL3,0.00242718200055,-0.24792263668645684,0.0015432456636249867,True
CUL4A,0.0014677774207578949,-0.19048496408210117,0.012902507599452093,True
CUL5,0.008528005616266666,-0.4155608088145604,0.015254739220928902,True
CUL7,0.005804377388600001,-0.11483134408784386,0.08103304816636607,False
CUL9,-0.008372440507500002,0.13371086331372564,0.33509086560208,False
CUTA,-0.0004939491936024591,0.036655268476894515,0.7086055573793837,False
CUTC,0.002910941045015,-0.16045902680779497,0.05474968621747779,False
CUX1,0.010560730953657041,-0.12708621243766877,0.10627044630894138,False
CWC15,0.00121508208736875,-0.10868460251096215,0.050252083742679914,False
CWC22,0.0026745038502785715,-0.37249954041381783,0.016520923878585246,True
CWF19L1,-0.00018009968366666668,-0.07735650208213345,0.19837630331614847,False
CWF19L2,0.0004883059042200001,-0.33189332300946356,0.00029021479254641853,True
CX3CL1,-0.0026630016330805545,0.2438067075100186,0.1676957795895597,False
CX3CR1,0.0028542794029400003,0.16322207070665418,0.05403569557400474,False
CXCL12,-0.003636643982125,0.235626730964992,0.06747473872325152,False
CXCL14,-0.0071039806214923075,0.05653964049613158,0.5609519290285949,False
CXCR4,0.00431922798144,0.5452900290310686,0.003983315715805975,True
CXCR6,0.009786006023614286,-0.3285550632323881,0.15386896752899287,False
CXCR7,0.00511119369396125,0.19649016971591185,0.27329647036044663,False
CXXC1,0.003425084919319999,-0.13146758886932314,0.25687686224857365,False
CXXC5,0.013577169470218604,0.05604116680371509,0.6961007393914413,False
CYB561,-0.004239764775726924,0.44205352315796825,0.0007299252034717147,True
CYB561D1,0.003068792793414286,-0.050727232332390224,0.6319957598833619,False
CYB561D2,-0.0022858770239400006,0.14423641526380654,0.1092773664011393,False
CYB5A,0.0010342330330542857,0.175648727723771,0.05028873013072346,False
CYB5B,0.0029939879830800003,0.09100135123648281,0.28007203963546357,False
CYB5D1,0.0006156749093055557,0.16511369312755153,0.12988546886426292,False
CYB5D2,0.000793129171852941,0.26942346599039746,0.04850555052975269,True
CYB5R1,-0.0013354597083499997,0.10201900808235634,0.11256283700147199,False
CYB5R2,-0.00178278327624375,0.1529998585729722,0.18207187178185988,False
CYB5R3,0.0016822374111208694,0.0689683839281519,0.17319495798199042,False
CYB5R4,-0.00040068266222664285,0.09455148062636992,0.3733024021546282,False
CYB5RL,-9.545729278789483e-05,0.006853472421838273,0.9245761908908232,False
CYBA,-0.006356130369376191,0.4870280985286252,0.0003804435694442259,True
CYBASC3,0.0004211315522619048,-0.12090204132071204,0.24215561425345586,False
CYBRD1,0.004455735055003636,0.20256172054566585,0.059581786073363,False
CYC1,0.0006554513792600003,0.36176051592601755,0.0007136643965397554,True
CYCS,0.001013413534190909,0.45392813487989214,0.0006892817500361727,True
CYFIP1,-0.0023294232839845453,0.17677055204828754,0.15009491093408367,False
CYFIP2,0.0033354306147051274,-0.05208919865522124,0.5920111322139453,False
CYGB,-0.0034140478815592604,0.5519017253670704,2.039157901281069e-05,True
CYHR1,0.005245379812376897,0.17938151560091295,0.053906178427839714,False
CYLD,-1.0697758412499953e-05,-0.14922786403633562,0.16474686623439566,False
CYP20A1,0.0025977760744999995,0.024705999721272208,0.7987155707131331,False
CYP27A1,0.0077966531676000005,0.014417890519073577,0.8920908695142317,False
CYP2J2,0.0047890022918,-0.05007150605754191,0.7105795700950172,False
CYP2R1,0.0006676427177599998,-0.13991075815582912,0.32452052555160216,False
CYP4B1,0.009716523634166667,-0.7290226596575813,4.136277961599205e-06,True
CYP4V2,0.004273511402151054,0.2156548003833593,0.13580021738074158,False
CYP4X1,0.0020087565875479994,-0.23330719394763613,0.01174282926355086,True
CYP51A1,-0.0027980940121708265,0.0009907431073872062,0.9871057743089374,False
CYR61,0.0003713052464818182,-0.09588825021926972,0.6647022502014817,False
CYTH1,0.0028343323727527776,-0.14432455323778354,0.0886381785823569,False
CYTH2,0.0010842262881142857,0.12137198324360332,0.3371170515529952,False
CYTH3,-0.00043649769499146346,0.10606817926580268,0.2304322233693002,False
CYYR1,-0.00725543516686,0.26587872504827953,0.0193000205509456,True
D2HGDH,-0.0009908773848448888,0.1287782637986867,0.09630436714002064,False
DAAM1,0.0024915051745272726,-0.07319118287396555,0.5575646516142385,False
DAAM2,0.002290730461904,-0.005134051710391618,0.9602948113053305,False
DAB2,-0.0059823910933,0.4467926948753046,0.004464041856729253,True
DAB2IP,0.003327608029492777,-0.12835945399689921,0.031791064400406764,True
DAD1,0.0030786851184083333,0.1124109602335611,0.17075364072579016,False
DAG1,0.018790620835294737,-0.06337029169411211,0.35197829259992064,False
DAGLB,0.0011082922570275862,-0.09823995212820043,0.24361716821848114,False
DAK,-0.00047009963593076917,0.3121673900370668,0.010285253835599611,True
DALRD3,0.0008806017020233332,-0.09533845680346181,0.23029833791509893,False
DAP,0.00029086042321666667,0.3160304923691121,0.039059233668360525,True
DAP3,0.0005160014063362499,0.13604517230863786,0.04343332724678546,True
DAPK2,0.009942991237395235,-0.11202371970642674,0.31842310763562026,False
DAPK3,0.010930611234682353,-0.4416630764372804,0.00022557764511159544,True
DARC,-0.009671180848875,0.16486222878437012,0.1487099289975641,False
DARS,0.003726765935091667,0.028899506431463926,0.6414648965945196,False
DARS2,-0.000549264971881818,0.2635764532962868,0.01360201135364817,True
DAXX,0.0018149130765797872,0.02138806303377311,0.7939379959965013,False
DAZAP1,0.0037525072708424327,0.05815816719157314,0.5292413555205433,False
DAZAP2,-0.002693881752165556,-0.08573701130431016,0.09026140800778791,False
DBF4B,0.0001769778325846153,-0.15968223819091149,0.15880440414451327,False
DBI,0.0026899641258726313,0.3046715702415973,0.0008917913407128318,True
DBN1,-0.002375664941502857,0.3905756360065513,0.025383307684113135,True
DBNDD1,0.005884280583770588,-0.16410976681050568,0.11043730375893021,False
DBNDD2,0.0002987675047761905,-0.10344269275301231,0.24361629628553882,False
DBNL,0.0008477043141271428,0.2140558315051169,0.09656817922930806,False
DBP,0.00197426585814,0.16350587975346034,0.19599956235466123,False
DBR1,0.0013918941556153848,0.023911815004943406,0.6751265028045983,False
DBT,-7.789019753846175e-05,0.1567832662573703,0.06974473539851117,False
DCAF10,0.0036605309398571426,-0.12007823042630625,0.37966021988366394,False
DCAF11,0.0001339031694555555,0.25854550364719897,0.02113721197555986,True
DCAF12,0.0005774341319333334,-0.06519743546252159,0.3056633722871288,False
DCAF13,0.002043284582969231,-0.03879379891674633,0.6898087769619372,False
DCAF15,0.004984862300376112,-0.04032073185972817,0.577341386610857,False
DCAF16,0.0002882653693799999,-0.1071706028860173,0.16196198626955854,False
DCAF17,-0.0012689444337142856,0.09687740096652614,0.4362296587657203,False
DCAF4,-0.0014412148097409088,-0.06357456154492071,0.5921625888306796,False
DCAF5,0.00504548798573,-0.08279144033043127,0.09548211175589363,False
DCAF6,0.001107634491225714,-0.18862872371614647,0.00014310054991042602,True
DCAF7,0.0009033555196125,0.09498201978952527,0.13639769648069755,False
DCAF8,-0.0010852480824566843,-0.1742499220780907,0.03160599512681507,True
DCAKD,0.00016078936508484828,0.1881792228418916,0.06976126021919565,False
DCBLD1,0.0033020206579173917,0.15389404315325314,0.14413031961019665,False
DCBLD2,0.0006469028644809525,-0.0655625947043988,0.4826357347698652,False
DCHS1,0.0012423259480398498,0.47750174784642657,0.0004729498779408094,True
DCK,0.0006202346489692302,-0.06360292413353813,0.4804495576647957,False
DCN,0.010339347902999998,0.300016113840058,0.11557077210688635,False
DCP1A,0.0011421636147235293,-0.046551892985496564,0.5777424353034591,False
DCP1B,0.0008710030762166666,0.021563985374810492,0.7894800195098883,False
DCP2,0.0018113414857785716,-0.0022208233310758415,0.9747423284487343,False
DCPS,0.0016934683919760008,0.028600940269013456,0.6453931955802759,False
DCTD,0.0019227822400173687,0.1462245251261343,0.16888903946875886,False
DCTN1,0.004017089380000001,-0.030856578826336353,0.4493793408453599,False
DCTN2,0.002765441405305883,0.08574885570511827,0.24720553989518781,False
DCTN3,0.00121139639626,0.009187152130503584,0.880775854404118,False
DCTN4,0.002427246503442857,-0.19979537758067362,0.012252746204039447,True
DCTN5,0.000333934618730625,0.035348933412567576,0.7100330935555763,False
DCTN6,0.003440436041181818,-0.07879987843859526,0.2061598578423654,False
DCTPP1,-0.002147684039051,0.3371594929974799,0.0007173782314621283,True
DCUN1D1,0.0030551086773000008,-0.3193004505759199,0.19564147276258806,False
DCUN1D2,-0.0021363145637978568,-0.12265404905011473,0.1602254642333446,False
DCUN1D4,-0.00016199455207777796,-0.3341085809486502,0.02609570654655221,True
DCUN1D5,-0.0007884082668777688,0.05520172216146432,0.3499559612124761,False
DCXR,-0.000841271182,0.36391982270159745,0.009952746704420236,True
DDA1,-9.958322706249921e-06,0.19954386187254086,0.14887238455398777,False
DDAH1,0.0019549298343612244,-0.09742103848177325,0.34212647479323677,False
DDAH2,0.001181124822372113,0.42966018857436994,0.02226915445233565,True
DDB1,0.0017031765997687501,-0.0028255386712270954,0.9487656628936778,False
DDB2,0.0037624209616249995,-0.09091163651578715,0.38569470221986457,False
DDHD2,0.00213140069792,-0.13018363507375943,0.09307755380160646,False
DDI2,0.005335099355209091,0.05858411378163675,0.6092893734796245,False
DDIT3,0.0024544493863250002,0.17463969432088466,0.09055601814597233,False
DDIT4,0.0006790415847852632,-0.027689874318286692,0.9144496878118549,False
DDIT4L,0.00431181701186,-0.1618288965095611,0.36346197365708977,False
DDN,-0.002583998134334375,-0.2225571053660957,0.28869408476117,False
DDO,0.007895561802735002,0.07585570602245816,0.36551731391105124,False
DDOST,0.0029190688996076916,-0.01844226266988908,0.830992523101574,False
DDR1,0.009755516153971706,-0.3094129840489543,0.03236071075772431,True
DDRGK1,0.0015332137142785721,-0.007238699336474424,0.9025169831187467,False
DDT,0.0023276104493333335,0.32932950109237286,0.004605362112218526,True
DDTL,0.006245750132,0.22579606366004112,0.008806132687520288,True
DDX1,0.0028394000381,-0.11592411717103718,0.05357524289623636,False
DDX10,0.001316101160042857,-0.15389587683346187,0.14030314575035854,False
DDX11,0.0032170748429275003,0.012926914972060494,0.9198171404517211,False
DDX17,2.2711185276842256e-05,-0.2447375644062696,0.08735561572929854,False
DDX18,0.0012036039109950005,-0.008847380003815151,0.9304742160526995,False
DDX19A,0.0014228975832777776,-0.10782152781984967,0.013854842903472652,True
DDX19B,0.006926338010675,-0.07088213397047513,0.5616208649836223,False
DDX20,0.0013984902201555555,-0.1404771284227169,0.12230125705091176,False
DDX21,-0.001794744318129412,-0.15291198000558345,0.13669850251338345,False
DDX23,0.0007422444430666667,-0.1650796080131122,0.03103044573121605,True
DDX24,0.0008556797966466665,-0.17374214266576746,0.040498568498817916,True
DDX27,0.0022862866287233336,-0.16401586551551545,0.05169174509107941,False
DDX28,0.00011398840413176474,0.16837695875464395,0.0009391777804356094,True
DDX31,-0.0028680746801480004,-0.015754093762545107,0.8709367691445852,False
DDX41,-0.0007814813335437499,-0.007289197275142343,0.9368421217660134,False
DDX42,3.362221375555557e-05,-0.13364116530718526,0.055583245883445286,False
DDX46,0.0011622360558944445,-0.2594480090814045,0.11868693628231394,False
DDX47,-0.00202114431193,-0.05908503304406665,0.4299220770803107,False
DDX49,0.002512853167275,0.011484320356660622,0.9153699291752102,False
DDX5,-0.0007464467959090909,-0.0711703287394163,0.5665116820991033,False
DDX50,0.0024326628249624997,-0.076208332400429,0.26268526057457964,False
DDX51,-0.0007095912863952381,-0.039931544768687634,0.6049350142136222,False
DDX52,0.00047820136443999997,-0.006953511097739612,0.9204809423821635,False
DDX54,-0.0010744707281983333,-0.07911236567428537,0.480823220257626,False
DDX55,0.0006135682376312502,-0.01386533704765794,0.8910280700834874,False
DDX56,0.011197374098169231,-0.08758057479171066,0.20675312041948987,False
DDX58,0.0003153283580857135,-0.010911994624276349,0.9217766411052614,False
DDX59,0.0001396833778,-0.274553663317066,0.036797962105736555,True
DDX6,-0.0016091094644440002,0.12457093584626122,0.2601699954738233,False
DEAF1,0.0020389743975525003,0.033027687851624604,0.7448170871230917,False
DECR1,-0.0012216600513141667,0.5486538702877483,3.912269924807969e-06,True
DECR2,-0.0008035221763733336,0.02530720882094719,0.6945427188298124,False
DEDD,0.0017198418376142854,-0.08137407758483556,0.2185809815101348,False
DEDD2,-0.0036465541712885708,-0.011931800243250468,0.8169286085317167,False
DEF8,0.0059050449224833336,-0.11315977876582489,0.28325232937384687,False
DEGS1,-0.00021556404896363633,0.3025824420545198,0.016517320701490083,True
DEK,0.00405137104593,-0.5573371402815481,0.004871841890569083,True
DENND1A,0.004499643168358621,-0.08119094629956472,0.2682876236959853,False
DENND1B,0.0053709014809052635,-0.04731355493489091,0.7494732092567101,False
DENND2A,0.003706147052520001,0.5066192035253578,0.00030722558028746603,True
DENND2C,0.0003487097815312501,-0.6179503358442837,0.0281900538692101,True
DENND3,0.0007227807751987998,-0.1817589713471048,0.07442797239351344,False
DENND4A,9.104283076874985e-05,-0.2568367518255398,0.023461865467351038,True
DENND4B,0.0011535774224882354,-0.05104775139939711,0.4082790324045463,False
DENND4C,0.0008773420739999994,0.07789931813734706,0.2950857141064693,False
DENND5A,-0.008739130887167271,0.12941007938589874,0.25857404580234694,False
DENND5B,0.0026299911865428566,0.04236185811170867,0.5275351966574008,False
DENR,0.004014596077609091,-0.03430684336849757,0.5864531744429196,False
DEPDC5,0.004342985922160666,-0.14579091617522255,0.40192551556373557,False
DEPDC7,0.005502406476866666,-0.22244294723874436,0.03228719676706202,True
DERA,0.007230718361315791,0.468236453897866,0.0005437953316782025,True
DERL1,0.0036481822820162496,0.09785190829338788,0.32836909652426916,False
DERL2,-0.00032318490002733355,0.11924710559281525,0.30431386386724646,False
DES,0.016929640795727775,-0.22098274468150383,0.03181220106565667,True
DET1,0.0019106323928214284,0.20651305507834497,0.005423917318808548,True
DEXI,0.0031942334546899995,0.17663521189916967,0.010744862568326949,True
DFFA,-0.0008169409806857142,0.30941779721912144,0.0001657671386415472,True
DFNA5,0.006360107280976,0.442342170400204,0.007315450349143128,True
DGAT1,0.0007861458255433328,0.1555841520186655,0.07148536757634691,False
DGAT2,-0.0002887824709307693,0.38504494514912424,0.014179990877934315,True
DGCR14,0.006620465501966665,0.011681519917805104,0.8771931338572094,False
DGCR2,0.0033157755763,0.05201036735694324,0.39567366793568404,False
DGCR6,0.002092038370861923,0.4179131654219839,0.00470097160704614,True
DGCR6L,0.001320145752484615,0.11935852397231685,0.1914146547747722,False
DGCR8,-0.000295425492055,0.07747524256862243,0.4007495915772994,False
DGKA,-0.0022688068268869564,-0.03937619430093799,0.7469336884700642,False
DGKD,0.006353212395696154,-0.4264306789487031,0.004215416799225374,True
DGKZ,-0.0009181423110153446,0.15882816534509753,0.11439341886947715,False
DGUOK,0.002433208019043,0.1672270857850398,0.07652342206328563,False
DHCR24,0.001930465086575,-0.08105260185837042,0.5953635974588976,False
DHCR7,-4.231149339454533e-05,0.47799161229534987,0.0027860686507187272,True
DHDDS,0.004417085104335,0.1960436421206931,0.17716255502167105,False
DHFR,-7.884356184666663e-05,-0.0736228261145274,0.4081076585802621,False
DHODH,0.003136344517679166,0.01593594875158779,0.8591976852097211,False
DHPS,0.003813620729041666,-0.1542356356626919,0.014600028194205939,True
DHRS1,4.46418236555556e-05,-0.07102611090690755,0.564679312087558,False
DHRS11,-2.9898585393750066e-05,0.18524622113291125,0.06935656743815012,False
DHRS12,0.001521325423985,0.011183102270404411,0.9143544693606657,False
DHRS3,0.001318974799309091,0.16492007201300388,0.06881613375340397,False
DHRS4,0.0010229282611526314,0.2974312113038622,0.02742313854591159,True
DHRS4L2,0.009969951706083334,0.34353140542856386,0.014918403836445618,True
DHRS7,0.001363567734925,-0.04741117644937421,0.5217717430506212,False
DHRS7B,0.00492862749076875,-0.16586599887976555,0.12033857449868672,False
DHRS7C,0.009900479355585624,-0.09851226537455132,0.28205888778380633,False
DHTKD1,-0.001044331174425,0.29238518287112486,0.005207911547171053,True
DHX15,-0.0003159767811611112,-0.04552820777043691,0.6726682295094442,False
DHX16,0.00011706003168246387,-0.03597046737080807,0.7161239148253318,False
DHX29,-0.00023493863627199998,-0.21441380014257086,0.07467985147934145,False
DHX30,0.0034849826640333333,0.16831104129334207,0.041830266537894,True
DHX32,0.00220136694655,0.0925621233025275,0.14583623006664675,False
DHX33,0.001444630957382353,0.025512382950810982,0.6836810506613874,False
DHX34,0.00036185485927500005,0.06597842490152343,0.514974078562293,False
DHX35,-0.0015544983556666668,-0.033169686582448836,0.7423079023284009,False
DHX36,1.1183797176470194e-06,-0.28281654740905593,0.029949060279104645,True
DHX37,0.00042627014709264695,0.1219737970542166,0.14212586677340194,False
DHX38,-0.0005471266877448276,-0.12149806164177952,0.12318051927205272,False
DHX40,-0.0010735814950357146,-0.05669356074225209,0.5712319299516269,False
DHX57,-0.0014018788446083334,-0.04740222439352601,0.5958162239711846,False
DHX58,0.00461934583458,-0.026818215269986026,0.8540725735951754,False
DHX8,0.001485912949045,0.07171037250123145,0.3151771979295225,False
DHX9,0.0022383829961133334,-0.12016224163398936,0.11420924757383374,False
DIABLO,-0.001483454036799444,0.1325981411346764,0.06201804924210133,False
DIAPH1,0.0008849925412499995,-0.29839042965757884,0.023412117369228824,True
DICER1,0.002226852074680952,-0.1629332328971386,0.3158645008091294,False
DIDO1,-0.002403007541909091,-0.1619246792014483,0.03597455588433935,True
DIO3OS,0.00220133210725,-0.32845001837552545,0.05895072675358057,False
DIP2A,0.0022945016488391304,-0.13043959404169866,0.41839850723722305,False
DIP2B,-0.0042595688177041666,0.08266646310344561,0.29626970100660144,False
DIP2C,0.004219702055583517,-0.12743688905349632,0.13750964248585829,False
DIRC2,-0.0004139083688099998,-0.13190430854948554,0.017038553794380705,True
DIS3,-0.0008172647224564706,-0.03042288901654863,0.8076916555962852,False
DIS3L,-0.0069539734950785715,-0.02401819446219963,0.6841326887326142,False
DIS3L2,0.0013397476700041666,-0.023535293198764504,0.7715185061126617,False
DISP1,0.0107296936764,-0.04035456592092279,0.6166575505036443,False
DIXDC1,0.005341697511816667,-0.06973798810031631,0.652195411376333,False
DKK3,0.0017080092353193546,0.6775662450050869,0.003917832509014954,True
DLAT,0.0036221636691416664,0.14336124807883605,0.1216319467526959,False
DLC1,0.005390765085649479,0.3975298635885281,0.004782629352045731,True
DLD,0.00267546361106,0.1258050897609315,0.186337815931811,False
DLEU1,0.0011635795295000001,0.303649916675723,0.04846905747564754,True
DLG1,-0.0014279967453833331,-0.1340382807358809,0.2521825063227634,False
DLG4,0.0012339098665701959,0.13945265976164165,0.16481978136202255,False
DLG5,0.001784156569914706,-0.33048350952088484,0.0007174312324298977,True
DLGAP4,0.0029356319119242425,-0.04775174228561176,0.6204804829268006,False
DLK1,-0.001390271425283514,0.44028551847592373,0.02805736884869005,True
DLL4,-0.005928311843371999,0.46349889814529416,0.006134180801668281,True
DLST,0.001855164654988571,0.41823481418246206,2.9011133810573997e-05,True
DMAP1,-0.0008340472278785715,0.09972901242395613,0.07937631641707424,False
DMPK,0.0031011214683371426,-0.04369455109507691,0.7004267508333306,False
DMRT2,-0.008956860975599997,0.29329270564855786,0.025575977685261545,True
DMTF1,-0.0005723202621980955,-0.1588731657532047,0.468164333542041,False
DMWD,0.01244605081075,-0.27404883341808495,0.06365197656513367,False
DMXL1,0.0023168067741538454,-0.26402572493010373,0.17378736509983472,False
DMXL2,0.0020685604531615383,-0.08504730995500097,0.1449144130494908,False
DNAJA1,-0.0006222722723599999,-0.054351677636678,0.7665975599730124,False
DNAJA2,0.006920558589023999,-0.1322054656436178,0.042874368761312176,True
DNAJA3,-0.001236895980862143,0.2158388044938255,0.0007550432307169877,True
DNAJA4,0.009687412938958823,-0.04255412464728278,0.7618849449625057,False
DNAJB1,0.00203955115745,-0.06088938677807354,0.5877584784115024,False
DNAJB11,0.000764229926375,0.2004944944939413,0.022553861450124137,True
DNAJB12,0.0022254563415,0.019127921267623717,0.6421232107891168,False
DNAJB14,-3.2635396179999006e-06,-0.09269302037505009,0.2731602370451274,False
DNAJB2,0.002323499172661875,0.022484208819891063,0.5899574482578085,False
DNAJB4,0.0007723556619666667,-0.34920566013828247,0.04510512852175891,True
DNAJB5,0.008226179362666666,-0.16496524918977942,0.19489278452203995,False
DNAJB6,0.003886479504792413,-0.005468814640196823,0.9149621720506103,False
DNAJB9,-0.0002392045441510525,-0.34284257214829833,0.0008436415472173656,True
DNAJC1,0.0018564510633247825,-0.07247893463814056,0.49654462162928614,False
DNAJC10,-0.0009401926929076922,-0.02370807239946806,0.86058699745635,False
DNAJC11,0.004384345205256521,0.24987309747428468,0.011825092057627827,True
DNAJC12,0.0025209445165714287,-0.02829852770374934,0.7655692349729086,False
DNAJC13,0.001540789391507692,-0.08889427607583024,0.24033451691058336,False
DNAJC14,0.003911484639363637,0.0800758300017483,0.10594216719477455,False
DNAJC15,0.008834214817292,0.12862618884542432,0.13684038254405198,False
DNAJC16,0.00029995196221992853,-0.10310296778343647,0.29270569269638713,False
DNAJC17,-0.009978089065900001,0.20864062483973472,0.03496989833477698,True
DNAJC18,0.00043847164286000005,0.15370690298443354,0.3003420808077814,False
DNAJC19,0.002174402517588889,0.12225332240448973,0.06882700881903478,False
DNAJC2,0.004502591912458334,-0.24036590460572818,0.13123526421261303,False
DNAJC21,-0.0007026503265166665,-0.3277140998783304,0.008843789475994542,True
DNAJC24,0.0015652927836488889,-0.08297635100220496,0.46912138846711204,False
DNAJC25,-0.00035328762813999996,0.07553441532280171,0.7075541007615571,False
DNAJC27,0.006853598907115384,-0.08468837433248694,0.44472777810688346,False
DNAJC28,0.0008265868714062501,0.12076825374815318,0.28586244685760626,False
DNAJC3,-0.002320735775471428,0.018245602098820847,0.8476074163543801,False
DNAJC30,0.0009180254539722223,0.15607544841987067,0.16363765784613943,False
DNAJC4,-0.0006439279333571426,0.21413123495683628,0.006822711371027043,True
DNAJC5,0.0006888868037600002,0.14860455678906614,0.11536220095313063,False
DNAJC7,-0.00013137497385647058,-0.08877507340836477,0.15105186574368773,False
DNAJC8,0.0012823573691777778,0.12116045087825392,0.028047524507056453,True
DNAJC9,4.244794364846155e-05,-0.06955039457459114,0.40969377929743045,False
DNAL1,0.0024114904800166667,-0.028702827935236454,0.8367141203979847,False
DNAL4,-0.0012168509710307693,0.24995201368546083,0.00018861746784099189,True
DNALI1,0.003919070968061538,-0.19219522902329708,0.17568502869406294,False
DNASE1,-0.0008560623279916666,0.036114092940865754,0.7558952773857899,False
DNASE2,0.0023009451590931254,0.09832757275327574,0.22317565398276845,False
DND1,0.003687749427666666,0.05992379688952066,0.4135556990399174,False
DNHD1,0.008219419041954548,-0.19950325325425375,0.04542440308207382,True
DNLZ,-0.010970981683166667,0.025785629918576056,0.844970056329124,False
DNM1L,0.0023726298561071424,0.00584388099789476,0.9688781283431805,False
DNM2,0.0017373109730508824,0.03870460906749744,0.6613366036969583,False
DNMBP,0.007142375552195,0.09259513701605852,0.18507810617938208,False
DNMT1,0.0008656870276863636,0.06858016630201796,0.4912181518591806,False
DNMT3A,0.0020432402540291666,0.007507349501928016,0.9316292200236711,False
DNPEP,0.002109994247184706,0.07528016510690487,0.19930178505692128,False
DNTTIP1,-0.00012077677203809506,-0.12990386811329072,0.1969385581482982,False
DNTTIP2,0.0008596465211595237,-0.3622104236881452,0.02578262027184734,True
DOCK1,0.0045409459515136944,0.3755230193559093,0.0009500487588598072,True
DOCK4,0.0016823522812581396,0.34133199600752334,0.06398238223836476,False
DOCK6,0.0029275718000687503,0.3216975756918095,0.0037512350742339965,True
DOCK9,-0.00189984958785,0.5499162020573027,0.002401235402960894,True
DOHH,0.0023421778875375,0.13541632758067743,0.20556063331305094,False
DOK4,-0.0019980712489386667,0.31700189846007093,0.07303611946289709,False
DOK5,-0.0036479088725608327,-0.09726531549543607,0.4253205366424613,False
DOK7,0.006936769075502708,0.03455229514332745,0.7799274624616837,False
DOLK,0.00029785348466666655,0.1606235544616386,0.048215078666298684,True
DOLPP1,0.002874376246222222,0.11978788406775281,0.08653045100996255,False
DOM3Z,0.006151983514765195,0.002059468478749786,0.9786424454025193,False
DONSON,-0.002330864934369999,0.08535017996917006,0.4626967747683697,False
DOPEY1,6.279575613999984e-05,-0.19040085071787713,0.033577019867948095,True
DOPEY2,0.006261681530678571,0.250265356919601,0.0025451391927545906,True
DOT1L,0.004020885227896226,-0.11428062391836863,0.40749937971694017,False
DPAGT1,0.0005054900143058825,0.1623380623502679,0.09865659228433397,False
DPF2,0.0009740750105909096,-0.06131607031165229,0.35304372262901196,False
DPF3,0.008941295809397693,-0.050618555646453706,0.5144949214639986,False
DPH1,0.0009827984966451853,-0.04012063340400393,0.6889720957807619,False
DPH2,0.00294720049346875,0.3289492815782021,0.00461993057934076,True
DPH3,0.001344111884485714,-0.022289262237655816,0.7542204104687078,False
DPH5,0.0004556855444678571,0.22741638406295908,0.06170355432770334,False
DPM1,0.0007850759752729412,-0.06564906225646244,0.4909996095807949,False
DPM2,0.00053531602213,0.12724979426923058,0.18529829484581517,False
DPM3,0.0015358240768444445,0.10310514684484007,0.37080143867841653,False
DPP3,0.0028981843389876928,0.21294716506928654,0.19047799375006072,False
DPP7,-0.0004556590933625,-0.21319861405924553,0.006361241142623314,True
DPP8,-0.0001236129711999998,0.017514919343881195,0.8694222984429432,False
DPP9,0.0019898620572364,0.13755825732402469,0.0718685667459407,False
DPT,0.01379509575,0.33664577561675874,0.03588954146790842,True
DPY19L4,0.001311106958625,-0.1104674127164853,0.4636598770696966,False
DPY30,0.0013708711083333335,-0.10046809485936689,0.19098640086915433,False
DPYD,0.004107191869528183,-0.09640334191279752,0.4903766016916379,False
DPYSL2,-0.003558490641790323,0.3428176405807081,0.0034205971319293165,True
DPYSL3,0.0009601552854090908,-0.055882766846230544,0.7268930316312967,False
DR1,-0.0012460127284312501,-0.1950424851212179,0.013783247198538084,True
DRAM1,-0.0009869315840769232,0.24067982898301984,0.10687858546845685,False
DRAM2,0.0021139171065866665,-0.039016514614256946,0.7089126866758266,False
DRAP1,0.0031284409693733335,-0.025726065327388525,0.7466802005260718,False
DRG1,0.002329685341391667,-0.09392468061286209,0.13771370780632025,False
DRG2,0.00031883152673333343,-0.012495037387144374,0.8699267297700254,False
DSCR3,0.0023658444259909085,0.1590090456265031,0.04563927266305506,True
DSE,-0.0018563657779833336,-0.09944192963838358,0.09613124923801666,False
DSN1,0.0023400110961833333,0.0019350464749695899,0.9845380989437875,False
DST,0.0003784359526388889,-0.5611598156755033,0.011064864395631391,True
DSTN,0.003230153825375625,0.1692037814858617,0.08267067659860805,False
DSTYK,-0.00036412067381666664,-0.030180438813184492,0.43276734092728186,False
DTD1,0.0024719822284071423,-0.029300730708333014,0.7097594235455359,False
DTNA,0.012433547027808333,-0.302901392421035,0.0004832019110782713,True
DTNB,0.0010965693480166664,-0.18197522156976487,0.11705137193552013,False
DTNBP1,-0.0007747354738424241,-0.07898501668111481,0.41664460421093386,False
DTWD1,0.0006655604111692303,-0.2457071960923245,0.08599427094829604,False
DTWD2,-0.0005672767029000007,-0.16379325875451725,0.2050088024539071,False
DTX2,0.0005477219735666671,-0.06175824068728977,0.5482918564267956,False
DTX3,-0.002717015676307692,0.006375502151315175,0.949964599204583,False
DTX3L,-0.0019865645132628573,0.042741088526807004,0.6204943825308589,False
DTYMK,0.009670083252651852,0.02342110478161734,0.7564509570127866,False
DUPD1,0.004446963701123078,-0.20336426064658794,0.08516168601898676,False
DUS1L,0.00415046690919375,-0.06311672461672609,0.26944831969920197,False
DUS2L,-0.0009285617989821051,0.19534982820045885,0.0903355328935722,False
DUS3L,-0.0024438065667038125,-0.1118310722083906,0.5323374571884885,False
DUS4L,0.0006022108662666661,-0.06093178515052176,0.6047060368410082,False
DUSP1,-2.0105566130312414e-05,-0.23696229424462212,0.2666117155919189,False
DUSP10,0.010926547053034998,-0.4758388570278002,0.03168006959757837,True
DUSP11,0.0005072804456833333,0.13078407376411122,0.24312196652868678,False
DUSP12,-0.0008505829907272728,0.12491353631895973,0.08355559910774396,False
DUSP13,0.012337187290088236,0.05074782152940006,0.45991388924141763,False
DUSP14,0.002142752787883334,0.11277709673042295,0.32577706886608937,False
DUSP16,0.002179624788649412,-0.15257021415127597,0.10206011861250663,False
DUSP22,-0.0028116772187,0.09003735095848468,0.18434825231152174,False
DUSP23,-8.031641442857149e-05,0.206090720558059,0.11400836498154535,False
DUSP26,0.007294452798066667,-0.2035478107070943,0.031821793795404604,True
DUSP27,0.00325239429813913,-0.2391727832119967,0.013913675813795604,True
DUSP28,0.0017476714299249998,-0.029573634699297514,0.699576808575674,False
DUSP3,0.003578342291728637,-0.02508636090317137,0.5727449208571915,False
DUSP6,-0.001642466772414286,0.6524041574411705,0.00551591147981621,True
DUSP7,-0.003927477543213333,0.13147574172494758,0.22460793080014763,False
DUSP8,8.54316375347826e-05,-0.5062795819048567,0.005348417359645978,True
DUT,0.00239439313968,0.04871225513572694,0.5235895264313968,False
DVL1,0.008120779798696154,-0.0680119253941966,0.37975807473655154,False
DVL2,0.0020616296630666664,-0.17377166310390987,0.07371611884154608,False
DVL3,0.001488879037067778,-0.08222684801677485,0.219037675713706,False
DYM,0.004323369726730769,-0.09309150562424123,0.09732969007613035,False
DYNC1H1,0.0012321666167504225,-0.22730939578929893,0.08075431978605117,False
DYNC1I2,0.004021782685476922,-0.00031802187584767887,0.9961789999489241,False
DYNC1LI1,-0.0028089941189625,-0.16157948640430914,0.012596500997729007,True
DYNC1LI2,0.002982216126292308,0.02924394119570833,0.8469434732830439,False
DYNC2LI1,-0.0001900425643511111,0.04334912201195073,0.7728471698097952,False
DYNLL1,0.0012851540619137928,0.15830736851178162,0.26385063865819247,False
DYNLL2,0.003984400077330769,-0.020441364930242803,0.7066916426832102,False
DYNLRB1,-0.003398614381613333,0.07978490074265565,0.19263692078043312,False
DYNLT1,0.005228347216109999,0.16218945078371452,0.05567074004053005,False
DYRK1A,0.006510635197160625,-0.09240611421910434,0.34501848465530416,False
DYRK1B,0.0038919483128250004,-0.22150516796893358,0.014641015376889256,True
DYRK2,0.015942676360715,-0.06736123239088367,0.3852016598821978,False
DYRK4,0.00529978148765,0.20595437346571874,0.042018317514709955,True
DYSF,0.004585400824230665,-0.18055423252655037,0.009609868750553953,True
DZIP3,0.0013687084147552173,0.042841322310697996,0.7641610540268057,False
E2F3,0.004111434632475862,-0.11342625791427223,0.10550255912853211,False
E2F4,0.0007624163457857141,0.020530964469490633,0.7488873917735978,False
E2F6,0.003383803300292857,-0.2993657449263361,0.0009884950231281524,True
E2F8,0.000817795312079375,-0.2312746395062468,0.09854376288268252,False
E4F1,0.0016892875998371997,-0.042336333148273446,0.6251921099956604,False
EAF1,-0.0008429793849533334,-0.03788186887326647,0.3448777123891952,False
EAF2,0.0013281902457999999,-0.11097278697597605,0.3782463639189544,False
EAPP,-0.001246912978685714,-0.10741481981544766,0.13307639302629037,False
EARS2,0.005544678951112728,0.21645140457484804,0.03651481398050587,True
EBAG9,0.0037051769817055555,-0.35262423745589566,2.4898771083393416e-05,True
EBF1,-0.0011308647316130775,0.11400263611169802,0.4631663793868499,False
EBF2,-0.002900149953059119,0.24662909963565918,0.01225101995759593,True
EBF3,0.0031167813798600678,0.010990361198369693,0.8951439397544625,False
EBNA1BP2,3.054386994444448e-05,0.023760376183633036,0.7544186184201641,False
EBPL,-0.0007810475771668755,-0.16917505030022673,0.11146138231292928,False
ECD,0.0028492099498647057,0.054790703222096976,0.36001637884952487,False
ECE1,-0.0006818498963049999,0.3951098331926128,0.005294836728910861,True
ECH1,0.0037797430928230773,0.4734455891932805,0.0002488012497026641,True
ECHDC2,0.005374229191485713,-0.2163969878609377,0.07409101721136016,False
ECHDC3,0.0034092573045684214,0.5696577032772185,8.330669229553698e-05,True
ECHS1,-8.699607145714268e-05,0.27828131000624806,0.0005761394765341595,True
ECM1,0.002740131534142857,0.2240376202576086,0.031370816678764867,True
ECM2,0.018329953329600003,0.3130670531956961,0.007869553969485132,True
ECSCR,-0.01852856547286,0.6945745028245632,0.0001418945293122583,True
ECSIT,0.0029924091436552003,0.43856472201004243,0.0005044067841788655,True
EDC3,0.003618006660953158,0.15260339173139623,0.03362492843826196,True
EDC4,0.0055011234296,-0.08891358321840363,0.3294207473374353,False
EDEM2,0.00127485991989,0.15164248511081535,0.014138031970535758,True
EDEM3,0.0013816921299000002,-0.23724460953141835,0.09879825042120846,False
EDF1,0.004336386729756333,0.1055395220842934,0.15054962650969664,False
EDNRA,0.0020308115569812497,0.15793431103663272,0.1496490616867634,False
EDNRB,0.0013306913214119645,0.5177496846970263,0.011269406854177709,True
EEA1,0.0023869979095307694,-0.3488752539132804,0.012857393812211368,True
EED,0.0006347668165000004,-0.09028740373002653,0.18801932093437743,False
EEF1A1,-0.004721045363053334,0.446956596978508,0.007587272356276323,True
EEF1A2,0.003909970348026087,-0.13889265558902555,0.03585848440439348,True
EEF1B2,0.0023938479281473686,-0.26325801157575357,0.004362636240045685,True
EEF1D,0.0016258459281214281,-0.091233542609555,0.14941703652566116,False
EEF1E1,0.0022371056752142856,-0.04616573801188069,0.6498388441658254,False
EEF1G,0.00530692570564,-0.17383502048303434,0.012328380298356471,True
EEF2,0.0038921570306605716,-0.094383406732688,0.16264447417394595,False
EEF2K,0.003520491677289739,-0.33099541417777256,0.002303425174466831,True
EEFSEC,0.0033898065896758333,0.14841602348490648,0.03297384270530294,True
EEPD1,0.0030566248141083337,-0.14458665406973825,0.4052854444002162,False
EFCAB10,-0.0010445559816363635,-0.05476885599602375,0.5420278511475358,False
EFCAB2,-0.0010120062857639613,-0.4636658178512658,0.0008345463712010908,True
EFCAB4A,-0.014602594295882353,0.1731839897019233,0.08780781910532989,False
EFCAB7,0.0016784583212352943,0.18182029489482102,0.13091035332261888,False
EFEMP1,-0.0032623215499400005,0.30794889337629977,0.07402294602139253,False
EFEMP2,0.0002891742500055557,0.26624413654532725,0.042969323727309515,True
EFHA1,-0.002763429451775,-0.14368931395488696,0.22818551421890582,False
EFHA2,0.00047491897313031283,-0.09161146511142348,0.41157635914318,False
EFHD1,-0.005055056042898788,0.0822053564337491,0.32006374503961477,False
EFHD2,-0.0036139478760529413,0.42214092938154285,0.0003096103696812689,True
EFNA1,-0.00010407264399473668,0.3511382538218666,0.10917160469863099,False
EFNB2,-0.003930131203346874,0.23078896051322786,0.04766937191354914,True
EFR3A,-0.00015390643576799982,-0.2512643229483936,0.03244865355760132,True
EFR3B,-0.004232408865232142,0.11661979735154028,0.14664889673848105,False
EFTUD1,0.0044013847844,-0.06361411395731152,0.48369347926477035,False
EFTUD2,-0.0019989475563533337,0.04231614841677877,0.67530908498527,False
EGF,0.011940777945166667,-0.6487071926086682,0.00028073515798552495,True
EGFL7,-0.00902075900403846,0.5102402112070156,0.014335975202059597,True
EGFL8,0.00668681959917091,0.40690069988785377,0.08221424801075061,False
EGFLAM,0.006287304096629546,0.12666137892259724,0.1835286172101034,False
EGFR,0.0067273552979443384,-0.01345525350798032,0.8797260106329969,False
EGLN1,0.002808271803344444,-0.26781657529194924,0.020030839502294787,True
EGLN2,-0.006818903744294443,0.15179682956525956,0.07912649931722765,False
EGLN3,0.001300729112846471,0.14745375454786303,0.30402957183787976,False
EGR1,-0.0012069926541588233,0.3606862843712628,0.147099138064103,False
EHBP1,0.003995068710586563,-0.11049949690714339,0.27231823471520517,False
EHBP1L1,0.003879704043965417,-0.447283459268319,1.3615890616675778e-05,True
EHD1,0.004516620297413794,0.3064817082169026,0.02113555639638884,True
EHD2,-0.001525950915228571,0.7484933994698757,1.817413544274911e-05,True
EHD4,-0.0033855286960882353,0.5916922316188638,0.00046491466534800486,True
EHMT1,0.00011132084267086962,-0.17746047299183287,0.03094499882665999,True
EHMT2,0.0011290471237063472,0.10424589189744903,0.3181285514388812,False
EI24,-0.0007917994327076924,-0.017713869444731856,0.7278157094573793,False
EID1,0.0003011986866,-0.16634852859146845,0.1052160856392321,False
EID2,0.00253243572215,0.05731508289224469,0.3572999172258906,False
EIF1,0.0004951184057200004,0.009446538079040744,0.9035564455288311,False
EIF1AD,0.0008869039322626314,-0.0510297169583227,0.4954289425541569,False
EIF1B,-0.0002415507703266666,-0.05170486941135726,0.49094169438855106,False
EIF2A,0.003013291782986154,-0.17577395065682186,0.20750868481786225,False
EIF2AK1,0.002652403981085556,0.10462400706033272,0.26445437197870053,False
EIF2AK2,0.0002547417433421054,0.07529136063382764,0.35986318734514033,False
EIF2AK4,0.00192068534954625,-0.14326201437162625,0.040826506865158936,True
EIF2B1,0.00111165384283375,-0.02236235562098641,0.7540886919549463,False
EIF2B2,0.0009714425738935715,0.06598756684305548,0.25527856270628985,False
EIF2B3,-0.00019742026391666672,0.06896653070694655,0.17989684778487852,False
EIF2B4,0.00049540894245,0.01175626320555648,0.8863955599500459,False
EIF2B5,0.001042338953658125,-0.020273622163255164,0.7731077337418023,False
EIF2C1,0.0013920267938119998,0.08826799715730153,0.1170580307121172,False
EIF2C2,0.0043300582841228575,-0.008441019639576774,0.9607777659595925,False
EIF2C4,0.0018551976842999993,0.07966738164442212,0.25831123471839235,False
EIF2S1,-0.0008422015636592307,0.14693690382213206,0.1772448699621918,False
EIF2S2,0.0060829366196561525,-0.13703680191337472,0.06074697828884318,False
EIF3A,-0.0017587354189145456,-0.30657581819438207,0.01893951823863556,True
EIF3B,-0.00034150207451578946,-0.11773053373834327,0.04954181259537245,True
EIF3C,-0.01373550509,0.07429730750162604,0.3169625982321297,False
EIF3CL,-0.01373550509,0.04314571551421942,0.5153108446157373,False
EIF3D,0.0019915395342533335,0.021264880373966687,0.7352960136018369,False
EIF3E,0.002709114130255333,-0.2720017856954428,0.008478723204201863,True
EIF3F,0.0009170646201058822,-0.15968514285173105,0.05164759266210849,False
EIF3G,0.002533702222406666,-0.06300193931299702,0.3335111207097108,False
EIF3H,-0.00050550912145,-0.12597767674024787,0.020709091662827486,True
EIF3I,0.0007327329612714286,0.018833246981685082,0.670696016389263,False
EIF3J,0.0006030508025916667,-0.2267954676770586,0.01740613279653792,True
EIF3K,-0.004720802548988889,0.21787494548961117,0.0008504944998526351,True
EIF3L,0.0006416931491111111,-0.1976754369620353,0.04326673924158641,True
EIF3M,0.0005436824974329333,0.09730423216646217,0.2032716239447996,False
EIF4A1,0.005000585003592,0.05344770741750389,0.6870510023852966,False
EIF4A2,-0.001092718058781,-0.2434200830871408,0.015074001888841587,True
EIF4A3,-0.000739289669953889,0.05922573356822758,0.5375530614308687,False
EIF4B,0.006180362698445455,-0.2258748645069459,0.001402805174498195,True
EIF4E,-0.0004157893636555558,-0.044481119356054706,0.5922912419541815,False
EIF4E2,0.0015170410509285713,-0.1962653757718946,0.035481757269562306,True
EIF4E3,-0.005953933259265385,-0.16809693458865488,0.021022970761322875,True
EIF4EBP1,0.0037966363395866664,-0.13695965868657012,0.1414528531337571,False
EIF4EBP2,0.003187206527566667,0.06583741466637019,0.38192263486939815,False
EIF4EBP3,0.0004595609248,-0.06265186638489069,0.6444927353686931,False
EIF4ENIF1,0.0005925279204272726,-0.10312605746440057,0.3219982433810007,False
EIF4G1,0.008891794624997222,-0.15481155160591673,0.06559482083628913,False
EIF4G2,-0.0009831625064123531,-0.09532287294234365,0.12286033403290249,False
EIF4G3,0.0015529498035719046,-0.4782402252673611,0.0013155544110984173,True
EIF4H,0.005227888805804762,-0.07274365292405066,0.14915250033504887,False
EIF5,0.0014568961316176472,0.03172841805064311,0.6927458062976561,False
EIF5A,0.000842233774541905,0.01958023624432791,0.7717851689672615,False
EIF5B,0.0017173707214845004,-0.6257318648160078,0.0379321996994117,True
EIF6,0.00106337662564,0.0024916649185044385,0.9775163046651894,False
ELAC1,0.00839297858057778,-0.07114366658415128,0.6409599614507842,False
ELAC2,-0.0010318610340473682,0.010487509648872956,0.874943432993712,False
ELAVL1,0.0010369590774714286,0.14572780329816465,0.0646666942573165,False
ELF1,-0.004207106946333334,-0.06534894981338835,0.5157009083482943,False
ELF2,-0.0013923502238042857,-0.3628145299952204,0.009756169428763119,True
ELK3,-0.005976044208840968,0.3361732458357729,0.04654991809929052,True
ELK4,0.007535717425661111,-0.023177838338938616,0.7773903228967304,False
ELL,0.0017788169327319996,-0.09061606256049401,0.33612165841998587,False
ELL2,0.0060165945291833335,-0.1058448900316141,0.3742316813203902,False
ELMO1,0.0017445950647821567,0.34790396298225346,0.024011086381245026,True
ELMO2,-0.0003995189404318748,0.03718430584405796,0.6275569670121799,False
ELMOD2,0.0018446442519699999,-0.07334238957949289,0.3631556423486647,False
ELMOD3,-0.001510990816215,0.24719146253012686,0.026784497003989546,True
ELN,-0.007077540379533331,0.25061693947394925,0.06341544751994954,False
ELOF1,0.00342519821305625,-0.11775954176401025,0.1735970397446293,False
ELOVL1,-0.00044727464157793737,0.26992260175176735,0.11212654226960726,False
ELOVL5,-0.0033427988722499998,0.1758981796635819,0.10914119891206236,False
ELP2,-0.0010605578255794444,0.006436035439362765,0.9478530712679446,False
ELP3,-0.005005107077555556,0.018989453564458924,0.801605435740393,False
ELP4,0.0028723974084749995,-0.05236092978437091,0.6068333502706345,False
ELTD1,-0.008466889976272728,0.5518835958185232,0.0032799233804976643,True
EMCN,-0.024998079646633333,0.5147315629118637,0.005628404739970321,True
EME2,0.0025696604040416674,-0.06717761419038029,0.5926298484049952,False
EMG1,8.037748189230783e-05,0.02085927585605083,0.8115168646226816,False
EMILIN1,0.009202415765758823,0.24675791969426683,0.02163907919415808,True
EML1,-0.001631210833825,-0.1506560224624759,0.13203439739555003,False
EML2,-0.002423856690277778,0.0984275466477902,0.4095351891243044,False
EML3,0.0002402064335095238,0.1933224444792242,0.1151191951067157,False
EML4,0.0011495531596494445,0.1676662705112274,0.14788351494108537,False
EMP1,-0.012537924297830766,0.7690209075688235,2.3361255495040416e-05,True
EMP2,-0.0010439664289468421,0.36658832488011517,0.00033268057411723625,True
EMP3,-0.0071162739455,0.4406207559350376,0.015624565278860941,True
EMX2OS,-0.0073241134734424234,-0.27845001948220355,0.04501789752649243,True
EN1,-0.0035258636939600007,-0.0836362597527074,0.3495628794537414,False
ENAH,0.004903491928258333,-0.1113806473977799,0.42193422636589184,False
ENAM,0.0030606236316,-0.03836455395989056,0.7527772878398019,False
ENDOD1,0.0038207958332988332,-0.11644484134552072,0.1368265031809503,False
ENDOG,-0.0010826464898,0.5237300214580318,0.0016783681876688054,True
ENG,-0.013790488323416667,0.37775522702221276,0.05369711262835938,False
ENGASE,5.176475590000019e-05,-0.0037111568696616038,0.974101897202553,False
ENO1,-0.0025221777745285706,0.26433335055225693,0.00975137289540828,True
ENO2,0.007210329548099999,0.09797723958644317,0.47015915581837,False
ENO3,0.011465908318266667,-0.03197407622750215,0.7252901548212604,False
ENOPH1,-0.0029399996355235296,0.00601299891487333,0.9523034348819653,False
ENOSF1,0.0030061663093500003,-0.2682908629959806,0.07074405675280425,False
ENPEP,0.002956463945357143,-0.011788015408909796,0.915958527120484,False
ENPP2,0.003830364784046154,0.374701675433035,0.001493553629699327,True
ENPP4,0.0016971418775333334,-0.059762578018609354,0.6498644131781474,False
ENPP5,0.004329107937163636,0.04506033615319241,0.6298213434605957,False
ENSA,0.0005254993356470588,-0.13766022690066093,0.04849068824879323,True
ENTPD1,-0.004173333854352941,0.09204818979291293,0.3215868744149479,False
ENTPD4,0.0011025184579357143,0.009595827249769434,0.9383623185694279,False
ENTPD5,-0.0023219525813078573,0.03929630970888817,0.5624211362418213,False
ENTPD6,-0.00017507532690526315,-0.032930978471309984,0.6530700501779005,False
ENY2,0.00015150634729733343,0.26031483361323426,0.00023493015799279265,True
EP300,0.01180700259935625,-0.10619078056722632,0.14636659509877478,False
EP400,0.000763893829827835,-0.09041246965430232,0.006337681987620376,True
EP400NL,0.000561609927536111,0.1779060636435025,0.06484467551651814,False
EPAS1,-0.005111412915500571,0.30670302466426064,0.005051430384823665,True
EPB41,3.574265894687456e-06,-0.007574160579475101,0.933091965945231,False
EPB41L1,-0.0007231692497046668,0.5417856658528908,9.292791912959256e-05,True
EPB41L2,0.0019159686606115384,0.09037105547382417,0.5169550517425219,False
EPB41L3,0.0035185209345942855,0.12815518537242104,0.15729109724026996,False
EPB41L4A,-0.0019940757583064516,0.4967878735856857,0.0028279011236378953,True
EPB41L5,0.004027996724668235,-0.17485123835401126,0.023043249802932736,True
EPB49,0.0008074578928935484,0.032846203076830414,0.7297197224930954,False
EPC1,0.007703376267057141,-0.20300946690073643,0.10079319526574129,False
EPC2,0.0018181282252227274,-0.3020633975923991,0.003444310600656485,True
EPDR1,0.004234396315107693,0.02981093354124973,0.6639378830529219,False
EPHA2,-0.0017168687365032257,0.20729622860121666,0.09275203143615489,False
EPHA4,-0.004660471077,-0.013311936354220273,0.8974364875294065,False
EPHB1,0.0009078809593050001,0.1876248379596991,0.23939879060231817,False
EPHB4,-0.0024975272495142862,0.6349996577383213,0.00111507864056753,True
EPHX1,-0.0014444572010714285,0.4575193762781123,0.00032155842191288153,True
EPHX2,0.002004572579885,0.05922485184321193,0.6170435577836307,False
EPM2A,0.00327577606451,-0.11204567850635035,0.11319205663907612,False
EPM2AIP1,0.0030458036899536586,-0.11921003457523821,0.1186988428720002,False
EPN1,0.0045010648236947365,0.02423373297945076,0.7376418963921425,False
EPN2,0.0020183059490565224,0.16079312656528771,0.05148070504471948,False
EPRS,-0.0005504870108785714,-0.10448636219386492,0.2787913558314496,False
EPS15,0.00474809030677,-0.27574900702926713,0.010432335842097405,True
EPS15L1,0.0042172884647875,-0.14503937112669768,0.08285545199041872,False
EPS8,0.0009569686204383874,-0.00428202470745081,0.9629813622945391,False
ERAL1,-0.0007682258865636365,0.16150276818848563,0.043795200906533056,True
ERAP1,-0.00013500747050277802,-0.07804516600961371,0.3726778059416247,False
ERAP2,0.00252754704062875,0.09292732083157773,0.250867049268727,False
ERBB2,0.0016631559799908891,-0.05353260936634443,0.5158689747933384,False
ERBB2IP,0.0035238549424933337,-0.5743805805028096,0.0048241701451453645,True
ERC1,0.0023637132213724997,0.22442030591336612,0.13194746340621166,False
ERCC1,0.0028040368013819046,0.16621525361167444,0.008981676768763233,True
ERCC2,-0.0004936682325181817,0.02858782551086617,0.7124409074382834,False
ERCC3,0.0043403732857083335,-0.10939176956512026,0.07147919965400465,False
ERCC4,0.0007788951644266668,-0.049128128195440386,0.3572044709617259,False
ERCC5,0.004849896892194737,-0.1558757066168619,0.15197278067964726,False
ERCC8,0.000739221912947059,0.06685756432622501,0.26931137306234504,False
ERF,0.00035772866836666673,0.21304295170711163,0.20217873155830096,False
ERG,-0.0016856053243857138,0.5515153150070726,0.008498729127786452,True
ERGIC1,0.00886073105389,-0.014922164285174637,0.6786098418273894,False
ERGIC2,-0.0007545496381749999,-0.145329150879346,0.2728795281115195,False
ERGIC3,-0.0014548251161776928,-0.03813935757020688,0.5554132585141296,False
ERH,-0.0017784346970222225,-0.032068299154718136,0.60396539747321,False
ERI2,-0.0009909509191352941,0.017750579157904477,0.8958683210272607,False
ERI3,0.004406812816699998,0.07469282710407468,0.18794278297411504,False
ERICH1,0.001562537866356455,0.028126713796744293,0.6805433270060897,False
ERLEC1,-0.0018386666878875003,-0.10041296273525437,0.03801223599257517,True
ERLIN1,0.002000686660162778,0.19635279282226953,0.002005769696177295,True
ERLIN2,-0.0010859064832765388,-0.027201560438714276,0.7128745035200801,False
ERMP1,0.016571962747874997,0.26090437306537156,0.024544846815980414,True
ERO1L,0.00013969051210466657,-0.141622222013378,0.17065441541015292,False
ERP29,0.001832700068194118,0.24768018204185893,0.002568530775287191,True
ERP44,0.0034030623394472725,0.04741482151392031,0.40864133775412737,False
ERRFI1,0.0007834783439831663,-0.03864136217132774,0.6374611036553723,False
ESAM,-0.009847123361320001,0.5575364667397833,0.001191109755715248,True
ESCO1,0.0006130474507579999,-0.2543850197351052,0.03532616404457998,True
ESD,0.00280002607713125,0.02913398530618494,0.6213787969448661,False
ESF1,0.0022710999391185554,-0.4113235077061013,0.07185152733956604,False
ESPNP,-0.0005235415808171427,0.022968337080040667,0.8382764300463018,False
ESR1,0.00886460675382712,-0.06890068957507134,0.3400581020611453,False
ESRRA,0.005456248384729166,0.2361469134655595,0.02213920401407529,True
ESRRB,-0.002209236831045,0.1420347099917846,0.18696930309712,False
ESRRG,-0.006844860873304167,-0.3383657020923138,0.022263465784118117,True
ESYT1,-0.0005054211019199999,-0.19146260562184422,0.2197734119356155,False
ESYT2,0.0008449248103097562,-0.08163573870826622,0.2061030387807692,False
ETAA1,0.00082461686477,-0.18276439083717858,0.22758766318822146,False
ETF1,0.0008808639219669233,0.0035530916575837635,0.9505261072078862,False
ETFA,0.00016269642183999988,0.2810903795481584,5.5790163657948406e-05,True
ETFB,0.0022488824390425,0.5014932242671152,5.711042573563595e-05,True
ETFDH,0.001213262070761111,0.3535099606559573,0.002395978777705986,True
ETHE1,8.762008933076934e-05,0.04243612932225149,0.6324176288074275,False
ETS1,-0.005991515857865116,0.5466733652091235,0.0035791965219359443,True
ETS2,-0.007773093168143751,0.03888135320725159,0.7440337227130566,False
ETV3,0.0017756336256352942,-0.023047719413963594,0.6563427673396445,False
ETV4,9.902618395000003e-06,0.6583757684460331,0.04257439076420598,True
ETV5,-0.00022543856676,0.3355603708183907,0.13454505503562483,False
ETV6,-0.008725631034739582,0.3051548944537448,0.026130364656240027,True
EVI5L,-0.001044914874663158,0.10869133389029706,0.12692267493599238,False
EVL,-0.00021060352197166667,0.06581758565709951,0.3360726626627005,False
EWSR1,0.001292690388852381,-0.03110815880775597,0.5017283998079491,False
EXD2,0.0031040412713636365,-0.1001352236637815,0.29486695711789235,False
EXD3,-0.002478278257180509,-0.2224800459555012,0.03257500176343357,True
EXOC1,-0.001399142931308333,-0.17173862173787827,0.12714297077276424,False
EXOC2,0.0016105508477011268,0.07404975158608336,0.5489852478609931,False
EXOC3,0.0003198352978216216,-0.0881730055110311,0.06972574942306997,False
EXOC4,0.003317332165488679,-0.10093462958533962,0.2075884761121422,False
EXOC5,-0.00023144895403750003,-0.0959065723458396,0.5239847053964661,False
EXOC6,0.006358503883265152,0.026318949349881014,0.8880577919156817,False
EXOC6B,-0.0008690576883964287,0.09785327506019544,0.2543843185389625,False
EXOC7,-0.0011160363658495654,-0.01522546226345798,0.6863949743640451,False
EXOC8,0.004037703799604,-0.16594168293005584,0.14558238096689977,False
EXOG,5.434935509090911e-05,0.015175092911891746,0.9060809406704743,False
EXOSC1,4.504791480538463e-05,0.23930418354564698,0.023289673374247425,True
EXOSC10,0.0011545826432339994,-0.28549051719639784,0.013498172019843147,True
EXOSC2,0.0007428964113090911,0.259255980637925,0.05439772447268034,False
EXOSC3,0.0015439560538999999,-0.04106563342963015,0.7573497421583943,False
EXOSC4,0.0005431082431857142,0.15951916922120948,0.2913257451810696,False
EXOSC5,0.0008945389492999999,-0.0011093082807083008,0.9898234606877099,False
EXOSC6,-0.0018730259624090912,0.025812329615265552,0.7103682240075169,False
EXOSC7,0.002003809074161429,0.1799971554015779,0.1354616704587205,False
EXOSC8,-0.0015668803704324999,-0.24326350643056197,0.017698390005849565,True
EXOSC9,-0.00011782694419999999,-0.12752586328786533,0.09097901757762167,False
EXT1,0.0008355871101193553,0.39733053656562856,0.0055211863407255285,True
EXT2,0.0029082375289799997,0.2751151598034643,0.002781124365555575,True
EXTL1,0.013351312664392856,0.3803299527575961,0.015072189258568363,True
EXTL2,0.002901002614218125,0.12487207333588145,0.1774639976204415,False
EXTL3,0.008597045041447619,0.13216621481639843,0.10292000517490597,False
EYA1,-0.0021238449675230774,-0.10671045742978463,0.23303806961391904,False
EYA3,0.002369122521136428,0.10999395861697758,0.008088994768170153,True
EYA4,0.003801143891432308,-0.4828839516223663,4.268226489304843e-05,True
EZH1,-0.00038763404006875017,-0.2855916855693485,0.006715435934031449,True
EZR,0.00017373283449333336,0.1116717220025408,0.2741692473645361,False
F10,-0.0016824912333918921,0.222240992525274,0.0811292550202012,False
F11R,-0.01728033935890769,0.41029534880194257,0.0005901309942548508,True
F2R,-0.001998657986838182,0.5365665008344203,0.004373240848979612,True
F3,0.003587775681710526,-0.14983550386547365,0.18924360016223882,False
FAAH,0.010284031899364705,-0.11523192873870985,0.31874179584268186,False
FABP3,0.00165120020825,0.982442925308582,2.2802551755461662e-05,True
FABP4,-0.005937507835275,0.9316663797320207,0.0001289026736030774,True
FABP5,-0.007600392732687144,0.5701871347818867,0.0012544005755265955,True
FADD,0.0049480912850062495,0.12126072567898029,0.21496411851898312,False
FADS1,-0.0023645184483337043,0.19127329100788273,0.022101494287869745,True
FADS2,0.0009476754621411766,0.42355754388782346,0.012731880447932597,True
FADS3,-0.0012542154690599998,0.138091572502284,0.3638052894665105,False
FAF1,0.001205329195253846,0.00957058048191627,0.8946331299202168,False
FAF2,0.0008454538598182356,-0.04069395202163644,0.5355880198690457,False
FAH,-0.0015066091621656248,0.320602371661829,0.004352402020875721,True
FAHD1,0.0007848774393280005,0.2381015061513191,0.0026211711035048265,True
FAHD2A,0.0018332293200272727,0.2342255879295201,0.006935997189271729,True
FAHD2B,-0.0007068545856083333,0.31325690883274954,0.0004081945545448324,True
FAIM,0.0019859991275888887,0.0035588388295484386,0.9783089675139646,False
FAM101A,-0.0006180582798175003,0.35274693927551726,0.017706426619709125,True
FAM101B,0.0003892349014791665,0.6462773106388103,0.0003649905561247868,True
FAM102A,-0.000607315213457895,0.19444495900147044,0.2081108525269362,False
FAM103A1,0.001057104796956,-0.10551435094228336,0.14672956844314378,False
FAM104A,-0.00018428420310004752,-0.023534113950765333,0.7587067638895804,False
FAM105B,0.0026305474491666665,0.13428801338469668,0.05020809897331262,False
FAM107A,-0.006220363854416666,-0.12225435403398173,0.3144217795728943,False
FAM108A1,-0.00042109475841333333,0.16114627331113296,0.10605571182897643,False
FAM108B1,-0.004195469720000001,-0.10495362387581673,0.26690218608358307,False
FAM109A,0.0006912078550654544,0.18377359009261565,0.14290816851838367,False
FAM110B,0.004455701550642857,0.21164633033015343,0.16197442432174347,False
FAM111A,0.00028380823510434786,0.11359642865189347,0.4072376847403639,False
FAM114A1,-0.0002503198036105264,0.17293396855195994,0.05175374508281984,False
FAM114A2,0.0013054013016728574,0.009681877039089161,0.9389891732436113,False
FAM115A,-0.0007548870426990474,-0.16359659913628313,0.22483232234833053,False
FAM117A,0.00219274202833,0.11690415535773332,0.14178307319825653,False
FAM118A,-0.000562528782116,-0.1619722932884545,0.17040000815316264,False
FAM118B,0.0018143375112571426,0.1234590171769472,0.0612099325706643,False
FAM120A,0.004398759401910421,-0.041043078012075386,0.5400676048591281,False
FAM120AOS,0.0008670181280865335,-0.015533660163515671,0.8525270379083687,False
FAM120B,0.0004126110607624996,-0.045434124571547135,0.4630130681079595,False
FAM122A,0.006957655944428572,0.06534949231760588,0.2555543314619162,False
FAM126A,0.004921781300043889,-0.16756139829338187,0.1989719382597121,False
FAM129A,0.002738440426012966,-0.24829364058562203,0.022174207316514975,True
FAM129B,0.0026412738429416665,0.5346896364998633,0.000632036239743677,True
FAM131A,0.005148830122249999,0.07228184141137639,0.350216194445215,False
FAM131B,-0.006657757706363635,-0.12344213639311556,0.07895450011265671,False
FAM133B,-0.0005081088041485714,-0.25995251938468356,0.036667549591993455,True
FAM134A,-0.0005746029769264285,-0.042803546317638545,0.5816117425642154,False
FAM134B,-0.0008119128463049994,-0.3861710472680695,0.061875654006596004,False
FAM134C,0.0011275603357149997,0.06658458644807519,0.40281120344957877,False
FAM135A,0.0005445942270480951,-0.08308880335992225,0.5884177476708359,False
FAM136A,0.0022927424845625008,0.356742196710421,0.0026534064106592432,True
FAM13A,0.0036733874725238085,-0.10274364011974756,0.4028564596041101,False
FAM13B,0.0006342810581076923,0.09466301591339966,0.3010624900617832,False
FAM13C,7.963563037916654e-05,-0.17597358305299304,0.41367572905815775,False
FAM149A,-0.0022194752573556522,0.23677157723804754,0.046457233601758484,True
FAM149B1,-0.00036778420372352943,-0.12292444622764531,0.1197216780647618,False
FAM151A,0.0052058339407099995,0.2702587823444034,0.15445940833669503,False
FAM160A1,0.0023125796177318188,-0.15873278012012382,0.4518859332782176,False
FAM160A2,-0.0030384134271214283,-0.15455524299768253,0.076924919707869,False
FAM160B1,0.00013033596505238108,-0.2567290148695153,0.06756387885505585,False
FAM160B2,0.004314479373214286,0.056030553507874566,0.37120061632744117,False
FAM161B,0.00016043010399999992,-0.05994159127712777,0.24921766279241914,False
FAM162A,0.0010769877628166666,0.19461319814309633,0.06285813343140699,False
FAM162B,3.530459357692308e-05,0.16230144722309278,0.10781260494270452,False
FAM166B,0.007669645220000001,-0.3486468857308443,0.03968766637942294,True
FAM168A,0.0009880118996862068,0.01322977422568899,0.8468896290644691,False
FAM168B,0.006182872893270588,0.06602026015130512,0.31550885322984845,False
FAM171A1,0.0011562682602225805,0.13066573740890983,0.127491865700884,False
FAM172A,0.0005851672155642307,0.12446478343132182,0.15072594549045776,False
FAM173A,0.008416917062254285,0.11461662101017858,0.4358994282466877,False
FAM173B,-0.00017559326013250032,0.06615963906860953,0.6165821469286317,False
FAM174A,0.0049507014305411766,0.009786759289964954,0.8802291540722312,False
FAM174B,0.0033099849608900006,0.06440683419382189,0.491596132918241,False
FAM175A,0.0002473195725929999,-0.4387522349983154,0.00040304631298759835,True
FAM175B,-0.001131315302590909,-0.153636854662546,0.03652432899367584,True
FAM177A1,0.00010624419729,-0.014252487183432678,0.8870578097743905,False
FAM178A,0.0024031746572066664,-0.0831473282398027,0.38148812887214745,False
FAM179A,0.0032913117847142856,0.5840489140112783,0.0022318051752555053,True
FAM179B,0.00063438869686875,-0.1913683073035344,0.10226926451132479,False
FAM184B,0.0020266587690916673,-0.30106976885482073,0.00016866920858787487,True
FAM185A,0.0025273294325846157,-0.12354078546170832,0.13634296123208597,False
FAM188A,0.002528815076885714,-0.13557685482950824,0.3462433831402769,False
FAM189A2,0.006845917110916667,-0.42722117372802637,0.001977246219370892,True
FAM189B,-0.0007938340849199998,-0.08664398969122673,0.3348715716044417,False
FAM192A,0.0036195879600494996,0.1597983936071107,0.003766675200432434,True
FAM193A,0.010474001899266666,-0.10337666755529146,0.13995421973676264,False
FAM193B,0.006403522409159999,-0.33446983427750093,0.0006771398319104173,True
FAM195A,0.003918158784716667,0.2685582023940002,0.02237599679526787,True
FAM195B,0.0033634075068200006,0.25061782016546313,0.07252172243442322,False
FAM198B,-0.003872581605615384,0.5602232889135862,0.02101323076090272,True
FAM20B,0.002489012544068182,0.012663187492863286,0.8383320805035003,False
FAM20C,0.004804735415711927,-0.03884658947640867,0.7975057530483298,False
FAM21A,0.0018216906512499998,0.059596631486998515,0.57007122364089,False
FAM21B,-0.010897001491333333,-0.08950933040979127,0.13313155175307678,False
FAM21C,0.0011238531749500004,-0.09195305426764372,0.3929061333679791,False
FAM32A,0.0009247597793593334,0.1368329026171013,0.033730407327990895,True
FAM35A,-0.001946558894025,-0.021516373148636747,0.800394077076384,False
FAM3C,0.0002359626341533332,0.17369747921137907,0.13472256923628032,False
FAM43A,-0.011500752729399998,0.5814184261024194,0.0013747978198995164,True
FAM45A,-0.0012327344450444445,0.04584247843543731,0.662015945010564,False
FAM46C,0.003996927100611364,-0.1555785517438236,0.08390010546000028,False
FAM47E,0.0025113883975833337,-0.14630641642329759,0.15447937818529756,False
FAM49A,0.002703203849876923,-0.07290748031189312,0.5225028120957051,False
FAM49B,0.0020225338607414997,0.08463833640974854,0.374792215131431,False
FAM50B,0.004034693802302702,0.0742065270904425,0.43907078017895307,False
FAM53B,0.007215033774501112,0.11151756867942125,0.013814673423027786,True
FAM53C,-0.0016867946839722219,-0.014887062599572953,0.8423511928756775,False
FAM57B,-0.003171360059125,-0.2602891901782065,0.08971892312416076,False
FAM63A,0.0010291782389993333,0.06418687163118446,0.44978803569246706,False
FAM65A,0.0005468083844584998,0.29466615013163966,0.0005747539608583755,True
FAM65B,-0.0015400027635448276,0.1755261044980587,0.21900430437392676,False
FAM65C,0.0022953134484000014,-0.24296254112070548,0.07908599342121457,False
FAM69A,0.005919402565591665,-0.09523568579927556,0.35712802988084547,False
FAM69B,-0.003547207734166667,0.2201659395849049,0.03941778242784814,True
FAM71E1,0.003918105824838461,0.13364921174532782,0.23273467926354685,False
FAM73A,0.005065888217981175,-0.03745630883685711,0.6716744952440328,False
FAM73B,0.0014092092906833331,0.09884288964638702,0.18781201691191518,False
FAM76A,0.0019616725699062496,-0.03233460963185759,0.7382466863911412,False
FAM76B,0.00012452093632219998,-0.34677218695702194,0.017493941977268838,True
FAM78A,0.0006776575271666666,0.09885444644443861,0.42200648743004543,False
FAM78B,0.0022228588330672587,0.048682710237652006,0.5027172327464606,False
FAM84B,-7.903525471333337e-05,0.013495532405927409,0.8955492270495489,False
FAM86A,-0.0007750685244428573,0.06079437636810385,0.5313391046461946,False
FAM89A,0.0014547411088529627,0.16036278146548044,0.10976815797116356,False
FAM89B,0.00110520283768,-0.019827949028219907,0.8720775020577457,False
FAM8A1,-0.000481475916692857,-0.20901179633579534,0.03885722727200168,True
FAM91A1,-0.00025094821722222233,0.03345745131285391,0.7767822811043072,False
FAM92A1,0.0007664533740000001,0.1011572593431349,0.38877882632149685,False
FAM96A,-0.0005512743118746666,0.25646985580988685,0.007216896499485502,True
FAM96B,0.0055062422240127785,-0.006670139584076473,0.9333718840118417,False
FAM98A,0.000418234154007333,0.02319477607196604,0.8623433901578376,False
FAM98B,0.0029081540761733333,-0.17747461362375688,0.19349405064789132,False
FAM98C,0.0016389008503546155,0.04269703258431617,0.659018893090449,False
FANCA,-0.0023899341236346154,-0.06832908083002302,0.2827701952261897,False
FANCC,0.002920722557061905,-0.0328706331157413,0.779077495747364,False
FANCE,-0.0023448891618000007,-0.007736455455955663,0.9229991479323079,False
FANCG,-0.0012896477318571427,-0.06264941428517047,0.6886707016002018,False
FANCL,0.00019137130213636375,0.07533392061259338,0.4367269176040819,False
FANCM,0.0006802719481833334,-0.24734498039636155,0.05835173402758325,False
FAP,0.01262439481925,0.1523661278031406,0.11572601890034437,False
FAR1,-0.00022902125601333324,-0.12397791213960123,0.3431137351234492,False
FARP1,-0.0001396528932998181,0.4960101674630452,0.0236563738203597,True
FARP2,-0.0003232614076411761,-0.16702720040003302,0.09802040149834713,False
FARS2,0.0002012528319631578,0.07026707395965422,0.4674716135745044,False
FARSA,0.001671933475853333,0.1931425713932617,0.0638119986468428,False
FARSB,0.00014949424830000002,-0.001641797484415377,0.9780187548662956,False
FAS,-0.0010907173540428573,0.05506235139585804,0.4564616575705943,False
FASN,-0.0017066003646907548,-0.08545801684736626,0.4681164501560464,False
FASTK,0.009288322142696155,0.11202483828425146,0.18863241400866246,False
FASTKD1,0.00377898020075,0.31286991288042604,0.11354790571786197,False
FASTKD2,-0.0012594623898125,0.12185324794895984,0.18176408723279155,False
FASTKD3,0.0009636567011933334,0.15363041371327857,0.2396666878591294,False
FASTKD5,-0.0017183635802210527,0.12614735836287141,0.11272816574720324,False
FAT1,-0.0005310157292882524,0.49189925441420373,0.0008204336041104288,True
FAU,0.0005634980936533335,-0.13566681113365392,0.08358603371801515,False
FBL,-0.000513767329738182,0.013934271160532948,0.7644170819197275,False
FBLIM1,-0.005547083003075,0.2343166152850409,0.07400553970435646,False
FBLN1,-0.0027240586974000003,0.3193079841351444,0.06347167026671452,False
FBLN2,-0.0016131263892088892,0.3510867599873865,0.0202801921100714,True
FBLN5,0.007968742831446154,0.2830524417317233,0.019905578534267672,True
FBN1,0.002281936712333333,0.4023381985096451,0.08709832915267761,False
FBP2,0.015541840983,0.003073643098370821,0.9699157431342913,False
FBRS,0.002522567145190909,-0.15992850176145856,0.02134918450433275,True
FBRSL1,-0.0014613272604338103,0.09115777118788375,0.5644637868831337,False
FBXL12,-0.00031660623675235306,-0.0725245761783655,0.32810618446595285,False
FBXL15,2.4185247978260864e-05,0.14265337550090965,0.34120784876033716,False
FBXL17,0.008277041872035715,-0.30516639722173683,0.012184188549364013,True
FBXL22,0.01256137220873077,-0.006981372640442054,0.961432128427858,False
FBXL3,0.0001352134230534614,-0.1890732250994424,0.09322274682126824,False
FBXL4,5.473852605000017e-05,-0.16491989776923202,0.17416458609981061,False
FBXL5,0.0007572768152899998,-0.24307388099255992,0.015850630864266194,True
FBXL6,0.007603486998416668,-0.1643252534595674,0.08695162942250434,False
FBXL8,0.0020972437942125928,0.08672416640683918,0.45373037259065896,False
FBXO10,0.015626465572944,0.07582819752409806,0.4828146174356831,False
FBXO11,0.004100006314495,-0.2736178350729801,0.019597258742719142,True
FBXO18,0.004625212599563635,0.05248664062839836,0.6262721246587926,False
FBXO21,0.004313830380207667,-0.20235817257846245,0.0020793077193300685,True
FBXO22,0.004038600322272223,0.025933966491712788,0.8618244945432796,False
FBXO25,0.0022526572599500003,0.012996759296770456,0.8855742506379699,False
FBXO28,-0.005070404829449286,-0.043323978149428205,0.6755392997603764,False
FBXO3,0.00627852304855875,-0.3063806249416933,0.002627152345664494,True
FBXO30,0.0015419952510333332,-0.048567696681439274,0.679402864580487,False
FBXO31,0.0032907604499472724,-0.08764773462721392,0.3354330931056779,False
FBXO32,0.0088643895962,-0.11666578247336812,0.5048002845479043,False
FBXO34,0.010030587574928,-0.08423398057135921,0.5343426643397866,False
FBXO38,-0.0012660228711666665,-0.040561717940482064,0.6848625423337955,False
FBXO4,-0.0004408359814416667,0.10915817828272961,0.4431232861515785,False
FBXO40,0.008155509344800003,-0.21025229571241494,0.060492818091895426,False
FBXO42,0.003211422002764285,-0.057518814555832964,0.3303697173253798,False
FBXO44,0.004608919041529412,0.08714150510662476,0.40640418972534065,False
FBXO45,-0.0003093505614666667,-0.08480057806285955,0.3082148089045997,False
FBXO46,0.004595940765404762,0.06982988627078611,0.5034293337386799,False
FBXO6,-7.6553816336364e-05,0.22315785960894885,0.004530030014351989,True
FBXO7,0.0004957267696105556,0.0631690456950677,0.4421903118111421,False
FBXO8,0.0019082033712291668,0.046860225878533335,0.6606917989827393,False
FBXO9,0.0008134158144860002,-0.2579506805572844,0.007999766278023205,True
FBXW11,0.0009041480693762962,-0.03786306025052489,0.5470757992473521,False
FBXW2,0.004079545475,0.24941898156275571,0.013308940852268053,True
FBXW4,0.002455194957956077,-0.08715941921621141,0.13808484823220113,False
FBXW5,0.0037590204069787502,-0.0323435320132833,0.6304452214616214,False
FBXW7,0.004745469393274286,-0.2733687338005299,0.09904724013906702,False
FBXW8,0.007211474064952834,0.06310542516251028,0.25459374569555887,False
FCER1G,-0.002110412588066667,0.4090599739878835,0.01892356202820414,True
FCF1,0.000258098278727273,-0.12870998097553263,0.15184293733567897,False
FCGR2C,-0.0022848053465000006,0.3132471938378444,0.18184167314061317,False
FCGRT,-0.009030356119562499,0.27812690336867985,0.0029703606504113862,True
FCHO2,0.0015616203865666668,-0.10199622553520608,0.5002977661343223,False
FCHSD1,-0.0006478561380153849,-0.12164392288847249,0.31306399794885026,False
FCHSD2,-0.0006313242248360002,0.10359158197459392,0.22492499074875838,False
FDFT1,0.003341139155438636,-0.20149489131765827,0.01050505532840022,True
FDPS,-0.001101116688647619,0.23255735774577113,0.004942034984518661,True
FDX1,-0.0020582593195692302,0.13634842730972777,0.06442882383766388,False
FDX1L,0.003184624692153846,0.3085980500124691,0.05775715717875407,False
FDXR,0.00083793591711875,-0.05484743109971117,0.6452422638607105,False
FECH,0.00041618245427499996,0.07370878507693744,0.12965239735467013,False
FEM1A,-6.339639816642868e-05,0.0567327339995984,0.6436240201808872,False
FEM1B,0.0057621441834899995,-0.03263754601263816,0.7272260068316825,False
FEM1C,0.003374833208807143,-0.2797006265160152,0.014692405937075752,True
FEN1,0.001223210989631739,-0.13916147699909767,0.13773995304498937,False
FERMT2,-0.0010657632353153848,-0.044135869472688445,0.5023260555632465,False
FERMT3,0.0037892552156857146,0.1360380269026981,0.4005054702507014,False
FES,-0.01358582249386111,0.3351452094383795,0.027268520781867804,True
FEZ1,-0.00046411235497906267,-0.059685882746537654,0.6118170215973487,False
FEZ2,0.0035656137369941177,-0.2890088008584494,0.009792486272324943,True
FGD4,0.010804236958428571,0.005693180925727378,0.9721780931406483,False
FGD5,-0.004967363087905555,0.36426875629034117,0.013249002108604425,True
FGF1,0.006226185954564706,0.3335658784783053,0.001129165894241452,True
FGF11,-0.009464439150533332,0.37295277092947055,0.00023648536184997054,True
FGF6,0.019404548235106248,0.017430086644928986,0.919632726022065,False
FGFR1,0.003042643102006452,0.29036263896564035,0.02364514550200155,True
FGFR1OP,-0.0022138946643466668,-0.057516771986217984,0.6172496620732686,False
FGFR1OP2,0.0001921710797285715,-0.1878420437646822,0.1342716372118892,False
FGFR4,0.009412717100592858,-0.03395397524352259,0.8129319411861966,False
FGFRL1,-0.0011167934143303637,-0.023623898219817543,0.767043429124121,False
FGGY,0.011005459214341777,0.09776696515452904,0.3703117584059301,False
FGL2,0.013829934486833334,0.2185125896853161,0.12233066160531451,False
FH,0.001765197504111111,0.20279066552738956,0.011062528169618441,True
FHIT,-0.0012525008591593222,0.3169939706465201,0.003311609205771267,True
FHL2,0.011432086560982142,-0.4994903855208835,0.0012014518315148156,True
FHL3,0.00814348628946875,-0.36215233604189356,0.001663010814892257,True
FHL5,0.008247489093383333,-0.03731684775386268,0.6599170889418957,False
FHOD1,0.005849658791132,-0.1970457797149673,0.055604299241910675,False
FHOD3,0.0008754954091000001,-0.15015777932334984,0.10212095924752398,False
FIBP,0.0015769142612625,0.024988631869912202,0.4533518550427037,False
FIG4,0.0034088461489222223,-0.00044321417532340715,0.9936300386400168,False
FIGNL1,-0.0048514433401071425,0.01810607574544371,0.7637238834335195,False
FILIP1,0.0045568355620285725,-0.027659275903300164,0.8988958617568816,False
FILIP1L,0.013162332791827658,-0.43207509716850795,0.1643042625239472,False
FIP1L1,-0.0008405240235235296,-0.051247692217467715,0.6002003529432771,False
FIS1,-0.0024212472443833335,0.07941980443045817,0.19616578330936962,False
FITM1,0.01989537350125,0.0776094790629819,0.37697157245371915,False
FITM2,0.0008307117769307693,0.27924144073959367,0.0014125577570482432,True
FIZ1,0.000565753654952381,-0.00749022423927892,0.9315752810422314,False
FKBP10,0.001802795132868,0.3458277895852191,0.0030589020908925965,True
FKBP11,-0.005756657088092778,0.17563458151572223,0.2751268798963401,False
FKBP15,-0.0010707917408,-0.06846488039176458,0.2729011211102981,False
FKBP1A,-0.0005984422264818182,0.3738594718433093,0.0027539648135043947,True
FKBP2,0.0009779894604666666,0.2998029909794099,0.07072860399621488,False
FKBP3,-0.0030467211728125,-0.12037810648257458,0.08865029659103789,False
FKBP4,-0.0029799709113723528,-0.04832607941645272,0.6462828869066404,False
FKBP5,0.007833673105740626,-0.6152932662974385,0.05742419432048301,False
FKBP7,0.0004546777389076924,0.045178791708446055,0.7188966159764083,False
FKBP8,-0.000698438536,-0.01709844673968395,0.7932852903712061,False
FKBP9,0.003632174839935714,0.43134564631198996,0.0021222056868404806,True
FKBP9L,0.010828446438,0.24538319598151165,0.009968415253679704,True
FKRP,-0.002725495430342106,-0.08207104509347575,0.3834612232974438,False
FKTN,-0.005677496918249999,-0.06784451175461463,0.31447628391018145,False
FLAD1,0.00111722361657,0.12684313548268636,0.09237485751008183,False
FLCN,0.00187135477851,0.0898929986826201,0.5924666686608744,False
FLI1,-0.004617986590202166,0.2988995170264677,0.03358120566027651,True
FLII,0.0027057100845772728,0.02563913013261415,0.6806987535469733,False
FLNB,-0.0036253435001971424,0.45460139752313133,0.0038025728763114225,True
FLNC,0.00858576364252381,-0.10600096240706124,0.25490346127302793,False
FLOT1,-0.004773981344527188,0.07346927815193,0.17546575529653183,False
FLOT2,-0.0005685031137714283,0.0609063514384191,0.36829182058119425,False
FLRT2,0.001072965088608,-0.22079975475195185,0.05469376569653586,False
FLT1,-0.00019484902187954516,0.09886693129486362,0.3431250263199974,False
FLT3LG,0.0013134380781909091,0.057203854499640154,0.5291709379893437,False
FLT4,0.0030594280756959186,0.27881312273980935,0.09902411295230912,False
FLYWCH1,0.0012195645561108486,0.021342127788680075,0.7812892680300112,False
FLYWCH2,0.002312856799768948,0.2883203708604748,0.010376923695660557,True
FMNL1,0.0022906439776962965,0.016372803713690178,0.8827594021954133,False
FMNL2,0.005802469068135371,-0.18655706902307453,0.03780973431670534,True
FMNL3,0.0024703729096228573,0.3957440307735446,0.009584053718501042,True
FMO2,-0.012955798087899997,0.009639812977023453,0.9569245582708616,False
FMO3,0.004749514313428571,0.2122256769483698,0.0485216892436109,True
FMOD,-0.012864686580222221,0.40628798847150516,0.01746555166658453,True
FN1,-0.0012963270591666665,0.6893070503896452,0.003937216781228927,True
FN3K,-0.0009783764664545455,0.3203889869104568,0.026211345699454765,True
FN3KRP,-0.0022851163813050004,0.18382283272179228,0.05300169880939643,False
FNBP1,-0.0009714256262411764,-0.1584319755565284,0.08578820786280317,False
FNBP1L,0.0055303840914,0.1450391406131976,0.1936426728404518,False
FNBP4,0.00024745039515789477,-0.6478186129697836,0.002708722483833244,True
FNDC3A,0.0026035223376595,-0.087801200786345,0.43706377208052527,False
FNDC3B,0.005773976861378787,-0.16611276965662583,0.16085722176116185,False
FNDC5,0.0016315107873749995,0.3672842642066109,0.0008225192327344043,True
FNIP1,0.0033647994494966672,0.001741239173072128,0.9895557691502057,False
FNIP2,0.0028497470563095236,0.12930364412109283,0.45234416342436223,False
FNTA,0.0006826572697250002,-0.1463246694340705,0.7914461097028713,False
FNTB,0.0006760109504333331,0.06405874987818178,0.4101899880026736,False
FOLR2,-0.0006660651681399999,0.22660231434523992,0.24305912480935415,False
FOS,-0.0009035428771315791,-0.019275662202198795,0.9657513579179584,False
FOSL2,0.0038739418240999997,0.11006593552663838,0.31335455224174574,False
FOXJ2,-0.0006661281219866665,-0.1648044382056395,0.007097846766330977,True
FOXJ3,0.0006887386823235713,-0.22511122066163367,0.001394637427985412,True
FOXK1,-0.0005809141212509495,-0.002548483534810651,0.9564302955442779,False
FOXK2,-0.0008070302343363636,-0.13951847476797202,0.17621487544916808,False
FOXN2,0.0038466853371500005,-0.029705698747086617,0.8025854379883147,False
FOXN3,0.005477627168722887,-0.09175382556281673,0.3729565767877482,False
FOXO1,0.0002881817351417742,-0.12266153071914648,0.1998234748733161,False
FOXO3,0.008643056870295238,-0.2940852740271453,0.15168520925288986,False
FOXP1,0.0007372642005006448,0.008973368140189968,0.9155032816430435,False
FOXP4,-0.004421329692152501,-0.11229211728841552,0.2354557304110208,False
FOXRED1,0.0009418042562578949,0.1736005779530106,0.051557452898193,False
FOXRED2,-0.0012329417512421054,0.00721820540361689,0.9315078227959728,False
FPGS,0.00475609732875,-0.11150792397072759,0.1118846151311397,False
FPGT,0.0010243794827323076,0.15479021637244278,0.15884273987714742,False
FRAS1,0.002195437829173824,0.04010114795995614,0.5995038205304687,False
FRAT1,-0.0025182485623444447,0.14250328038035273,0.032403795585905185,True
FRAT2,-0.00012405747823624998,-0.01961545815991764,0.8229631887385574,False
FRG1,-0.0029825783129916665,-0.19330753563455894,0.03269859447395149,True
FRG1B,-0.00450958622406,-0.1859066826199111,0.09767054012142547,False
FRMD3,0.0021133072414857143,0.17644625375928547,0.04497784615686518,True
FRMD4A,0.0023022478509515517,0.2860578133172218,0.04834693049520182,True
FRMD6,0.005181411798345,-0.01998545549999112,0.8948758743682447,False
FRMD8,-0.0047848179222090914,0.1698261553586174,0.18777087538259682,False
FRMPD1,0.0005299089593166665,0.13310773285069863,0.17626035500982296,False
FRS2,0.005025656093577777,-0.031650087674236535,0.8235403494102799,False
FRS3,-0.0005915178901999998,-0.12532817377122044,0.3316351616280083,False
FRY,0.0024064704289345836,-0.03210102036507594,0.6233425198883569,False
FRYL,-0.0009080437749545454,-0.09844031014192399,0.3554171212662407,False
FRZB,-0.003576993049269231,-0.08596822665675564,0.7005716159691533,False
FSCN1,0.0034279483996090903,1.1585099335319529,7.725557887400634e-05,True
FSD1L,0.0007163465105972729,-0.30828625538328897,0.010374211379760656,True
FSD2,0.0270610560698,0.02717420313600175,0.7735447182136407,False
FSTL1,-0.0038836026408461113,0.49371651992138993,0.01771184044170692,True
FSTL3,0.0017640982672,0.054943124728147524,0.6836725547567674,False
FTH1,0.0022121121642315793,0.023668793630347584,0.839114538078317,False
FTL,0.0009982967771214287,0.056088334426194854,0.6139617073290623,False
FTO,0.0046930801918578955,-0.06687689720578663,0.4342797626180043,False
FTSJ2,0.000952496638859533,0.07697625830676857,0.24117366998471781,False
FTSJ3,0.0008151456532833331,0.019177942421225745,0.8703516351237313,False
FTSJD1,0.002417724337900722,0.020208000167070302,0.8497119976927291,False
FTSJD2,-0.0016844884874000002,-0.013589807354845274,0.8437357725152868,False
FUBP1,0.0012601614673266666,-0.30936211401083036,0.04186045913704639,True
FUBP3,0.00239396548376,-0.20366762525818627,0.08759169797311427,False
FUCA1,0.002620997736086667,0.0457658461099871,0.5803400989315616,False
FUCA2,0.004716292134416083,0.3628019067800698,0.002877272733387059,True
FUK,0.003721576763466667,-0.0698784474826942,0.5332644708510741,False
FURIN,0.0006092071568304168,0.06364241172889323,0.3739285994750894,False
FUS,0.0015919423925307697,0.003826693902185677,0.9530316307026142,False
FUT11,0.0008232048881647057,0.2634134364896665,0.08224732028535693,False
FUT8,0.002081401006236364,0.04653927388577205,0.6649368226165282,False
FUZ,0.0007766337589882352,0.17072534779260182,0.08464963227258537,False
FXN,-0.002678995006693333,0.2056777316863281,0.0226980875982561,True
FXR1,0.0034968667889071436,-0.5063579912453032,0.00023589957828742923,True
FXR2,0.007120916722800001,-0.06549586811539966,0.4222447207273119,False
FXYD1,0.0051244511197826095,-0.20659027642388697,0.018428536675440643,True
FXYD5,0.002027902799078571,0.4897026053582415,0.002003738290511048,True
FXYD6,-0.0032086844893260873,0.6287965230198354,0.00017922053854917144,True
FYCO1,0.009574092500677393,-0.33477939525255374,0.0018243837222887283,True
FYN,-0.0017544415676641661,0.3408705012058211,0.04028413582406841,True
FYTTD1,0.0028519271459960006,-0.2697245816865172,0.01444328013550463,True
FZD4,-0.0005005882755904996,0.37258179090940496,0.0010030876067753877,True
FZD6,-0.0010350509232176471,0.4352646828298503,0.0009119812987200754,True
FZD7,0.0007999847504000002,-0.14771625837083746,0.17783354839226567,False
FZD8,-0.00148265444375625,0.17013311443855186,0.14965214101874316,False
FZD9,0.001285898230760909,0.2085363709795032,0.013179088135705282,True
FZR1,8.557343086551712e-05,-0.04498404291280946,0.6705083561716054,False
G0S2,0.0023059991212600007,0.25146926910896744,0.6091597549227339,False
G2E3,-0.00012642351833733328,-0.011153474691489902,0.9433777727186714,False
G3BP1,-0.0011779154583549999,-0.16464351855197143,0.03214280128277403,True
G3BP2,0.0002471620777588235,-0.3976875674544052,0.0006453806513808401,True
G6PC3,0.0006419182699812499,0.2504275684421228,0.0013841141501456731,True
GAA,0.0030134398032906256,0.0014603934754247644,0.9750564138883151,False
GAB1,0.005089140007388461,-0.22465996687666462,0.4099313375605542,False
GAB2,-0.0021680668093629163,0.026406808580793553,0.8023484324358832,False
GABARAP,0.001389428534335,0.2185981312747383,0.0049058075801051695,True
GABARAPL1,0.003244697214416667,-0.1963503667243818,0.08051184969818002,False
GABARAPL2,0.004361639980153847,0.059232371907723014,0.4564937296691338,False
GABBR1,-0.0012776199054380043,0.032890183201848264,0.8685278282081514,False
GABPA,-0.0002517393420176471,-0.1417294997383606,0.21417118855989598,False
GABPB1,0.00036777107515833336,-0.14058167037836178,0.2284133367201862,False
GABPB2,-0.0016547192764923076,-0.07353566489500078,0.26989460667400933,False
GADD45A,0.0027713045029975,0.42956722603005326,0.023608529281280675,True
GADD45B,-0.0016837719366692308,-0.0005182980523180467,0.9977816950199243,False
GADD45G,-0.006702488285071427,-0.10404218108728683,0.6427419012032393,False
GADD45GIP1,-0.0007191241684439999,0.14540473763684528,0.11801342694778134,False
GADL1,0.012006741572017646,-0.055898894773377054,0.5962432533597887,False
GAK,0.0023202231818645913,-0.15803553943622034,0.09743962603682481,False
GALC,0.0021295286343,0.013356516826041887,0.834908043114805,False
GALE,0.0017333191204681817,0.4848267410254285,0.0003026679046081696,True
GALK1,0.0030605272931794446,0.32277834797843313,0.0015859619848331314,True
GALK2,0.0009761229087225,0.3900485836789718,0.004673700549596204,True
GALM,0.0024934762992857144,0.10542372581106024,0.2185191675007038,False
GALNS,0.00202310364405125,0.17627238057800343,0.033457187756166226,True
GALNT1,0.0047015790797,-0.30798528993372387,0.020661884489243502,True
GALNT10,-0.0018047815524725001,0.07781068322072625,0.6282289204571769,False
GALNT11,0.0031590984948687497,0.015049106835300273,0.8544126921230096,False
GALNT2,0.007237732987712819,0.018049605461750537,0.7097845937101933,False
GALT,0.0009114165700000003,0.15256458287567376,0.12079012852622388,False
GAMT,0.0005595212073907146,-0.03986105951754861,0.6753622999517881,False
GANAB,0.004079949451794737,0.1332424182833184,0.03807661622609059,True
GANC,0.0006556449919591668,0.0940420028528223,0.346761223900373,False
GAPDH,0.003505521726685715,-0.11941718338367124,0.15919272122808845,False
GAPVD1,-2.2209972849999808e-05,-0.12752547712550946,0.08474253611607774,False
GAR1,0.0007320861269285716,-0.010064873597362906,0.9021377160514712,False
GARNL3,0.00328999313045,0.05728096177767588,0.537599159019142,False
GARS,-0.00019746692844615393,-0.03088738833844912,0.6430491366324917,False
GART,0.0012442559800692307,0.06016032279483237,0.4532051939856838,False
GAS1,0.00030514450012222226,0.059597509911161174,0.6454236244743109,False
GAS2,0.00498551835791875,-0.1597153887318124,0.32051576000546433,False
GAS2L1,0.002241705635668182,0.328966372696195,0.016163264630873562,True
GAS5,-2.2504150024999737e-05,-0.17067549281575997,0.23062258766768454,False
GAS7,-0.00137123409036875,0.19804797648549125,0.22016414190315414,False
GAS8,-0.0025816959117885723,-0.10441884133633574,0.31235187887223365,False
GATA2,0.0037538947304210537,0.04400727551555135,0.7741165901410882,False
GATAD1,0.0010673586083000002,-0.012079618622982487,0.9352479364554881,False
GATAD2A,0.0036656752984265723,0.1267289537598101,0.3018667699442541,False
GATAD2B,0.0018737402874393334,-0.0579240700710154,0.342836394568809,False
GATC,0.0019268313362133332,0.015969764422010844,0.831043457265015,False
GATM,0.0047140201087155,-0.5197645896283538,0.00018137317312555488,True
GATS,0.006021399692629524,-0.6901808892868891,8.11591566397044e-05,True
GATSL1,-0.0008515235487499993,-0.3498922627711218,0.03963336174983124,True
GATSL2,0.00452436716,-0.37046490520913017,0.03459424322431847,True
GBA,0.0028920872889346676,0.20208883716003856,0.15832901422370138,False
GBA2,0.004041962141916666,-0.03244220925203949,0.7093720920954567,False
GBAS,0.0012570980089420002,-0.11174578897831249,0.1070182114523434,False
GBE1,0.006737108555721177,-0.11181956604892926,0.25307888698125797,False
GBF1,0.013389482746902633,-0.09786095663532969,0.08899331096417017,False
GBP1,-0.008289736301,0.1468003302311777,0.4264520784667508,False
GBP2,0.0087022711251875,-0.18202941194534433,0.07147747914158097,False
GBP4,-0.024250227904999998,0.2809260818687251,0.030854425786326984,True
GBX1,-0.015950845026400002,0.06103848899591453,0.7133914367666887,False
GCA,0.0014054400347454548,0.08039976702859465,0.5135093376421436,False
GCAT,-0.002327721541847857,0.0905342202492844,0.20246391898244526,False
GCC1,0.0020946689701545457,0.008509812389419068,0.8972832731272493,False
GCC2,-0.00312051935686125,-0.17916829755067895,0.20720984232069917,False
GCDH,0.0016038773094111112,0.6098187442337838,0.000752412225281683,True
GCHFR,0.003908662562215385,0.1538139761351587,0.2803694908533205,False
GCLC,-7.722884765714291e-05,-0.09701367906750068,0.3191244138890986,False
GCLM,0.0006827788806666667,-0.29707252698983944,0.05329656007116437,False
GCN1L1,0.00386365267139,-0.05017219069214632,0.5566518019774316,False
GCOM1,0.0007249501384769233,0.7733632697158643,0.0032039937972742666,True
GCSH,-0.0010295051337333332,0.12368391750072405,0.09813639285916892,False
GDAP1,0.002357305820135714,-0.3659530873589383,0.005080163434841249,True
GDE1,-0.0014920323575777776,-0.014375381042119722,0.8613505345400088,False
GDF1,-0.0019300599413736837,-0.12176776913237151,0.3307576409260973,False
GDI2,-0.0010160731624291818,-0.030584585910373233,0.5260851512313276,False
GDNF,-0.006396717850568889,-0.10983428851317632,0.6565004185678538,False
GDPD3,0.00101969673636,0.3984101119093768,0.07756634291129409,False
GDPD5,-0.0017488801720833337,0.26725884981487047,0.1084999652232712,False
GEMIN4,0.004723124375539131,-0.09697331058096546,0.24298869282062707,False
GEMIN5,0.0024294936582753843,-0.03250068170439638,0.5348368231273671,False
GEMIN6,0.00234839685006,-0.05018712264839484,0.620552145843375,False
GEMIN7,0.0007156788919000002,0.20011095787951794,0.04296990334500336,True
GFER,-0.0005469221497384611,0.047260498661809376,0.6716332762179842,False
GFM1,-0.01485019975250455,-0.12616357642911294,0.16758632529643114,False
GFM2,0.0013066434432394444,0.15065028334945624,0.09400770898163932,False
GFOD1,-2.1040965139024393e-05,-0.04353376195130953,0.5692598985972498,False
GFOD2,-0.00047397055278999996,0.0208419704747452,0.7369471758116826,False
GFPT1,0.009404144930846153,-0.09065817551052681,0.44190976510396807,False
GFRA1,-0.0022635604137775473,0.10563949035683114,0.2908562361835188,False
GGA1,-0.001736707668907647,-0.06749319231897162,0.2774092518092302,False
GGA2,-0.0027942165682246665,0.024543442039642004,0.7612351957551209,False
GGA3,-0.0002911319279000001,0.08178095260784674,0.4863686377789612,False
GGCT,-0.0010950466792016668,0.2408503830644798,0.03706041870904273,True
GGCX,-0.002521647891586667,-0.04383520376639199,0.45886160466101544,False
GGNBP2,-0.0009290109464,-0.3086683952118286,0.044644018575537986,True
GGPS1,0.0005992502678716666,-0.1730739677975037,0.03452475007724093,True
GGT5,0.0017138771253333333,0.6377874781714814,6.94459959932899e-05,True
GGT7,0.0027585886361495998,-0.6631729899757898,0.00025872315280813966,True
GHDC,0.007718910836807692,0.0418480226337113,0.666509291727017,False
GHITM,0.002754098317281818,0.2912942020745097,0.002314130999506126,True
GHR,0.0025771336061809523,-0.25705014107116786,0.025689607294074063,True
GIGYF1,0.0034907437800349994,-0.16730056181050879,0.04332510493684633,True
GIGYF2,0.002759925817408696,-0.20170919657237682,0.05207219465616298,False
GIMAP1,-0.010346235342181818,0.24203197354847347,0.013477827772402863,True
GIMAP2,-0.014362650517799998,0.13124646298650627,0.16641753963733716,False
GIMAP4,-0.0013417408056333334,0.4862516473887487,0.009196557556036131,True
GIMAP5,-0.004868780658222222,0.4020929340819318,0.010172842902476727,True
GIMAP6,-0.006333704982999999,0.513205559832366,0.001716830082066797,True
GIMAP7,-0.009656345959217646,0.05988725016020249,0.7221946785565962,False
GIMAP8,-0.007824802831206668,0.28744869408356805,0.017602771713575046,True
GIN1,-0.00043388493280769225,-0.22630540863526594,0.08279839919657556,False
GINS3,0.0020385835733209095,-0.0010232384680730622,0.992117738204678,False
GIPC1,-0.00026319862070173916,0.07585625821465826,0.30394006327880263,False
GIT1,-0.0014398633351,0.23201142365579192,0.14649194284322273,False
GIT2,0.002644184726021,0.14776250970156393,0.16408706126532135,False
GJA1,-0.00014223219811230776,0.5638808070141563,0.003181403131906064,True
GJA4,-0.002441268054161538,0.4136309334357684,0.005756369318556967,True
GJC1,-0.004644317221905,0.21927836770838827,0.004267805915312195,True
GK5,-0.001235606207709091,0.06578823953222089,0.36636309950971835,False
GKAP1,0.0002946154543333332,-0.40610857963899377,0.0002810360353820779,True
GLB1,0.0029978893989200004,0.16934806679526174,0.2453437347393146,False
GLCCI1,0.001266749613675,-0.2468012304783094,0.026959862201684632,True
GLCE,-0.0016100256412071427,0.17053509917050425,0.023632048001142873,True
GLE1,0.0010820441919625,0.004732079031216499,0.947095287612145,False
GLG1,-0.0008868332867135714,-0.14764553328821448,0.04839437494463481,True
GLI4,0.0015236718560861539,0.19726125860686186,0.1943987261402475,False
GLIPR2,-0.0026873822347666665,0.27980458459358465,0.06748893298858269,False
GLMN,0.0001660408299091666,-0.09868817675902285,0.29458260702310685,False
GLO1,0.001121822672371429,-0.13881134189644495,0.11037670659464857,False
GLOD4,0.002275899890063077,0.04612109621244615,0.6095305730557806,False
GLRB,0.0014846445577199995,0.0858476468097138,0.21871005714560898,False
GLRX,-0.006141673803139999,0.1398244994686709,0.1517942603635396,False
GLRX2,0.002633235691645,0.24885501091254217,0.032004302891494585,True
GLRX3,-0.0019083856281000003,-0.0001673632661425082,0.9980146670314145,False
GLRX5,0.002414609241748571,0.216022858032935,0.012958524401600047,True
GLS,0.00020092307651428578,0.07045494775119397,0.5642849156130413,False
GLT1D1,-0.0012590601053350944,0.015573862468154509,0.7946457784129883,False
GLT25D1,-0.0012287710052680005,0.6053125694934093,0.0016817903817443088,True
GLT25D2,0.0012019373970781821,-0.09675094300419933,0.19003378073652324,False
GLT8D1,-0.0006368716592944444,0.19929036975599673,0.06345336018830988,False
GLT8D2,0.003410634314181819,0.1580780637943273,0.06992078259866806,False
GLTP,0.0007491857044749998,0.17558453183922723,0.019829744357451256,True
GLTPD1,0.00617597228704647,0.4795933194448846,0.004686176962526316,True
GLTSCR1,0.0007715054542066671,-0.07753260680189981,0.5816267558550496,False
GLTSCR2,-0.0030493245987578952,-0.27555494579735457,0.015632705284433484,True
GLUD1,-0.002888344812577778,0.17123142630807983,0.01383046827470793,True
GLUL,0.004225893186644,-0.39021151758117495,0.06571735592950464,False
GLYR1,0.002376237267294444,-0.06502482260458392,0.3374705652594999,False
GM2A,0.0006712272345000001,0.22581382538509392,0.004444861565521657,True
GMCL1,-0.00013693174034888882,-0.1658950552875025,0.05360577330104601,False
GMDS,-0.000671820905493407,0.563638398125576,0.0001652698926009486,True
GMEB1,0.000263475321564444,-0.08367245423864993,0.30300243742973043,False
GMEB2,7.170844349473682e-05,-0.0009004227304532198,0.9861540391209758,False
GMFB,0.004437572379918668,0.09568885913000401,0.48501758532248984,False
GMFG,-0.021545173303700003,0.5295201973312906,0.00026469959483372527,True
GMNN,0.0036245616551666662,0.15411330067360063,0.08109243851826038,False
GMPPA,0.0027844906977731246,0.023334419569808418,0.7699409600231173,False
GMPPB,0.002928362996836364,0.1439626581550573,0.24657078683779296,False
GMPR,0.008883514342565218,-0.17621519661111343,0.05991305496889261,False
GMPR2,0.00030950731281899997,-0.06344065139942093,0.3881610253545128,False
GMPS,-0.0002054215914214288,0.15340715838087418,0.1611302641587748,False
GNA11,0.0032673910182775866,0.01486651649832335,0.8342831410897102,False
GNA12,0.0009363723283179514,0.2536739617064103,0.0011370045663882634,True
GNA13,0.0037484581200533332,-0.22222702742624997,0.030053544558459495,True
GNAI1,-0.003253877075165294,0.4167954921289439,0.014407535180040445,True
GNAI2,-0.007895259196163637,0.5805244282995491,0.00021038084447927807,True
GNAI3,0.0014769378961014999,0.0062471103631273565,0.9361848170813758,False
GNAL,0.002788165592294483,-0.2417089922062276,0.14582068630023667,False
GNAO1,0.0007819851375107546,0.08525036217283295,0.646961673939656,False
GNAQ,-0.0009166455669111112,-0.05994556946754875,0.4310480709079365,False
GNAS,0.0001414147350235706,-0.11240682882913172,0.0007033314359505575,True
GNB1,-0.0009962390000657145,0.2686839180008901,0.0031393888224969043,True
GNB1L,0.0014118865407541,0.12798510989552614,0.2308360058049512,False
GNB2,-0.0007808054942681819,-0.025055385654910237,0.7337931614524208,False
GNB2L1,-0.0010543656346792597,-0.09676465688344055,0.16964167328020283,False
GNE,0.0038267475703181817,-0.06961853245114634,0.32855430277339925,False
GNG10,0.004210103397583333,0.14643181245768727,0.16343511430859683,False
GNG11,-0.0027160562677625002,0.7428157894119917,0.0006120444331811202,True
GNG12,0.006469162502469697,-0.003515299297996463,0.9610153764130094,False
GNG2,-0.000274507348415384,0.27020575334646785,0.042202232913731666,True
GNG5,0.0026120365483821052,0.30352761500485476,0.01019521058035553,True
GNG7,0.00354396320757611,0.3200735996478694,0.0003391165334865763,True
GNL1,-0.0007842692149207842,0.22183592072161093,0.07333915402335756,False
GNL2,0.0023824258474627272,-0.26506370500308873,0.026153946089804654,True
GNL3,0.00026568681861190467,-0.1762168190422013,0.0670046203894138,False
GNLY,-0.0023962085533750003,0.25142467166329024,0.06705047705354165,False
GNPAT,0.0011707556443941176,-0.05395750229883581,0.34843695176074707,False
GNPDA1,0.001950113316666666,0.12084425719987792,0.30603511064598365,False
GNPDA2,-0.0010065262936916665,-0.14445612714828315,0.1889995373567788,False
GNPNAT1,0.0026710356927499997,-0.2713729959098444,0.004059271635414899,True
GNPTAB,-0.0013578574712538466,0.2042891551670169,0.12627651381223584,False
GNPTG,0.00025247851410319994,-0.006920548705074505,0.9291802444606384,False
GNRHR2,0.0019541557741200003,-0.15183974177948,0.03442572288372943,True
GNS,-0.002017659214665,0.2391074786971383,0.0035241873225275596,True
GOLGA1,0.002235415145125,-0.03944863896472492,0.5982662736167945,False
GOLGA2,-0.0011940464275714288,-0.01160518363696122,0.8630740675833843,False
GOLGA3,0.0004746784051528972,-0.05684747078778027,0.40795490626442,False
GOLGA4,0.0061136862020615785,-0.6562760555854655,0.059335947523719824,False
GOLGA5,0.0003065410015099999,-0.11832404843912782,0.16468186880995922,False
GOLGA6L5,0.00661720666905,-0.22845417901849416,0.07082195840740381,False
GOLGA7,0.0007230538229400001,-0.03415878774315056,0.6142331256593263,False
GOLGA7B,0.0030632859326833336,-0.36163452552632797,0.009683007924636593,True
GOLGA8A,0.0048522581598,-0.42542624900081144,0.06845381712427182,False
GOLGA8B,-0.0016462093642555552,-0.4661064473433106,0.07962913274095901,False
GOLGB1,0.0011723011888514286,-0.53588402735812,0.0004980030285929439,True
GOLIM4,0.005624941705516667,-0.31090301096638484,0.023934092441733053,True
GOLM1,0.0005333652823333338,-0.08084204510402425,0.1731913513783387,False
GOLPH3,-0.002574827259307693,0.03836092558285294,0.7370631066270431,False
GOLPH3L,0.0003073588454285714,-0.2018259670959555,0.02119198699016579,True
GOLT1B,-0.0007760343209666664,-0.14486771782960906,0.10607203662080292,False
GON4L,0.003593165095375,-0.154177872411804,0.036088837064656036,True
GOPC,0.0012946239735,-0.12364069533659244,0.14550885669615474,False
GORASP1,0.00114748721194375,0.16331077028073573,0.09664180792437412,False
GORASP2,0.0032039087835733335,-0.008452003983535405,0.8617372286385346,False
GOSR1,0.001240043368291667,-0.07036975703802364,0.38472128578471665,False
GOSR2,0.0009549268753199999,0.0421504360086365,0.5845594779892608,False
GOT1,0.008291218607693333,0.5807045167302793,0.00027034849697600186,True
GOT2,0.00299998946993,0.25780553286057906,0.0012961394613599108,True
GPAA1,0.0009935828003399998,0.02970360308037606,0.7528178003443078,False
GPAM,0.0005269923330681429,-0.006481710849590725,0.9427153428208221,False
GPAT2,0.01882241045,-0.101698960698727,0.2818144978244183,False
GPATCH1,0.004731679937825,0.002600072699229229,0.98335737820944,False
GPATCH3,-0.0013686807813692305,-0.041308380434487126,0.535380423069693,False
GPATCH4,0.001606230025518643,0.11971565179201414,0.05627542977026128,False
GPATCH8,0.003953148846914286,-0.3668464483408565,0.014177571289517483,True
GPBP1,0.00039963407640000004,-0.38810384095498307,0.0026809000277673283,True
GPBP1L1,0.0006297776835429166,-0.18322821301336856,0.030926576492993872,True
GPC1,-0.0009114710849148078,0.09204477110726246,0.3022528324276964,False
GPD1,0.01737870596388889,-0.11379620527676676,0.053482001419472396,False
GPD1L,0.004034005682168667,0.10372252682888136,0.16759543642601052,False
GPD2,0.006538318513948,-0.21826573354752873,0.07597778884904689,False
GPHN,0.0022049228748,-0.0500670394058001,0.5893111175352233,False
GPI,0.00153721409865,0.2229882235823392,0.01177751723800844,True
GPIHBP1,0.00117766045096,0.19922896434075596,0.22365459938293164,False
GPLD1,0.012515269722492856,0.011858843348060704,0.9160829749672841,False
GPN1,-0.001414464686995238,0.14321663948890165,0.05331687011126259,False
GPN2,0.002029849644653125,-0.017404890576322055,0.8908037204845746,False
GPN3,-0.0026114522083735717,-0.07222235271178298,0.32052710585640665,False
GPNMB,-0.0009607007100071427,0.16518172460034578,0.1125660621866354,False
GPR107,0.0027852232510257773,0.0065433003145091255,0.8987034771447789,False
GPR108,0.0033602598831047616,0.08579728590541601,0.4513995612801235,False
GPR116,-0.007987691664611113,0.3231373513666315,0.050322352661611607,False
GPR124,0.0026477306189035712,0.45769308427193206,0.00034152482748465567,True
GPR125,0.005955869927147826,-0.13837680265903404,0.2713282399976072,False
GPR133,0.0023379167520089245,0.15430296154105294,0.18742956374576908,False
GPR137,0.0017858120783533333,0.3259276496333649,0.008973008188262238,True
GPR146,0.013620016907313336,0.3934373366745784,0.020689572342000265,True
GPR155,-0.0010688574474625,0.03677021730589221,0.7029859201942055,False
GPR157,0.005486543846892501,0.0015405351221661303,0.9935227310593295,False
GPR162,-0.0005320268065384617,0.2887398694164144,0.08272403950591077,False
GPR17,-0.006531040920935001,-0.14912790675092202,0.3965945029791087,False
GPR4,0.0032561298050999997,0.25154153220491543,0.03851547491839208,True
GPR56,-0.0012075324810000003,0.22841495227023348,0.057621336561571375,False
GPR89A,0.0005313969946599999,-0.13675035673428684,0.12025398021933557,False
GPR89B,0.0005600160236142856,0.027039960640306167,0.6153516759645545,False
GPRC5B,0.0002394671311562505,0.22185558404293904,0.0030080406771326625,True
GPRC5C,0.004917223718497059,-0.005336220647264972,0.9710067645480032,False
GPS1,0.004322188571825,-0.11413295761713904,0.0688396158369584,False
GPS2,0.001983752583981111,0.03357752366971279,0.6060289942049808,False
GPSM2,0.005644417213625001,-0.08318186979962858,0.6446361617171008,False
GPT,0.025748240299423075,0.3344343279692438,0.10243690805948916,False
GPT2,0.004230233315336088,0.20640262050457128,0.03983709539171161,True
GPX1,-0.0009026205829374998,0.1981860507697266,0.05694355851919691,False
GPX3,0.002572263620133333,0.3735534848994753,0.004210385935844719,True
GPX4,-0.00042511728316888876,0.04532548316695733,0.530175240742194,False
GPX7,0.0018159916832916668,0.10884765267109485,0.25215128822086624,False
GRAMD1A,-0.0017615233738882356,0.15084007980049538,0.09977068484419443,False
GRAMD3,0.0033174821618517244,0.18692338791805552,0.3280660242276413,False
GRAMD4,-0.0011829069043773485,-0.010234126653286258,0.9189159246402536,False
GRASP,-0.0062165958852863626,0.09330235762939423,0.44041427967690083,False
GRB10,0.0018052042195740277,-0.16539607576809673,0.2803287381583099,False
GRB14,-0.00652349339575,-0.2144865384227901,0.11219838642670234,False
GRB2,-0.0012920682334371426,-0.037397018866830424,0.6328175014118254,False
GREB1,0.005100163628130909,0.18371257619337847,0.04430713960151898,True
GREB1L,-0.003734210878480001,0.18463093254361232,0.11478441662946304,False
GRHPR,0.006333746499,0.3192208727421714,0.00030262659474720685,True
GRINA,-0.0006196557423133332,-0.012467681007831183,0.8202622145382532,False
GRIP2,0.008251213790135001,-0.1783517663622911,0.18824568156843252,False
GRK4,-0.00045590681908466664,0.25982391438239244,0.06547081002953192,False
GRK5,-0.0011671043220206894,0.27466390201213897,0.00891473030536301,True
GRK6,-0.0013948439927040002,-0.10191243641390436,0.3369131916132406,False
GRN,0.002179323615947368,0.2947254147622055,0.007213323788033233,True
GRPEL1,6.558967256857131e-05,0.2570179694031958,0.006631063562350128,True
GRPEL2,0.0014199108295501533,0.1769250781472301,0.12978043276514345,False
GRSF1,0.0010876922369682563,-0.10464674157353514,0.0481298710483396,True
GRTP1,0.0004271698264051282,-0.23382007081361056,0.0006298004346418017,True
GRWD1,0.0018787351941000003,0.08694706133422626,0.4309720482356857,False
GSDMB,-0.0008014131119090915,-0.2890552325705608,0.023972497493197457,True
GSDMC,-0.012879823690224999,-0.11232373009612556,0.4595430761320003,False
GSDMD,-0.005529698325352942,0.2640830187623217,0.055685985944079,False
GSK3A,0.00022951461532846158,-0.024915179117673523,0.693551382943719,False
GSK3B,0.0036366767724500004,0.11950294137894023,0.10972720386143955,False
GSN,-0.0046528830366,0.38363544618228745,0.010449621380981291,True
GSPT1,0.0019019022372864286,-0.04435068534747702,0.5733770146879114,False
GSR,0.009620966696670908,0.08196132770059245,0.31375828534133776,False
GSS,0.0032789461057692306,0.0967681506823204,0.02966419963126736,True
GSTA4,0.001786348236186667,-0.11589334390198774,0.09979773507293332,False
GSTK1,-0.0018449869015666669,0.21857578807333977,0.001614373471062867,True
GSTM1,-0.017628909676825,-0.05459034420075781,0.5339501729008126,False
GSTM2,-0.002161076864036364,-0.17942048414275244,0.0916970079499156,False
GSTM3,-0.0009892302827555557,0.0655187052469472,0.5130398723289742,False
GSTM4,-0.00010486576393333322,-0.02070165416937146,0.7452720311298293,False
GSTM5,-0.025604774063,0.1703093600683092,0.18329759511788565,False
GSTO1,-0.0014702549275233334,0.46041655936268794,0.000982054301365507,True
GSTP1,-0.0010699122998583332,0.09619184695366047,0.3365250744135062,False
GSTT1,-0.0066730339395000005,0.33335251890083684,0.3444102446361821,False
GSTT2,-0.0009667383059999999,0.14511602794798786,0.25280956678264854,False
GSTT2B,0.001567756763,0.16605973586511447,0.10567379077303041,False
GSTZ1,-9.676686796842249e-06,0.12337241100555381,0.016576586008264692,True
GTDC1,0.008265482615325757,-0.0019100980840204183,0.9854840343272031,False
GTF2A1,-0.0003124161595286363,-0.13889627156345175,0.12856490625753025,False
GTF2A2,-0.0017220925025357142,0.12082184514089146,0.1903073430640003,False
GTF2B,0.004700754307930769,-0.11854364085563737,0.1979140774807723,False
GTF2E1,0.0020242866625647064,-0.13681030076346212,0.24179566258676477,False
GTF2E2,-7.647111056875006e-05,0.07026663191885668,0.6069534337914488,False
GTF2F1,0.0033970576016320005,0.03430019946181595,0.6757123371634222,False
GTF2F2,0.004940643521185667,-0.0384403419888087,0.7782072923436177,False
GTF2H1,-0.0011070938654133334,-0.22443201860477763,0.031273361747481,True
GTF2H2C,0.004652392295577779,0.14677507997865327,0.05169387185365315,False
GTF2H3,0.0019288606769633336,-0.16543363578783304,0.10080195288376576,False
GTF2H4,0.0034937390666183775,-0.17840946444189434,0.07346790621751832,False
GTF2H5,0.0036121521078631576,0.07059621887710103,0.18178394541148893,False
GTF2I,0.001138783577539882,-0.19665864071206995,0.08062077393871049,False
GTF2IP1,0.011065845818,-0.1302421284946664,0.1104124213939565,False
GTF2IRD1,0.0030696526557142862,-0.3842834136654428,0.00224831744749069,True
GTF2IRD2,-0.0017208644992750001,-0.15407184885657357,0.05790016188911635,False
GTF2IRD2B,0.0003846953079999999,-0.1925239096024469,0.0388819010074488,True
GTF3A,-0.0006355967835363637,-0.06092725073291798,0.4615275719588454,False
GTF3C1,0.008625483012695,-0.08749753682211671,0.27152724186352023,False
GTF3C2,0.0022275328927333334,-0.2639316416926809,0.006278069441946514,True
GTF3C3,-0.001188676081325,-0.13247613805258387,0.38413303526693277,False
GTF3C4,0.000652776986638,0.05288064451670897,0.3278703965112071,False
GTF3C5,0.005035580241209091,-0.27158587096497566,0.0007314615742325735,True
GTF3C6,0.00013566755313333307,-0.1584345067472569,0.01532716547899756,True
GTPBP1,0.00036212575691823526,-0.08995586352640418,0.4608989316077401,False
GTPBP10,0.0018322901111230768,0.018990848016389353,0.8612150597359435,False
GTPBP2,-0.0009295594412294118,0.08709634218383953,0.219087669497534,False
GTPBP3,0.00043208872283999995,0.1461199235110104,0.09141712305591494,False
GTPBP4,9.42227478510527e-05,-0.0584224845563363,0.41440020121209886,False
GTPBP5,0.0025859817248333333,0.22298397315035112,0.0053940048100867884,True
GTPBP8,0.0023349161936642862,0.1316364374459015,0.21424594040590667,False
GUCY1A3,-0.0004605424985080625,0.4423937959597575,0.003847954077065245,True
GUCY1B3,-0.00013394988541111125,0.1820239867968686,0.0715017435060817,False
GUF1,-0.0009202828659500003,-0.0631328031380891,0.5029227128773589,False
GUK1,-0.002857618098175238,0.08363117932758435,0.3114267781770534,False
GULP1,0.00515902562902225,0.014387361919069731,0.9208260952978446,False
GUSB,0.0025727086965,0.0912918629037867,0.39884367234763674,False
GYG1,0.006438045428833333,-0.06180817255980822,0.48638591179660373,False
GYPC,-0.0027584783681375,-0.04679162407650357,0.5600624221272883,False
GYS1,5.048917997052641e-05,0.1300057968249063,0.08657349797260255,False
GZF1,0.0031172257239999992,-0.14625785458599072,0.0533485825395324,False
H19,2.7915823912962696e-05,0.4515109664964467,0.0003383070929235834,True
H1F0,9.35514779666667e-05,-0.05796517068259826,0.36402444729951844,False
H1FX,-0.0002543328756974999,0.059651190367136314,0.5598348863660771,False
H2AFJ,-0.0019565181039125,-0.3799676599991756,0.0014616065870445198,True
H2AFV,0.00487563648507,-0.00014361467303138718,0.9971802174485807,False
H2AFX,0.002755546235353847,0.18541983601483006,0.16051456463315686,False
H2AFY,4.205433426129017e-05,0.038330185914920184,0.47168641862503535,False
H2AFY2,0.005509085834105,0.09160612550515221,0.3809919766521581,False
H2AFZ,0.00010976119139846154,0.20276912424450533,0.04179026841043758,True
H3F3A,-0.00013936646293846158,0.013767577232107168,0.8289594700254774,False
H3F3B,-0.001123364902978125,-0.07410938578654128,0.2387236810171385,False
H3F3C,0.0012549080418888887,-0.11241438940001802,0.3393974125999404,False
H6PD,0.01145457070769091,-0.15867142999203773,0.1743203489843763,False
HABP4,0.0004371088323249998,0.0685677612868032,0.20616933823584338,False
HACE1,0.0001920650604469234,-0.04832908691659061,0.5842762861812905,False
HACL1,0.002075916021773158,0.19179196260393816,0.028840191747733963,True
HADH,0.0029287747848111114,0.03679526306053337,0.5062688360699993,False
HADHA,0.0019905897917433337,0.3660979297641946,0.00011288284978451878,True
HADHB,0.0023514056072940002,0.4069677144408727,7.692921009417066e-06,True
HAGH,0.0003861807751535484,-0.03756214550405825,0.5637357598402847,False
HARS,0.001946362791115909,0.01792193468572564,0.6858667417827853,False
HARS2,0.0016931382908194443,0.05264984340478081,0.3505789138164088,False
HAT1,-0.0016168850839999999,-0.07617707383808298,0.31715506436688845,False
HAUS1,-0.000389764606480909,0.10688362909670897,0.20392051915252127,False
HAUS2,0.0014298415978199997,-0.2112397247730085,0.08341037729993343,False
HAUS3,0.0031385606747230004,-0.25168300894428014,0.05771961424042878,False
HAUS4,-0.000916668298909091,0.23820721014325288,0.03194762251902997,True
HAUS5,0.002821062690633333,-0.010283251027342429,0.9016509018748795,False
HAUS6,-0.0020795813691,-0.10822787063543222,0.27585633979358903,False
HAUS8,6.83658367714283e-05,0.05545249469954503,0.5567293142215428,False
HAX1,0.0003531327929943636,0.10231838592866062,0.11784577937430005,False
HBA1,4.296621902857104e-05,-0.7887496483617311,0.13878694853145493,False
HBA2,0.005450936044233333,-0.8273515441273465,0.1338892755976495,False
HBB,0.00415808053425,-1.0430094161136017,0.08461940062190693,False
HBEGF,0.002952962220733333,-0.17587550446868397,0.32639958341392206,False
HBP1,0.0044929143605214284,-0.3560326965671689,0.02787547101530626,True
HBS1L,0.002546806462104666,-0.2490690303946528,0.03482514674651447,True
HCFC1R1,0.0032250002105444447,0.03082566879491749,0.8615792121630828,False
HCFC2,0.0002925627061727273,-0.07266137538946356,0.6458059202681381,False
HCG11,-0.003695115273844363,-0.057548652539200024,0.40331791128837413,False
HCG18,0.0027580000234954096,0.04144051826142685,0.6632809449549664,False
HCLS1,-0.005797848005375,0.35990062508863496,0.00016176690544103824,True
HCP5,-0.011484394275421052,0.14413000050039382,0.2115848949257103,False
HDAC1,0.0002870125333666665,0.28905972604460267,0.00021371421160215528,True
HDAC10,0.002149846728427778,-0.5275705638632665,0.007362108778945511,True
HDAC11,0.00523580245399375,-0.10389750306965723,0.21540186695489635,False
HDAC2,0.003145175373019625,-0.2417837921548428,0.003626658799746075,True
HDAC3,0.0016302831325200003,-0.052843232451609955,0.30719011796166035,False
HDAC4,0.003222689910327733,-0.05622573844292484,0.7596432833690681,False
HDAC5,0.008010870090538094,-0.334681441439468,0.05517541454583266,False
HDAC7,-0.004454516395647826,0.0801464388840844,0.42774951470863765,False
HDAC9,0.007304063301303846,-0.05947313872805398,0.783418251386463,False
HDDC2,0.014030030044636365,0.05407928375461117,0.38740257139123646,False
HDDC3,-0.00117994653853125,0.3323010675355331,0.024507256339743207,True
HDGF,0.0014844983675875,-0.1656583914525166,0.021570628129300228,True
HDGFRP3,-0.0017838339936522224,0.22042882158951407,0.3103006028171772,False
HDHD2,0.00339344962052,0.023274687052951378,0.7283291926714068,False
HDHD3,-0.00012760333560000005,0.03491210219998895,0.5734871305608876,False
HDLBP,0.0021784995630575,0.002640341521560058,0.954844484213955,False
HEATR1,-0.0009408561938941173,0.14076724077507377,0.04756187567663577,True
HEATR2,0.00149606971693864,-0.14135350375282849,0.013603863876756845,True
HEATR3,0.0017518316328000003,0.07181332245962019,0.4944619023512753,False
HEATR5A,0.024803102744166666,0.3275995567611631,0.06176749805543342,False
HEATR5B,-0.002257363012550769,0.20082564159353164,0.05175645115127489,False
HEATR6,0.0020281658210363636,0.04506863318540048,0.680310667875451,False
HEBP1,-0.0031385083858388885,0.2141317418868368,0.015845920157206903,True
HEBP2,-0.0034852940599230764,-0.08771586628218793,0.32736996574663657,False
HECA,-0.0013426278661333336,-0.1607056595821732,0.06860456632950485,False
HECTD1,0.0030596373154616664,-0.2622429637190851,0.0017799123720814924,True
HECTD2,0.0023681360680099994,-0.30678195849910717,0.011870429065105546,True
HECTD3,-0.0004727309691785713,-0.06460260534763358,0.3429625510448876,False
HECW2,0.0029650627703206897,0.40571217853648195,0.03526923589564672,True
HEG1,0.00245885876765926,0.30275023037251814,0.05742641113211129,False
HELQ,-0.001325008606857692,-0.14250756933112113,0.280979414028075,False
HELZ,-0.00038398973005263174,-0.014844550475061774,0.8228602403671368,False
HEMK1,0.0018246239073057143,0.18693356549023354,0.012023253761434186,True
HERC1,-0.001126462152845,-0.26275907798599946,0.07936386113215994,False
HERC2,0.002568866399796875,0.03474407716546635,0.6434114330874721,False
HERC2P2,-0.001790433893944167,-0.2516073510306722,0.2139124920212928,False
HERC3,0.0023821600149888894,0.012120804487512111,0.8779934878538339,False
HERC4,0.0021837544444850555,-0.008702808859851167,0.9357707737093224,False
HERC6,-0.00675369440907,0.049598142020462796,0.7098825219633991,False
HERPUD1,-0.00532388739381,-0.19090584001122635,0.11193038392659649,False
HERPUD2,-0.005951727980339547,-0.006436056043023563,0.9502310711586885,False
HES1,0.0002752583099548387,-0.0583260805344416,0.8149104859836221,False
HES4,-0.0013522719586526665,0.326923279326261,0.11567081581316657,False
HES6,0.0003556908633454545,0.2329520191160938,0.10324571983442737,False
HEXA,0.000716941495114737,0.033660145539272796,0.6393584652319783,False
HEXB,0.0016684184254133333,0.0895950359447117,0.43497123553856043,False
HEXDC,0.0001560899303500001,-0.025669996336653466,0.7734358896044391,False
HEXIM1,0.00501708464005,-0.2405554121612522,0.011581043349038813,True
HEXIM2,0.0005803391424635,-0.10591619462318808,0.39223012072788166,False
HEY1,-0.0030422622594200002,0.33501411683693344,0.08815969623330891,False
HEY2,-0.0005583178910347824,-0.10653273332539465,0.2020758555293838,False
HEYL,0.0005339034676666658,0.42174612689019964,0.01923613649160695,True
HFE2,0.02874765395674546,-0.1311600831367822,0.20275075691552052,False
HGS,0.0025697426143899997,-0.2251054606572705,0.013578745857461768,True
HGSNAT,0.0012268571385333335,0.17739008272122622,0.03710023781794671,True
HHATL,0.015909997685044447,-0.048427073518961965,0.7001649412366335,False
HHEX,-0.011955276277700003,0.32249680783181484,0.013534101045661955,True
HIAT1,0.0013607455684214284,0.04128688816028691,0.7011263759927607,False
HIATL1,0.0029416601698375,0.06799280050203825,0.2709388606328321,False
HIATL2,0.004625103489385714,-0.1722784516075089,0.048367737286158,True
HIBADH,0.00013847016298571474,0.13809296021612133,0.049003656510773624,True
HIBCH,6.206672398749989e-05,0.04116684551912897,0.7021771336278844,False
HIC1,-0.02708706836421186,0.38793574607139303,0.00983726471422931,True
HIF1A,-0.00022334016606153853,0.19563773067694878,0.03210285867852788,True
HIF1AN,0.0036553160983500005,0.10321958897224359,0.03888090953456976,True
HIF3A,0.0018443468588333334,0.2724296575404054,0.06521166498668897,False
HIGD1A,-0.0012971760301582354,0.3132492815683276,0.0032898839543124636,True
HIGD1B,0.012154040784142854,-0.08588775351270704,0.6419206662179788,False
HIGD2A,0.0016402150857153846,-0.034645265829278765,0.6305306690191529,False
HILS1,0.016488659885666664,-0.01790592172945575,0.9031881699361795,False
HINFP,0.0014520857998486666,-0.0362370954465266,0.7944191314116084,False
HINT1,-0.0009642468568899999,-0.008918577216004552,0.8839154468289484,False
HINT2,0.00025146948725,0.2753946733832549,0.001002403606095411,True
HIP1,-0.0006704138502270274,0.33663079470003765,0.004897394002901949,True
HIP1R,0.0026136181731857577,0.27437039619020537,0.028574147444947514,True
HIPK1,0.004196432193,-0.2376234752693983,0.02071940680456784,True
HIPK2,-0.0008783697664041427,0.06349647000377244,0.3191383922552623,False
HIPK3,0.008308940093931802,-0.36062528342455874,0.03513003781579799,True
HIRA,0.00279714582474375,-0.1119780926384244,0.06238952863196265,False
HIRIP3,-0.00028760146203749996,-0.2784909049095185,0.00126944192124813,True
HIST1H1C,-0.0004305435828,-0.22360826502961934,0.04519446634471469,True
HIST1H2AC,-0.00029216982473866663,-0.33886695277108625,0.053755501981149346,False
HIST1H2BC,5.5064971732499926e-05,-0.638978698371819,0.00018812657658622003,True
HIST1H2BD,-0.0017286186539400001,-0.07613975901144282,0.5259644134631063,False
HIST1H2BK,-0.0220764070764465,0.10250487584155396,0.4525946200697608,False
HIST1H3E,0.005819013605859091,-0.2742609751403158,0.02002065704667651,True
HIST1H4H,-0.0021772696120916668,-0.3497249014613123,0.0057204069874120704,True
HIST2H2AA3,-0.002527600069206667,-0.4609855677276902,0.003424081547309553,True
HIST2H2AA4,-0.002527600069206667,-0.5786478872318223,0.002437931805442348,True
HIST2H2BE,1.609700665217385e-05,-0.5205096985064998,0.0003020436864271538,True
HIVEP2,0.005028001946621213,-0.26365073186606175,0.004585634514131186,True
HK1,0.0027911444040465117,-0.03889553797248228,0.7173378326923847,False
HK2,-0.0005908397133933792,0.059592138162654476,0.8132847340753527,False
HKR1,0.0036468278401036365,0.026057730458036176,0.8106342863559954,False
HLA-A,-0.0051066427417545465,0.39227806297961865,0.0027755610731755483,True
HLA-B,-0.005146532231529256,0.4149496859839868,0.00594136575505236,True
HLA-C,-0.003403011764397368,0.4416186539192573,0.0011725386266892674,True
HLA-DMA,-0.004452569739430001,0.06831618452080092,0.3825895078685445,False
HLA-DMB,-0.003079935027015384,0.12274065685169716,0.20229916245326848,False
HLA-DPA1,-0.011969351224725,0.24789469895767463,0.1224649682754343,False
HLA-DPB1,-0.0022250585047433966,0.3136755260904819,0.03955949910004836,True
HLA-DQA1,-0.005557940108909091,0.11869194028155036,0.4817305142558649,False
HLA-DQB1,-0.009292793857530556,0.2900620928606237,0.09451853458782716,False
HLA-DRA,-0.0031119380449396153,0.249655756933822,0.15843622600964027,False
HLA-DRB1,0.008904928328076073,0.20946953171022017,0.07610158804052364,False
HLA-DRB5,0.009036094236546843,0.16244510030247933,0.3129068374434848,False
HLA-E,-0.0038374302901684615,0.29860687412119374,0.01843188461794343,True
HLA-F,-0.0027039472861785188,0.0732139155818956,0.5294113325814298,False
HLA-G,-0.0013944965752722002,0.14978288167190537,0.05158759058965529,False
HLA-H,-0.006211226245875,0.31294957029756937,0.012436629034929092,True
HLCS,0.0032347892501961542,-0.021917813009821815,0.7314487678705957,False
HLF,-0.0033007366580764703,-0.015569436302520017,0.8971364598700908,False
HLTF,-0.0038011007316896554,-0.07997379933679008,0.6379418531748211,False
HLX,-0.014687177220613714,0.28462212191965924,0.05479800312627897,False
HM13,-0.001730234209212,0.18749903924040556,0.010433297517251505,True
HMBOX1,0.004999696266283043,-0.05508178672226987,0.6351406269236268,False
HMBS,0.003406749335246666,0.3271276456658591,0.002430511414952695,True
HMCN1,0.001738028004945625,0.36215554035308484,0.06329421045900904,False
HMG20A,0.0012252917505066671,0.13535958994986555,0.042993239486023814,True
HMG20B,0.002307363056294737,0.04145674338119898,0.5440868946522307,False
HMGA1,-0.008897190282447369,-0.051854044757309155,0.5118833910290548,False
HMGB1,0.0035956949882214283,-0.17121637820005003,0.005942338188207534,True
HMGB2,-0.0013237654683591665,0.13883558987520647,0.08722614492074215,False
HMGCL,0.006831202065792307,0.3049771018761511,0.0007230182344320402,True
HMGCR,0.0005308109695833333,-0.006357536937898655,0.9566039454396096,False
HMGCS1,-0.00031965766957062496,-0.0067557312373699545,0.9311485290417542,False
HMGCS2,0.003084949764642857,0.9025356748990706,0.011878576407182394,True
HMGN1,0.003883122970375,-0.033558687390750984,0.8086307461563409,False
HMGN2,0.005846867047814286,-0.06704995998072004,0.21446001235040357,False
HMGN3,0.0013688440006264706,-0.02841282458121737,0.6223611266916848,False
HMGN4,-0.0005205556300637142,-0.11057371166208986,0.13736340566779337,False
HMGXB3,0.002721703620289546,0.01186383313433667,0.8790270265927163,False
HMGXB4,0.0014297879700166669,-0.02608311819819759,0.762396558346625,False
HMHA1,0.006410005080861765,0.11309038429824275,0.12008261596027346,False
HMOX1,0.0009999347218,-0.418730463264027,0.2493540678339971,False
HMOX2,-0.0015334465955245456,0.3728010295713584,0.0024911770024708514,True
HN1,0.008413198227826154,0.14190699224994277,0.23699923417200008,False
HN1L,0.00038804807390866667,0.012774764676126482,0.8835593664746035,False
HNMT,0.0038488198041625003,0.060090163328557426,0.7225276729098271,False
HNRNPA0,-0.001850490970045714,-0.022344583399405756,0.7811626113703845,False
HNRNPA1,0.0002665708935230771,-0.1931756757426243,0.028774999009427874,True
HNRNPA1L2,0.0004755292238838461,-0.12438500369390569,0.11933803789999738,False
HNRNPA2B1,-0.0008081439994477268,-0.18531489483068178,0.024066470467992786,True
HNRNPA3,-0.0029094972543190004,-0.10332047579269421,0.42396305756317965,False
HNRNPAB,0.0006597261369647059,0.05400522278137416,0.5786328131312937,False
HNRNPC,0.0016962671988,-0.0011600035138713044,0.9827368909382892,False
HNRNPD,-0.0009986947420963157,-0.008194412700469026,0.8568076253080626,False
HNRNPF,-0.0006445722215519049,-0.019636060045651205,0.7466894349691384,False
HNRNPH1,0.003408229286955,-0.1346803305144916,0.282925993313827,False
HNRNPH3,0.0004933897895727272,-0.3821977419548736,0.002153833887422908,True
HNRNPK,0.0012484306537545453,-0.030872392214185706,0.4801986956649751,False
HNRNPL,0.0021640657460583333,-0.04932387973787187,0.4827115239071279,False
HNRNPM,-0.0019094522356578997,-0.264125351093673,0.01041145156114405,True
HNRNPR,0.0007043957415000001,-0.19426240807325723,0.005066400139187811,True
HNRNPU,0.0002787901457209528,-0.17043768011695304,0.0070253025828664085,True
HNRNPUL1,0.0014925176366486486,-0.01593268319338255,0.6583279010911991,False
HNRNPUL2,0.0008880610313577777,-0.13654319763151956,0.02192888038412412,True
HNRPDL,-0.0012005327737564706,-0.38202553704703063,0.008831541497841485,True
HNRPLL,0.0014764287462914283,-0.2147563241076452,0.004594668100347761,True
HOMER1,0.005633396167761112,-0.37330054282811725,0.025527464356336352,True
HOMER2,0.005497336475505883,-0.05362661937693987,0.6595727717097304,False
HOMER3,0.002248360588468,0.08705526717152572,0.29613557931040435,False
HOMEZ,0.0020744736075118614,-0.21491551228859793,0.09778238589887572,False
HOOK2,0.0006439964731904758,0.022691429771573336,0.8621158592277136,False
HOOK3,-0.0020980210884235296,-0.24892219843668453,0.0328781438702232,True
HOPX,0.009894101592386363,-0.19612989644681084,0.052856793833869806,False
HOXA10,0.004974594707444445,-0.057752725025079776,0.4430789394468376,False
HOXA11,0.008519217814933241,0.017796463193969235,0.5094420301669697,False
HOXA3,0.0016217356893869564,0.19715546788714383,0.08604291114880704,False
HOXA4,0.010233150774914285,0.2936160857526623,0.06859672162891792,False
HOXA5,-0.008097397287446342,0.14847858647935033,0.39950164731068116,False
HOXA6,-0.003138998296287501,0.27308164702804977,0.04580201359729749,True
HOXA7,-0.008973964113945833,0.029285727579415288,0.68629118906845,False
HOXA9,0.0020453177760439995,0.09852772405483753,0.2291816108411054,False
HOXB2,-0.007273109065761906,-0.015891545655623108,0.9382388638221846,False
HOXB3,0.0011203057259100001,0.05362559685331973,0.4886570766411319,False
HOXB7,-1.3823756520001638e-06,0.2920063454476952,0.03768085823110114,True
HOXC10,0.0016793830469909092,-0.18376505696030163,0.018288462743657693,True
HOXC4,-0.011205932097638658,-0.26137564607025554,0.01054037754364301,True
HOXC6,-0.005756326395601852,0.11079666058592236,0.20841382762071176,False
HOXC8,-0.00475282935844375,-0.08368618588462207,0.15110506868123885,False
HOXC9,0.0014451289005416004,-0.07090609380882268,0.49611651741520013,False
HOXD4,-0.002607845333747826,0.06135224798045446,0.5015959446347533,False
HOXD8,-0.0048276979917770005,-0.09300458787990218,0.4680029727487286,False
HP1BP3,-0.00028861148335071403,-0.18725055466356172,0.06710943814143826,False
HPCAL1,-5.480151399811314e-05,0.31568172930411087,0.02297741595389964,True
HPN,-0.0008163217594052641,-0.16173550287590824,0.3198196299472577,False
HPS1,-4.007578090909044e-05,0.1349124900837764,0.06490137107283174,False
HPS4,-0.0022324045696825003,-0.008814994254120608,0.9480705126644291,False
HPS5,0.00027862965092500006,0.09201761314239211,0.40354636295253166,False
HPS6,0.0009851208437177779,0.038999726157153185,0.6651740052280046,False
HRAS,-0.0011489506594000002,-0.14854429967216085,0.05111334531472497,False
HRASLS,0.008476806962591668,-0.23137913165138035,0.03985624541768235,True
HRC,0.012545037800266667,-0.020807013293030654,0.7810028693503802,False
HRCT1,-0.002603425615,0.09632805698699483,0.5165850486270566,False
HRSP12,0.0013657718533176468,-0.054604161444268454,0.5402071287000815,False
HS1BP3,-0.0029702063475882346,0.158640238335336,0.1048346718916981,False
HS2ST1,0.0018858265949231819,0.1014114127189524,0.15492409522597825,False
HS3ST5,0.00019659402484285701,0.10588962254319725,0.19962032058469054,False
HS6ST1,-0.0005101295483206248,0.030136817812687674,0.6718315683447805,False
HSBP1,0.003943207889242857,0.2643943098425386,0.03713441804178503,True
HSBP1L1,-0.0017966083105300003,0.0040218853370373306,0.9648904602015222,False
HSCB,0.0024637142516470588,0.07639121276467059,0.42456477909687895,False
HSD11B1L,0.0006050989541909525,-0.24200330704113407,0.07745320688107583,False
HSD17B11,-0.0024798306222272725,0.2220703002707971,0.041912582291427365,True
HSD17B12,0.000709903498042857,0.10594541437624545,0.2793893316030277,False
HSD17B4,-0.00013298458077368414,0.3556768905752124,0.0009876922919334274,True
HSD17B7,0.0018874889690999996,-0.15071618018517974,0.2756944602792277,False
HSD17B8,0.0008767417867581582,0.22462458132080879,0.003707191354694853,True
HSD3B7,-0.0009862599970647062,0.32590930416435443,0.0023736895292857485,True
HSDL1,-0.001393147955826087,0.1769138306621022,0.017457009720428743,True
HSDL2,-0.0007258397991874999,0.06624882597395527,0.48154219360880546,False
HSF1,0.00851652920451,-0.006418932627168659,0.93867304453793,False
HSF2,0.0007339859405037501,-0.38181642131246996,0.00942171753618781,True
HSF4,-0.0016961189108947374,-0.49467260289529097,0.03598498309400717,True
HSP90AA1,-0.0040958619902625,-0.20810396265474748,0.09990884346365263,False
HSP90AB1,0.0005906119946062496,-0.14171808784181222,0.07419539165162607,False
HSP90AB2P,0.00683348174675,-0.12538091167092366,0.4041325223553943,False
HSP90B1,-0.002454681556769231,0.07229804001709611,0.3828925122080069,False
HSPA12A,-0.0017913344676249998,0.21890064515855387,0.007185835685504133,True
HSPA12B,-0.003661000671333333,0.4159993450280066,0.0024045931239555715,True
HSPA14,-0.0008265926566033335,-0.06600133985534869,0.28592304668307394,False
HSPA1A,-0.0002149453597335293,-0.13338877981578987,0.5091063796929716,False
HSPA1B,0.0010813055191288459,-0.12615761541062273,0.5030935152908205,False
HSPA1L,0.0020527501514402816,-0.03304276957159392,0.7148136440275714,False
HSPA2,-0.0010837291967505714,-0.25091050951909105,0.12276576753948754,False
HSPA4,-6.895279461333328e-05,-0.15631244732959154,0.2206175508633909,False
HSPA4L,0.0025037707975909085,0.13442474128200121,0.08862028856679298,False
HSPA5,-0.004055811776,0.15687625042082098,0.069657103357864,False
HSPA8,0.002213070854026667,-0.051591709772404896,0.7080786171775852,False
HSPA9,0.001355574069810526,0.11766424833751228,0.1266004329475212,False
HSPB1,0.0004494914931733334,-0.24026748998465777,0.1558107802028265,False
HSPB11,0.001100414809555385,0.09464757812616087,0.6056753639600372,False
HSPB2,0.014533493081600003,-0.20626014993869476,0.03571655914405289,True
HSPB3,0.03684576658857143,-0.15198139444031344,0.09031736809497998,False
HSPB6,0.0056779846044200015,0.31676282490231455,0.025733154142788484,True
HSPB7,0.027780638278550002,-0.08446991388000637,0.5017025679962215,False
HSPB8,0.009665123809942855,-0.2801816358255558,0.028202065879497976,True
HSPBAP1,0.0004714452462000001,-0.1768311390722692,0.2488641073705551,False
HSPBP1,-0.0010941545746581255,0.3562152007787755,0.0008389392420315723,True
HSPD1,-0.0001886247267666666,0.025704998635505207,0.8015534980404666,False
HSPE1,-0.00013122983384999997,0.2460257076139653,0.03353955901009621,True
HSPG2,-0.0009975405531421051,0.7261976834033836,0.0001892979246693147,True
HSPH1,0.0012897750136,-0.33423167473880055,0.12050505358394205,False
HTATIP2,-0.0011393977213281813,0.048576039098804064,0.6457063406413517,False
HTRA1,0.002258887015600968,0.4226013523998153,0.016347888484538196,True
HTRA2,0.0004927493983687501,0.1784752924155157,0.028613606777535126,True
HTRA3,-0.003768509238082609,0.020387261195426252,0.8942023542934325,False
HTT,0.000883393687038229,-0.003743109846764625,0.9689568731595395,False
HUS1,-0.0036754101717581824,0.03325657005971048,0.7508081884280375,False
HVCN1,-0.0086152617102625,0.17305062637368682,0.13545252571760666,False
HYAL1,-0.001470888184318182,0.46834000115566776,0.0018847427571106648,True
HYAL2,-0.009824469231828002,0.48484863330538386,6.826426724187694e-05,True
HYAL4,0.00521705139925,0.11784991433324053,0.3685388535712625,False
HYI,-0.0035170486605,-0.1586130769593118,0.14824308338932962,False
HYOU1,0.0019288260599928577,0.3180688321442293,0.015075527377292973,True
IAH1,-9.810465499999997e-05,0.22281820487531603,0.015963212678893973,True
IARS,-0.0006300036692,-0.06420139975050762,0.4615073805859502,False
IARS2,0.0010884431750499998,-0.003268924584014389,0.9604569794516654,False
IBTK,0.001657568695945455,-0.18875195049699017,0.18875848337586418,False
ICA1,0.0025546614726833328,0.03830039909884266,0.7825167277490221,False
ICA1L,-0.001182527339485,-0.025300764805823175,0.7892942515019559,False
ICAM1,-0.004844879642782353,0.18780186403967838,0.1510645063904844,False
ICAM2,-0.015362446939866665,0.43574479006586614,0.004862569586762397,True
ICAM3,0.0006158804000466667,0.12083682867640079,0.20854288304184737,False
ICMT,0.0038419006930894735,0.14860972281059934,0.1468322902590728,False
ICT1,0.0008435277901230767,0.00048644806024105753,0.9948936300675977,False
ID1,-0.0012275455866,0.09286432723441256,0.6146966161436145,False
ID2,-0.009070980021453937,0.2801696253513486,0.24143681798153452,False
ID3,-0.003075765070623529,0.5073209763097469,0.03922927300322348,True
IDE,-0.001754329981513948,-0.20844534984465948,0.052631483800529184,False
IDH1,-0.00020522141212142873,0.0880152056741657,0.3500345337432138,False
IDH2,0.0184283787686125,0.2941049645116119,0.00035137152593574136,True
IDH3A,-4.813868962785722e-05,0.3430163209496165,0.0012815315760295576,True
IDH3B,0.0005447114285937502,0.16842542547038367,0.023540477277240592,True
IDI1,-0.0001681862262275,-0.01053714975330745,0.9065795604416143,False
IDI2,0.02401236287638461,-0.04106267851119599,0.7085426962569923,False
IDO1,-0.0050518067100000005,0.27298037043220497,0.2639922339095819,False
IDUA,0.002572545645640425,0.061381324604457936,0.714899657132124,False
IER2,-0.0022913526277320005,0.36503178545944936,0.009022098802051967,True
IER3,-0.0054036434445144214,-0.07706764897055601,0.7626803022925484,False
IER3IP1,0.0012433387430454545,-0.09186136743826898,0.20641471760054175,False
IER5,0.005664318969050001,-0.37484350628177765,0.1438531654232592,False
IFFO1,0.003159788124418421,0.09676190832709426,0.4164973708529006,False
IFI16,-0.004833194623487499,0.1910548702281111,0.20067114440816555,False
IFI27,-0.0120192954289,0.6383886873140487,0.0006158556657580898,True
IFI27L1,6.471765846363629e-05,0.14905728191586098,0.013920881380458201,True
IFI27L2,-0.001308446995977778,0.2567223703100912,0.2173242552071069,False
IFI35,-0.001033752632302501,0.06743006501326478,0.6270679282812759,False
IFI44,-0.005191008925999999,-0.1332083964778595,0.5827719283935497,False
IFI44L,0.0049867701892857145,-0.12188992030815139,0.586273651089801,False
IFI6,0.0018204109704300002,0.2885094452187755,0.11211079255755295,False
IFIT1,0.010297898738,-0.106623062391157,0.4936847127215971,False
IFIT3,-0.01056035688555,0.06311619207607841,0.7203858989442393,False
IFITM1,-0.017792106265300003,0.03553614410488008,0.7702927377215778,False
IFITM2,-0.0012473971244400003,0.45480145017945156,0.0038159631227999836,True
IFITM3,-0.004109842886090001,0.5117425924962968,0.0004959513200876083,True
IFNAR1,-0.0024735954402750004,-0.2503469392342215,0.025764192577307676,True
IFNAR2,0.0042909914801672,0.07163050607750833,0.6284375387594416,False
IFNGR1,0.00011216508578181829,-0.002587474291295325,0.9745105945241088,False
IFNGR2,-0.0039683039503749995,0.20105059584428683,0.02168002568763918,True
IFRD1,-0.0020572722592980953,-0.5338064913734833,0.0017078863052906392,True
IFRD2,0.00264494267902,-0.14198378257201308,0.12403029075694903,False
IFT122,-4.3737442798750084e-05,0.09465784961040313,0.1390863765836209,False
IFT172,0.001881594543016428,-0.11580390903143564,0.4275351794125519,False
IFT20,0.0003866835903428572,-0.12143636924649873,0.3739076688944596,False
IFT52,0.0035191519625250006,0.17215555095261542,0.20938267482605666,False
IFT57,-0.0022625544702266666,0.19306093015578327,0.19775869596995382,False
IFT74,0.004326740005999999,-0.2031289898467568,0.12522855177964823,False
IFT80,0.0005894612831222223,-0.18623024265530636,0.2500001616371768,False
IFT81,-0.00461208893664375,-0.33386059164398474,0.05384991431835582,False
IFT88,0.001835999625361111,-0.160667163050028,0.2619964877631425,False
IGDCC4,-0.00697631684652,-0.14291399374477518,0.050027306236821015,False
IGF1,0.007732873979249998,0.4175599197913014,0.006024617286877438,True
IGF1R,-0.002450239037202077,-0.2258537345259424,0.04285821030536591,True
IGF2,-0.002460614345424074,0.8491995515305355,4.5131229128879375e-05,True
IGF2R,0.0027630040910484373,0.03104307777673674,0.6233328179537295,False
IGFBP2,-0.0030172430226117646,0.8340818850157151,0.00036605207254094093,True
IGFBP3,-0.0011761974606213155,0.7452719927364254,0.0072983141406895964,True
IGFBP4,-0.013641870855933333,0.6220412750450274,0.001379613157991617,True
IGFBP5,0.0033708762879390004,-0.14360751094632826,0.09030146003548345,False
IGFBP6,-0.007736542731958,0.1014975295185078,0.7633252991051068,False
IGFBP7,-0.0045319787159500005,0.9267661928482269,1.9808077930623293e-05,True
IGFN1,0.004700217351214286,1.3157085009861726,0.011788921876386999,True
IGHMBP2,0.0011870102143815625,-0.03665056320322049,0.7536374500327443,False
IGSF8,0.0027492807715795006,-0.0038265020556066094,0.9609401747342482,False
IK,-0.0025698511616428573,-0.20384747324410005,0.005688008634881008,True
IKBKAP,0.0017877767843307694,0.14302695348259134,0.24952202062501472,False
IKBKB,0.00496494073451875,-0.07586576791689134,0.5747230388857099,False
IKZF4,-0.004233074732977778,-0.09610249557781246,0.21544070296985765,False
IKZF5,0.003033126401410714,-0.2452864970842343,0.07781154564398246,False
IL10RB,-0.001188526197575,-0.05987884321881154,0.752190363003329,False
IL11RA,0.0057315936732,0.1389853249581421,0.2546573345667426,False
IL12RB2,0.005648130364151428,-0.060322443836191224,0.7881594222570316,False
IL15,0.0013772893494650002,-0.27185945918034166,0.009863871926107635,True
IL15RA,0.0010209325916062497,0.11493671061010527,0.18910688266073064,False
IL16,0.00023534435615789494,0.3795852506972526,0.006707329278429664,True
IL17D,0.006262774514682608,-0.17630610272678365,0.15405036320578583,False
IL17RC,0.00301928620359,0.39596537285770417,0.011342637009057334,True
IL18,0.005784249185385713,-0.06778133608542643,0.7325047157852671,False
IL18BP,0.002385746957461538,0.19366248221342613,0.01781962093849187,True
IL1R1,0.0008638370870714292,0.20452489299664672,0.12487154426925111,False
IL27RA,0.0014034646744928577,0.2363175469299266,0.012379616287879626,True
IL32,0.0048245332617,-0.24094587539156462,0.09573921155738624,False
IL33,-0.0003750156648,0.26037840907915477,0.12698980231706394,False
IL34,0.02174931533438462,0.3200697999594752,0.015937588580996066,True
IL4R,0.000738282934875,0.27419926230374697,0.02000045714873163,True
IL6R,-0.0016584367988409091,-0.1070509378548662,0.31276900001582975,False
IL6ST,0.004874615747226667,-0.07732043710039167,0.5798883241719224,False
ILF2,0.003733174773596923,0.0717452102425459,0.18799567811659865,False
ILF3,0.004697368702634286,-0.03267329104179288,0.5984615875163842,False
ILK,-0.0008635404351149999,0.18343741974507036,0.012156125104284541,True
ILKAP,0.00020050553186428587,-0.15165244440428507,0.1614364483932871,False
ILVBL,2.6263566360000255e-05,0.4753973691976297,0.01829409314751018,True
IMMP1L,0.0008727746038999999,0.3984142269813477,0.0015213619311353196,True
IMMP2L,0.00812489691434972,0.044383962005139714,0.6142746842392477,False
IMMT,0.003148521948538889,0.30355619864787725,6.284070210735674e-05,True
IMP3,0.0010476082919923077,0.10070718803686794,0.2947225769967962,False
IMP4,-0.00081812046486,0.0180422029281073,0.795013886060398,False
IMPA1,0.003818354287154545,0.29004972880425334,0.014497698123653573,True
IMPA2,0.002315952951525,-0.0465163476686246,0.613991345290323,False
IMPACT,0.0007560108774211111,-0.27659856666451893,0.027605294719812348,True
IMPAD1,0.003005238588812333,-0.02256114587661904,0.7420774933090729,False
IMPDH1,-0.004292294569963158,0.3251440906619923,0.0009763085426306171,True
IMPDH2,0.003815102515083334,-0.20524199162219406,0.012525624902983423,True
INADL,0.0011775215770363637,-0.21823044417213466,0.015910404123954416,True
INCA1,0.0013748389667652381,-0.207510098956305,0.007695448316548265,True
INCENP,0.000577168854617,-0.20488005484451594,0.03048140625417244,True
INF2,0.005691841341476364,0.3331500778784754,0.05690124501602105,False
ING1,0.0007256769742490001,0.05736072574572523,0.5365353005305029,False
ING2,0.0003255392238076923,-0.1411456654555574,0.2975575760018681,False
ING3,-0.00039216272205,-0.18909509745161765,0.139511601744239,False
ING4,0.0020408476543800004,-0.13207173249696902,0.11066944734150673,False
ING5,0.004140208477443249,-0.28639169616977117,0.0002203692440003226,True
INMT,0.0035073470507142857,0.26352846801677765,0.006892175299744477,True
INO80,0.0022746909878684205,-0.0975874398599558,0.43808350661442785,False
INO80B,-0.004557014761042858,-0.07928793012715131,0.5085998887926562,False
INO80C,0.0020906858301857146,-0.18088183727657672,0.014461593204160886,True
INO80E,0.002710701094466666,0.13630310149596314,0.1256723238294658,False
INPP1,-0.001218345656766154,0.15953661986826326,0.26158232351418764,False
INPP4A,-0.0026992625377888894,0.13456613517641117,0.19669286063401137,False
INPP4B,-0.0003342283147555557,-0.04072079175989594,0.6931039611064765,False
INPP5A,0.0011878214923880808,-0.12396077070231983,0.15764562093117268,False
INPP5B,0.0023014638599454544,-0.10186758157567045,0.0788100447914728,False
INPP5D,-0.006911762779572414,0.38760559633350006,0.02023260477474748,True
INPP5E,-0.0005985116617913044,0.040153522810465164,0.5482640992734367,False
INPP5F,0.0007234098088944002,0.038807329623470374,0.6634115703564101,False
INPP5J,0.009858901685542858,0.2606178086302697,0.003221219948574747,True
INPP5K,0.00028261659529473697,0.21135498172456046,0.03848684532196083,True
INPPL1,-0.0007065418366846153,-0.1431663310313083,0.10388086371757096,False
INSIG1,-0.002164186324931111,0.139943230911673,0.11354148047124528,False
INSIG2,0.001836729152625,-0.05421909585435554,0.6289399677744486,False
INSR,0.001589296012039473,-0.18442548295245118,0.026226274844598656,True
INTS1,9.90188499905435e-05,0.08604256643878379,0.24599965116376382,False
INTS10,0.0009829757517545454,-0.09713811181459371,0.4036545805151066,False
INTS12,0.000535825728995294,0.006669406985638802,0.9402683932873286,False
INTS3,-0.0012422875657125002,-0.08778847344609965,0.10778094769994333,False
INTS4,0.002975227700144545,-0.09820542004196926,0.4184885399637125,False
INTS5,0.0062826226198525,0.047632701065035234,0.25376577734578837,False
INTS6,0.00040280112147740755,-0.04795549726646831,0.7775080461130934,False
INTS7,0.002355343147205,-0.016675964771614715,0.8419561462358561,False
INTS8,0.0017208945571999998,-0.1012446365203409,0.36401823002689027,False
INTS9,0.002404972208359545,0.038346279701814485,0.6122995471105058,False
IP6K1,0.0008472942769565215,0.12977264205475808,0.22660130275471324,False
IP6K2,0.0012601425224600005,-0.2043730556270174,0.02980326329614422,True
IP6K3,0.016172927370666668,-0.008081222211562912,0.935531070875626,False
IPO11,0.0015313105494863637,0.0488954678537894,0.4146343201198147,False
IPO13,0.004786457430757143,-0.009226237536387365,0.8636756590778276,False
IPO4,0.00094005609429375,0.08203783556713967,0.22706292893136873,False
IPO5,0.004353749952942857,-0.15749965488364187,0.07848118277658267,False
IPO7,-0.003676064834991667,-0.29619571330744515,0.012829514787550502,True
IPO8,-0.00023120139011428576,-0.11423747155109615,0.21202501531203405,False
IPO9,0.005200104682118751,0.23324197121212864,0.01531204759599597,True
IPP,0.0005175895055250001,-0.19061418999847718,0.04758893764577952,True
IPPK,0.004188406887628571,0.16431553074533178,0.06717506434999904,False
IQCB1,0.0012500760645941175,-0.18369025360900737,0.01262141572721682,True
IQCE,-0.0005065061640919129,-0.1438660880195662,0.3220229408064711,False
IQCK,0.0021013983644433327,0.029718230429847156,0.7137369629510504,False
IQGAP1,0.005982117092253334,-0.15709202183610074,0.09567324899120684,False
IQSEC1,-0.0009068470624924244,0.34444147872741004,0.004820216635060737,True
IREB2,0.0012610812652374998,-0.1560357409311078,0.16191908800408839,False
IRF1,-0.005645373843942857,0.231913472045266,0.09587816152459293,False
IRF2,-0.000491066955316279,-0.23397926692715237,0.007022748438966893,True
IRF2BP1,0.0008183565069311112,0.1780973872192089,0.03570973843378066,True
IRF2BP2,0.0010060510031568422,-0.07436713900099062,0.6130991651958466,False
IRF3,-0.0006300305000465265,0.05570890591999584,0.5164211656683204,False
IRF7,0.006653039140572273,0.3112821844061029,0.05023627778756309,False
IRF9,0.0007500254008750001,-0.15384029230325524,0.4019103706402337,False
IRGQ,-0.0010788565865181821,-0.007506553681602821,0.9243833675291205,False
IRS1,0.014333477420188437,-0.10769802808441688,0.46447885092027563,False
IRS2,-0.00013545439853527777,-0.2888772131254809,0.13108441742147164,False
IRX3,-0.012241113517055,-0.2638845768448576,0.16711481743402004,False
ISCA1,0.0013639268355166666,0.10856807124159461,0.21847748223117297,False
ISCA2,-0.00027669363139352953,0.2737815218700899,0.019074998282564492,True
ISCU,0.0010757304146157894,0.2859451544381662,0.0004205488727351121,True
ISG15,-0.004747958705264,0.2742446655678305,0.07096199747464772,False
ISG20L2,0.004024568785572631,0.05870088267979687,0.527342183015747,False
ISLR,-0.0027905308199357138,0.28789205780265326,0.05744968755396557,False
ISOC1,0.001702019108553846,0.28575887379330234,0.00885735327869444,True
ISOC2,0.005505620152,0.2914931567747583,0.013267654297333786,True
ISY1,0.0011046147210185713,-0.06841008633870128,0.3891610199082072,False
ISYNA1,-0.004655969097217648,0.34735917201089345,0.015515303120750555,True
ITCH,0.0017563967572928572,-0.04272752180334625,0.5659745378046324,False
ITFG1,0.00806149356389375,-0.10694830600909334,0.26781535779351984,False
ITFG2,0.001519243510613333,0.13393698903429874,0.38310538436105435,False
ITFG3,-0.0013507289921979308,0.03246134641202791,0.7138397856887067,False
ITGA1,0.0009580791991296777,0.41576101773235724,0.022802979307676087,True
ITGA3,0.0022638032670675,-0.12778651661442356,0.16766535050976025,False
ITGA5,-0.006933071391728571,0.5265590815258432,0.0011231919975356118,True
ITGA6,-0.005258768857790323,0.576216668776341,0.007455163973810845,True
ITGA7,0.01044450581743077,-0.13890426848921242,0.18633617163512656,False
ITGAE,0.0042969242990358964,-0.05493291594620089,0.6758828674245712,False
ITGAV,0.003601636917514331,-0.03683426198198798,0.796819289611085,False
ITGB1,-0.004246586676605,0.08518232519358451,0.41465899840229736,False
ITGB1BP1,0.0021016722445352945,0.20754660181525686,0.025880509658841956,True
ITGB2,-0.007510144686472972,0.2620138442726408,0.03153517433613992,True
ITGB3BP,0.0006406898747714286,-0.0775216120202519,0.5817292925924895,False
ITGB4,0.0018694617589918418,0.33707047660175077,0.06367104970812519,False
ITGB5,-0.0021365173051249996,0.4311928903947543,0.0013790494283459419,True
ITGB6,0.0160833986406,-0.13292403266372607,0.44909020980870484,False
ITGBL1,0.010631450518518184,0.08452153145643133,0.4797232188574745,False
ITIH3,0.009124311766936365,-0.2667014486066719,0.05342285028742045,False
ITIH4,0.02041745929579,-0.7281183862044096,0.0010821168840552799,True
ITIH5,0.004686725848355043,0.23543619814638833,0.00893314623654999,True
ITM2B,0.00047220760174357125,0.030330042588012175,0.7286493946357533,False
ITM2C,-0.0010772064721440002,0.4300874882233549,0.0005218426494063557,True
ITPA,0.0017858518884000005,0.1906563455772625,0.05507565173799338,False
ITPK1,0.0018222826526504842,0.11508005221098973,0.21522144835607576,False
ITPKB,-0.006276392057953037,0.4549745721994621,0.00045541349264492306,True
ITPKC,0.002524215750653846,0.20842700029974637,0.0007694728805130189,True
ITPR1,-0.0017081066405804882,0.1401008682136709,0.19645026102664442,False
ITPRIP,-0.0026350149472531255,0.2105374597382549,0.011868696496496594,True
ITPRIPL2,0.0019412235906937502,0.06366840657437063,0.2407234344992325,False
ITSN1,-0.0007754878463839999,-0.0462305395130602,0.6982802880512621,False
ITSN2,-0.0012225697187181817,-0.1565146082081702,0.1250300850902285,False
IVD,0.0015145325071,0.18754369115199782,0.016772150924211797,True
IVNS1ABP,-0.0019086652457533336,-0.002350530705542798,0.9781189628925223,False
IWS1,0.0019466853126590903,-0.02362095032981976,0.735253184632817,False
JAG1,-0.006775032035121304,0.3318639592703112,0.0018750241042686736,True
JAG2,-0.0016404236538299125,0.1157552719176948,0.3098719660616353,False
JAGN1,0.002585038585308334,0.05365279835549124,0.5390087739199254,False
JAK1,0.00122040382812963,0.08010936576210836,0.35176020141146647,False
JAK2,-0.0008734441462875001,-0.35266348986230944,0.05370692355673527,False
JAM2,-0.0005369272923418749,0.4566148098370187,0.003367919763060899,True
JAM3,0.001629966555045714,0.23788352923696546,0.050125104188046395,False
JARID2,0.003967793845297297,-0.05114951523512942,0.43951692214429916,False
JAZF1,0.0044963762011882005,0.07435216189362724,0.6224273894445592,False
JDP2,0.006150752181775001,0.05975354626793816,0.6127675929758087,False
JHDM1D,1.808649485625011e-05,-0.07898255639475119,0.5182234872531171,False
JKAMP,0.0013911755439899999,0.05482744724438444,0.4719550118995258,False
JMJD1C,0.0028462076424696963,-0.32733331564773854,0.06024315606290871,False
JMJD4,0.00420176153545,-0.0615231601750493,0.512899667311599,False
JMJD6,0.0011138482546863638,-0.013897819902348204,0.9112985749498121,False
JMJD7,0.002395181505696923,0.09208400284403621,0.743269115509275,False
JMJD7-PLA2G4B,0.00752396956918,-0.12538381879063557,0.5230287303346794,False
JMJD8,0.005758458675499999,0.10821547293041239,0.27711769188428126,False
JMY,0.004496779938382353,-0.058676975993176554,0.6650839849514215,False
JOSD1,-0.00262372592240625,0.025342481265917902,0.8284954325456869,False
JOSD2,0.0047673232469375,0.2378012750390868,0.10742081918368027,False
JPH1,0.010136731072323078,-0.5346860761392086,8.226079310938368e-05,True
JPH2,0.004888833034254999,-0.1255607284575051,0.03620319303191257,True
JRK,0.0013969319025999999,0.0034890041807132247,0.9733668616236759,False
JRKL,0.0006962050953941175,-0.1951499229583221,0.04804273907825938,True
JSRP1,0.008269027569375,-0.19151722323136253,0.05801585634962735,False
JTB,-0.0012625763890107145,-0.019694950990533432,0.8118435136368604,False
JUN,-7.259444211961543e-05,-0.08097358816627707,0.33773804218628356,False
JUNB,-0.0011214773582636363,0.24402698364723233,0.06348305731222655,False
JUND,4.949903881666669e-05,-0.2613452186528534,0.12178758538229413,False
JUP,0.0027266695539993947,-0.0948317165901865,0.3124000822730222,False
KALRN,0.0013213076511178125,-0.17313160419998663,0.235670137244289,False
KANK1,-0.007451847958586667,0.03269855691745774,0.6228738781852572,False
KANK2,0.0013816194256477778,0.25612061598751434,0.021055154861554168,True
KANK3,-0.0026684595687715626,0.31377432378438175,0.08643102767083563,False
KARS,-0.00045684718741764713,-0.012246351427533175,0.8307081410192068,False
KAT2A,0.007966403246245,-0.3729754848977709,0.08568669600156649,False
KAT2B,0.009641444248158335,-0.36352513096871514,0.012080014310812928,True
KAT5,0.001605744892947059,-0.0493233335183029,0.40907197712217735,False
KATNA1,0.00483934255975,-0.22088379557757562,0.001168473727756103,True
KATNAL1,0.00028188061383809535,0.0926349394332866,0.32215742722271723,False
KATNB1,-0.0017645968301244583,0.11530290396232935,0.2965071135528245,False
KAZALD1,-0.0010671609531318184,0.4706513119555481,0.0032723632400579786,True
KBTBD12,0.0030917244326,-0.12319508558666938,0.08892530060291108,False
KBTBD2,0.0024482395334499995,-0.06787937822865694,0.5232038968312415,False
KBTBD3,0.00042905484045433325,0.09666867132770358,0.601566798252684,False
KBTBD4,1.8982920261111115e-05,-0.127734767266249,0.289435459635746,False
KBTBD7,-0.0031176085526222223,0.03669912734901653,0.434068826770314,False
KCMF1,0.001983016269392857,-0.1514441232604736,0.06553108130904801,False
KCNA5,-0.007157458637560001,0.18583829766164683,0.19919520777817853,False
KCNA7,0.008118366345974999,-0.08167159743234925,0.28793278647558634,False
KCNB1,0.006007679876548571,0.30569894514454815,0.0017996065139957778,True
KCNC4,0.0002686369360436361,0.24183571684439917,0.08477888052498136,False
KCNIP2,-0.0026041401085185184,-0.3388060242958085,0.029553285925914552,True
KCNJ11,0.008567137595060625,0.04305868244569367,0.6368895038223481,False
KCNJ12,-0.00017192436024687481,-0.16462185029900772,0.13952474604375026,False
KCNJ2,0.004963965710277647,-0.034789931812648445,0.7933764782390128,False
KCNJ8,-0.003719309941164286,0.48620813850977007,0.00025725462423141715,True
KCNMA1,0.0010243764527593747,-0.025662493766450346,0.7937911749351949,False
KCNN2,-0.005455002405111111,-0.18683371609452018,0.07284836823562428,False
KCNQ4,-0.004767830692988788,0.30928297633724083,0.19781533976377663,False
KCNQ5,0.00012561858414411803,-0.31183489368823386,0.06433633578519543,False
KCNS3,0.007258945155590909,-0.16663723237100625,0.0533306724324041,False
KCNT1,-0.0005423848390086764,-0.0711762762343167,0.47346306348970757,False
KCTD10,-0.0016589508478814814,0.15528404985734268,0.11231070882150164,False
KCTD11,0.000867670729523077,0.01249017687066346,0.8466536808629543,False
KCTD12,0.001230586280787619,0.2646567334138949,0.06850502153115605,False
KCTD13,0.005148975414724999,0.09584195076033032,0.4021253142740102,False
KCTD15,-0.0035985542483465997,0.11288429740165414,0.5579875689758711,False
KCTD17,0.0026453489614,0.37178226605981757,0.0019446485961212491,True
KCTD18,0.0015438366789599998,-0.07649823109962796,0.2828795711353715,False
KCTD2,0.010590733255562501,0.003986629770751048,0.9577198845323829,False
KCTD20,-0.0011742340786567223,0.11380215614125054,0.2705789478764046,False
KCTD21,0.00025439153858199993,0.06525676181889821,0.49615016233288556,False
KCTD3,0.004072668890833333,-0.16640464700596366,0.0877052633607597,False
KCTD5,0.004123411122032432,0.02450165374363604,0.8157291976197374,False
KCTD6,0.005330742168641667,-0.21917625042742064,0.08570082658082258,False
KCTD7,-0.00181249474411,-0.021870884101668455,0.8785495458353739,False
KCTD9,0.0011348963712813044,0.03620206722750729,0.6599863686336535,False
KDELC2,0.0004797422958266665,-0.14407720210432726,0.17785448243693058,False
KDELR1,-0.0014676032546142857,-0.012409791535786667,0.8698797840708986,False
KDELR2,0.0006165040726947368,0.046644212230489715,0.6210746339598928,False
KDM1A,0.0005981408629062504,-0.06906424175860398,0.30417596581088663,False
KDM1B,0.00023195459958461523,-0.1034016035450814,0.2730685555370732,False
KDM2A,0.001079249992772333,-0.08786875087753167,0.07073881945111542,False
KDM2B,0.0007562069482014476,0.028906179138648215,0.7344822426638431,False
KDM3A,-0.00011200840434166668,-0.02430379670175752,0.8654833676494885,False
KDM3B,0.0011280638701615384,-0.16716514557576276,0.1156022676583836,False
KDM4A,0.002524384614904762,0.05154555049429852,0.257440764949241,False
KDM4B,0.003071514440623303,-0.004261426642981297,0.9533241270689261,False
KDM4C,0.0016681095188727272,0.053036382378145765,0.5308384781199715,False
KDM5A,-0.0028227490194352944,0.2004047798503201,0.13231158274986868,False
KDM5B,-1.2932349882352905e-05,0.16471804567143408,0.052726303704361134,False
KDM6B,-0.0020651605535331424,-0.014799482717496992,0.8785678878174659,False
KDR,-0.00436754311850875,0.8204921628659861,0.00010249105914350371,True
KDSR,-0.002115423847916667,0.012188258164716238,0.918584399695549,False
KEAP1,0.0021659895078842105,-0.09983149566620884,0.18574591927525344,False
KHDRBS1,-0.0024782891705406674,-0.10656616663045758,0.02291391145308751,True
KHDRBS3,0.001398519471795,-0.17922970060738386,0.11909083829582616,False
KHK,0.00105131923926,0.05529510695003605,0.5466314817112736,False
KHNYN,-0.0031519236382705875,0.01038704320740596,0.8990442576150426,False
KHSRP,-0.0005393179016214288,-0.035260023560662906,0.4927271306950013,False
KIAA0020,0.0024700460396000004,-0.20254959494636268,0.1014797204305151,False
KIAA0040,0.0018073504652666664,0.1929673737440866,0.4634520489063374,False
KIAA0100,0.0008251191786537691,0.06154393085201573,0.5102998655488564,False
KIAA0141,-0.0011585161032571425,0.09464711477209012,0.39614979108465065,False
KIAA0146,0.0008172878976931111,0.37430068338220773,0.06980438251920444,False
KIAA0195,0.0003789246504788235,-0.08723198176684872,0.3087336133884191,False
KIAA0196,0.000681830572323077,0.009022486203337393,0.8570994041245168,False
KIAA0226,0.002493222235743509,-0.2905602801514992,0.025472632056121828,True
KIAA0232,0.009298242915949998,-0.024614070864673984,0.8960959631312104,False
KIAA0247,-0.0026013281765875002,0.037283145431360465,0.5966127653877127,False
KIAA0317,0.0007165418460625,0.0421732663700924,0.6463102175492972,False
KIAA0319L,0.0027165425523463073,0.11782217901880628,0.1687177478459219,False
KIAA0355,-0.0032330221705691668,-0.008247068411558938,0.9472528558651085,False
KIAA0368,0.0017270705834285716,-0.18512875318768351,0.009681724757180777,True
KIAA0391,-0.0004158224191307692,0.3546648620978993,0.20055036678075752,False
KIAA0430,0.003615138687627778,-0.06443723318188849,0.23961449015978148,False
KIAA0513,0.005261370184483721,0.10027111958487915,0.24725265862833384,False
KIAA0556,0.0028303762752658534,0.39466299129101723,0.01638514357524764,True
KIAA0586,0.003919755406205882,-0.07733288024849058,0.5074188032940673,False
KIAA0754,0.003129780646120527,0.17112566179110678,0.1636342617580907,False
KIAA0895L,0.005387281309201579,0.06612111649764164,0.633837242194439,False
KIAA0907,0.002520095213522381,-0.46092918610335437,0.003588786809816765,True
KIAA0922,0.009751781413492857,-0.1792939807884024,0.3029710139250039,False
KIAA0947,-0.001703670820206667,-0.04573119721164276,0.6631793875570162,False
KIAA1033,-2.9558288094117668e-05,-0.15094120492477073,0.38874996592248345,False
KIAA1109,0.0008228800125999999,-0.42227800123010295,0.00699188809206715,True
KIAA1143,-0.0008459360897433332,-0.27465796822472865,0.08718613804476211,False
KIAA1147,0.006421339479245456,0.02920169125883904,0.694494190718953,False
KIAA1161,0.01228674497637647,0.11613675097650145,0.20689756778347934,False
KIAA1191,0.0023643529037800006,0.008987666137491851,0.8863107571188062,False
KIAA1217,0.001456778371275846,-0.1933222409355815,0.14474018626708615,False
KIAA1279,-0.0008427223218076924,0.016013112393324078,0.7642778375685026,False
KIAA1324L,0.0007996437093142857,0.09355922222899285,0.3146644302388802,False
KIAA1328,0.0021685870844785717,-0.07250588521347695,0.46024115082102235,False
KIAA1429,0.0029052565641923076,-0.25244905335296974,0.06908279123573877,False
KIAA1430,0.0012072171570890907,-0.006190371113881533,0.9468314921368627,False
KIAA1432,0.0018183063928874999,-0.08011993543027392,0.4187493365981043,False
KIAA1462,-0.010802097237906061,0.49859010857132025,0.0032096236923578564,True
KIAA1468,0.0036646156257454546,-0.07442149881541062,0.49148444491293675,False
KIAA1609,0.0044339121611266675,0.17634094870769854,0.23570717479966832,False
KIAA1671,0.0020558818679958335,-0.057545675354146564,0.574723757335263,False
KIAA1704,0.0005391888334222224,-0.37176001720031276,0.0006395472117837324,True
KIAA1715,0.0038747358637571424,-0.2861593137078098,0.05284535182663269,False
KIAA1731,0.0013125615747782353,-0.1412495267975522,0.11504672960413416,False
KIAA1737,0.002289437592538,-0.2728071806719404,0.0014136127407385422,True
KIAA1841,-0.00013941145460000002,-0.17799101609733833,0.4865953180826058,False
KIAA1967,1.6037695133333395e-05,0.07530171188082026,0.43122320668944825,False
KIAA2013,0.008131681450364286,0.012945463655637444,0.8465828166084006,False
KIAA2018,0.011676172682719999,-0.29811269915074956,0.016072608632652,True
KIAA2026,-0.000580218671,-0.13932986264388647,0.27093670822602406,False
KIDINS220,0.0034705636306857145,0.019828341417089446,0.9007409498132457,False
KIF13A,0.0047612674488875,-0.35084328305080253,0.0004961769223411517,True
KIF16B,0.003864434148223125,0.019112240546016113,0.8759087187575807,False
KIF17,-0.0031979047302814817,0.2340077080158496,0.06733887106894347,False
KIF1B,0.006713430785112425,-0.30558622683710407,0.012745827951074611,True
KIF1C,0.003075426211084615,-0.12396251628229611,0.05445062354215978,False
KIF21A,0.0028810242629249993,-0.016593720800993014,0.9012149112729106,False
KIF22,0.004249116929170588,0.38830976025223657,0.0012442498677147859,True
KIF5B,-0.003308745826505555,-0.2818733825290565,0.08798639658824671,False
KIF9,-0.002593707742136364,-0.10247368405864922,0.283194950197469,False
KIFAP3,9.177641243999987e-05,0.03356582547643065,0.5867898628010559,False
KIFC2,-0.0027304122738599996,0.050164476305997165,0.5922203804309287,False
KIFC3,-0.0014948643296703997,0.254467666529154,0.06934561991891772,False
KIN,0.0006052550072976921,-0.1706178691061052,0.06361409404135572,False
KIRREL,-0.0018343535677222227,0.3336696561133309,0.006318337569249346,True
KITLG,0.0007413335322238093,0.34702264638274366,0.05886199750893962,False
KLC1,0.0057786039885857135,-0.05462105131707458,0.6797655557698539,False
KLC2,-0.0014803505454687178,0.08932846023743074,0.025550336753230762,True
KLC4,0.0036333678459,-0.014392060403916012,0.8917767158552825,False
KLF10,0.0016876363044809523,-0.38506358969205806,0.1302914247147855,False
KLF11,-0.002636834237111053,-0.03786836337324222,0.40685486936676185,False
KLF12,0.003181053471047222,-0.08861104256787161,0.3150332488030561,False
KLF13,0.0020866374642142865,-0.20432849523948435,0.31381603842406963,False
KLF15,0.0017608243836899997,-0.26379270338794725,0.45407960238415634,False
KLF2,-0.008822470221615385,0.0660248133218711,0.7710031717390422,False
KLF3,-0.005316979206135769,0.01725564384476508,0.8750867292162721,False
KLF4,-0.012177860112125,-0.3289152090498264,0.044738346981570504,True
KLF5,0.0013632929151999997,-0.20126206025146345,0.09370103184234041,False
KLF6,-0.004248929475242499,0.11824605046816504,0.25586571004587555,False
KLF7,-0.00201157345883,-0.04849835550529507,0.6214663629795263,False
KLF9,0.0009377055089250001,-0.4072122996222447,0.018253284265172844,True
KLHDC1,0.0014868063661285715,-0.311925681636627,0.02377023504222404,True
KLHDC10,-0.004155447074836363,0.01320039534994793,0.9387940864466453,False
KLHDC2,0.00013371655381176465,-0.03302040200425478,0.571395833928366,False
KLHDC3,0.0056005361195576465,-0.01684402830069183,0.8443635976735988,False
KLHDC4,5.685726509115366e-05,-0.10451894535066239,0.4800901922587374,False
KLHDC8B,0.001812488855292308,0.13730344850998566,0.20335410076673413,False
KLHDC9,-0.001374975414657143,-0.10266047408504005,0.32641656949204345,False
KLHL12,-0.0007907920313218183,0.06456030709560796,0.31874191448598477,False
KLHL17,0.001199918194590909,0.16625641923640558,0.14506176448711597,False
KLHL18,0.0006651483523749999,0.4174929750950915,0.00532930131722954,True
KLHL20,-0.00011001310850846153,-0.10422771307541993,0.23261823075660276,False
KLHL21,0.008597621866537038,0.09247515695049803,0.30093010650808255,False
KLHL22,-0.00083437812895,0.24895982010759451,0.005569490093828307,True
KLHL23,0.0024183177728903846,-0.2440830523162533,0.030374334377719622,True
KLHL24,0.004017087766263334,0.18956534144682957,0.3176900997856314,False
KLHL25,0.00711344969981784,0.21534439376892756,0.04713957281840707,True
KLHL26,0.004527980803085863,-0.013368467271392697,0.9235349489697737,False
KLHL30,0.01067100828291586,-0.19072440515894573,0.01094261332403913,True
KLHL31,0.02011453899618571,-0.01171579757647866,0.9033087954025367,False
KLHL33,0.02074335961508333,-0.013488794136050863,0.8614176232276713,False
KLHL36,0.0011687884721791667,0.06126665922093237,0.2914870601776933,False
KLHL38,0.028547763112888886,0.07026789276040062,0.6234798443515897,False
KLHL5,0.00466217514802294,0.18591204108373188,0.02085412755128567,True
KLHL7,0.002535890022592,-0.1573841173353013,0.06673359682433201,False
KLHL8,0.0014316535296615383,-0.17761023773661588,0.07567570351249654,False
KLHL9,-0.0021921947466,0.11610495074721722,0.12762432312998265,False
KLRG1,-0.007827906775750001,-0.12049666507024952,0.29874250612011666,False
KNTC1,-0.002300179486410526,0.1574472572957032,0.3064640384998966,False
KPNA1,-0.00022068781435416668,-0.020703709310027903,0.8290195603964231,False
KPNA2,0.0006042205360428576,0.13211006789542437,0.2728213318648439,False
KPNA3,0.0034015988809544444,-0.3691117598937522,0.004712043177908658,True
KPNA4,-0.0001032066864143126,-0.10504397654580767,0.2258486920421931,False
KPNA5,-0.0005848958017166667,-0.2217028664930318,0.04598282588192526,True
KPNA6,0.004058730492355789,-0.04891404428044999,0.24749322048793682,False
KPNB1,0.0005293180533933335,-0.07968687235336969,0.4061604902478483,False
KPTN,0.0002055834657345455,0.1463873267043626,0.17918212357795998,False
KRAS,0.0016344706025875,-0.057389164027903034,0.4995956633773643,False
KRBA1,0.0008757627558950003,-0.10401527387340805,0.5185654769292938,False
KRBA2,0.015454451177200002,0.14396522978787527,0.04755070756050893,True
KRCC1,0.0015863130008000003,-0.05955475510278221,0.37311520730210923,False
KREMEN1,-0.002852392287046666,-0.17894208575012732,0.08166945080474891,False
KRI1,-0.0022460794729978945,-0.11313745598964152,0.15158920027200615,False
KRIT1,-0.0001722435662533334,-0.3818967790123047,0.005394008805857038,True
KRR1,-0.0003811630502006669,-0.22457194165345118,0.195082267501823,False
KRT10,-0.00681587871942625,0.27679077030435817,0.028424603701121137,True
KRT31,0.019453256068866668,-0.13389758854576114,0.3210493766070191,False
KRTCAP2,0.0009219756535627778,0.04397202330378738,0.5667848423658239,False
KSR1,0.003044800968947619,0.1700721298937319,0.08477310049063326,False
KTN1,0.012859594727738887,-0.7172411115033074,0.0060006564116525584,True
KY,0.004366421280692223,0.4357314406662638,0.08512316586182479,False
L2HGDH,0.004173201687738461,0.20154503654682643,0.1174756680644207,False
L3MBTL2,-0.0035410736365275,-0.098908888935218,0.07721922438260999,False
LACE1,-0.0023752867645600003,0.24363656319170718,0.024227244030390626,True
LACTB,0.00388596130400875,0.078717236701916,0.24465903198761238,False
LACTB2,0.0019162426338812503,0.08286748582367164,0.432614900379352,False
LAD1,-0.0169179466176,-0.309649685837177,0.1703837406815041,False
LAIR1,-0.00895917317895,0.10354245871529191,0.09932942900892094,False
LAMA3,-0.0027772259444789472,0.2793795059653322,0.04920292586826096,True
LAMA4,-0.013186421737234617,0.8600894477747514,0.0009080448323349346,True
LAMA5,-0.001389257081186857,0.14866975452188608,0.23410071694090628,False
LAMB1,0.00013444250765999935,0.9030187202278455,0.0022404997947064703,True
LAMB2,6.3343513800000365e-06,0.1663103847624758,0.1621691001223261,False
LAMB3,0.0064176494351909094,0.04613713083814504,0.8591999602532474,False
LAMC1,-0.001177288053293913,0.4355292204689206,0.0032228829402351743,True
LAMP1,0.005563483110533214,0.3072090906931012,0.003818105145041501,True
LANCL1,0.0010909859132818183,0.10756754909833921,0.25992987517033095,False
LANCL2,-0.0005348365108578951,0.07174314479861872,0.592576717199748,False
LAP3,-0.0014214509669923077,0.09795149538345362,0.13147264773040243,False
LAPTM4A,0.002361042813742105,0.15010812173198015,0.026483818393091402,True
LAPTM4B,0.008559990481438889,-0.15534687454655358,0.20045679366294045,False
LAPTM5,-0.010304475078833334,0.29159778043098683,0.0020935813269719,True
LARGE,-0.0010123886907692308,-0.15428035673483737,0.12371768704438606,False
LARP1,0.0027694134829108112,-0.1721464194817009,0.007071598499268758,True
LARP1B,0.003796683379409286,-0.2223791844751551,0.05609647266653619,False
LARP4,0.00294796830051,-0.05832612371702226,0.6745318072788037,False
LARP4B,0.005850758099275001,-0.1449493779290538,0.18781550915449008,False
LARP6,0.0007142743255285712,0.35349748343747317,0.0019703658366671635,True
LARP7,-1.0369707079166431e-05,-0.40293982659639893,0.10211563689424276,False
LARS,-0.0011480384395333332,0.002738144425411739,0.9616505010913254,False
LARS2,-0.004898792116681817,0.2619300285965481,0.0004997562783355772,True
LASP1,-0.0008202957035093757,0.4683729615957859,0.0017168551919282977,True
LATS1,0.0007937424756464704,-0.0744273589126444,0.33514016012417336,False
LATS2,0.0043394537456775,-0.2581475025695508,0.010475197288882453,True
LAYN,0.005197086239631875,0.3502936713605385,0.0493460357780642,True
LBH,-0.0063402287135411765,0.7680878282146942,2.9792181565747997e-05,True
LBR,-0.0053477556195,-0.031997061240951453,0.8591674609986624,False
LBX1,-0.0011154826474280002,-0.07818204883625933,0.26503406657208156,False
LCA5L,0.00012900386475714286,-0.031318378689762595,0.7728902475665099,False
LCAT,0.004373654203649999,0.03972432640842816,0.823210416841593,False
LCMT1,-0.0006948122736876925,-0.05047067299128019,0.40602598334946616,False
LCMT2,0.0013414746785894375,0.0627535372235283,0.3577337870109688,False
LCOR,0.0009690799217473685,-0.021734712915557196,0.8234688014688434,False
LCP2,-0.014122196388384614,0.5071194663123268,0.004738099130928447,True
LDB1,-0.0002637640034843751,0.04871556369459276,0.4284132802137972,False
LDB2,0.0011600439011939477,0.428243144418,0.0021878393401544532,True
LDB3,0.017432863132810644,0.04906841958298633,0.29468930794543524,False
LDHA,0.005837571179428573,-0.17229312849019462,0.1244076016069159,False
LDHB,-0.00122972068549,0.8017971417358374,2.053322709987089e-05,True
LDHD,0.0098442305975,0.4872697429442102,0.0004838888934299129,True
LDLR,-0.0014621674164495833,0.24698209379808747,0.06591055462617006,False
LDLRAP1,0.004756346416877083,-0.02775703448042901,0.7704591087420527,False
LDOC1L,0.0008624099089399996,-0.00676538992769905,0.9269656127589303,False
LEAP2,0.011280494910428571,-0.08726665613903463,0.4129082843355647,False
LEMD2,-0.00042282669610434757,-0.0016271850877886155,0.9822933202117881,False
LEMD3,0.0024285375895307685,-0.1623440210813423,0.03900829418373627,True
LENG1,-0.0010841954352092307,0.029860017909136758,0.48915190317374757,False
LENG8,0.0006198317221652171,-0.23515514750961247,0.09248492687580115,False
LENG9,0.0022335795225375,-0.07146925549543481,0.349738141347671,False
LEO1,-0.0008154249896175001,-0.1540723374785213,0.20144271342395761,False
LEPRE1,0.0005190041955397502,0.08153119029763446,0.5484754028196568,False
LEPREL2,-0.004585207536852857,0.4255621092639253,0.006320344923412062,True
LEPROT,-0.0005272950811814282,0.2992875096452303,0.018615870117082028,True
LEPROTL1,-0.0041804333623769235,0.21401947282121217,0.03866584894741113,True
LETM1,0.005312488388544001,0.17481841893112948,0.04835744400225523,True
LETMD1,0.00014808139261428556,0.006125735973732843,0.9225062584051231,False
LFNG,0.00035583564871097544,0.5341146724959018,0.0010872883671527805,True
LGALS1,-3.165809676266657e-05,0.04861022367833061,0.6239586706539705,False
LGALS3,-0.0014906117083624995,0.3997249567219802,0.018467219227203506,True
LGALS3BP,0.0004348611060625003,0.5559001406210444,0.0008632605454300916,True
LGALS8,-0.00227794793721,0.051324765541264146,0.6878858430820349,False
LGALS9,-0.005417160579125,0.7087908304513925,0.0038169261112987315,True
LGI1,-0.00867299141769231,-0.06348704130537496,0.5144075755814088,False
LGI4,0.0064432615462733335,-0.47524342555937804,0.0012767675011948261,True
LGMN,0.0018695879877249997,0.30411994454255525,0.0014567778027155306,True
LGR4,0.0024909734409441667,-0.25021044932170333,0.02377682510736782,True
LGR5,0.0008214622688709998,-0.9082812229897101,0.02539844888545418,True
LHFP,-0.0004300300109290326,0.39024441617040734,0.004799840758282063,True
LHPP,0.0016907656616282356,0.14808694527416003,0.16068228265873621,False
LIAS,-0.000549709206015,0.07492896185688953,0.16491063895353483,False
LIFR,0.0010792735000874996,-0.14541185161596684,0.18378051926660668,False
LIG1,0.0024728270198235295,-0.008561468226095291,0.9371617598222607,False
LIG3,0.0037884068784687502,0.06684808413155356,0.5235995268180059,False
LIG4,0.0037451738670338094,-0.26924099849295396,0.010022527671160226,True
LIMA1,-0.005312887053270832,-0.2701370781822139,0.12668487301429163,False
LIMCH1,0.006551656828985715,-0.2642018471286605,0.020757802342831595,True
LIMD1,0.005279788736914814,0.12236977103413156,0.33856561399375307,False
LIMK1,-0.004311253874058825,0.01791266619476756,0.891172717633727,False
LIMK2,-0.00017544167502400005,0.10749343122583883,0.16315145893985356,False
LIMS1,-0.0006873143443444444,-0.16437874228476781,0.1729423087973945,False
LIMS2,-0.005390357166205208,0.057359336644395166,0.7117259787331153,False
LIN37,0.0005538597131749998,-0.10492854343658693,0.30278435355456584,False
LIN52,0.0016593904285800002,-0.17171745216528836,0.2001276139081819,False
LIN54,0.0005857854220714284,-0.12325408535459328,0.29565014169453674,False
LIN7B,0.0031266823674707686,-0.18477549029079973,0.10045555357942818,False
LIN7C,0.00269428674494,-0.02140836122859172,0.7867141621616256,False
LINGO4,0.005890213280500001,-0.12754316048460781,0.1224510233172178,False
LIPA,-0.003603685116319999,0.4068903778973932,0.00074655820253669,True
LIPE,-0.00015588480357692293,0.6632666606480385,0.00021004485889045382,True
LIPT1,-0.0007137593045461537,0.014450801091604803,0.8760399122577076,False
LIPT2,0.0011786162802900001,-0.17023957569031617,0.19299943030009592,False
LITAF,-0.008727811446824999,0.1803983122292629,0.017132016861933767,True
LIX1L,0.004561187686788417,-0.0749866499080762,0.22745472963175442,False
LLGL1,0.00046824861742999997,0.02103730463265481,0.5549046637968089,False
LLPH,0.001179591027925,-0.12623149567484493,0.15115917283739247,False
LMAN1,-0.001334991854588889,-0.07061621007542501,0.4606242800874105,False
LMAN2,0.0016102406982666665,0.3272873650479279,0.0027687819164348934,True
LMAN2L,0.0011418679549180001,0.18427666298876047,0.0054451668590456805,True
LMBR1,0.0005878973998515788,0.17228196255312897,0.21486888374769317,False
LMBR1L,-0.001312626635858182,-0.10406735178703762,0.2506124745562978,False
LMBRD1,0.0112058525653,-0.15513803592132439,0.02724173251814962,True
LMBRD2,0.003329345446444444,-0.028586992844524664,0.7759355405288144,False
LMCD1,0.008496742235268182,-0.09009521453359902,0.2618148816267784,False
LMF1,0.0029406971629244508,0.0470451011066171,0.7071513135946776,False
LMF2,0.0017967044069312505,0.14311640968201617,0.09478477015750801,False
LMNA,0.0013861404594941178,0.09337761636309666,0.4511670145946488,False
LMNB2,0.002340146681262,0.05526412384254959,0.7128558452162245,False
LMO1,0.0014288623024000004,0.08294284279663033,0.3797387596420778,False
LMO2,0.006977945963433913,0.08987418728404885,0.5061977855316341,False
LMO4,-0.004665155874104001,-0.1868467979862886,0.0182215209393864,True
LMO7,0.011392071663468293,-0.34441254915042097,0.019909078169805836,True
LMOD1,0.011650901002117646,-0.5673995243936613,0.0003283538187319595,True
LMOD2,0.031440392840000005,-0.4545733089493508,0.007764045415015997,True
LMOD3,0.026154681121842858,-0.34574379012578044,0.028622336732018343,True
LMTK2,0.0009435080274324072,-0.21971262163553967,0.012024917757120447,True
LNP1,-0.00031417135660200007,-0.21603495186660807,0.0036894042335866677,True
LNPEP,0.011209884911004999,0.007643194772161577,0.913325949099336,False
LNX1,0.000261391605622581,0.1812428588109259,0.06774188591515733,False
LNX2,0.0014285956973941172,-0.0806286093221878,0.2512725221051165,False
LOH12CR1,0.0016145654270923076,0.01479327603349964,0.9057047731501886,False
LONP1,0.0014343705561682928,0.15789994141435282,0.058707435717436356,False
LONP2,0.0035625688000000006,0.1594905425456488,0.051234488069533776,False
LONRF1,0.0038484947327187503,-0.24612904917490955,0.028115077809516442,True
LONRF2,0.00011971311167764696,-0.13800815999391128,0.030127035974379917,True
LOXL1,-0.006753446276221212,0.24787031141412622,0.293275217697944,False
LOXL2,-0.00014942814382592584,0.8005650979091122,0.0020916748487580226,True
LOXL3,0.00335734756895125,0.2364564653618302,0.009671850609892957,True
LPAR6,-0.007748692154454545,0.5023173528938496,0.005764557358269766,True
LPCAT1,-0.0009095189048128829,0.28231261300475236,0.024604965787743106,True
LPCAT3,0.005541847082605882,0.2910622464338205,0.01985577149403962,True
LPCAT4,-0.0025213441273333336,-0.23209976009734004,0.07082410878573814,False
LPGAT1,0.00196159925020625,0.014226402125764497,0.8765507992274743,False
LPHN2,-0.0016194111487047998,0.45961423793609496,0.005662472711558935,True
LPIN1,0.002329172052324,0.31080012034362203,0.010070124320366525,True
LPL,-0.008297057902530769,0.3464768444640405,0.03759735009969676,True
LPP,0.0054743635717445826,-0.019110039998511515,0.8262389306695348,False
LRBA,0.0021814030193645644,-0.17031677630930134,0.032456895453526875,True
LRCH1,0.003270452439115385,0.1880453040300721,0.017166895272314082,True
LRCH3,0.003402976051805263,-0.040648475974358084,0.7498950574725183,False
LRCH4,0.003749249908230588,-0.2074102589887154,0.02987928029697935,True
LRFN3,0.003612294508316667,0.09843335605112831,0.3494865206618578,False
LRFN4,-0.00011184358437142846,0.051524057440156174,0.7693171424547736,False
LRIG1,0.011639030874052271,-0.09072650552653111,0.3214769988236898,False
LRIG2,0.0003426771562928572,-0.017843313836450193,0.8516257928298541,False
LRIG3,0.002206560037710909,-0.08926361204339374,0.4915180100395957,False
LRP1,0.0002611646916109316,0.2639949997703333,0.09205412809088659,False
LRP10,-0.0005884097442090909,0.06722663999586462,0.2778206664967916,False
LRP11,0.0048901174867,0.101837225396678,0.4879606997928183,False
LRP12,0.0027918693461764705,-0.0666057236348771,0.2855825555394143,False
LRP1B,0.0016940803391939394,-0.3073710095004577,0.021797828392910636,True
LRP3,-0.0006764412212033331,0.0843707766173516,0.29150914308853687,False
LRP4,-0.008231431079462571,0.17532045968057827,0.11532403269158427,False
LRP5,0.0030544551064403086,0.2865073970309609,0.009867540928644265,True
LRP6,0.0008540673008911578,0.0691826967593784,0.48292236364908203,False
LRPAP1,-0.00029379915847526316,0.10439660140345493,0.05589566010719387,False
LRPPRC,-0.002461960328914286,-0.12530192147411698,0.11496634083267539,False
LRRC14,-0.0033677341448904766,0.11252393994818069,0.1969397149137707,False
LRRC14B,0.019076961297400004,0.1515604278198014,0.27469382639506273,False
LRRC2,0.004732118934181819,-0.49042494755982313,0.003809220819096047,True
LRRC20,0.006801728387604167,-0.08977905107796752,0.14812836328057472,False
LRRC23,0.006018509135903889,0.04180994968087984,0.6869812526493082,False
LRRC24,-0.0030200334056363644,0.08899796401845321,0.23659395343504228,False
LRRC25,-0.0040148117265,0.5214418739219037,0.00016145040558562403,True
LRRC27,-0.0033635355880173076,-0.08886848403297226,0.4253857737212149,False
LRRC28,0.0014030943845399998,0.009247359269013595,0.9242434448677864,False
LRRC30,0.02517494975198,0.2855632963828201,0.06725163666021025,False
LRRC32,-0.003991967936886956,0.08354381094297846,0.34326461644040307,False
LRRC37A,0.003184035723,-0.06392580217711553,0.26135889156028047,False
LRRC37A2,0.008235859401,-0.13858050005431605,0.18216003342879533,False
LRRC37A3,0.0002628017343214286,-0.03438224173527207,0.7294518671609431,False
LRRC37B,0.005154675484727273,-0.14883795263841335,0.2341900610509544,False
LRRC39,0.010976638762749999,-0.1485403762950763,0.24370309095791937,False
LRRC3B,0.004048870899626087,-0.40832280889680633,0.08326029741637522,False
LRRC40,0.0007403189426812501,-0.13854376213984945,0.1592020448666625,False
LRRC41,0.0027558437073000007,0.01961448462019795,0.81639694324421,False
LRRC42,-0.001182490295912857,0.05435627123267716,0.5109792404842846,False
LRRC47,0.0037657066117860708,0.02950744681599476,0.5552464792696719,False
LRRC57,0.0007011069644866664,0.13414094378527547,0.3385292499267325,False
LRRC58,0.000580816257625,-0.10410045776438742,0.13913539543119882,False
LRRC59,0.0015257745591857141,0.1557142052356074,0.10361759162518945,False
LRRC66,-0.001881801949625,-0.3646686264444391,0.001090919738026594,True
LRRC8A,0.0003212081894125,0.2886908283097807,0.0036336503349598632,True
LRRC8C,-0.01370436682285,0.19672333849551382,0.004623553795974083,True
LRRC8D,0.001658045600951428,-0.039930356014419785,0.6184121719070639,False
LRRFIP1,0.005350402903419116,-0.1952726142799982,0.08176054801003277,False
LRRFIP2,0.002074956236733333,-0.34920328577780924,0.0002934892038860849,True
LRRN1,0.0054102988984644825,-0.12490155888506006,0.44334999754518334,False
LRRN4CL,0.0059338086636846156,0.09416147238664804,0.35664110538249383,False
LRSAM1,-0.00027851677047647063,-0.01486841828949133,0.8338839337926849,False
LRTOMT,0.0008774030327062858,-0.26349871725422075,0.03759210640679328,True
LRWD1,0.00080019129615,-0.058376850774556684,0.4043204595282003,False
LSG1,-0.0008747817174664286,-0.00461564175198466,0.9508043834218127,False
LSM1,-1.2548099263666591e-05,-0.031169798980993146,0.7114949622131563,False
LSM10,0.00115491637838375,0.08561341633497262,0.3878980828038633,False
LSM12,0.0008369109614416666,-0.10791446658951222,0.11666420894888191,False
LSM14A,0.0018165154542160002,-0.298046743484486,0.02649824773467236,True
LSM14B,0.0022864504971700002,-0.0009343829232781673,0.9868055800805504,False
LSM2,0.003100641411355535,0.05724888559267948,0.5880398635061297,False
LSM3,-0.0006458677759440002,0.01116536177724494,0.8749231510231557,False
LSM4,0.0029798584265319037,0.27496854052125314,0.008326613571906597,True
LSM5,-0.00046939848121346187,0.00781093781577604,0.9313929551158879,False
LSM6,0.0012662490576276924,-0.14233853927211992,0.0805742513263102,False
LSM7,0.00418478209555,0.2990566295223788,0.06539809898080287,False
LSMD1,0.0007477088455312501,0.11892486743097284,0.2685955648863781,False
LSP1,0.011463049031322224,0.3541315194601118,0.012280066652514632,True
LSR,0.003488203475791429,0.5014969927560288,0.0015327891071269394,True
LSS,0.003398099611564286,0.15073010677256005,0.14419717791898537,False
LTA4H,-0.00045634594324999995,0.042832970269295494,0.5910727977719658,False
LTBP1,0.0044848395267895825,0.20964857263236228,0.004368470046501836,True
LTBP2,0.0034048720688606066,0.08242773258261447,0.41612502897012216,False
LTBP3,-0.002185359850088974,-0.16515597432308757,0.019453232055174196,True
LTBP4,-0.0057533567662019225,0.25201367128497315,0.09363335176117092,False
LTBR,-0.0030257610609090908,0.07718413848433277,0.3509840775675901,False
LTV1,0.00877300143806875,-0.05777829034545637,0.412903157673958,False
LUC7L,0.0039156210532363634,-0.2675201133252718,0.05921178549004958,False
LUC7L2,-9.675925407777783e-05,-0.32414182089419047,0.005064130560672968,True
LUC7L3,0.0009863375361538458,-0.6261338694132701,0.016361999801803636,True
LUM,-0.013839464378999999,0.8505485070603214,0.011614940877547327,True
LUZP1,-0.0038439768266058816,0.2296158440679151,0.012328780902247056,True
LUZP6,0.004604810085600001,-0.0011776585770485357,0.9970444970707252,False
LXN,-0.030168575913400004,0.7515095974797579,9.119619946558688e-05,True
LY6E,-0.00901018327733077,0.33920776817193266,0.013027091995243113,True
LY6G5B,0.0035273432897777782,-0.4060988584090888,0.0013121432442530724,True
LY6G5C,-0.0005808030141043998,-0.0540891925011524,0.727517252760127,False
LY6K,-0.005685628863846154,0.03812331482678587,0.7356545308812114,False
LYAR,0.0010071946732933333,-0.1456099566925011,0.10679923115788911,False
LYL1,-0.010934606136075,0.26377134284435394,0.041451549987282364,True
LYNX1,0.008142586292313334,0.016749319039904478,0.901122881887784,False
LYPLA1,-0.0005134304634499999,0.0637774334492882,0.4349197894517193,False
LYPLA2,-0.0011457288492384616,0.21733815814771534,0.021148389514952133,True
LYPLAL1,-0.0011352538201041663,0.13952469598143633,0.18463869990752493,False
LYRM1,0.001435963049911765,-0.05590446625105025,0.24153463336007355,False
LYRM2,0.001170594390472105,-0.09613403512609028,0.34670007950508097,False
LYRM4,-0.0020509503059888885,0.011819803469561109,0.8541032510459933,False
LYRM5,-0.00046985071542352946,0.004445573090447574,0.9636936914483251,False
LYRM7,-0.00183161000841,0.08447619461020411,0.5668991736174936,False
LYSMD1,0.007793132949505263,-0.07701299242222769,0.39821231450150674,False
LYSMD2,0.0027193595975806444,-0.12165418797276467,0.2897137888399628,False
LYSMD3,-0.0005270436562666668,-0.06143328719481638,0.7377725843156024,False
LYSMD4,0.0022787508663664737,-0.02416158306271221,0.8180836761154086,False
LYST,-0.0009134393844083332,-0.16183323057078491,0.12409750723980469,False
LYVE1,-0.008440321105111111,0.01047031033466122,0.9505097006199321,False
LYZ,-0.02335874864,0.11557443448083889,0.34937083172556216,False
LZIC,-0.0008768033295933335,-0.019480364882319957,0.8379656894621896,False
LZTFL1,-0.0011759131680687499,0.053115466023783135,0.6377075871032076,False
LZTR1,0.00821752849353,0.17104369590733448,0.08795667422692541,False
LZTS2,0.004179925873916333,0.1911561983043619,0.060907844802462634,False
M6PR,0.00086121008756,0.14473195810685227,0.21900994371630678,False
MAB21L1,0.01300988808382353,-0.031135115561545558,0.708823049325759,False
MACF1,-0.0012234763592330268,-0.11429260370571095,0.24234105179189525,False
MACROD1,-0.0014749987229536524,0.04319942603203328,0.595166817761422,False
MAD1L1,0.0010667375236700148,-0.007905558688950627,0.9354878316381645,False
MAD2L1BP,0.0005401506573125001,0.1974690365703345,0.05784809720979506,False
MAD2L2,-0.003299741139324138,0.16458191590846818,0.0795425676899052,False
MADD,-0.00038287050896086965,-0.06233424283998679,0.5267927016027825,False
MAEA,0.003080319006273614,0.1210249898526705,0.12788787646193187,False
MAF,0.001158394950761111,-0.16995186023535422,0.09862729486531342,False
MAF1,0.0034713360222999997,0.016163907843057324,0.8281926441218652,False
MAFA,0.0008643020112454544,-0.1699805085735961,0.43594055779278784,False
MAFB,0.0012042138608,0.0826690879766046,0.4021070497239355,False
MAFG,0.0013448467314441177,-0.15170783108847138,0.3000621481172841,False
MAFK,0.005731761115794443,-0.5703499469868138,6.125329100292966e-05,True
MAGEF1,0.00693779727819091,0.041174611390056785,0.4771770090361901,False
MAGI1,0.0006518673325059344,0.2629916287890697,0.04038850388806112,True
MAGOH,-0.0012178636394933333,0.060269065105501625,0.4997336403327798,False
MAGOHB,-0.0005826063925013332,-0.001965553042475345,0.9887839120347939,False
MAK16,-0.0010909395433058825,-0.05776717286836633,0.5329774357872217,False
MALAT1,0.002003728276695,-0.521473764247228,0.15106772385685713,False
MALL,-0.00580843445116923,0.29768007881787867,0.004904383045062059,True
MALT1,0.001617154485880714,-0.24818652921271986,0.15252570281845432,False
MAMDC2,0.0128094661736,0.01214137259944151,0.8686741166287167,False
MAMDC4,0.020084830594000003,0.26847214787097967,0.14566797350339905,False
MAML1,-0.0004897526271062497,-0.23819064532491135,0.01908106840777785,True
MAMSTR,0.0160918236412,0.29105888609484887,0.02248187355103302,True
MAN1A1,-0.007293099543676471,0.11629615128478842,0.25444586323764795,False
MAN1A2,-0.00023538477425076902,-0.01503761610707368,0.8783098591214992,False
MAN1B1,0.004117382695516665,-0.004434772783997509,0.9513909614709708,False
MAN1C1,-0.0017957214758310641,0.18023408021200543,0.028677878758270894,True
MAN2A1,0.008188315715256522,-0.15616768638593878,0.11473739898775254,False
MAN2A2,0.006082941263973333,-0.16676940574247687,0.023454898454012673,True
MAN2B1,0.00024701102798812516,0.05533908545484214,0.5570159418366443,False
MAN2C1,0.001586932538066111,-0.062342899150087755,0.5783720492905886,False
MANBA,-0.00042566735065000015,0.0036855498771789005,0.9697779847801162,False
MANBAL,0.0021660978774999994,-0.0327706689544538,0.6264643518148283,False
MANF,-0.00013468243084999997,0.18545319884219777,0.1754510620372347,False
MANSC1,-0.0008279795918049999,0.3161418148240038,0.004142968567380321,True
MAP1LC3A,0.0011784590842966668,0.23619107825340588,0.0424164775108684,True
MAP1LC3B,0.00035714268241176454,0.03616591497383161,0.540035258307551,False
MAP1LC3B2,0.006300284524185714,0.047436335850716,0.5511370985970832,False
MAP1S,0.0003242596280854999,0.0376587976699585,0.6753214467675662,False
MAP2K1,-4.915449521904748e-05,0.15144416687427054,0.12172464032668132,False
MAP2K2,0.004078707922924,-0.031722749953257565,0.5696699312219176,False
MAP2K3,0.008183833817909677,0.11161935856501087,0.30793393465329827,False
MAP2K4,0.000311498944108,-0.05111478474724915,0.4378247061808406,False
MAP2K5,0.005682157066668077,0.1047047725288291,0.15008919629432305,False
MAP2K6,0.005192737958726818,0.3274732136690294,0.0005964825323302458,True
MAP2K7,0.004102344747165764,-0.1517395283733583,0.037858115351134106,True
MAP3K10,0.0004208169027987499,-0.07275051570935459,0.5319016573501324,False
MAP3K11,0.004775785182957777,0.3738167156894505,0.002947330617210711,True
MAP3K12,3.5358406937499955e-05,0.1654800339498871,0.05063001848686766,False
MAP3K13,0.0014055777620500002,0.18188180348676894,0.02726813741336594,True
MAP3K14,0.007638114421025,0.07397852583111622,0.5172616376485528,False
MAP3K2,0.004081921116,-0.12020403840059145,0.24017044785589267,False
MAP3K3,0.0005437261779833339,-0.05928940596599406,0.38388603074993366,False
MAP3K4,0.0028249715907266667,-0.12355200343556047,0.13367452069134578,False
MAP3K5,0.0014072136239615385,0.1789291968251609,0.04098593760729607,True
MAP3K6,-0.0005093820150515624,0.03024480354898327,0.8075194490140644,False
MAP3K7,-0.000788916447247059,-0.21900922031904527,0.020051445109944,True
MAP3K8,-0.0040934266107452,0.004453850791916584,0.9734231565226193,False
MAP4,0.012638452542939996,-0.40921999858443586,3.693370591611357e-05,True
MAP4K1,0.0008921461361208333,-0.35407857240493706,0.15415292235843958,False
MAP4K2,-0.003897548892471428,0.1612878968443629,0.3313790185466603,False
MAP4K3,0.004730520049313333,-0.3298916722109092,0.013815842075957199,True
MAP4K4,0.0004915254783330233,0.05347963570565623,0.47235346478467755,False
MAP4K5,-0.004898269895644443,-0.12157598232203816,0.3184969611784753,False
MAP6D1,0.004881066677059384,0.13188107852233621,0.2502818209988801,False
MAP7D1,0.007176874481671429,-0.2147086770329806,0.019989575282947036,True
MAPK1,0.0018089908739931252,-0.13852374505137285,0.09171595273218293,False
MAPK11,0.0025298915082,0.25681936412075684,0.056518173763707893,False
MAPK12,0.002478148805258333,-0.11912012035542768,0.13728800668797805,False
MAPK14,0.0031047154091260005,0.0072178275720821035,0.9238832671484545,False
MAPK1IP1L,0.0005548053897142857,0.033500468907257636,0.6503813003476859,False
MAPK3,-0.002059759901345455,-0.08069282739251715,0.4131863145585519,False
MAPK6,-0.0031289846016272728,-0.31361336249179045,0.004184686429361725,True
MAPK7,0.0022759014432759093,0.13917649695274142,0.11761222695472978,False
MAPK8,-0.002233812186673376,0.0827255026387659,0.3186810524634245,False
MAPK8IP3,0.002446016058762297,-0.09789161408098651,0.4910494932972225,False
MAPK9,-0.00217841507518125,-0.07810223449839482,0.31380655505969746,False
MAPKAP1,-0.0006261168096307693,0.10296792502587375,0.15400033329850243,False
MAPKAPK2,0.004145198432740001,-0.1044063959143485,0.1309122276988829,False
MAPKAPK3,0.0051908623586250004,0.06723533698992,0.3032514866682707,False
MAPKAPK5,0.0022057043164400007,-0.17637427937570233,0.05807556343472665,False
MAPKBP1,0.0041158280611973685,0.16210565279195732,0.10571899185990043,False
MAPRE1,-0.0004997746733909091,0.06505578708358829,0.31591887922345996,False
MAPRE2,0.0031126008791988002,-0.1149530245806757,0.4587217222897687,False
MAPRE3,-0.0005359310107157893,-0.18726165042011383,0.0009641651605837839,True
MAPT,0.002891781001489142,0.04747990759133563,0.443086949092228,False
MARCH2,-0.0002595755154306252,0.1237291034236264,0.15630552827858196,False
MARCH3,-0.000895361797378125,0.08249446653223504,0.3841464883274095,False
MARCH5,0.0006627917057944444,0.1521748429871107,0.2659261761057877,False
MARCH6,0.006775253409400001,-0.21612716785751002,0.14831036814747037,False
MARCH7,-0.0024707546958671433,-0.29248752128513256,0.020792894646672645,True
MARCH8,0.002606898754186207,-0.16537779085840434,0.09818680734997672,False
MARCH9,-0.0018823048757374999,0.04316105554512186,0.7046322183943643,False
MARCKS,-0.0001392749316799998,0.3253193053524306,0.00305373034231305,True
MARCKSL1,-0.009144501485222223,0.6554300301851467,0.0011760979009377993,True
MARK2,0.0009930116366423528,-0.04919488907388381,0.4983567395728924,False
MARK3,0.0014303508500777774,-0.2155462097269644,0.005559450942388565,True
MARK4,0.00531745363374375,-0.47314724004783976,0.0005552740165478016,True
MARS,0.001939461828125,0.1160397823580681,0.22315906565187738,False
MARS2,0.0003344448074549999,0.25678526958081965,0.0010616756857909154,True
MARVELD1,-0.007818125260000001,0.38818771006680847,0.0023548317700420158,True
MASP1,0.0133170609289875,0.145758908957869,0.24146713119382196,False
MASP2,0.004201538650200001,-0.13092012272522957,0.09889386399814132,False
MAST2,0.0056338584412533345,-0.27777890068392436,0.0034649108549976385,True
MAST4,0.00047139003240318194,0.2750705763880641,0.025742513608147343,True
MAT2A,0.0030608049574384613,-0.30766298528363395,0.019601838355325,True
MAT2B,-0.0011759502401360868,-0.08199728181313158,0.1772945076325476,False
MATN2,0.005014897570186666,0.4776635515044178,0.038855934051785716,True
MATR3,0.005993905430536364,-0.3414799810298371,0.01757561492391896,True
MAVS,0.00017732537788080007,0.02171248444194966,0.7645536835363421,False
MAX,-0.002246622219388235,-0.14200402502703782,0.14519330768034389,False
MAZ,-0.010246985953589477,0.018195255733997495,0.8206410388333926,False
MB,0.014703604213309998,0.08143061847570236,0.12926121605579682,False
MBD1,0.00393051800601,0.020717527731404107,0.6527958665413518,False
MBD2,-0.0003654593922071429,0.028084836735240468,0.84515052563643,False
MBD3,0.0010923386316634615,0.0514065934463713,0.5868933062113468,False
MBD4,0.001470269072934762,-0.2726811323997839,0.0030971597649176487,True
MBD5,0.0008124614364257145,-0.3140856059683832,0.04998997927418129,True
MBD6,0.004566993550014285,-0.14857834887201846,0.16333416796259884,False
MBIP,-0.003630986422957142,0.048533289226795846,0.4236930453381016,False
MBNL1,0.011304059349507501,-0.5342072825532184,0.005972494078227098,True
MBNL2,0.005348655014292307,-0.328131497953483,0.018377894184629377,True
MBOAT1,-0.007434165384777778,-0.08736379240038072,0.1729453724147777,False
MBOAT7,0.0023372042039418524,0.33636453950331274,0.001114860082322083,True
MBP,0.003916786836557333,0.12411496704818151,0.3350444758660188,False
MBTD1,0.00014092000351,-0.04707637991023998,0.6585550232718997,False
MBTPS1,0.0009841898988875999,-0.07068335937030022,0.34924975468616815,False
MCAM,-0.005661508873711111,0.869007609921836,3.207784247457494e-05,True
MCAT,3.261848867499987e-05,0.18301571990672016,0.04331415790428694,True
MCC,0.0030663708020652633,0.1869594430231965,0.007559368115875428,True
MCCC1,-9.477455057681822e-05,0.0032300932971580858,0.9583923084516036,False
MCCC2,-5.919981209785726e-05,0.16632363601195221,0.1098470194591939,False
MCEE,0.0018870049087421428,0.17078415057110286,0.02968178073711882,True
MCF2L,0.001292012690370893,0.29287982588141886,0.21397581237599353,False
MCF2L2,-0.0007012137310435592,-0.14290396716262005,0.21804342608697713,False
MCFD2,-4.883244831034374e-06,-0.1812458966384725,0.016147894201269386,True
MCL1,0.0016989143449738888,-0.18145559238667372,0.14767215393648583,False
MCM2,0.0011750375727913045,-0.1004610586563741,0.08406848355195766,False
MCM3,0.00040247924914285714,0.07219773798784108,0.2582941666965604,False
MCM3AP,-0.00015201724193636334,-0.16620339732115694,0.01089916720420424,True
MCM4,-0.0024629502529454543,0.05388748882615497,0.519781390242483,False
MCM5,0.0012606076584789471,-0.010834561718224167,0.8982179728682025,False
MCM6,0.004892097310850001,-0.17445139618674352,0.0015351861616301834,True
MCM7,0.006304360693694211,0.0323556658611964,0.6357367842281608,False
MCM8,0.0008097523249717647,-0.1648860763645846,0.013436445766707661,True
MCM9,0.0029208597670749995,0.07397699989061352,0.5847096534029419,False
MCOLN1,0.00099091967496,0.07877709953412988,0.26458391581963814,False
MCPH1,-8.324515604736827e-05,-0.09383093415555882,0.17553573152491908,False
MCRS1,0.005194203677902667,-0.012670450652360964,0.8515682028652014,False
MDC1,0.004687877267863,-0.05080066201728297,0.7148569500772287,False
MDFIC,0.005263503156658823,-0.13800910860463764,0.12961053063130198,False
MDH1,0.00042301234485235295,0.4999149046276903,0.00019710797273745452,True
MDH2,0.005381199825186957,0.2329807235717886,0.0011488445833337441,True
MDK,-0.0008779966904733333,0.24705751787432478,0.13364160368872102,False
MDM1,0.00010107805307062504,-0.15740420017075551,0.2404436162567283,False
MDM2,0.0033775312661071433,-0.35379738037238956,0.022507436655612795,True
MDM4,0.001769498093333333,-0.03521976803635269,0.6747851533596261,False
MDN1,0.006664333244948182,-0.4996255406183732,0.012162366118083254,True
MDP1,0.00044949408407692326,0.22438366954359132,0.04473256734789017,True
ME1,0.002779223677866667,-0.24435963083408252,0.0028402204694462176,True
ME2,0.0013462112176181819,0.029773062353482184,0.7468656095013886,False
ME3,0.00505412807687054,0.22931467002664094,0.015635756325525635,True
MEA1,0.00012288742749866634,0.21300876045522107,0.010699474091863226,True
MEAF6,0.0015091568508562498,0.007028595478195515,0.9324220162926814,False
MECOM,-0.0021242101278375358,0.15810713497384038,0.06425736378777075,False
MECR,-0.0007665872938875003,0.2335298871208474,0.00076294967382633,True
MED1,0.0009028411393583332,0.08060910917493724,0.3650133389328605,False
MED10,0.0007859443230176153,0.114893879765114,0.06321431711489904,False
MED11,-0.0021084017176599993,0.15238254535777618,0.08304155085467263,False
MED13,0.00555333302834,-0.2144018724638825,0.17955327599573656,False
MED13L,0.0058779978178571425,-0.15995996921183045,0.17960785371911817,False
MED15,0.005943027451634782,-0.017155053208387564,0.7686399266973756,False
MED16,0.0031039401326295444,0.17429236802687564,0.013689344447452166,True
MED17,0.0007782123366461536,0.11413288544475007,0.5285722373360928,False
MED18,3.530849532499983e-05,0.05384683431207892,0.41185477145126215,False
MED19,0.0005875184581736843,0.022361925856500108,0.7807919203189633,False
MED20,7.067548765624977e-05,0.17904420196585072,0.021268468516989197,True
MED21,-0.0038804691651666673,-0.11311193842177249,0.1760033326206232,False
MED22,0.0018584882640545453,0.3193433590530901,0.010730366019405753,True
MED23,0.0001536898231625,-0.09273275656185499,0.3351297296613629,False
MED24,0.007585383405045454,-0.12768339254296748,0.06519541036066594,False
MED25,0.00256247695748,-0.3279816965480245,0.008478833319282491,True
MED26,0.005020679807571428,-0.06429897614664469,0.3892762765544694,False
MED27,0.0006942500260769229,0.1720721075991145,0.08986918346230298,False
MED28,0.001387991672255714,0.018173930389036516,0.9018058876424859,False
MED29,0.0012158680239272733,0.09420797470767059,0.3339554728050804,False
MED30,-0.002568802237157,-0.3301423777633213,0.002872069161807008,True
MED31,0.006748428325833332,-0.005914214588266505,0.9617810211883098,False
MED4,-2.7335221572727226e-05,-0.14767244379543995,0.0873672452868833,False
MED6,0.00241584646099,-0.07354308747346612,0.4181630831571247,False
MED7,0.0011109373269427272,-0.05901236938130972,0.5048155159531948,False
MED8,0.0025977106438999998,0.03901924246026356,0.5541445016791469,False
MED9,0.006323205004435715,0.18111252710745945,0.025388565061433176,True
MEF2A,-4.467519872777785e-05,-0.179501103343776,0.14440697425358745,False
MEF2C,0.0034310433330222217,-0.2547626827349745,0.038250412486100276,True
MEF2D,0.00745029599357654,-0.19515380430220589,0.008750056464227492,True
MEG3,0.0012915872045849055,-0.06591834404103979,0.7761271452649612,False
MEGF6,0.0013489725134702396,-0.16897435844260406,0.28841357063456935,False
MEGF8,0.0015854661958875002,0.1494495392280601,0.028912960754407212,True
MEGF9,0.0088295509330375,-0.0794127377794329,0.23366928120537683,False
MEIS1,-0.012247821330226415,-0.07660128181363622,0.5336024962224217,False
MEMO1,-0.0005610620369545456,-0.1653492219729227,0.12311212186306691,False
MEN1,-0.0020045457761390913,0.016567447115172742,0.8412131067212982,False
MEOX1,0.005649450106212499,0.4292805821876828,0.010330927648022162,True
MEOX2,-0.001993623450847222,0.4909956840094862,0.00032828496574842527,True
MEPCE,-0.001020145121454444,-0.18724500823782586,0.005028280244364753,True
MESDC1,-0.005806868341071428,0.3047898687819449,0.011587563279665442,True
MESDC2,-0.0013897721380046156,0.11258297469936972,0.044447798632115405,True
MESP1,-0.0010225366833784616,0.2996938945562508,0.01755159640622207,True
MEST,-0.004648639749640257,0.5480849459096343,0.004048980697323614,True
MET,0.0078216274743485,-0.21099750827911484,0.20056132314036476,False
METAP1,0.0016588211268706667,-0.0976697152986567,0.16118262877413259,False
METAP2,0.0005226336738421052,-0.22175284994337224,0.04193469930115196,True
METRN,0.002356525726842857,0.1723771880081211,0.13550027802866893,False
METRNL,0.004801274488502499,0.3652566459415418,0.00560415967050409,True
METTL1,0.0005776792163913335,0.1391536036619038,0.309921523205081,False
METTL10,-0.0012710094803909092,0.04578682835237431,0.6344736569437954,False
METTL13,0.0024160212464819993,0.07381592597121629,0.3693280523257251,False
METTL14,0.0006764420470266667,-0.1513047571715234,0.21302103021859883,False
METTL2A,0.0005098065154749999,0.2566270958866989,0.0003614319381213927,True
METTL2B,-0.0005933355505333333,0.22111458025499145,0.009198114562301435,True
METTL3,0.0005980176720071429,-0.22250681476474857,0.01910402867464104,True
METTL4,0.0029451594408342104,0.12247790404889271,0.2372457928374195,False
METTL5,-0.001339071499158,-0.17603448237787953,0.012256203326687492,True
METTL6,-0.00010348954318750004,-0.010033505337538178,0.9006734400326274,False
METTL7A,0.001993292164488889,-0.2563319225242933,0.11171880615863308,False
METTL8,0.0038055717214666657,0.23982985214957228,0.051285238952035926,False
METTL9,-0.0015043377584227273,-0.12258177505092215,0.14445537408714615,False
MEX3C,-0.0001270117900916666,-0.13475232902002354,0.22083713730071616,False
MFAP1,6.90767199727271e-05,-0.05744457988197378,0.2807261329471992,False
MFAP3,0.0005672348925585713,0.16669514580212128,0.15854320996345267,False
MFAP3L,4.825400955652165e-05,-0.18258481869175186,0.1531471750577237,False
MFAP4,0.0036731234659900013,0.0727597628643901,0.43896009287682347,False
MFAP5,0.013597394790757144,0.2529550786379336,0.26859380138925265,False
MFF,0.0008844827849566664,0.046901240591071994,0.5559423249145478,False
MFGE8,0.00043062242780666674,-0.011806984978150338,0.908989018766811,False
MFN1,0.0008162696093327273,-0.13196878908449283,0.2326538893536521,False
MFN2,0.006165271623652942,0.24317413800996057,6.534786259892916e-05,True
MFNG,-0.005416781345525,0.23306460622555358,0.042362996309724656,True
MFSD1,0.004552454479707778,0.2299774046123223,0.06325656275068066,False
MFSD10,-0.0003309562387150001,0.05322050926777349,0.5315368888898147,False
MFSD11,0.0021176584014608694,-0.03413113691278385,0.6404859469228166,False
MFSD3,0.0019528647927772728,0.0766742087195639,0.4546460505479425,False
MFSD5,-0.0017026952355714286,0.3068950202427201,0.014498420365629679,True
MFSD6,-0.0018298635633400002,0.2962677254304779,0.016861568506468496,True
MFSD8,0.0024005905141200002,-0.30503742827792363,0.0176092356544846,True
MFSD9,0.004656930849219231,-0.11077000200732313,0.35108412063278316,False
MGA,-0.0015534240659270003,0.012274873385634842,0.7848941287655813,False
MGAT1,-0.0037385258620625,0.1273264730296234,0.14144752397903784,False
MGAT4B,-0.0001301352911643333,0.15918828185605216,0.11385686124717255,False
MGEA5,-0.001507289231934667,-0.03632057365020849,0.7344067141218973,False
MGLL,-0.00029380270703200013,0.43702848246157,4.413718519952551e-05,True
MGMT,0.0014923994089691159,0.05929113590804755,0.4557359871706105,False
MGP,0.0013348481161666668,0.620085772982197,0.0019845542811127,True
MGRN1,0.0015272696030981536,0.10983966472465695,0.148185313084959,False
MGST1,0.010203297540000001,-0.08912635841352262,0.6468151362283516,False
MGST2,0.004915977092818749,0.14595442151505392,0.0630713458094929,False
MGST3,-0.0007469875185541667,0.004155235043645142,0.9580209963334749,False
MIA3,-0.001165175088768421,-0.25111018671128754,0.07544696085932692,False
MIB2,-0.0023846987961439027,-0.18804335278490358,0.04856735672765774,True
MICA,0.001575523568580147,-0.12266527669409727,0.21161475005563735,False
MICAL1,0.005733680838653846,0.2950700332345329,0.011096147874030206,True
MICAL2,-0.002421822391170968,0.06935892415651669,0.4196118145949064,False
MICAL3,0.0008734963904326089,-0.23943415779657498,0.14374466761262758,False
MICALL1,-0.0003832994605333333,0.2175814752922676,0.026520141493114612,True
MICALL2,0.0002711077757872093,0.1615176083801051,0.21623875204969426,False
MIDN,0.0002228619089055551,-0.24071057556687092,0.1764411531127776,False
MIER1,-0.0029692380394249988,-0.22537135800793856,0.01791076562786062,True
MIER2,0.0010498592237300007,0.053709104609022236,0.3960084164480333,False
MIER3,0.0020406606221244445,-0.0690211619201513,0.5352706176298033,False
MIF,-0.00026583886062142846,0.33022054317378324,0.0040958574155319375,True
MIF4GD,0.00229982321746923,0.0022156847714053544,0.9717394886125599,False
MIIP,-0.000463233812908421,0.10131429479862727,0.2377821247424518,False
MINA,0.003403579967391667,-0.22314507955508953,0.00893842818480819,True
MINK1,-6.749166225652183e-05,0.16251160653707,0.1548917883799771,False
MINPP1,-0.0024844010282885714,0.04395927678516889,0.5295050578147428,False
MIOS,-6.353445966000017e-05,-0.19650193079010256,0.14832606393954714,False
MIPEP,0.001632104157972162,0.32434787242300916,0.009346946993158273,True
MIR1282,0.027917468934800006,-0.5025689228801101,0.616825613523807,False
MIR133A1,0.041420823589999996,-0.332507269011342,0.37878700568852175,False
MIR133A2,0.009060247568749999,0.7515382525085765,0.3581811318813318,False
MIR29C,0.006024082408125,-0.7980339759284992,0.4058848811811301,False
MIR320A,-0.00305222768006,0.7357759701725963,0.3528165209901376,False
MIR324,0.01264328937885,-1.314050960319044,0.0831951053915388,False
MIR658,-0.0015197085720222224,-0.6616720527672134,0.36652920207092343,False
MIR762,-0.0024799872373857143,0.45758378041549946,0.6598196469660407,False
MIS12,0.0009449004743111763,-0.1785770297638688,0.10465857866682851,False
MITD1,0.0019628755632153843,0.11577199758678507,0.279281285612777,False
MITF,0.003561818591310087,-0.50877506601877,0.00011723702440466644,True
MKI67IP,0.0023095877282846154,-0.15017044620644135,0.2430784042726782,False
MKKS,0.0032006074648749995,0.19437526392621415,0.03555607538904063,True
MKL1,0.003875636157029167,0.11566359103607025,0.08037809864155962,False
MKL2,0.005365097849944445,0.14388083480580188,0.12095332411412546,False
MKLN1,0.0011780939010046342,0.11041850081729815,0.2603588389645861,False
MKNK1,0.0009667008700055558,0.035564548014199726,0.621960487378026,False
MKNK2,0.008331060572257142,-0.11066846494544637,0.3573625906214756,False
MKRN1,0.0009448028026785713,-0.03658896972069145,0.49780768527789454,False
MKRN2,0.002282544416891875,-0.06113136989809365,0.2859074138327327,False
MKS1,0.00046992206395157895,-0.16803935458277938,0.1929499195955541,False
MLEC,0.006237133366003125,0.1733043933002393,0.20834066159227155,False
MLF1,0.0040083363309075,-0.8873349581644674,2.4653296610296096e-06,True
MLF2,0.0009678661753513043,0.08966492587429654,0.21959234858161122,False
MLH1,0.0035351438176234058,-0.12056869538729559,0.09354596875529404,False
MLH3,-0.0026108750133200004,-0.13551774352815282,0.20590613735310132,False
MLL,-0.0016407926247599999,0.1543076285097923,0.12840709384736135,False
MLL2,0.005480152568378946,-0.1351785549951636,0.2406607778456154,False
MLL3,0.0007140211211999996,-0.2954906903425751,0.017617777985762913,True
MLL5,0.005395078412644444,-0.1602253475341775,0.325664160641815,False
MLLT1,0.0033489326020273527,-0.06433790939676921,0.32991176523303745,False
MLLT10,-0.0011410084826368426,-0.020786468551160345,0.8556660705009047,False
MLLT11,-0.0032643884849722225,0.07984019378717008,0.35669591680086954,False
MLLT3,0.0056674281614230776,0.09564640866832903,0.2680536058372956,False
MLLT4,-0.008086654357113043,0.32091149090929244,0.052694519926637276,False
MLLT6,-0.0008662821628821428,-0.1799018888807752,0.02231946427747422,True
MLPH,-0.0030622728402148144,0.3925247447149322,0.015194343125472687,True
MLST8,0.001910043312655625,-0.04614614000391226,0.4654614574322784,False
MLX,0.0010941764038400004,0.09405603268026295,0.15392599276871857,False
MLXIP,0.010775997765466666,-0.28512407939529755,8.989581818506459e-06,True
MLXIPL,-0.002287348322128571,0.28640814477024795,0.17268184918442298,False
MLYCD,0.005775593307038461,0.7859612494775899,0.00017510444450047902,True
MMAA,0.0013601198780619998,0.15299562950018541,0.14254054461423007,False
MMAB,0.0015703106369117392,0.16393284718250864,0.055616532025438536,False
MMACHC,0.002082407529326667,0.2777679674903505,0.003137354122981944,True
MMADHC,0.003403594430055454,-0.04474209009444976,0.5985180719447001,False
MMD,-0.00011710520902416656,0.1087035048016633,0.2942765162867177,False
MME,-0.0008953131798687501,0.18744164989609605,0.3058333120900959,False
MMP14,-0.004414368681522726,0.6249909491476674,0.0012796689113153206,True
MMP15,-0.0012374226792325714,0.3702291094736205,0.016946571664765285,True
MMP2,-0.0007188721107619049,0.33235073015165867,0.25578464292472314,False
MMP28,-0.003574854367584,0.3562282501347421,0.0191276012888012,True
MMRN2,-0.008822990310833332,0.2970597605081396,0.010516765145325622,True
MMS19,0.0011739710908499998,0.0015218861765346633,0.9845211240147045,False
MN1,0.010129090390461906,-0.07058480239598186,0.2196580756148732,False
MNAT1,0.005991609824400001,-0.1741481779644846,0.03239477781278901,True
MNT,-0.001599659688757778,0.05665284458368224,0.6274404336379346,False
MOAP1,-0.0002551526212399999,0.0027812633835099746,0.9522923049564798,False
MOCS1,0.0065588899676,0.17059705560180555,0.1262338980286219,False
MOCS2,-0.00048330076450666667,0.022015643193501445,0.7310710644260905,False
MOCS3,0.0008413758428788234,-0.002581300741760863,0.9729168089344831,False
MOGS,-0.0011088362628225003,0.12248724356002877,0.0861848541038782,False
MON1A,0.0006670341958333332,0.2718655762002225,0.011107418018324142,True
MON1B,8.120720131320018e-05,-0.03933311677087495,0.6693498827812221,False
MON2,0.0021586813417727273,-0.09303146379023651,0.47700169368362777,False
MORC2,-0.0002835739894000002,-0.06930853337404966,0.2239002203085822,False
MORC3,-0.0017343755039564285,-0.3847286704713401,0.0022761002435033122,True
MORF4L1,0.002673093694478572,-0.14586919287033628,0.0006692411625000365,True
MORN1,0.0007794499365551284,-0.11785577058993951,0.12023712525978177,False
MORN2,-0.0006279872661769232,0.07458380865893083,0.4565309960167362,False
MORN4,-0.007725036484562501,0.12022681377340051,0.37459376670161115,False
MOSPD3,-0.0003424081646,0.043827051738585254,0.4665498505264737,False
MOV10,-0.003101627618995,0.12089541779183853,0.27481614836661783,False
MPDU1,0.00010599538946359984,0.31929177932027525,0.015129000960404352,True
MPDZ,0.002773880729975,-0.04226068995559442,0.7348678386170974,False
MPG,-0.007305642643939375,-0.01869234705874775,0.8591250065255162,False
MPHOSPH10,0.0026288593114926666,-0.5074823127018759,0.020883350952723385,True
MPHOSPH6,0.0020888896947773338,0.20096298735190207,0.21387314502289703,False
MPHOSPH8,0.0032478203899999995,-0.30143171452296325,0.07863007745823514,False
MPHOSPH9,0.0007946731525000001,0.0990540283680752,0.49848121065176876,False
MPI,-0.0006302202381666667,0.32203206675506385,0.0036895148318877333,True
MPND,0.0005856731631700002,0.02098779400292586,0.7518699979276448,False
MPP5,0.00299321479470625,-0.14107622469038883,0.14213816554544073,False
MPP7,0.01048150509650625,-0.03938288823686021,0.7398924423190159,False
MPPE1,-0.001284511815705882,-0.0008763738988886564,0.9818040782707573,False
MPPED2,0.00395753575456606,-0.043464505925827845,0.6732871653669426,False
MPRIP,0.0035186629931651158,0.12794173147946653,0.04106945865101056,True
MPST,0.003026652391657143,0.17542962879789795,0.20694025185692308,False
MPV17,0.0034168790174100004,0.058438163089979595,0.27216245032230263,False
MPV17L,0.007812246475899999,0.05589587123991269,0.6638281620367568,False
MPV17L2,0.00012998389011666673,0.35650317945010757,0.04730140685134111,True
MPZ,-0.004536568868,1.1494838589733751,0.04774533598500455,True
MPZL1,0.0017732390708894736,0.2564440876422446,0.022938958811213682,True
MRAS,0.0027114123153523808,-0.04423655655277074,0.6381195263809083,False
MRC2,-0.0025311270146268295,0.44419370760137916,0.0062589462606256465,True
MRFAP1,0.0016915985598066664,0.023427667727239587,0.6841491822407915,False
MRFAP1L1,-0.00027479554906000004,-0.03706787795067874,0.5550047796862771,False
MRI1,0.00055641486802,-0.07653266456128088,0.4188088667761044,False
MRM1,0.0013946652634714285,0.47608446104476115,0.0026131958780700256,True
MRP63,-0.0018331324969866664,0.03660758630146065,0.519814462424766,False
MRPL1,-0.0003958530361454545,-0.010425169867542989,0.9064546991719618,False
MRPL10,-0.00047248385288333345,-0.04294356563942892,0.4697827140988349,False
MRPL11,0.0016071684175153849,0.18124241278941086,0.016155873364815772,True
MRPL12,0.0010805104855476188,0.48463883439794947,0.00016596575984836336,True
MRPL13,0.000336282919227857,0.1791809610387947,0.06773994001088929,False
MRPL14,0.001480453583325,-0.0312852367488709,0.6518434950431486,False
MRPL15,-0.0005576486734357142,0.29270695828571575,0.008792226559008224,True
MRPL16,-0.006170968740108332,0.3358133988646996,0.00044290304376078517,True
MRPL17,-0.0008523616645666667,0.1301419013655771,0.24328911127630384,False
MRPL18,0.0021739966291272725,0.058137205888003536,0.5047366553813407,False
MRPL19,0.00408186311651875,-0.03827673744856504,0.704336027002032,False
MRPL2,0.006051807983218182,0.24396756319861834,0.0047249696034864916,True
MRPL20,5.934471082307699e-05,0.050302292681916085,0.4125749477562577,False
MRPL21,0.002826882150718236,0.15296617101797674,0.04058544035347605,True
MRPL22,-0.0011477342588363634,0.16992531613700274,0.013168332964225917,True
MRPL23,0.012066159932998064,-0.04237624548276871,0.5985490594231229,False
MRPL24,-0.0003716234693641668,0.21747631834378775,0.0027591004522949008,True
MRPL27,0.0015353717021882353,0.29703951815214164,0.0005427554138874505,True
MRPL28,0.003623577566646154,0.17178447791092613,0.007711410045038752,True
MRPL3,-0.0016111357568142856,0.03301731951123581,0.43857702496001594,False
MRPL30,0.002353224646557143,0.12740493945701215,0.7351178540864185,False
MRPL32,0.0004416583137470591,0.03825384771301305,0.6343958997851239,False
MRPL33,-0.0021091672098666665,0.06118580761783496,0.38298463505221825,False
MRPL34,0.005095172662185714,0.431787667656485,0.001792972037012856,True
MRPL35,0.00032049052277500014,0.3519750036395455,0.0027494111769595956,True
MRPL36,-0.004323399400228571,0.07913386703457036,0.3821912556757311,False
MRPL37,-0.00027572194260411763,0.20850085736845483,0.002267189406228528,True
MRPL38,-0.002286322864918182,0.1507389569118435,0.11134687413527272,False
MRPL39,0.00247628434745,0.20358539908311143,0.07024988615352411,False
MRPL4,0.0005622009093342122,0.5310262369904127,4.785101150309026e-05,True
MRPL40,0.0003602307600500001,-0.034819048054477685,0.48810194463064227,False
MRPL41,-0.0036387476758666664,0.5792190693409102,0.0018512261966237393,True
MRPL42,0.0031605508316000005,-0.07386979648832485,0.34604426886730244,False
MRPL43,0.005516676741680953,0.09142139735775343,0.2416533477517021,False
MRPL44,0.00012924509652000005,0.11735041487027481,0.10703506751443043,False
MRPL45,0.001916951227022223,0.008732264070532614,0.8654010103373458,False
MRPL46,0.002429490002652632,0.339679022791294,0.0005840842185772295,True
MRPL47,0.00017950112281666657,0.25611214692268763,0.004380031866030561,True
MRPL48,0.004221764287683333,-0.19638949256557875,0.1688889205289346,False
MRPL49,0.0007340410340499999,0.117639551832028,0.0054742674347033815,True
MRPL50,0.0002024171641499999,0.04081901617238424,0.74883681253388,False
MRPL51,0.001271861322076923,0.09063566953309099,0.23374163014761354,False
MRPL52,-0.003547454463525,0.10914114109644006,0.18628593631083581,False
MRPL53,0.0017439837339476363,0.14486142558436058,0.060655160804325106,False
MRPL54,0.0019353633708250003,0.069811437201139,0.2922586236882218,False
MRPL55,0.00382441505112,0.11340730220032222,0.3013698122248556,False
MRPL9,0.00298529090909375,-0.061639263452567844,0.2911043211883073,False
MRPS10,0.00145569666187,0.05809562372066141,0.25766822573424164,False
MRPS11,0.002402461208494738,0.2854137267352796,0.0009326108601671501,True
MRPS12,-0.000696154616568,0.6924244147487343,0.00018746821472634187,True
MRPS14,0.0002276069412336357,0.0735442225967689,0.4273998102527343,False
MRPS15,0.00011099551477692308,0.07478385474714665,0.22131071273677821,False
MRPS16,0.0009008737801266665,0.3708734701115253,0.0007179298634017529,True
MRPS17,-0.0019098385660153842,0.028703917473528164,0.6928243165433337,False
MRPS18A,0.000382393185546154,0.2245350952283534,0.01242694390388634,True
MRPS18B,-0.00013417271853107156,0.417316316482148,0.00020421348685440647,True
MRPS18C,-0.0002607987024291667,0.038977492737387015,0.6633338308808411,False
MRPS2,0.0014293956723333333,0.15093423559204602,0.049034843542654236,True
MRPS21,-0.0012452060997235294,0.25408276705389005,0.001701594720723906,True
MRPS22,-0.001787871522636364,0.21868570387852715,0.02516341377182121,True
MRPS23,0.003626233410027273,0.053228335122089264,0.3505753641576047,False
MRPS24,-0.0017880616272076923,0.21109194891065142,0.03014383819955372,True
MRPS25,-0.0017184558400749998,-0.03700092603379252,0.7364522723742748,False
MRPS26,-0.0003792279125841666,0.3192202396014868,0.005182559843937318,True
MRPS27,0.0031562426292696673,0.1594447509836005,0.01834716671902112,True
MRPS28,0.008839013940628235,0.032934409433959644,0.6807361016472676,False
MRPS30,-0.0009027777912223076,0.21153762378145122,0.002466759440066167,True
MRPS31,0.001978923366446667,0.06642707451016903,0.45050518055170774,False
MRPS33,-8.566444039999998e-05,0.1752906434932397,0.022993802387762573,True
MRPS34,-0.0018126719191666667,0.10163941030902901,0.069195844418547,False
MRPS35,0.008267796216646153,0.014632845254430567,0.7964436985836749,False
MRPS36,-0.0014128511043125004,0.1718407413665042,0.09382220074375151,False
MRPS5,0.0002787454242642858,0.13913364812782383,0.01175256872974496,True
MRPS6,0.002641568782974066,-0.11179940983761566,0.27361956451863,False
MRPS7,-0.0008840749809333334,0.2843152887903299,0.0001284878059125239,True
MRPS9,0.001206307631454706,0.1027580979689624,0.13887918566633636,False
MRRF,-0.0005116943413416668,0.12067716774699976,0.1297340418642218,False
MRS2,0.001051187751307143,0.15268830709547396,0.037519130269443667,True
MRTO4,-9.078019117045446e-05,-0.044880482297657724,0.5599647054584297,False
MRVI1,0.0015020778622781253,0.23473332040430492,0.0132714901671844,True
MS4A6A,-8.264325319999946e-05,0.3722629966118728,0.041678646356648356,True
MSC,-0.005319765916478261,0.1509283507968352,0.2717923368511921,False
MSH2,-0.0004488348506057143,-0.06887330232692307,0.5554562506068749,False
MSH3,0.0008364343884277781,-0.027375191117274114,0.6756325368146285,False
MSH5,-0.0005162289332631372,-0.13432487487499326,0.3218128129303214,False
MSH6,-0.0001956457387428572,-0.08375967944223596,0.4704225573289993,False
MSI2,0.008586795748967034,-0.11012138312779139,0.2879139489880389,False
MSL1,0.0003390363781374998,-0.12624120322993493,0.12189952188145277,False
MSL2,0.0015314700423782613,0.015113204299056352,0.919422332998466,False
MSMP,-0.010073633405666667,0.4091828729076079,0.05658820668782693,False
MSRA,0.00463987994553625,-0.0020617527158224088,0.9834537702354603,False
MSRB2,0.001566832338836364,0.22334628682027582,0.00016947321781834532,True
MSRB3,0.0033833575781528572,-0.2667333894820715,0.0007579700381746535,True
MST1,-0.0026306760464823533,0.026240848644669953,0.8431015618066389,False
MSTN,0.027347316655999997,-0.2467739318798942,0.18033925103465473,False
MSTO1,0.0007281748275090909,-0.1459354950879702,0.15476977808915587,False
MSTO2P,0.0008204483031916669,0.14906878406091748,0.23157608919849582,False
MT1E,-0.0009716190861444449,0.2776159621308322,0.11935737092507595,False
MT1G,-0.013803263600083333,-0.31025773137345813,0.14143350829766638,False
MT1X,-0.001457253722491667,-0.6234773296193323,0.009561750118536492,True
MT2A,0.0019486736667363635,0.6572712631399711,0.00564551442831207,True
MTA1,0.0032924237136943654,-0.09220718741265509,0.30121344592621563,False
MTA2,0.002104025289541176,0.14448224047114866,0.2706950234839416,False
MTA3,0.004084559198266666,0.04021338893314879,0.7335046747843297,False
MTAP,0.0015231429655000004,0.15309815488991074,0.13167846088478644,False
MTCH1,0.0005467128514818183,0.09887574345819918,0.05519121057383945,False
MTCH2,-0.001991227504823077,0.2079587306042393,0.015964598554655512,True
MTDH,0.001347760191853333,-0.35259109879535167,0.0021946623569444133,True
MTERF,-0.0014928079252999999,-0.012326830929585864,0.9006547167245711,False
MTERFD1,0.0013072383235533333,0.13128017174985615,0.21402071960344823,False
MTERFD2,0.005303795439005263,-0.10042482993917545,0.16476425405107856,False
MTERFD3,0.0027000261027272728,-0.09867285340085698,0.5528224484934484,False
MTF1,0.0008853686846937502,0.09618378055912723,0.4081636029428668,False
MTF2,0.00018181946185714295,-0.07495722600264067,0.44651954859000587,False
MTFMT,-0.0019868416933916666,0.09893092416626446,0.32633424460042204,False
MTFR1,0.0023027979036055555,-0.08560824297229243,0.5065987055615002,False
MTG1,0.002043995443084,0.3295671907642587,0.004217053427669644,True
MTHFD1,-8.507937973684263e-06,0.17737111230082833,0.01768965243917661,True
MTHFD2,0.0014038521369469231,-0.523678994347316,0.0016346831928663362,True
MTHFD2L,-0.0027937343953266663,0.09329106207119454,0.24350842719474053,False
MTHFR,0.001946708132531818,-0.05728189202324656,0.4485691232224909,False
MTHFS,-0.0034051991174900006,0.12185490479107647,0.22060072243466028,False
MTHFSD,0.0018727171796636358,0.16319661174580524,0.03377308944286007,True
MTIF2,0.001972792138260001,0.09426078301108029,0.28061882732145765,False
MTIF3,0.000316871704636,0.011965575666163712,0.8236913783353613,False
MTMR10,0.005186135522436364,-0.07481602136292267,0.2991959452898643,False
MTMR11,-0.0007358646352000002,0.026915193143682313,0.8423187432101041,False
MTMR12,0.003754735547136842,0.2224671808241183,0.0038298909414767237,True
MTMR14,0.0013762466001949998,-0.09226947617874708,0.06915049433080749,False
MTMR2,0.001003970903857143,0.06677710518679646,0.47206651357930773,False
MTMR3,0.004469822121518182,-0.22752124985005792,0.06421538841280394,False
MTMR4,0.0021314122721572217,-0.17455756655691645,0.17505807892303682,False
MTMR6,0.0011536843743153846,-0.03216898397075099,0.6816014892997109,False
MTMR9,0.0005059420678300003,0.04802461255746405,0.4039588055785126,False
MTO1,0.00061762894593,-0.018065451190585013,0.8148170421430861,False
MTOR,0.00286259977160525,0.036606537397363054,0.5765442613877969,False
MTPAP,-0.0002457033633545452,-0.010322882950184343,0.9379633718589271,False
MTPN,0.004604810085600001,-0.08437448143136382,0.201673602916794,False
MTR,0.0005498004789885,-0.10943687368054876,0.3325663445927042,False
MTRF1,0.0018184722929299995,-0.11768330332074384,0.38681052067076216,False
MTRF1L,0.0007174706419000001,0.021189483695488717,0.8165645968556898,False
MTRR,-0.00065659196125625,0.0702969744731844,0.4119355591151471,False
MTSS1,0.0044691706278015,-0.2099892450616938,0.010383815589105429,True
MTSS1L,-0.00042832587537777793,0.07008845024291244,0.4645915167464054,False
MTUS1,0.008338164848025,-0.13856340033214953,0.2999943354852599,False
MTX1,0.005083379482183334,0.21199611513538894,0.0024910853325023873,True
MTX2,-0.00017177458836666677,0.2137045685257639,0.024975823788057655,True
MUC20,0.0038786164007153854,0.06042391014504393,0.6739908633764499,False
MUL1,0.0028110350901364707,0.35137529713684984,0.00041656655470796993,True
MUM1,0.00259375381667561,0.07716051916955954,0.5502066473854794,False
MURC,0.02851578673,-0.31359868182257744,0.005359606606959145,True
MUS81,-0.0007958984461625,-0.09129186718700395,0.1511864352606001,False
MUSTN1,0.0341702060875,-0.16278850806487463,0.47761243244366247,False
MUT,-4.1356339799999914e-05,0.1053667563791142,0.1771094662144067,False
MUTYH,0.00241258566551,-0.17773210610017634,0.05343739954406264,False
MVD,-0.000370170459386207,0.1306896278636204,0.321835080509016,False
MVK,0.0015926501670025,0.20133110832925255,0.0603295969222633,False
MVP,-0.001282209787226087,0.23964194095013047,0.03691744503490554,True
MX1,-0.002850630149429167,0.07085204632535919,0.7241929541890535,False
MX2,-0.011248209522716669,-0.07299968573205545,0.6391439417163933,False
MXD1,-0.0002130283445777778,-0.09859987099688934,0.30473015839556633,False
MXD3,-0.0016251241571399997,-0.06867384730563732,0.41699217668755006,False
MXD4,0.001477846736656,0.15608650640016822,0.0875032483070005,False
MXI1,0.0020412555654546875,-0.5702802669782868,0.00041950816891025354,True
MXRA7,0.007950298193243334,0.2047369873583479,0.06518562207666471,False
MXRA8,-0.0018972383265,0.16485720470666462,0.2872534367707744,False
MYADM,-0.002859500982416842,0.5811369315219004,0.005300058091934146,True
MYADML2,0.013446525650729412,-0.10355164504827491,0.5453820210159223,False
MYBBP1A,0.0007014315485782353,0.15188567005947667,0.12432933351941193,False
MYBPC1,-0.0015026264778846153,-0.35623238431752796,0.0014061416323971152,True
MYBPC2,0.0035292859142999995,-0.29292179233087334,0.03072866204960519,True
MYBPH,-0.005073787272571429,0.545679033465068,0.3765343501980649,False
MYCBP,0.002564139646875,-0.11657674010924017,0.4770770358168458,False
MYCBP2,0.0037368487293444447,-0.0005232094921827433,0.9959396738057926,False
MYCT1,-0.03133763653,0.32576359035171437,0.014956001997857042,True
MYD88,-0.005765224462646153,0.2862973180314036,0.00485267979881439,True
MYEOV2,0.0005227087043431581,0.22705051696788858,0.04083586337153672,True
MYF5,0.0039379035194333336,0.0614008353570448,0.492078614885496,False
MYF6,0.012004392143545454,-0.30206179784239423,0.14186485329029283,False
MYH1,0.027958363742833336,-0.2784525247244613,0.7894804355135735,False
MYH10,0.0008543401963921571,0.31214476922851736,0.027306106060513452,True
MYH11,0.000555321768931579,0.4541410398039167,0.17348527401889685,False
MYH13,0.008055309500999999,-0.13895602591599446,0.33512471267812294,False
MYH14,0.00011760904094674418,-0.06913007962461828,0.4246366136688202,False
MYH2,0.019380452291875,0.8879198788162878,0.4270859021232777,False
MYH3,0.008291438874016668,-0.3240308656343438,0.032038269424357065,True
MYH4,0.0017021955601666668,0.11975044878254612,0.8159263815711543,False
MYH6,0.0008439603295117649,-0.040564037788260184,0.45611169547713093,False
MYH7,0.004338399312125,-0.02433236628303784,0.765912736672768,False
MYH7B,-0.0013358497336736842,-0.058201213587437906,0.7333664138194995,False
MYH8,0.012968845900725,-0.3577938912461571,0.26582535128607276,False
MYH9,0.00014164384033243252,0.4610836525293069,0.0014430710914315316,True
MYL1,0.030968921398944447,-0.061832380048966004,0.3481102603936148,False
MYL12A,0.00023067438441333338,-0.03365641774913961,0.8544192411048182,False
MYL12B,-0.0001748328326111112,0.10778908325154711,0.24455120715508666,False
MYL2,0.0156810483321,0.15640209154223828,0.0563043655412228,False
MYL3,0.011264000124,0.35451749446617403,0.0005135037672624055,True
MYL5,0.012722520314545455,-0.0792183474245512,0.6428851292324116,False
MYL6,-0.0031439658355384625,0.0921459151439529,0.4647749961308051,False
MYL6B,0.0010803193145799998,-0.03913346716703754,0.8268156855214538,False
MYL9,-0.009830509063916667,0.5895013477969293,0.005189855853236863,True
MYLIP,0.0052426548737333325,-0.017813191325697607,0.8380708818993672,False
MYLK,0.000626329345688,0.3477979012570898,0.01793498732933594,True
MYLK2,0.020206452643277778,-0.5613893293890067,0.004350898921595371,True
MYLK3,0.00127654963075,-0.29539615737007796,0.03780405628719277,True
MYLK4,0.008348236524175,-0.15513354719216169,0.13402824569988325,False
MYLPF,0.020515980996285713,-0.3153511406594132,0.0018337412037253904,True
MYNN,0.0006296419350181819,-0.15116317515081346,0.17057982484947967,False
MYO10,-0.003586587018352542,0.23665941196080367,0.053768885513402476,False
MYO15B,-0.002573514713033333,0.012134489958815104,0.9488008067806322,False
MYO18A,0.0018896368585339621,-0.14840289015125865,0.028679391459053155,True
MYO18B,0.022529559653423077,-0.32678334726766417,0.011181961112328432,True
MYO19,0.004107786729497143,0.24750254602835806,0.09094260226662274,False
MYO1B,-0.004011730666710345,0.47218556028500186,0.010816392132542433,True
MYO1C,-0.005559639934934,0.23624859022270314,0.005828641975234116,True
MYO1D,0.006452365480739024,0.04909756819610072,0.7336659292344252,False
MYO1E,9.240626696941163e-05,0.22070128876750852,0.21534709448688596,False
MYO1F,0.004957681628329032,0.4816727192079753,0.016094467584619496,True
MYO9A,0.0067848722768388894,-0.08284976266834126,0.24746077387569315,False
MYO9B,0.0011146245284176471,0.14836775381443706,0.2622611134295154,False
MYOC,0.006784073766571429,0.10711376171167351,0.7079190011208608,False
MYOD1,0.0020154174238642855,0.13903972748764346,0.40226666362010166,False
MYOF,9.41889284878786e-05,0.232679878332672,0.07713273032242639,False
MYOG,0.022901400163989998,0.25807709351448777,0.027430034326260972,True
MYOM1,0.021995262315308333,-0.2632569630686991,0.00469652319829669,True
MYOM2,0.008462677048424901,-0.1701725773092286,0.10903271649775362,False
MYOM3,0.015215548275984618,-0.1981984246391718,0.06083381328654756,False
MYOT,0.0268947207458,-0.281854749642493,0.012307499179527075,True
MYOZ1,0.02415418301295,-0.1613449672254542,0.0358060236401202,True
MYOZ2,0.0038480379026000003,-0.15888229051750494,0.2626282719894224,False
MYOZ3,0.0072377392814999995,-0.06940718905709216,0.2771454887937043,False
MYPN,0.00586171299771111,-0.23253471364587555,0.024199729461848306,True
MYPOP,0.0011454674959411762,0.10629556690160316,0.24960397169221452,False
MYSM1,0.0017266831068333329,-0.05398023376091,0.6951942978164487,False
MZF1,0.0008277470271333332,-0.22860819914450417,0.009074267698723527,True
N4BP1,0.01304424184364579,-0.2802853480385329,0.033322948441938297,True
N4BP2L1,0.0003733832596652174,-0.27564758460328337,0.007309566582833444,True
N4BP2L2,0.0029298977202081252,-0.379853794904516,0.0495697297384468,True
N4BP3,-0.0007854164033105266,0.3294846876239532,0.00023799028706901327,True
N6AMT1,0.002831819681842858,0.022161369581176506,0.8182093664775085,False
N6AMT2,0.0032133841923080004,0.09941317419025147,0.3534751926596019,False
NAA15,0.0002720432061461905,-0.11476082879433648,0.3909159939416964,False
NAA16,0.0058258344524629415,-0.15921485617273434,0.24030191963123446,False
NAA20,-0.00036795346234210527,-0.03786100796309358,0.5990745448580916,False
NAA25,0.0019300315195142858,-0.24573767626828696,0.02449348985825886,True
NAA30,0.00013588590138882337,-0.13527628503480277,0.09130396929401169,False
NAA35,-0.00017486910853142847,0.08704721498206845,0.4409710740607433,False
NAA38,0.001854128965725,0.11269875383154006,0.1572985725244776,False
NAA40,-0.00367887293335,-0.24277925750387566,0.038793355769490626,True
NAA50,0.00494897823311875,-0.21362624103745453,0.06186905198342647,False
NAAA,-0.00012635521002499997,0.10390936733854396,0.48835283385536665,False
NAALADL1,-0.0022349949086833336,0.29491616532509946,0.11638828922301701,False
NAB1,0.006333739442882307,0.09791667144583222,0.324127633902513,False
NAB2,-0.005517312653447368,0.23302364123003,0.18083628684345343,False
NACA,0.0009245839381076926,-0.1665481499475294,0.04493056557116597,True
NACC1,-9.214174374210527e-05,0.4026069516309027,0.007539917492938838,True
NACC2,0.0006623060834933335,-0.12080373284202897,0.27946237498733445,False
NADK,0.004565176522541861,0.10007525517875832,0.2396992237300186,False
NADSYN1,-0.0006668258251923998,-0.10103198820195526,0.4247656588572185,False
NAE1,-0.0008128736717900001,-0.05946386741632201,0.5277433161656537,False
NAF1,0.0008712549313117646,-0.04913343336119236,0.4640401072493864,False
NAGA,0.0005413259239307692,0.19074858249034674,0.02239847750886874,True
NAGK,-0.0030080967051771433,0.09126933377560426,0.3801532982118202,False
NAGLU,0.004262009150980952,0.19463100719515758,0.12682291279316016,False
NAGPA,0.0063430405402099994,0.05916028795373669,0.6139050804721757,False
NAIF1,0.0026073333741428568,-0.03174762662935231,0.8159881111821222,False
NAMPT,-0.00038965688572714294,-0.1036657895954949,0.5491812660838076,False
NANOS1,-0.005466407431816668,-0.0668732265796048,0.6692160683754516,False
NANS,-0.0048794284589714285,0.4120675241434537,7.023814022978685e-05,True
NAP1L1,-0.0009766398411333332,-0.2532686181904229,0.006200078873891997,True
NAP1L4,0.00018381827054796162,-0.0328709694336697,0.5531487846547204,False
NAPA,0.0031806961036058823,0.1793275306763907,0.03439999004801734,True
NAPB,0.003336920674578947,-0.04346625258984007,0.5615349854278209,False
NAPEPLD,-0.0006876985753312497,-0.10704226005877554,0.2779833462527117,False
NAPG,-0.0003523603399646157,-0.026691065349514445,0.7771946271990371,False
NAPRT1,-0.001065903488592857,0.28332437293117924,0.007831305890197874,True
NARF,0.000632828387418182,-0.03243699245603938,0.4073462828811667,False
NARFL,0.0008168490988781483,0.09342252032106729,0.2478557877761056,False
NARG2,0.006152982700857143,-0.23963672606149944,0.15649846628199982,False
NARS,0.0018397618467785714,0.005397247913666157,0.9522247320566983,False
NARS2,0.003716690551541177,-0.014397929557238428,0.8635448648207082,False
NASP,0.0014934758561999998,-0.00904062846995563,0.9347622340784459,False
NAT10,0.002376750399007143,-0.06755022074012663,0.3292115831412975,False
NAT6,-0.0007343568205250002,-0.1234442377640898,0.049095946642049276,True
NAT8L,0.0020700064266833333,-0.019554299448758476,0.7905723695338758,False
NAT9,0.002136906056390667,-0.028224390408234958,0.764212191376081,False
NAV1,0.004950691588103898,0.28218073260736304,0.020138797423165336,True
NAV2,0.003534824261173077,0.169927301573724,0.19771426859540744,False
NBAS,0.0009919104484173915,-0.05859950752352776,0.49378774061007413,False
NBEA,0.010054162867516668,-0.005622937558094268,0.9438242259681471,False
NBEAL2,-0.004399247927244,0.06702326872220409,0.610568408491788,False
NBL1,-0.005603764612759999,0.5898885579719502,0.0012313517063110998,True
NBN,-0.00195072611022,-0.14970055344431443,0.329905302046164,False
NBPF1,-0.0027975936789861535,0.07357729223136523,0.4820634179286303,False
NBPF10,-0.0032084410455,-0.0336540212093927,0.6489938314418091,False
NBPF11,-0.004399623529,0.07207232799037216,0.3823735758573804,False
NBPF14,0.01541009624,0.09645365470895893,0.28159125253936124,False
NBPF15,-0.0007024300203000002,0.10746582949501579,0.22809579559632037,False
NBPF9,0.012056801396166668,-0.05786010595462612,0.5251341349575381,False
NBR1,-0.0034098612454839996,-0.07086273388071844,0.3616028774530925,False
NCALD,0.003076002665627143,-0.348471242282815,0.004294239762488075,True
NCAM1,-0.0020668771378074997,-0.21852393212274973,0.1362324915888552,False
NCAPD2,0.002887289630945652,0.024303959208316274,0.8411728179704467,False
NCAPD3,1.3829814783750105e-05,0.015294968112150203,0.869845553558357,False
NCAPG2,0.003782452926182354,0.012874988977806862,0.8611363665811004,False
NCAPH2,-0.00012755183475714275,0.010079923990778566,0.8463855364513323,False
NCBP1,0.006600509168788,-0.10504682785986265,0.23929220826512643,False
NCBP2,0.0008518977345683685,-0.07337159474480041,0.2865628355485871,False
NCDN,0.0012814124294844597,0.08411477420210846,0.23546120139380686,False
NCEH1,0.004207549797860416,-0.048050454609131044,0.6847700685353326,False
NCK1,0.0017119668162504762,-0.16601842406444173,0.035042495618472176,True
NCK2,0.006250290382599608,0.009187871077767933,0.8726234369330494,False
NCKAP1,0.0008955409347187497,-0.23444815492617338,0.017541283850150382,True
NCKAP5L,6.222700306923092e-05,0.00023923363637065346,0.9973830093583727,False
NCKIPSD,-0.002225553651972727,0.17567731884421678,0.17159870872473784,False
NCL,0.002444030641818182,-0.34137863827570725,0.0028314354128823487,True
NCLN,0.00044783405595479145,0.05174410699667777,0.5508800378974428,False
NCOA1,0.008169863599033333,-0.07359529619542168,0.3449220533689944,False
NCOA2,-0.0009095977120172888,0.10727835712173199,0.3049449997806311,False
NCOA3,-0.0009256476496756251,-0.1369002115067955,0.19189344471067304,False
NCOA4,0.0018127276014678576,0.031589184719415186,0.6942246370756642,False
NCOA5,0.00186465316961875,0.18021166479092388,0.04405462248577575,True
NCOA6,-0.0005714337393636364,-0.01969641010895211,0.687445275727224,False
NCOR1,0.003309569004571429,-0.08257001032998437,0.4338133245129797,False
NCOR2,0.0030071123136822557,0.03699281289148997,0.8227142667264618,False
NCSTN,0.0007284561383777781,-0.0010995340227511927,0.9852281888212707,False
NDE1,-0.0015172662612463635,0.006866398824602796,0.9266283054383806,False
NDEL1,-0.0002833202526650002,-0.2074960169382605,0.061530660318011604,False
NDFIP1,-0.0023828752725769233,-0.06233513633800435,0.42642644348768255,False
NDFIP2,-0.00037563265231176476,-0.2593769624459168,0.006869017766388471,True
NDN,0.0010702825324666668,0.1529788849607206,0.16550233676504358,False
NDNL2,0.0007791941557,-0.01811999629140186,0.8801306869132468,False
NDRG1,0.0009851503481681815,0.20901936040119617,0.05373511780207094,False
NDRG2,0.01119556131424,-0.3315466059534879,1.3672044937055793e-05,True
NDRG3,-0.00015949515762727262,0.0693747848366793,0.3160253611854047,False
NDRG4,0.0018840266127883672,0.4603011777462141,0.0007816466556332987,True
NDST1,0.0004673247071846153,0.2966416206326965,0.02895914635604729,True
NDST2,0.0005199960452654545,-0.05088408574081355,0.532375830761276,False
NDUFA10,-0.0032248328016125,0.3172744042266077,0.0004153543284654766,True
NDUFA11,-0.001286889469717647,0.2567768427146062,0.0036800022938526205,True
NDUFA12,-0.002887450258528571,0.2169934276503822,0.0017187828243770012,True
NDUFA13,0.004679146572169999,0.23700099843148983,0.001159277382539653,True
NDUFA2,-0.0018605530875454544,0.18980682903164567,0.03307675971498109,True
NDUFA3,-0.000828679675714286,0.3077245245446118,0.00073879534928015,True
NDUFA4,0.006966576992092856,0.21407347929894208,0.0013507591152364885,True
NDUFA4L2,-0.008194287999896153,0.7081049617279035,0.00011271332156241467,True
NDUFA5,0.006090902954343,-0.03885420037421044,0.7207148215804736,False
NDUFA6,5.283169255000122e-06,0.21130409964632094,0.014571010652576408,True
NDUFA7,0.003786904550000001,-0.09439023456877674,0.9041802141841722,False
NDUFA8,-0.00225360299914,0.5061200012697327,5.0913728450775935e-05,True
NDUFA9,0.0015797331101,0.39466801132548657,0.0006454247077115391,True
NDUFAB1,0.002363030028330769,0.3385356613749087,0.002120638731102033,True
NDUFAF1,-0.0012013197656914444,0.20050074371739635,0.004392124948816351,True
NDUFAF2,0.0022984271068555557,-0.02781852890213314,0.7162036291895897,False
NDUFAF3,0.0011422146889173911,0.17024564140231213,0.050206702666239986,False
NDUFAF4,0.0009389402850750003,0.2720519359017604,0.016513945461746022,True
NDUFB1,0.0003846555993285715,0.2950607430744473,0.0004129455561930907,True
NDUFB10,0.0031568435181666666,0.28163590377212505,0.0034279889425636216,True
NDUFB2,0.0006408673570857144,0.28542191304169917,0.002486093650099954,True
NDUFB3,0.00164197904958,0.2878696802396777,0.0017028180713331278,True
NDUFB4,0.002096001177291667,0.1740679024906921,0.00733421966734142,True
NDUFB5,0.00029521771989090905,0.30059818336841515,0.0007922259808895704,True
NDUFB6,0.004649198913166667,0.2771797691669811,0.013052311800246595,True
NDUFB7,0.00251275487357,0.2111114789014884,0.029262537231765477,True
NDUFB8,0.001133049536377778,0.1267117994537799,0.5444516973688436,False
NDUFB9,-0.0014714233604705882,0.14975208028851483,0.028648344560359366,True
NDUFC1,0.0010942412200038458,0.1408844063294725,0.09263849188788031,False
NDUFC2,0.0022431640952666667,0.07630869374807882,0.4273604160130171,False
NDUFS1,0.0003702066562823529,0.2388789106614297,0.007518997920139918,True
NDUFS2,-0.0028755824763420004,0.32511775974079266,0.000309176074175297,True
NDUFS3,0.00011640709556315811,0.32424998758160656,0.0007161054164906292,True
NDUFS4,0.0053896181642266675,0.12098925610841321,0.04578052014286509,True
NDUFS5,0.0033005911361307693,0.21686855416845957,0.004459441444351224,True
NDUFS6,-0.002063005852904651,0.25503329125369284,0.01687982306993638,True
NDUFS7,0.004423273561536923,0.3054974023475848,0.006403554492839596,True
NDUFS8,0.0006365413471473683,0.27556400473556764,0.008402962710212144,True
NDUFV1,0.006854663824914152,0.3241071561561826,0.0010696511200350839,True
NDUFV2,0.0021591610473858337,0.019701951436354278,0.7932800253455434,False
NDUFV3,0.0005052332646357142,0.13274273492200975,0.03923965097282608,True
NEAT1,0.0007947197803142105,-0.8085644105045517,0.027062904620750266,True
NEB,0.024605589258224998,-0.6691860778956064,0.0037135558891818543,True
NECAB3,-0.0014929189512413788,0.25312941616988965,0.012279256232134685,True
NECAP1,0.0007271332596384615,-0.006242709371126526,0.9211484412958629,False
NECAP2,0.0006032313796935292,0.3951592051570065,0.001994555861445347,True
NEDD1,-0.00036483222091333335,-0.5299371406659387,0.0005265056044228359,True
NEDD4,-0.0007223554280749998,-0.45935156462603893,0.01598397325717642,True
NEDD4L,0.00031522802504369533,-0.17010651828112214,0.23276383358656136,False
NEDD8,0.000777546838774,0.17431372114200636,0.026279610753299987,True
NEDD9,0.0036573701973351353,0.15306344218508505,0.1564881417049948,False
NEIL1,0.0008033467827414286,-0.12667199298817708,0.30361789894418134,False
NEIL2,-0.0016199849852466665,-0.06367309342071113,0.28986847404143334,False
NEK1,0.0005993662912005882,-0.047856344976569626,0.5998543662611382,False
NEK10,-0.00035435923057142843,-0.19337313819548907,0.10064340994576108,False
NEK3,-0.004460843165758888,0.05574040344860373,0.5896371749937052,False
NEK4,0.009268755198977857,-0.20589728517925335,0.04295986006294237,True
NEK6,0.00044457220762105236,0.19090474023074397,0.07150885770208629,False
NEK7,0.0013348105753150001,-0.35595691668409396,0.0066632052626550645,True
NEK9,0.0005956668879811579,-0.05976180194390142,0.38755447758439243,False
NENF,-0.004353955566812499,-0.07689048256072027,0.34323653411222455,False
NEO1,0.004737594128009524,-0.03803350240430626,0.7448710976480923,False
NES,-0.008848271734307142,0.19764927874980015,0.2951117715187305,False
NET1,-0.0008757900136363635,-0.03270153470924713,0.5232695969299441,False
NETO2,0.0005971240980625,0.15446366409301862,0.24068579615484914,False
NEU1,0.0006731779793236111,0.017688634875001042,0.684934955394105,False
NEU3,-0.0009514071404142859,-0.22033582724494308,0.04651549990664548,True
NEURL,-0.0021747372428091763,0.074834206941704,0.37948703425651276,False
NEURL1B,-0.0050798647135788895,0.5258241001759166,5.385177250365247e-05,True
NEURL2,0.0022760096640266664,0.21354703821780188,0.03006752224064229,True
NEURL4,0.0031116593799692103,-0.10029863088753664,0.2081859419232498,False
NEXN,0.008135342491818182,-1.084701961503059,0.009247881830431397,True
NF1,0.0016069615858100004,0.11768311530255705,0.2996574169566649,False
NF2,0.0004558926983727778,0.09022656029290065,0.1811248766109498,False
NFASC,0.0007564628983263156,0.016065192029959628,0.8316152245692856,False
NFAT5,0.003048967808027059,0.022721312893587507,0.7565086067254562,False
NFATC1,-0.0013998086338300637,-0.2903410049488176,0.0003265610660575553,True
NFATC2IP,-0.0014700973274428565,-0.07628975804899195,0.30111887509929824,False
NFATC3,-0.002458539793998947,-0.03786259793909216,0.7267738399759653,False
NFATC4,-0.0021130307207576924,0.29754544230371577,0.046822564127902824,True
NFE2L1,0.004203367515659091,-0.32020588816145545,0.0003789419180478876,True
NFE2L2,0.0005398505387041666,-0.1896080039607595,0.21907500597512528,False
NFIA,0.004323789933616379,-0.04600891104625277,0.5290723364047476,False
NFIB,0.014632119899028571,0.09367347769497526,0.2221636581315465,False
NFIC,0.007089488044653029,-0.18882391843087246,0.05917365902711418,False
NFIL3,0.0009398251217331335,-0.08712521395237886,0.5449752083386789,False
NFIX,0.008912759266819698,-0.14252046545938438,0.01138679291610124,True
NFKB1,0.008841201687065883,0.0010705445986206091,0.9825828909773411,False
NFKB2,-0.00010349150131923077,0.10293763265065498,0.3816270385295777,False
NFKBIA,0.0015661511495285714,-0.12247972201206482,0.28270418747291937,False
NFKBIB,0.0006507853934854546,0.09375714097451732,0.3921727639305783,False
NFKBIL1,0.000572969056998824,-0.07436558402456313,0.4305348871000967,False
NFKBIZ,-0.0009777272918391302,-0.1427589003445709,0.22579332390086823,False
NFRKB,-2.2106161642857246e-05,-0.12264651567720154,0.1932409975489655,False
NFS1,0.0017790483773571432,0.3124622878437507,0.0005179672274070602,True
NFU1,0.003092214151114286,0.014716397371453672,0.8607461428745096,False
NFX1,-0.0019554520522000003,-0.13205445097288873,0.0624859690404625,False
NFYA,0.0014728281948680768,0.1494154799443641,0.03343793992256019,True
NFYB,0.005578204621754544,-0.25739464212102975,0.014528898658788153,True
NFYC,0.005461451932032144,0.18293061954072787,0.011231769252473116,True
NGDN,0.00276094332398,-0.16378911203378602,0.0601872484695616,False
NGLY1,-0.0004953935688210527,-0.12226353855804074,0.03666153144981407,True
NGRN,-0.001900348764075,-0.1340612814347404,0.058179821164062846,False
NHEJ1,-0.002379733890945625,0.1548989726107264,0.17607054829798444,False
NHLRC2,0.00018178140968125,0.042065855668784534,0.6704150415439509,False
NHLRC3,0.0006433794929370587,0.0356166690184995,0.6551950761427773,False
NHP2,0.0007590951361555556,0.02449132018322137,0.6286075863105576,False
NHP2L1,0.001476589191552,0.15258715797817252,0.017356850136227193,True
NICN1,0.002729463553101053,-0.11549627709362477,0.28418787870152706,False
NID1,-0.001111730233842728,0.6307056667415,0.000607953070283964,True
NID2,-0.0005455892817481483,0.777071614099415,0.000314274673524288,True
NIF3L1,0.0021244349363157894,-0.046622832002354404,0.6148274591626481,False
NIN,-0.0017197598217500005,-0.21374847409083608,0.13694996884315985,False
NINJ1,0.0012256812444,0.010644188611150756,0.9199559884654784,False
NINJ2,-0.0031232553059847372,-0.05455512000125646,0.7080923441518503,False
NINL,-0.00028907676829999994,0.03495104032455361,0.848786678505767,False
NIP7,-0.0002467898758,0.0031544862705166817,0.9702695847925944,False
NIPA2,-0.0022390564232277776,0.05309303627631123,0.4495189803939861,False
NIPAL3,-0.0012089289012009409,0.2964192756736335,0.003635201052083198,True
NIPBL,0.0007132383310591876,-0.390273563724973,0.020891204752051865,True
NIPSNAP1,0.0029550712121166668,0.10605134802410432,0.15333583889848904,False
NIPSNAP3A,-0.004117608129133333,0.02778723269898312,0.7800276654244636,False
NIPSNAP3B,0.006642402721433333,-0.08037044122018354,0.30312353087369126,False
NISCH,0.008985957782403572,0.07128938727925634,0.5193382379800757,False
NIT1,0.004903630361442859,0.055670032540168085,0.5838504515001339,False
NIT2,0.0005457337926071429,0.07768205684764612,0.34906936246824904,False
NKAIN1,-0.012805863178783334,-0.08807346256516642,0.34173623792995544,False
NKAPL,-0.0011157399058714288,-0.15467330237581223,0.12002448822006795,False
NKG7,-0.014146767012777776,0.039824897566434266,0.8122151837849889,False
NKIRAS1,0.002016580904706666,-0.06348508200847452,0.47353884330368745,False
NKIRAS2,0.0007600293871336,0.07640313389950909,0.17844358137623698,False
NKTR,0.00027723722122105206,-0.07170393839510765,0.7093505746887165,False
NKX3-1,0.0006221375044200001,-0.215727798022026,0.007278510438854428,True
NLE1,0.001852070094935,0.14002723871442466,0.11643276584396589,False
NLGN2,-0.0003235560874045456,0.044185745743866175,0.5114696242055687,False
NLK,0.0028685089439900004,-0.0231882635404006,0.7495936143127078,False
NLN,0.004648858776619545,-0.14023034057513337,0.05359204859912993,False
NLRC5,-0.00165992029,0.1939640690868737,0.2865388367521227,False
NLRP1,-0.0097342589681825,0.092131677689583,0.5331844432387908,False
NLRX1,-0.001889247994075,0.13858972423687385,0.05162840453472029,False
NMD3,0.0057746100493799996,-0.19968796838799294,0.017458253229783078,True
NME1,-0.0016646546627882353,0.12232921559982356,0.32405913518173746,False
NME1-NME2,0.0028859843420540538,0.020113088171023964,0.9379708634299957,False
NME2,0.006754027496169999,0.32747411132002013,0.020477873333793722,True
NME3,0.0006033918160333334,-0.0627274655871628,0.45656517387770335,False
NME4,-0.003909559829000001,-0.03619238329373564,0.4730411487965681,False
NME6,-0.0003996285371692308,0.16766949581989754,0.09698346057289894,False
NME7,0.001065557573347619,-0.11002752452264292,0.4921649671421705,False
NMI,-0.0013908228663000002,0.14753932669542685,0.0629500033432339,False
NMNAT1,0.003648450647241176,0.12144489346633075,0.04771832230857222,True
NMNAT3,0.0013753677771913045,0.02010369504799827,0.7920840674924045,False
NMRAL1,-0.0025038984813158826,0.14173168685833712,0.25443469894925735,False
NMT1,0.005586501028891305,0.11452912474577265,0.49419092189269376,False
NMT2,-0.001713353490586667,0.04164190342786946,0.5562794360516465,False
NNAT,0.00533604766727617,-0.17080683502039287,0.16744249861872942,False
NNMT,-0.004395276252166666,0.1444571493455329,0.4896974325087179,False
NNT,0.00223547413052381,0.16342778075359005,0.11124118028275634,False
NOB1,-0.003113813636533334,0.007677009921146929,0.9406390843626925,False
NOC2L,0.0018890749833576919,-0.05385260692121285,0.21444280540312197,False
NOC3L,-0.001523422085686,-0.2608349700321759,0.0443310754973272,True
NOC4L,3.517655197954554e-05,-0.05182574459778538,0.5896402278967868,False
NOD1,0.0002706169674038462,0.10207066194866417,0.4051229217351746,False
NOL10,0.004223298074026316,-0.023921878165414388,0.6709357020636939,False
NOL11,0.0005992284037687502,-0.2042482563954999,0.026873596082548024,True
NOL12,0.004657214215972727,0.026408795345830818,0.7433570715454263,False
NOL3,0.003126889681144445,-0.027070840326133272,0.7351338866143634,False
NOL6,-0.00029937766800000023,-0.026522360620191098,0.5717154108163236,False
NOL7,0.0016131027650481814,-0.01298974710394511,0.8740569134799089,False
NOL8,-0.00014153879708000012,-0.40043911962668677,0.0023737601780328198,True
NOL9,0.007205247294177779,-0.051894063232334545,0.5119785712017517,False
NOLC1,0.0009661899596357146,-0.04877567041352681,0.4179759847465411,False
NOM1,0.0011110447091566666,0.029561744427568447,0.3945595865934298,False
NOMO1,-0.0021835638115571426,-0.08183500936475209,0.28001164783501886,False
NOMO2,0.0041344357695,-0.024604249295284205,0.6987214760445385,False
NOMO3,-0.00263510706062,-0.057580200218735354,0.2914080716904455,False
NOP10,0.00211312310961,0.06424516077760188,0.36323433250026005,False
NOP14,0.0018720337466295457,0.01131628328779573,0.8045974497283198,False
NOP16,0.0020223454375533335,0.20335549251659799,0.0628209172727845,False
NOP2,-0.00154187372666775,0.14778469551399728,0.14920207457242182,False
NOP56,0.0003169591282259374,-0.18094218799767467,0.032258602113293205,True
NOP58,-0.0003965644601835238,-0.2887415237654485,0.10094717132742106,False
NOS1,-0.014311945285796298,0.14391584114411088,0.2661039814583676,False
NOS3,-0.0057544628482741386,0.19502095301825306,0.2354127583909869,False
NOSIP,0.003735078417285714,0.08485576962115828,0.23917456871753393,False
NOSTRIN,-0.006552169326375883,-0.07273006336322733,0.662888099103433,False
NOTCH1,-0.00464812819046923,0.33237301287448795,0.01822471801254519,True
NOTCH2,0.0047091121198800006,0.07214075408376175,0.4302296553116468,False
NOTCH2NL,0.0012369772300142858,0.1391433482823477,0.11549401713806456,False
NOTCH3,0.0011045095756925002,0.5657624627456448,0.0001809779562926332,True
NOTCH4,0.0007726046124627569,0.47624500208857445,0.010701707152230115,True
NOTUM,-0.0014600410227894735,-0.37963771634627524,0.0018662004706604205,True
NOV,0.00033989613432222225,0.27732360395637506,0.1476745155573187,False
NOVA2,0.004125275679336841,0.42619561791804633,0.019148889311981217,True
NOXA1,0.004891403205375,-0.21760369926599238,0.08634426868468685,False
NPAS2,0.005782701448554056,0.3699757969792428,0.01433961553794089,True
NPC1,0.0031246166719153838,0.010068456863164255,0.929910765289041,False
NPC2,-0.0005343809029845,0.3890670652706128,0.0018190291434274305,True
NPDC1,-0.006830626313677777,0.2338453089740419,0.19568332627887364,False
NPEPL1,0.003666075662422222,-0.13788251318095848,0.029903340470111683,True
NPEPPS,0.009598173835666666,-0.2189593747493575,0.01484057023157001,True
NPHP1,0.005196766902287499,-0.3058264771848206,0.22789325702670074,False
NPHP3,-0.0004322462443866668,-0.006068581612798632,0.9676709933881589,False
NPIP,0.002758191182,-0.31869643209517046,0.00043692626885337557,True
NPIPL3,-0.006036229014,-0.34245130713940597,0.02010206174232023,True
NPL,0.0007571502904285714,-0.1316273237340636,0.1636394829528839,False
NPLOC4,0.0027370624735923075,0.006681498746175246,0.8981117283364266,False
NPM1,0.0003426327372659168,-0.21367397375276134,0.03218524187667142,True
NPM3,0.004197497128528,0.009864565208176336,0.8974881407364936,False
NPR1,6.136950402488482e-05,0.5877451603895998,0.0003525110937091957,True
NPR2,0.008189126542780001,0.26449416264389286,0.038304793018435666,True
NPTN,-0.0007707539847347819,0.03382797622738553,0.6110375880700512,False
NPY6R,0.0021285990525,-0.011754560616675529,0.8651105582876442,False
NQO1,-0.002889850084053847,0.30078663316311366,0.0163426213609113,True
NQO2,-0.00040387659855631585,0.01314488923606741,0.8537611060638536,False
NR1D1,0.0091924060415404,0.29631664787787454,0.2648104442861337,False
NR1D2,0.0008924350784294116,-0.165638487829903,0.32917360367805903,False
NR1H2,0.0008694015625375,0.032054130589460446,0.7041424833850369,False
NR1H3,-0.001723791428718182,0.18388514221840516,0.1647259496872107,False
NR1I3,0.0064923089874,0.49929065164861086,0.0014184681774209369,True
NR2C1,0.0007853396483187498,-0.31724952362489867,0.08275060694795672,False
NR2C2,-0.001524238356465625,0.1295195004463541,0.12277448221955606,False
NR2C2AP,0.0023068047566571423,0.22067042752510482,0.005064488758435923,True
NR2F2,-0.004917027541171915,0.2503054313436169,0.0036296165555731834,True
NR2F6,-0.0008739885330125,0.09264031532340322,0.3739970688013028,False
NR3C1,0.0037993916085970734,-0.138861122622244,0.14915713597251906,False
NR3C2,0.0008954083436656001,-0.14605232591828962,0.16137882181887364,False
NR4A1,0.011402518427285712,-0.6057179266891954,0.020694617689688815,True
NR4A3,-0.007503460853689472,-0.5071252317915721,0.13014161806939026,False
NRAP,0.017010133951324998,-0.4674393925258949,0.0027145683818468967,True
NRARP,-0.0032747300247625,0.4689758473607588,0.0016421340473850609,True
NRAS,-0.0023246834242285712,-0.07190072391755163,0.40442560291644547,False
NRBF2,0.002009068127125,-0.13330163453288657,0.07761602154116755,False
NRBP1,0.0011631392093053848,-0.040354469562125045,0.5080238208259138,False
NRBP2,0.0004718515424714285,-0.2694727182460726,0.08806589567830622,False
NRD1,0.00032517020326664,-0.24344970028336885,0.0035636189331850142,True
NRF1,0.0017099044025666661,-0.20088227921903618,0.012468611284380288,True
NRG4,0.007001254206328572,0.022753665284360614,0.8677685864611329,False
NRIP1,-0.0006179754393846155,-0.2054320829696177,0.36509894823500333,False
NRIP2,0.006184947539540001,0.41250917578083973,0.00044117522919950245,True
NRM,-0.004472529102187949,0.26588220934091805,0.010345196766231938,True
NRN1,-0.006971503010673681,0.21265474061442713,0.08329714882329076,False
NRP1,-0.0017327467401468746,0.8091559783474414,0.00019326015911570355,True
NRP2,-0.0005299946718208108,0.6164674613585819,0.000152251115439833,True
NSA2,0.001055288525961667,-0.20579266428006926,0.05744186140539065,False
NSD1,0.0037569250321648003,0.03854453261250577,0.6824253726454088,False
NSF,0.0033499574553376922,0.12033592629335463,0.30122923813651753,False
NSFL1C,-0.00539346222098125,0.004309972845999998,0.9346672420067073,False
NSL1,-0.00030816791664736823,0.06779687768102192,0.4553491380962469,False
NSMAF,-0.0008454784784541667,-0.02800485747432191,0.7198555847387853,False
NSMCE1,0.0011627381274124998,0.21465091916330312,0.0015237605600994565,True
NSMCE2,0.00622768358144,-0.0952493537415099,0.08319279796472627,False
NSMCE4A,-0.0001892220154777779,-0.05649528663559595,0.7259919895379594,False
NSUN2,-0.002703187732295238,-0.04867020632747978,0.42223822252536203,False
NSUN4,0.005825364961373683,0.07020943067835486,0.3256985936320056,False
NSUN5,0.0037278873643294113,-0.05823122406817571,0.3974649468581115,False
NSUN6,0.002597802776563809,-0.18452486869674195,0.11130692018926319,False
NT5C,0.004513797223375001,0.1950834214500478,0.11886184641258217,False
NT5C1A,0.002581623133966667,0.02954930187876601,0.8128054581106908,False
NT5C2,0.003659979479566667,-0.27516188196983754,0.028105366023905388,True
NT5C3,-0.0025408013323947503,-0.16462820343914109,0.12550279635798137,False
NT5DC1,0.0003061599032652175,0.029353903412480866,0.8128378509840998,False
NT5DC2,-0.004901345710426191,0.29217960925941444,0.09409704775954693,False
NT5DC3,0.0067494068570774,0.03484721987674338,0.6051583317086535,False
NT5M,-0.0019439484756583333,0.3142952584834172,0.011589570722978365,True
NTAN1,0.00027098147453529387,0.31791617802961675,0.011740209176907433,True
NTF4,0.0014900508715999998,-0.1745784977740362,0.22901633767486193,False
NTHL1,-0.003203646906506666,0.22173409667921265,0.033396908443266836,True
NTN4,0.002820879469914615,0.16029780758891674,0.11109659505219815,False
NUAK1,-0.004917489564297368,-0.1995832843814599,0.03545754662097778,True
NUB1,0.003841768594999999,-0.06742255996071744,0.33108759407357646,False
NUBP1,0.00410024033152,0.03651077277103087,0.6605919033824217,False
NUBP2,0.0027661197238417856,-0.07765703259202374,0.4265336151565653,False
NUBPL,0.0009123488507181819,0.20170148069970717,0.12983222594519472,False
NUCB1,-0.0022458545499145456,0.11857335709048954,0.09045657354502845,False
NUCB2,2.7525655636363493e-05,-0.4033497706999649,0.019805291897694727,True
NUCKS1,-0.00069559909773125,-0.09417111504167403,0.5399516491547729,False
NUDC,0.0030507458104857142,0.07265101718821843,0.39523755012180306,False
NUDCD1,0.0014896933420933335,-0.06316509812744207,0.5596211235776605,False
NUDCD2,-8.729643475714277e-05,-0.09820545403252873,0.15785768995404778,False
NUDCD3,0.004629065506180952,0.04460528345173007,0.5094287700404487,False
NUDT1,-0.0006799540946771365,-0.0226965142828899,0.7381867769684352,False
NUDT12,0.001826881763842857,-0.24672904171041976,0.09035441586798808,False
NUDT13,0.0015874173721600001,-0.07154062288740595,0.5597705401774469,False
NUDT14,-0.0018543651852097269,0.2440789499081725,0.09866789792131812,False
NUDT15,0.0031844464330833336,0.1696379184143884,0.03021061097076035,True
NUDT16,0.003374418004725,-0.008758507486803756,0.8941831801718444,False
NUDT16L1,0.00048139118616699996,0.29815705867808506,0.0029181967757179387,True
NUDT17,0.0041056272240125,-0.058097863728231024,0.5855715752514514,False
NUDT19,0.000738000782583143,-0.01763954303842449,0.8296476090091709,False
NUDT2,0.0071929832770625006,-0.018484090952442613,0.7545792375436273,False
NUDT21,0.0009591722945847059,0.027551603492883468,0.7313527517133753,False
NUDT22,0.003319048182707692,0.14525775880122904,0.17112831026664854,False
NUDT3,0.0029825673572723525,0.14862395404464898,0.140003307855584,False
NUDT4,0.005987254660711112,-0.08598147323166536,0.25636131002948803,False
NUDT4P1,0.00445811454955,0.01979924378731277,0.846204587279919,False
NUDT5,0.0014033567046227268,0.11671407058397473,0.36651941258005005,False
NUDT6,0.0021084633459184615,0.3586782480697972,0.005380668034710838,True
NUDT7,-0.0006176968332111112,0.14569587697562125,0.23078565474165597,False
NUDT8,-0.0014109429763333335,0.49769375841899993,0.0020510498622502336,True
NUDT9,0.0064171927542125,-0.033593036820763734,0.7614660015877336,False
NUFIP1,0.003803510715242106,-0.09451758207271892,0.22567030098706206,False
NUFIP2,0.0009589543958094119,0.20137895673625641,0.2125854811052596,False
NUMA1,0.005350594850752726,-0.3007040646786972,8.126616030620056e-05,True
NUMB,-0.0005317965279611111,0.010305432632675611,0.9008041323882835,False
NUMBL,0.0007956316810894737,0.3157026457654977,0.032578968940548486,True
NUP107,-0.004526647359591666,-0.21884307306530024,0.06109507031394404,False
NUP133,0.0031112682098882356,-0.06442229192752827,0.4037191297284687,False
NUP153,-0.00021948011011333342,-0.21816870567988775,0.032122971893539125,True
NUP155,0.0015746195062807142,0.11143013471821145,0.04822014425801385,True
NUP160,0.0012098737028000003,-0.1463122416570903,0.10100610329673816,False
NUP188,0.0008816132547692306,0.10375676581790622,0.3730977450050109,False
NUP205,0.0008504367472045998,-0.10000043123589841,0.06489162138790666,False
NUP210,-0.007201186894191599,0.000678208485110112,0.9914484355936908,False
NUP214,-0.00010666054669999986,0.10776334855018228,0.42666304685937584,False
NUP35,0.0008035307437999999,0.03549613909358765,0.6716217033463934,False
NUP37,0.0011136147067119999,0.14765646137546434,0.032059335171723755,True
NUP43,-0.0038283812533666667,-0.1475273011672612,0.07661266212713053,False
NUP50,-0.0013271708079,0.057781249016451035,0.5800504857644551,False
NUP54,0.00027037283068181826,-0.25819329440242833,0.11222179156650536,False
NUP62,0.0028708158722217394,0.021662144780889892,0.700689432410619,False
NUP85,0.0016273455730333333,-0.08031899173545497,0.5076408462125888,False
NUP88,0.0007587173514566665,-0.005189785766011277,0.9689910707672664,False
NUP93,0.0041928177090648005,0.0028797502232879328,0.9762842237913683,False
NUP98,0.002705963497996429,-0.07202376736602988,0.16654748112668688,False
NUPL1,-0.0021588190868146156,-0.24920790894439004,0.013465785185464069,True
NUPL2,0.001733089435686667,-0.08119410205266873,0.3172138623386169,False
NUPR1,0.012441017798375,-0.37038895051318366,0.0035825196002583462,True
NUS1,-0.0011252763501000001,-0.0847477369795777,0.1795250082673401,False
NUSAP1,-0.0004640284079333,-0.09998699124871947,0.44639575047446045,False
NUTF2,0.00329478748215,0.13925792373221102,0.04354700506366645,True
NVL,-0.0006914301102388889,-0.09208808016416192,0.3279431178177149,False
NXF1,0.002387276644768421,0.03323377937684632,0.7000200606597173,False
NXN,0.0034818696881082716,-0.13140262115384302,0.04082711382663399,True
NXT1,0.00047419346600846156,0.018666581286321038,0.8380977907405002,False
NYNRIN,-0.00812847648325,0.2882319897063606,0.0239187367699046,True
OAF,-0.0050355450139,0.7441834057168211,0.008950968953238424,True
OAS1,6.631009057142831e-05,-0.012138230362691339,0.9541274407693127,False
OAS2,-0.007876463375016666,0.389961564217305,0.043357961134228636,True
OAS3,0.0002681163746499997,0.04730754804838499,0.8036243733911854,False
OAT,0.008285723345265334,-0.10554950792009477,0.1443934474204712,False
OAZ1,0.0033806102317214285,-0.02092495620085121,0.731231243094439,False
OAZ2,0.007371335285786666,-0.13092001135222942,0.024229082771292938,True
OAZ3,0.002672513721779167,0.1667640468711804,0.05749738098768697,False
OBFC1,0.0043617301419125,0.03458583517328506,0.5499031809572876,False
OBSCN,0.009045453055995042,-0.011311335917206365,0.8206060016695567,False
OBSL1,-0.0031116438957789366,-0.3231794494862678,0.004310409445946984,True
OCEL1,0.0018813667093999994,0.43621703852782107,0.003507155225707274,True
OCIAD1,0.0002266712585189474,0.03486595312031488,0.6043433693457357,False
OCIAD2,-0.008354025703708334,0.5662368376817455,0.016168600990027263,True
ODC1,0.00596828397215,-0.16617259984296667,0.18932024316115592,False
ODF2,-0.001744244647057143,0.1066920960292677,0.19567677476760909,False
ODF2L,-0.003307974532408462,-0.09287861965407895,0.6091013359156348,False
ODF3B,0.0010873011559285714,-0.3239102753677012,0.04901905448185403,True
ODF3L2,0.020982435635543476,-0.28570201394133277,0.04600921094509614,True
OGDH,0.007673776447843888,0.19500854427217862,0.00510421488155519,True
OGFOD1,0.0008149087969893333,-0.02456254372575518,0.7555516696978891,False
OGFOD2,0.0032931047734308,0.1321614821325741,0.26889219017463195,False
OGFR,-0.0042102899438,-0.07231279788309691,0.2619919835471514,False
OGFRL1,0.002594218241700001,0.060715027149596736,0.6417266276173936,False
OGG1,0.0033195689796374998,0.11833391335001445,0.25829287428278724,False
OGN,0.001821658285,0.36369722636086127,0.007594946961188199,True
OIP5,-0.000535002567814778,-0.07771526977700863,0.45202510302538434,False
OLA1,0.0026471510543384616,-0.12466669999566472,0.14137294211928927,False
OLFM1,0.0007222534048070907,0.17107177712844557,0.3059043604630902,False
OLFML1,0.0011257917530499994,0.36541314644603895,0.0030422379316612297,True
OLFML2A,-0.0017947103933133334,0.5354777931492346,0.0010746843865861297,True
OLFML2B,0.00484673301434,0.4255049665786824,0.018963577518324237,True
OLFML3,0.0014253515276625005,0.3742773053105246,0.020457693963352005,True
OMA1,-0.0010749292377566666,-0.02753276693041793,0.7384016919929963,False
OPA1,-5.0925403569227466e-05,0.02523929658898708,0.9163610547726699,False
OPA3,-0.0013902192064370368,0.19538134200774834,0.06826426706941573,False
OPLAH,-0.007120469527621501,0.16834609977888607,0.10252666365691547,False
OPN3,0.0007535611376772729,0.2514001504611839,0.013170322373839758,True
OPTN,0.01113636514316,-0.24074047808207022,0.0050213667397942,True
ORAI1,0.001572032671523125,-0.18227665055367484,0.10006918796659672,False
ORAI3,0.00553201860395,0.10498282376025386,0.04090818879210611,True
ORAOV1,0.0008369079560363635,0.10078890523992913,0.13376490579070555,False
ORMDL1,0.001983579330423267,-0.3738454761339881,0.04965805078658073,True
ORMDL2,8.347823936315795e-05,-0.16531798822054117,0.20812964357858266,False
ORMDL3,0.0019838858141894115,-0.11467141333542016,0.16337785453913548,False
OS9,0.0049591501589878574,0.20912884698249165,0.0035329476722239035,True
OSBP,0.0012701430913470587,-0.0896417613244826,0.10483748839042406,False
OSBPL10,-0.0028127566383190474,0.2340733875160165,0.09303099721851493,False
OSBPL11,0.0031283169657678575,-0.0804517991016692,0.48720835585142264,False
OSBPL1A,0.0015112891258681482,-0.1808844140708538,0.01949734763790336,True
OSBPL2,-0.001240608517941176,0.07882225171070865,0.21815039404385764,False
OSBPL5,-0.001602394327342857,0.14096202365415478,0.2503615928551302,False
OSBPL6,0.0020557068233962965,-0.08553769299467859,0.3033748407149797,False
OSBPL7,0.004296836991247369,-0.40366797345690986,0.08101621789877249,False
OSBPL8,0.004948632783602631,-0.09720169810176021,0.23408815841281488,False
OSBPL9,-0.0005492211551206899,-0.43557432525126605,0.0068109910525107255,True
OSCP1,0.00023932173918499996,-0.12837371089266883,0.3806627488749035,False
OSGEP,0.0015454508696933335,-0.14690656964458568,0.004831918180893192,True
OSGEPL1,0.0069800004444777785,0.1951625155045017,0.0218237065187253,True
OSGIN1,0.004104607277813478,0.06508997642131349,0.7068258276034761,False
OSGIN2,0.0013406369529916666,-0.11076101248358607,0.21448108835029214,False
OSTC,-0.0011594435777636364,0.20259674866521304,0.05461508814621407,False
OSTF1,-0.0015363176095166669,0.3627427982068293,0.004553585858239882,True
OSTM1,0.0011038411584125,-0.17177794585301284,0.28703893066472586,False
OTUB1,0.0017109343458124998,0.05776133175840052,0.36574698310303044,False
OTUD1,-0.00022899474461428575,-0.5055215677655215,0.2189306538725331,False
OTUD3,0.0030519753827666666,0.01041610280791494,0.9204530987956623,False
OTUD4,0.0035202012556722223,-0.14959674937251394,0.20063778988331799,False
OTUD6B,0.0012517506478666666,-0.20370072564715758,0.023109154862136414,True
OTUD7B,0.004646908666060525,-0.22179206049736758,0.002934079079485639,True
OVCA2,0.002697127946716666,0.28891368896994385,0.2898532409035269,False
OXA1L,0.005533457320093333,0.1295964414139388,0.03035599998961826,True
OXCT1,0.0013330291592421055,-0.16799856771302338,0.2809425284299879,False
OXNAD1,0.0051917435539444445,0.35656822373861063,0.016138942607597864,True
OXR1,-0.0008040209720603704,-0.2731277234823026,0.05322105309940977,False
OXSM,0.0017870243435714282,0.2808754226091979,0.004958544186846183,True
OXSR1,0.00491914411552625,-0.0980654214383652,0.13319340786087952,False
P2RX5,0.004665154945137,0.002213315919453305,0.9863337656695125,False
P2RX6,0.0071441359943778555,-0.202856485008981,0.11347803887059099,False
P2RX6P,0.009134024881594444,-0.02427038673404022,0.8988961180562258,False
P2RY1,0.0013247878846942855,-0.03941123639969557,0.7603431901664212,False
P2RY11,0.0016677371187142857,0.04967135994214176,0.7992907546156722,False
P2RY2,0.005270936029904761,-0.02951501337567822,0.7296552531349811,False
P4HA1,0.0015754624738747616,-0.4655316349857603,0.002767546002150326,True
P4HA2,-0.00012349040402421052,0.19344956296033883,0.09346826879666992,False
P4HB,0.004607988526679142,-0.09802680370870155,0.043360236721454205,True
P4HTM,-0.00039879211234642847,-0.01352267097068537,0.9050156384516181,False
PA2G4,0.001603983630735294,-0.2719975255402675,0.5172154794970067,False
PAAF1,0.004823460670484616,-0.1487400179274667,0.0772933716083647,False
PABPC1,0.0019609857964941178,0.012926640651887877,0.9112258004671089,False
PABPC4,0.004609411122694737,-0.1489475973774748,0.03330056601253953,True
PABPN1,-0.0010240197387153846,-0.2527791349735159,0.014306090491106177,True
PACRGL,-0.0010009817491035715,-0.13445888802651043,0.09479562558977302,False
PACS1,-0.002089769068475,0.011779208277909146,0.8654766194744644,False
PACS2,0.0058802107225,0.05292066851728749,0.3209344358937935,False
PACSIN2,0.008812055091874998,0.12298098669847578,0.1420733589595371,False
PACSIN3,0.0080181939375,-0.09425151978253106,0.19672075211015547,False
PADI2,-0.0036212410288933338,0.28370142963276257,0.008357284479468496,True
PAF1,-6.447865379999437e-06,-0.1030165916915189,0.09916562597758824,False
PAFAH1B1,-0.001264328812488889,-0.10770633371242946,0.1628814568159034,False
PAFAH1B2,-0.0018309512307958667,0.11984129805667357,0.1118008033498285,False
PAFAH1B3,-0.001786233704245,0.16547405780485577,0.04886462590199907,True
PAFAH2,0.005483906021566667,0.1338722912953473,0.35838821541114374,False
PAICS,-0.003278280728153846,0.019907495841232456,0.7671136861181342,False
PAIP1,-0.0022158225912571423,-0.26409162594242747,0.004962003305929675,True
PAIP2,0.0022813035073838885,-0.037834063133759296,0.2895044719523829,False
PAIP2B,0.00145939143526,-0.04313587595734234,0.668703530089323,False
PAK1,0.006903886454137036,-0.11754412178972204,0.13122188806016802,False
PAK1IP1,-0.00171544571248125,-0.09375407448293353,0.23213011307157375,False
PAK2,0.0012493822135076925,0.07273661777723062,0.3923028681002363,False
PAK4,0.0010427425929318182,0.024075991333123093,0.8630006114205705,False
PALLD,0.005858699012921622,-0.2577221387827986,0.02299724284701666,True
PALM,0.003353167350319566,0.24860906440313207,0.03411745588999715,True
PALMD,0.0053028876764,-0.21921311460283563,0.051506355141165173,False
PAM,0.006988519760076923,0.01676159378883552,0.863923384466136,False
PAN2,-6.363813516521714e-05,-0.3756312219343242,0.054500112906537806,False
PAN3,0.002150407296727778,-0.05001633149932508,0.6021656946443278,False
PANK1,0.0024016689135761904,0.19670632533847662,0.08638347415216106,False
PANK2,0.004028374319047826,0.03531698084094754,0.6828642698787672,False
PANK3,0.002486308945978572,-0.16672725834968938,0.12038611443274964,False
PANK4,0.0019368241382108201,0.009024283627597591,0.8967858180350394,False
PANX1,0.0041722308475874185,0.032198967430500505,0.843554234092248,False
PAOX,-0.00040757494775369563,0.09288787252761845,0.32350505680152375,False
PAPD4,-0.0006930793591386,-0.1770302484643416,0.18156830179238376,False
PAPD5,0.0032063891190866668,-0.061586959788055284,0.3452079738219188,False
PAPOLA,-0.004451322153740001,0.06159476519747739,0.5981909311448081,False
PAPOLG,-0.0006282741539999999,-0.012537181136082175,0.8080979932793095,False
PAPSS1,0.0006752408235461538,0.11013602113455297,0.44223724071118053,False
PAPSS2,0.001228904615765,0.30234598490683284,0.06886831418957519,False
PAQR3,0.0008941754772272722,-0.03295540263400192,0.7668917848938414,False
PAQR4,-0.0003990052510714284,0.5437267502217741,0.001971337031394879,True
PAQR9,-0.0028216234306544614,0.4323673409613216,0.00027575300266394085,True
PARD3,0.00050824741409863,-0.23288507568550268,0.06034694653122088,False
PARD6A,-0.0013944378538834482,0.05376174352578578,0.44270708526716707,False
PARG,0.004703016282166668,-0.033650657167318035,0.7387049977691639,False
PARK2,0.0037860760689041096,-0.2820861604835962,1.7606946647017215e-05,True
PARK7,0.00427320812395,0.02553988137859754,0.6497088476546511,False
PARL,0.0022453860121538463,-0.009078001950086375,0.8807175925370985,False
PARM1,0.004979503997263158,0.19972064521288757,0.05355203680539533,False
PARN,0.007142417133411726,-0.007455497404346307,0.9289552050286574,False
PARP1,0.007785682725376471,-0.0036758036396052807,0.95779260437752,False
PARP10,-0.003918181183580001,0.02998515569051431,0.8766574219802958,False
PARP12,-0.0010660865548999996,0.13641445159329976,0.18685113701952827,False
PARP14,-0.0016989463205599987,0.08716050750729688,0.48427081182292153,False
PARP15,-0.008581389315384616,-0.1574717949950012,0.03938211618453048,True
PARP16,0.0010413479567642858,-0.06987606789695491,0.46823835649954293,False
PARP2,0.0012077083090666666,-0.2776876100551577,0.006301588817916965,True
PARP3,0.0018703756161888895,0.09924560042267595,0.3020497400685476,False
PARP4,-0.004489685556864501,0.1425441995302243,0.05642169363702492,False
PARP6,0.00903253106339,-0.18630540344624932,0.08358395690208681,False
PARP9,-0.002596072321691429,-0.05193665228660171,0.5374231165403823,False
PARS2,0.0018789841046057138,-0.015122272406462882,0.8507258452175348,False
PARVA,-0.0007456191120264704,0.511144097198442,0.00034243270019098445,True
PARVB,0.01297637664171579,0.11981510316218578,0.02060005686110836,True
PATL1,-0.0004145717188166666,-0.09564467312790108,0.07536424907747015,False
PATZ1,0.0033841492574437503,0.0790792337188622,0.29457316429896646,False
PAWR,0.0017692541940447502,-0.2476888813311933,0.016011355384405096,True
PAX7,-0.009652511531125675,-0.003702525251956387,0.977582676213118,False
PAXIP1,-0.00014992264244999992,-0.04303284984345639,0.4521825593088137,False
PBRM1,0.00118008866029375,0.033988657340408034,0.7678220769582738,False
PBX1,0.005788895347297145,-0.17839758414113313,0.08492273927293904,False
PBX2,-0.0005833968868367395,-0.013913969326023633,0.8406064948819214,False
PBX3,5.2301227047059e-05,-0.16070238253818162,0.0743908529742721,False
PBXIP1,0.013513681255250001,-0.19449957460517373,0.00029002754463044924,True
PC,0.0010833859708629762,0.6131598010350399,0.0008905013167082705,True
PCBD1,-0.002577568818425,0.18647774553144975,0.009509027997476662,True
PCBD2,-0.0007410465306500003,0.20069361812531225,0.003951049798352616,True
PCBP1,-0.0017698750051125002,-0.056009463016415045,0.4184459754367573,False
PCBP2,0.005281659976259412,-0.14563692590932228,0.0037553438357089616,True
PCBP4,0.0068074286273526316,-0.023594458980446733,0.7780623056880094,False
PCCA,0.0008324832426724639,0.20070280867334622,0.04407157892053865,True
PCCB,0.0014500946926176471,0.20749399045582562,0.022802314755762436,True
PCDH1,-0.002038001556115,0.5765284824261231,0.0005526534960463231,True
PCDH12,-0.0140809582615,0.5361675167819505,0.0022942992046051415,True
PCDHGC3,0.00455167778356383,0.2884170887234955,0.007738805116335589,True
PCF11,0.0006755708000983335,-0.20516922205779586,0.01722780764248553,True
PCGF1,0.00032451311373636366,0.008700304962313938,0.8956019239146247,False
PCGF2,0.0013935314225611108,0.21501602459185587,0.06046678656881699,False
PCGF3,0.0035283168949876258,0.06855685928470817,0.4209310906379079,False
PCGF5,0.0005414700500507144,-0.015011491224351707,0.7712085668772956,False
PCGF6,0.0008150348289199999,-0.005433479263660557,0.8945171973637153,False
PCID2,0.0007830418753071426,0.01173571829556625,0.8898371147253017,False
PCIF1,6.658254596736834e-05,-0.08736013589488238,0.07919832161439598,False
PCM1,0.0036932347550870594,-0.5398504646746349,0.010439403821396201,True
PCMT1,0.0013175535549046153,-0.1535365062839425,0.006680262853131102,True
PCMTD1,0.0020524458233944446,-0.26579302278866,0.17619249052141095,False
PCMTD2,0.0021966147455937503,-0.15936465768416463,0.09987213110955541,False
PCNA,0.0006006904345052,0.12780633627232588,0.14620218352763475,False
PCNP,0.0006142192721583335,-0.21581690269180145,0.046312885921203056,True
PCNT,0.006681425190751315,-0.35880886146049046,0.003927564017360305,True
PCNX,0.00198037030894,-0.06474371093446879,0.49068014895431,False
PCNXL3,0.0010815431367430435,0.0790837494277001,0.37157557905208627,False
PCOLCE,-0.0001735059379589473,0.5982614103758759,0.002232538908489522,True
PCOLCE2,0.0004275296842749999,-0.060529895631309234,0.7867022268779942,False
PCSK6,0.0015557535559067798,-0.08603945907537204,0.5728304849981043,False
PCSK7,0.0008096005390266666,0.06639919090479025,0.49808024739095347,False
PCTP,0.004488953103899999,0.22756715236318828,0.027470919908627954,True
PCYOX1,0.0037832991524958826,-0.19733458701336568,0.08170040046229267,False
PCYT1A,-0.0016028941957733332,0.02600231941841156,0.7238210561996272,False
PCYT2,0.004797346331463637,0.27032674206697643,0.036919893988658525,True
PDAP1,0.0018575690875722226,-0.10176143836941383,0.13324614009070923,False
PDCD10,0.001535700534380833,0.0719925238810471,0.46780506183093395,False
PDCD11,-0.002054239601263158,-0.14783610443723255,0.5642215919047673,False
PDCD2,-0.0004880891681416666,-0.0035662505162719475,0.9685230870313181,False
PDCD2L,0.0042217944411,0.10020333778010179,0.2103844526179062,False
PDCD4,0.0041465242564673686,0.2614122774061837,0.060482261912295825,False
PDCD5,4.828727847272724e-05,0.07415777286237434,0.3936904149222962,False
PDCD6,-0.00031612880867500006,0.0895575747474321,0.2617388435546558,False
PDCD6IP,-0.0006706637367888749,0.15861106187364404,0.2970067421776486,False
PDCD7,0.0015086485622384618,-0.014503602295351546,0.9025329239490757,False
PDCL,0.0004169699909200001,0.11610397700155083,0.12486626876668384,False
PDCL3,0.0012598139799579998,-0.16452537782543517,0.03292180664201832,True
PDDC1,0.002584172775222222,-0.1400816678738218,0.01965399112211896,True
PDE11A,-0.002410686996358333,0.2516372644844694,0.0592708055390066,False
PDE12,0.0037668762327900005,0.10463205850049667,0.13801125627759778,False
PDE2A,0.001014512085044,0.2429194717299981,0.15401466025349675,False
PDE4A,-0.0044296471991906675,0.10305458099387522,0.2661246805265701,False
PDE4B,0.0021919475597886495,-0.11921112151069503,0.2809167460499621,False
PDE4C,0.0018505793742068183,-0.10321217699875991,0.5832833828577048,False
PDE4D,0.00890474334586345,-0.290038024342728,0.02665283410876837,True
PDE4DIP,0.006304748446561765,-0.17930588752387874,0.002725551921821937,True
PDE5A,0.0017086468714317391,-0.20363955147293267,0.09237435719837245,False
PDE6D,0.0010704700795111113,0.21524420882437723,0.06521622240585732,False
PDE7A,0.004516812035324783,-0.27204254093222985,0.15562791823497943,False
PDE7B,0.004324240087198499,0.09373761150876052,0.15109707988186177,False
PDE8A,-0.0016352463409714287,0.01754255493979899,0.8898975178526234,False
PDF,0.004948391424492308,0.032601789916037856,0.8372630836452648,False
PDGFA,0.0007502519596755555,-0.2769379201285674,0.1117063465340081,False
PDGFB,0.00017368719561428592,0.5022411658429945,0.009258891174114154,True
PDGFC,0.00380597118957495,-0.05986092868651576,0.6514781288401976,False
PDGFRA,-0.005357382478111621,-0.0294292116722697,0.8045945048044956,False
PDGFRB,-0.00920272588390625,0.4590653732475358,0.005592756021540833,True
PDGFRL,-0.0002730063571,0.00988293510209116,0.945374265842161,False
PDHB,0.00017739636621818186,0.1667867282266399,0.011980347471549035,True
PDHX,0.005568702468282609,0.0323292390263964,0.6886932557162154,False
PDIA3,-0.0012374157623642854,0.33338475923548483,0.008303299379821797,True
PDIA3P,0.007739467007412499,0.17059105018205054,0.11764059350832369,False
PDIA4,-0.0023456284627687662,0.39731049161557047,0.0009036355062811933,True
PDIA5,-0.0027795826785200002,0.28325332163414224,0.021101211231966906,True
PDIA6,-0.002722605737333333,0.07834531305274274,0.18136640974620627,False
PDIK1L,0.0024865598416235293,-0.16006531539059288,0.1216805590533083,False
PDK1,0.0005045849510500002,-0.03586196802574138,0.7040177960092622,False
PDK2,0.007152290407317392,0.29772287628724386,0.002318170363673737,True
PDK4,0.003185922371059999,0.091178806276554,0.9266347522633488,False
PDLIM1,0.00014873728563636333,0.09820474238024306,0.2711361019626268,False
PDLIM2,-0.0011189470245315785,0.13076300195151028,0.161635764831469,False
PDLIM3,0.017030627969523333,-0.6078867618091714,0.0014054111949092824,True
PDLIM4,-0.008237689912008335,0.1449630095652941,0.3295035545451913,False
PDLIM5,0.009851260362877779,-0.33446972585830215,0.0007997745165155279,True
PDLIM7,0.008631261796839129,-0.21625110937338154,0.017076212652993458,True
PDP1,0.007045889224669375,0.34060567979835116,0.007924093069651144,True
PDPK1,0.0081361046489,-0.1579623755527159,0.2330798535765077,False
PDPN,-0.0010376554457368424,-0.044972860148207255,0.6582527492537777,False
PDPR,0.00143186724443,0.2619376522044463,0.033065785916021107,True
PDRG1,0.0011591554672076923,0.19966840082091972,0.008151492819142436,True
PDS5A,-0.0022269021211105263,-0.06984338749891172,0.46425084765732316,False
PDS5B,0.00647839549676,-0.13597872698656108,0.19220918014115648,False
PDSS1,0.005309005483222222,0.30526010114964586,0.00030200613641765984,True
PDSS2,-0.0021850196048045453,0.21232592544819262,0.05933351758250367,False
PDXDC1,0.0031755028765378954,-0.1277952131469361,0.10719322826868927,False
PDXK,-0.001891304544366389,0.4397172307072903,0.000582961281642785,True
PDXP,0.0022805684036363637,0.08414608958372036,0.5241818634394129,False
PDZD2,-0.003936813753000999,0.028641116034830407,0.7878095595337193,False
PDZD8,0.0022984000629258823,0.1087406995538648,0.08761860364913984,False
PDZRN3,0.007053583777213043,-0.2753565490761107,0.06384619703368105,False
PEA15,0.0008627856461424998,0.5533605854792112,0.0006690190588611494,True
PEAR1,-0.0023836102984111113,0.3869420595942966,0.04649714836194303,True
PEBP1,0.002973053162252632,-0.07953067438252738,0.1609209016514628,False
PEBP4,0.007610723639610501,-0.11451359111562211,0.09552469561699513,False
PECR,0.00557470671912,-0.13814903427531655,0.1388366643598776,False
PEF1,0.0051037060148625,0.007324336616382553,0.8797292643356689,False
PELI1,0.0018183970285266667,-0.003432859997901055,0.9758084742084319,False
PELI3,-0.0019494449548370003,-0.1388276666797337,0.06558663994599205,False
PELO,-0.0008952773786295654,0.09793660351377344,0.34472670987626586,False
PELP1,0.0018707990340263154,-0.09115760308412746,0.06256315831778447,False
PEMT,0.0022000378528204546,0.219252248717077,0.06545617453116684,False
PENK,0.002782298849231819,0.4131713295625307,0.05322315475733548,False
PEPD,0.0033997159822828,0.24357372170494707,0.0030708927243885947,True
PER1,0.0020114888792777774,-0.5307288007195876,0.09478008939622921,False
PER2,0.004157809632386087,-0.2483016921373865,0.0605960118019524,False
PER3,0.0015317322625272732,-0.12118537554310067,0.44401818786769487,False
PES1,0.0007968033264636361,-0.01999686762833821,0.6743198979064828,False
PET117,-0.00031094037186666675,-0.10412070844915756,0.3173184846983217,False
PEX1,-0.0002487325671777777,-0.15234304741606366,0.1947714949397882,False
PEX10,0.0017160093544096365,-0.0331081523285681,0.6877136762868099,False
PEX11A,0.002027410147552056,0.06701800912024157,0.5914418020236892,False
PEX11B,0.0012812164967733334,0.01801485691441197,0.8176161388420954,False
PEX12,0.0027484114032873333,0.03358744690541269,0.7008140488754211,False
PEX13,-0.00047976641503684215,-0.09589701327839985,0.2149743771363734,False
PEX14,-0.000413475723244,0.17707042157370312,0.09099024014688445,False
PEX16,0.00040126006631111113,-0.06616793808614464,0.5568923785837522,False
PEX19,1.338705077500008e-05,0.18844562513831953,0.00022087584584719636,True
PEX26,0.0022499500957705878,0.12661382841598473,0.09585142937664969,False
PEX3,-4.105590053900004e-05,0.06609637250116589,0.5315360122093047,False
PEX5,-0.0009201886105524999,-0.06852865526045893,0.18931905483651054,False
PEX6,0.0004528515184300001,0.00030445656185204307,0.9963717545679596,False
PEX7,0.001658469462369231,0.1470178997984702,0.05682148271196031,False
PFAS,0.002068038204216667,0.11121271877266124,0.40422994648495714,False
PFDN1,0.00017011021329333399,-0.020282494945669815,0.5701721076157255,False
PFDN2,0.0050178463325125,-0.02162410106890388,0.781885594693655,False
PFDN4,0.0008909094169357144,-0.11577188871140094,0.17173363542895131,False
PFDN5,-0.00012685885084,-0.14892010983246778,0.075130834191565,False
PFDN6,-0.002073451091584081,0.10103991184825228,0.231334151740503,False
PFKFB2,0.0037365349367888883,0.16544073567761264,0.37807943782805387,False
PFKFB3,0.004386667216588133,-0.5087874747472048,0.09530110668019943,False
PFKFB4,-0.00017166108393687496,-0.047504497508777825,0.5780147878840769,False
PFKL,-0.0006639891021483869,0.42799461192626786,0.0007407585609432104,True
PFKM,0.004161879981175,-0.0870842259875671,0.30767165266072627,False
PFKP,0.005155639838589803,0.30074234731961486,0.02785684949591605,True
PFN1,0.0025338005455833343,0.43801980489140974,0.004252802105261445,True
PFN2,0.008970457041543749,-0.3212342360719979,0.014950831928358894,True
PGAM1,-0.001280028992952143,0.3707887323163096,0.010877039955243424,True
PGAM2,0.0139501439553,0.04488174979035087,0.6523559088237474,False
PGAM5,0.0015047311487999997,0.43822977805222224,0.0008323005349655914,True
PGAP2,-0.002108692005685366,0.00226259950993013,0.9750204966622995,False
PGAP3,0.0027869958225270833,-0.1594304871462511,0.0935132663233978,False
PGD,-0.00233526999344,0.19974913305656167,0.01776261532581964,True
PGF,-0.004398228979272728,0.48708246324564575,0.01569304113852754,True
PGGT1B,-0.00057650923715375,-0.0931369712411187,0.24793346494780172,False
PGLS,0.0014093896807758823,0.27019130154937926,0.06789556816461303,False
PGM1,0.020267459321827778,-0.198149414246641,0.04988007583043768,True
PGM2L1,0.005061261970038462,-0.09951769973803164,0.3002951775453527,False
PGM3,0.001354187820004762,-0.05898017422046264,0.6104466381427867,False
PGM5,0.0011155167146000003,-0.18150396136585725,0.08103797554818686,False
PGM5P2,-0.012656173386666665,-0.036338727876996574,0.6209053897758134,False
PGP,0.004210825494649999,0.1833137467240654,0.16246205040768566,False
PGPEP1,-0.005412412142017333,0.12144680821399585,0.046085415254118876,True
PGRMC2,0.0014111546445454545,0.09394233872850476,0.1250560625777515,False
PGS1,-9.435457177334292e-05,0.002356427366381561,0.9768660789869733,False
PHACTR2,0.0033287449794166665,0.2079848425283951,0.12539208326623114,False
PHACTR4,0.004070948098728823,0.054092886021084426,0.3942180521958084,False
PHAX,0.0012248322632946154,-0.2084793184846732,0.17289488265471747,False
PHB,-0.001290327416292857,0.24179985026818757,0.0007574544927076954,True
PHB2,0.003446923481305263,0.05644054080067788,0.4292727290144702,False
PHC1,0.0017905970401625002,-0.11431121316632363,0.33721277183686316,False
PHC2,0.002347984175101818,0.06098310994830645,0.34603553697358025,False
PHC3,0.00147430780262,0.02287431204675512,0.9006036186375064,False
PHF1,0.0020764972465457895,-0.12184321320706783,0.061083958247796416,False
PHF10,0.0002236134776236364,-0.25204455726109803,0.034274876608542844,True
PHF11,-0.001339775313612143,0.1648029872839361,0.26381656336841447,False
PHF12,-0.0015880652355426924,0.023246639882393352,0.7882121776182405,False
PHF13,0.0016826634909463151,0.05109238714186357,0.5947544002532461,False
PHF14,0.0015604022148608693,-0.18943587872187317,0.16108645769852062,False
PHF15,0.001329000900914286,-0.11998369685322775,0.2925134431205286,False
PHF17,0.004730530403593333,-0.18019652883692025,0.04050705746749334,True
PHF19,0.010818434975007145,-0.0017858613370081483,0.9739034456725426,False
PHF2,0.0016605567780674999,-0.12305268846458996,0.025604180149863102,True
PHF20,0.002407601765011765,-0.3540559702641359,0.0004262154449441486,True
PHF20L1,-0.0005951878996307695,-0.15068212531979794,0.1873811553982859,False
PHF21A,0.0045314381105423076,0.10878635262969615,0.3871386765701512,False
PHF23,0.00040111106044,0.10911971183813197,0.45393082110202554,False
PHF3,0.016242578026333335,-0.3601723707312185,0.06796578839835296,False
PHF5A,0.001566991359775,-0.02917656900938673,0.6867574101417127,False
PHF7,-4.579219905000002e-05,-0.1584449439615688,0.2762663154199952,False
PHKB,0.00566245555027647,-0.19311272908677496,0.009096522578917333,True
PHKG1,0.014393402371038462,-0.3095626453432748,1.99374069969268e-05,True
PHKG2,0.0020472499951499994,0.17738304912540717,0.022629105420976306,True
PHLDA3,0.008749527402723077,0.16636599365298163,0.3671539250724598,False
PHLDB1,-0.0036956172294499994,-0.019870735659191074,0.8079087980848683,False
PHLDB2,-0.0032290640481271874,0.4479590806210238,0.01841598572265347,True
PHLPP1,0.0006268230581221055,0.06297602528592629,0.3729636869541245,False
PHPT1,0.006079445894318181,0.26292323733104206,0.012444773672475744,True
PHRF1,0.0008301086385828748,-0.06891450444269082,0.26502635376745803,False
PHTF2,0.0028797490491684215,-0.7073586987078192,0.00021874275391392818,True
PHYH,0.00416825829041,0.06724901807282518,0.162581271082796,False
PHYHD1,0.018161699721644442,0.03559422349502556,0.7580458488032776,False
PI16,-0.0002762516976363636,0.08880327087250145,0.7124942007341235,False
PI4K2A,0.00059567643522625,0.030447710678764173,0.5366215092701072,False
PI4K2B,0.002910226451871429,0.26627708099597314,0.12209865154187535,False
PI4KA,0.0009730806469714288,0.004971819045005271,0.9384389974644965,False
PI4KAP1,0.0015985938495,-0.049134310565810836,0.566930023059024,False
PI4KAP2,-0.008833424829875001,0.05998771380348651,0.5012397291271,False
PI4KB,0.006616356805033333,0.03735622212460714,0.7368172112529099,False
PIAS1,0.006606754402905557,-0.19305181787654818,0.15939987778806278,False
PIAS2,0.004273020908154545,-0.07915961695312301,0.4698654876212113,False
PIAS3,-0.0008222912994199999,0.027756989296250204,0.6897176784746689,False
PIAS4,0.0006963870464882353,0.06365693710076054,0.4996529902201291,False
PIBF1,-0.002601757422513684,0.04050286289443672,0.7896974872420066,False
PICALM,-0.0003160524073333333,-0.1364480096413342,0.08658084588162306,False
PICK1,0.00133882652252,-0.11088530140552208,0.14579716090722045,False
PID1,0.0015515429741266669,0.014253188310041288,0.8888667820080625,False
PIGB,-0.0008547754140166664,0.07226507595135155,0.4566539269062536,False
PIGC,0.0010923342283349997,-0.0757424961000294,0.35541753444673474,False
PIGF,0.0012917554598181817,-0.22490546448867485,0.007661063660974425,True
PIGG,0.0022219537207888,0.030463987605793153,0.7795861105134918,False
PIGH,-0.0004657234862666666,-0.14807508722462373,0.1669887466300709,False
PIGK,0.0005600872365375,0.05186194539333115,0.669782718481134,False
PIGL,0.002339638874607826,-0.141340908748921,0.22666988174185596,False
PIGN,0.0012763142305636365,0.16561095046989768,0.13187198683092283,False
PIGO,0.000914254682811111,-0.060743549354888925,0.33973514400596394,False
PIGP,-1.3934066670000057e-05,0.0019980017288299527,0.9821238736592582,False
PIGQ,0.00043217005400516,0.08120965115967137,0.34448422581150995,False
PIGS,-0.0022428203499549994,0.06937964845132064,0.3331956462706108,False
PIGT,-0.0019254488763071425,0.08463666299720884,0.24074384693494122,False
PIGU,-0.00014457937672727276,0.13688987993244242,0.05183735995316598,False
PIGV,-0.0030518405378857135,0.1892265505022546,0.07795445896400026,False
PIGW,0.0018522066287021053,0.1273391109148789,0.4340027711123068,False
PIGX,-0.0053540490389475,0.05541403077165921,0.6474955471118855,False
PIGY,0.0011011138404358827,-0.06073148352858417,0.5497075533538668,False
PIGZ,0.0010819603220250003,-0.15116754704117288,0.10177967459454697,False
PIH1D1,0.0018184994547727274,-0.03444551070337373,0.578905128756638,False
PIK3C2A,0.0018383362107249998,-0.07001840042083478,0.505435057058526,False
PIK3C2B,0.007311822424628571,0.08853208642048975,0.29413792695988217,False
PIK3C3,0.0015096747620599999,-0.05334311547135682,0.677845054002923,False
PIK3CA,0.000323596952744118,-0.04743087949828953,0.8085637454477645,False
PIK3CB,-0.00484242792276,-0.15636059186905005,0.08170725919257091,False
PIK3IP1,-0.0004962499322437503,0.1642821570656095,0.36494461937073386,False
PIK3R1,0.0015601078237092308,-0.1103106559964136,0.6943744194277963,False
PIK3R2,0.003293576739796154,-0.11725678796678006,0.4149917636721612,False
PIK3R3,0.0034062488913708337,0.07724656437958827,0.4116787485498221,False
PIK3R4,0.00472305366039,-0.06569252363882097,0.5302326933344754,False
PIKFYVE,0.0032020033594142854,0.04130239766812938,0.5026399674827473,False
PILRA,0.0039189176506153845,-0.15868028825407482,0.3212214312158444,False
PILRB,-0.0021249169590374997,-0.3794608018018497,0.015981487681810264,True
PIM1,-0.0007345695451875,-0.15243044546707843,0.3947644718625243,False
PIM3,-0.002543954826626316,0.4530162078591422,0.005222972114352153,True
PIN1,0.00018155099878666662,0.01605691796875064,0.8527316073810436,False
PINK1,0.001241643397985,0.21512734013660617,0.00016155655138352064,True
PINX1,-0.0014405262487289653,-0.2530141284924099,0.09338407884100414,False
PION,-0.0032803045188,0.11139658467973197,0.22778363815581631,False
PIP4K2B,0.00625270993237647,-0.08634191092954092,0.27483635084352154,False
PIP4K2C,-0.0007740771658214285,0.05109073582529205,0.4301784825922328,False
PIP5K1A,0.0016248335823411766,-0.004733672248096338,0.9392188746315993,False
PIP5K1C,-0.0011016076389332306,0.16119812667184408,0.08733382061144472,False
PISD,-0.009206421688700001,0.23642618745409863,0.01774460541602471,True
PITPNA,0.01011780516476111,0.23712973084263184,0.06342202698498439,False
PITPNB,0.00044598006424000005,-0.015470353857384801,0.8523638122885302,False
PITPNC1,-0.0019776654394809304,0.3986585709215935,0.005647828568116879,True
PITPNM1,-0.004248877053773684,0.3860883563570389,0.038226625485113935,True
PITPNM2,0.00018989925003644434,0.24636024043416666,0.023021660506016586,True
PITRM1,-0.0005384339604975611,-0.07746009781065794,0.02515884822456267,True
PITX1,-0.010443699020070373,0.1520411372034215,0.30385182104553526,False
PITX2,-0.02137277955290469,-0.2506989753583836,0.015065708772613335,True
PITX3,-0.006024377463204762,-0.0402458697490307,0.7866002208182062,False
PJA2,0.0017912121302082352,-0.22266594427825412,0.049323468772619894,True
PKD1,0.011957732223429347,-0.23177934810804768,0.01642114606739678,True
PKD2,0.003917033144525,-0.004943267423456471,0.9617173447819294,False
PKDCC,0.01262983586163,-0.22687565705373477,0.026620765806860118,True
PKIA,8.458097466250078e-05,-0.19979522514100348,0.01581156980422348,True
PKIG,0.0017159435361249998,0.18560422284801498,0.09217482776305787,False
PKN1,-0.00225045629435,0.11659616136423345,0.10317076744218535,False
PKN2,-2.931749771249996e-05,-0.2683498139933525,0.02050297523252487,True
PKN3,-0.004885112901417142,0.36669914728154357,0.0016472663473465982,True
PKNOX1,0.005479629286273334,-0.289111541037016,0.009268129763935306,True
PKNOX2,0.004300269488788524,-0.12355102767738518,0.11018879909526634,False
PKP1,-0.0029076537541466666,0.43813243145452874,0.014551954245183097,True
PKP2,0.0015543326378214281,-0.21316570259479398,0.050153150641915355,False
PKP4,0.0027987777566023083,0.0817399585984142,0.2540596292887934,False
PLA2G12A,0.001083081841011111,0.29160738035926764,0.02293363420708175,True
PLA2G15,0.0007341765779857143,0.012747609104372094,0.8467002834117648,False
PLA2G16,0.002002232111422,0.02177419252852256,0.7801973848664808,False
PLA2G4C,0.007507867040678571,-0.05398473423783939,0.5463139716704688,False
PLA2G4F,0.011306395297608332,-0.026255545914937898,0.6731431907434604,False
PLA2G6,-0.00041805332956137926,0.045513620057985434,0.6394178625955175,False
PLAA,0.0005235581299999998,-0.06684635222695338,0.4962672674097902,False
PLAC9,-0.0016917316412571426,0.4001394314137318,0.03878062482009662,True
PLAGL1,-0.0016950478389051791,0.1317144085437598,0.22615363003106825,False
PLAGL2,0.00667154483020857,-0.19325894383324901,0.06011128503154131,False
PLAT,-0.0014750049552611113,0.36813198894832344,0.0033717390723188305,True
PLAU,-0.0070462046538785714,0.41238303335686227,0.0010859781963122417,True
PLBD1,0.005655014549638461,0.07048060764545859,0.6117740519051276,False
PLBD2,0.001975854233335714,-0.03746294659516321,0.697308047950143,False
PLCB1,-0.0022034329496454547,-0.3610228640587176,0.029559496435570605,True
PLCB2,-0.008316191176242856,0.009145212195030707,0.9387336735894172,False
PLCB3,0.00013119366701599993,0.2240828620337716,0.007245621306595266,True
PLCD1,0.002712976723309524,0.3260140832122165,0.008889523889727595,True
PLCD3,0.004368700870783333,-0.04374514522040092,0.6257871360214129,False
PLCD4,0.018772835815428573,-0.3637246138006486,0.001076973503594648,True
PLCG1,-0.005285525653242857,0.2229245272084066,0.08458611807248166,False
PLCL1,0.008907499912900001,-0.25894110425416617,0.020463141392145577,True
PLCL2,0.004803332158469629,-0.12410021841396723,0.42768324669954894,False
PLD2,-8.311703679416663e-05,0.2825160684245646,0.09706219588225252,False
PLD3,0.005856795781748276,0.21024468058811135,0.005459453530366278,True
PLEKHA1,-0.0007792247012830769,-0.11948558245059683,0.12787456948041062,False
PLEKHA2,-0.010967005816709091,0.09882288093831484,0.3741100886990908,False
PLEKHA3,-0.00027776328382666686,-0.10943200825841025,0.3367849771510897,False
PLEKHA4,-0.0024918132984716665,0.46886300516009133,0.007307781081090617,True
PLEKHB1,-0.0035683254969814805,0.22930969246699542,0.11524806035363015,False
PLEKHB2,-0.003102729769115384,0.04676804056510023,0.23431095059723397,False
PLEKHF1,0.013620563680117645,-0.13404662422646363,0.22601721998856386,False
PLEKHF2,0.0037126560835,-0.15265195357502062,0.16536196490050484,False
PLEKHG2,-0.0014829436520857142,0.5890912542717088,0.003912748937875644,True
PLEKHG3,-0.008952077547345162,0.11828068297856566,0.354944893219195,False
PLEKHG5,-0.003949419866053879,0.38613616668161477,0.004840111193724641,True
PLEKHH3,-0.0007148026948992856,0.06647973828392019,0.689106228041527,False
PLEKHJ1,-0.0015561989522315794,0.1738188362831287,0.05847052739463436,False
PLEKHM1,-0.0009587132837084616,-0.10175734056382392,0.2944738493742496,False
PLEKHM1P,0.0003799876007909091,-0.0645859714890145,0.5635622170921588,False
PLEKHM2,0.008596591490834101,0.014579673963550442,0.7906752294078441,False
PLEKHO1,0.00021089172233437498,0.039705337036114716,0.744522097822771,False
PLEKHO2,-0.008578869971,0.4591083444022917,0.002153223724514822,True
PLGLB1,0.013426115321,-0.3858902854281293,0.015702233071906078,True
PLIN1,0.006050550023181817,-0.1344733961071108,0.6072772622432552,False
PLIN2,-0.006456512695300001,-0.022658698722097238,0.7177656523952598,False
PLIN3,-0.0006673837866473685,0.11014108286148677,0.04916662350392031,True
PLIN4,0.02795198008475,0.1868940144049531,0.09370094005438999,False
PLIN5,0.0026553982580666668,0.6092066295558412,0.0005426464747559407,True
PLK1S1,0.00016510251042307683,-0.14889929540225294,0.17774714007840722,False
PLK2,-0.0007411991286358823,0.25874247550266305,0.14970455646480582,False
PLK3,-0.0021884889249583336,0.013688182301858177,0.9021641316361233,False
PLN,0.0070230156214999995,-0.39797718087512257,0.02901090726007819,True
PLOD1,-0.0006435770587711766,0.33893239545495674,0.006570049855508722,True
PLOD2,-7.678371010000031e-05,0.020744399127172217,0.8142415694006083,False
PLOD3,-0.0013481436775642855,0.15968270672468482,0.15793157274015043,False
PLRG1,0.00089056125341,0.015813401164772225,0.8702961015022082,False
PLSCR1,0.0007190130093999993,0.06482616478965099,0.566515768822489,False
PLSCR3,-0.0016032069417499992,0.32625802047371266,0.0052482605849689225,True
PLSCR4,0.002609410174208333,0.10767333331356105,0.27192622567474306,False
PLTP,-0.002710960990005263,0.5066475553251162,0.0002583320069892566,True
PLVAP,-0.0104563260184,0.7865591668624067,0.0006303413882639737,True
PLXDC1,0.0024773062178120005,0.2680652668730205,0.24026420643452906,False
PLXDC2,0.0045611408132312115,0.3212669948982137,0.000447508487026202,True
PLXNA1,-0.0018209336597624442,0.14556648350523796,0.23304319530782622,False
PLXNA2,0.007519133807150001,0.07064745599270737,0.45117590085631876,False
PLXNB1,0.0041604081546026085,-0.09669921549154968,0.5360247643542109,False
PLXNB2,0.0023957555388480455,0.2899233747012153,0.02419843422869046,True
PLXNC1,0.002397612514566666,-0.1907022143470691,0.12496739970469922,False
PLXND1,-0.006921401188629268,0.630202382311039,0.0022277560820561752,True
PM20D2,-0.0004563661162888888,-0.18768497056477376,0.09900506621704999,False
PMEPA1,-0.0037206283168619227,0.07378471029529524,0.511736354903751,False
PMF1,0.00433576312670875,0.08271558356809364,0.18809325967437263,False
PMFBP1,-0.002564502312714286,-0.16004417285356098,0.13033475767697525,False
PML,-0.005942141078713226,0.44820552755934956,0.001529740817659014,True
PMM1,-0.0010722148910933334,0.1411938433550298,0.18643388983271353,False
PMM2,0.001213968203668421,0.2549842295375391,0.02025018643851387,True
PMP22,0.0028123129594115155,-0.0763788606937059,0.715357677852045,False
PMPCA,0.0004694558540529413,0.1799291153386113,0.006302217530208509,True
PMPCB,-0.003436306844218182,0.0805424223790065,0.3211146135832865,False
PMS1,0.00039626442096744977,-0.24334075152809548,0.1019937997305825,False
PMS2,0.0006376689751999999,-0.05760407136679087,0.49875545745082017,False
PMS2CL,-0.0008267457959666666,0.002660733307832483,0.9747220470278781,False
PMVK,0.002133334484358823,0.18636637510828144,0.008216183050281533,True
PNKD,-0.0013040221828476192,0.11683905676412723,0.101112357585784,False
PNKP,0.0015386776848076923,0.19923552694286084,0.06509623269275769,False
PNMA1,-0.0036221859476357142,0.13078250861657578,0.21244623750036726,False
PNMT,-0.0015272619449333332,-0.3825028391531124,0.0017256969638128536,True
PNN,-0.00032861682722,-0.4583565554763071,0.1042942391389014,False
PNO1,0.00220937052925,0.07742724270123431,0.3220978098603302,False
PNP,-0.0016584888369272728,0.5046763659066587,0.0020983578315525424,True
PNPLA2,0.003225603026002273,0.35216269654760735,0.007107816532961649,True
PNPLA6,-0.00054560769166025,-0.07572869931924933,0.29057559415758777,False
PNPLA7,0.0016522161135045454,-0.29460889601820484,0.005552738412071745,True
PNPLA8,0.0011471272802818183,-0.2428682352176785,0.05207188540124443,False
PNPO,0.0010320034531833334,0.059963210033442765,0.38908205851494604,False
PNPT1,0.002807620834625,-0.1697790494885397,0.25380906659762054,False
PNRC1,0.001251107862442857,-0.42507789151548037,0.0002176613670979958,True
PNRC2,-0.0010856546291833334,-0.07556553939059783,0.393507057091231,False
PODN,-0.0047280402638772735,0.27104540402343114,0.08445118836884889,False
PODXL,-0.0058659000827210525,0.338932329146485,0.006912341205483879,True
POFUT1,0.0009245689471476924,0.24037265791507637,0.0002042825456494111,True
POFUT2,0.004241142233830953,0.04872464480426741,0.742310502172959,False
POGK,0.0024379904855571437,-0.025446315530986207,0.5495300161822162,False
POGZ,0.0008327316369874999,-0.11602305899598803,0.3026066363243076,False
POLA2,-0.0003390454738015789,0.002484933748712362,0.9866579595842571,False
POLB,-0.0009851479231875,-0.10202865001627316,0.07122515955584806,False
POLD1,0.0010131294591852382,0.22958043147061738,0.03454745116093907,True
POLD2,0.00010249102943999994,0.016565444250323417,0.8771354953413044,False
POLD3,0.002319728653737647,-0.007771642227572933,0.950835044968926,False
POLD4,-0.00017795223712999998,0.34524146184963195,0.013932920197648342,True
POLDIP2,0.0004266133366705882,0.07744305612790946,0.15619804129161755,False
POLDIP3,-0.0004828625255799999,-0.06454541847758742,0.4233070940885184,False
POLE,-0.0027063913346908335,-0.41425782863533817,0.002697073335656268,True
POLE3,0.0015911743301625,-0.039856779584552,0.2952579226970275,False
POLE4,-0.0016597199684272727,0.11418475638584753,0.19462840543107587,False
POLG,-0.0033634534093923535,-0.001065306292265301,0.9845834953488071,False
POLG2,-0.0031297636659555553,0.06376706415688926,0.7045413786036097,False
POLH,0.0008259016973850001,-0.1531303314820027,0.2476643332111661,False
POLI,0.0014807030432800001,-0.1282751395360539,0.42062855949977984,False
POLK,-9.883764890526317e-05,-0.2120608393538281,0.2178662231605497,False
POLL,-0.0008142965457484616,-0.053807074206847515,0.6130013834210826,False
POLM,0.004682924892066667,0.06497662086565568,0.18473957128836002,False
POLR1A,0.0017909781318458822,0.12427825327178091,0.4084845893060629,False
POLR1B,-0.0026812230571111114,0.05482788288917498,0.49962546046022493,False
POLR1C,-0.0010476317966666667,0.18039940295728057,0.06607850282970436,False
POLR1D,0.002890454300557143,0.03378038814170389,0.5962469858098721,False
POLR1E,0.002487717167571429,-0.060745897449749314,0.4825449000575802,False
POLR2A,-0.00010470041099117627,-0.008813410282254757,0.9256322789208643,False
POLR2B,0.00024262836265217386,-0.11442915891425744,0.20211335865997745,False
POLR2C,-0.0036296543767333333,-0.13461075003504985,0.00615671047567132,True
POLR2D,0.0037596114370564713,-0.04682862907455287,0.24845900191041878,False
POLR2E,0.0012174353491882352,0.1380656782631793,0.06725199935291086,False
POLR2F,0.002206784167394444,0.10141269229123,0.2252432213083437,False
POLR2G,0.006992258618972333,0.2255215785231384,0.024721173543297437,True
POLR2H,0.00022913431739999995,0.18193495967209852,0.015552125264867813,True
POLR2I,0.003661886260346667,-0.07260691558271638,0.40496833100934726,False
POLR2J,0.0034933399867,0.04611726991634808,0.48916458363903426,False
POLR2J2,0.0031518836733033335,0.006872237349691567,0.9714876929004064,False
POLR2J3,-0.006393525489,-0.06684331084871213,0.20322900470548613,False
POLR2J4,0.0012575827522383334,-0.05227654203852589,0.3668295926245472,False
POLR2K,0.0011787731996666664,0.03425693371413145,0.5897545616689823,False
POLR2L,-0.0034495739008999996,0.21258864589774126,0.017816741757953215,True
POLR3A,0.0010168391044454545,0.07346305138567556,0.18635781294599388,False
POLR3B,0.0029999935429504162,0.18837968965521598,0.04305699483637141,True
POLR3C,-0.0032844816768893333,0.007911394557608748,0.9253462078378598,False
POLR3D,-0.002739822574228571,0.040080604561037306,0.6461472443166871,False
POLR3E,0.0026826777277666664,-0.08158426859457647,0.33983041271211534,False
POLR3F,0.0006566345895214285,-0.22679186831042344,0.11264568817807966,False
POLR3GL,0.0039557666099,-0.029978655526692644,0.6014684456234308,False
POLR3H,0.005127764897214666,0.19848785337692598,0.006116474755121383,True
POLR3K,2.2996957852846123e-05,0.18882935540129459,0.03608812883056167,True
POLRMT,0.001163901975442857,-0.045563016382196224,0.5851035106687477,False
POM121,0.004130899880532,-0.1444436105792638,0.01649516808032435,True
POM121C,0.0010513671269842305,-0.1979433228782714,0.10938427763217143,False
POMC,-0.005847953856475001,0.06261334897773164,0.5579333757867189,False
POMGNT1,0.0015836778650913633,-0.10986828305580647,0.029222382671078972,True
POMP,0.0006033645737916667,0.07607950210212805,0.3305116185723521,False
POMT1,0.0008884553470000001,-0.34199311328471305,0.013631288406997812,True
POMT2,0.005882335601114399,-0.05318128027493363,0.5538903407658962,False
POMZP3,0.0023346352098888887,-0.04929960907544879,0.4495384919953982,False
PON2,0.001842854967182353,0.11211864131420768,0.3979589463087779,False
POP4,0.004062691475846154,0.18541452243060103,0.0025050254322796493,True
POP5,-0.001965872945472728,0.3202670161400949,0.003939899066073854,True
POP7,0.003687037842771429,0.10910137086191683,0.24580297051916503,False
POPDC2,0.03305925725955556,0.1770442015603491,0.10602309402740506,False
POPDC3,0.0026939456340625556,-0.3018124786827379,0.0026540947846587165,True
POR,0.0029077434710736674,0.13219789193785692,0.15183884364957564,False
POT1,0.00047305594830833356,-0.07490188007321281,0.6093630053122115,False
POTEF,0.0019308633591950005,-0.16160389609766018,0.23375630013959015,False
POU6F1,0.0015751616214714288,-0.03131244111130085,0.7042911140593409,False
PPA1,-0.002381609537054545,0.022254013583978927,0.7684145440845691,False
PPA2,-0.0033166444503785713,0.17779481363774768,0.06252235612550408,False
PPAN,0.0031738867065324067,0.027599714333291277,0.7666734932838055,False
PPAP2A,0.007748073392423999,0.041778830694412156,0.664788024519467,False
PPAP2B,-0.0011181567551307688,0.11171520554101479,0.3249923753985172,False
PPAPDC1B,-0.0010867665127666667,-0.0953496024944037,0.37918716704999567,False
PPAPDC3,0.01963323298325,-0.08371413895108298,0.23672329787166915,False
PPARA,-0.0033964138455400005,0.2596714071238527,0.04828762484844412,True
PPARD,0.003763323850615,0.04183482419652285,0.5492737204981326,False
PPARG,-0.0057194937273047615,0.32436124402612915,0.017138018654169026,True
PPARGC1A,0.013219412178658824,0.275243637705116,0.3171578793610886,False
PPARGC1B,0.0060672678543444445,0.03106191581521167,0.757340729894754,False
PPCDC,-0.0012977414727117645,0.21046537669037574,0.11540616974653266,False
PPCS,-0.0006347313438583332,0.057454498624653544,0.4206683234929326,False
PPDPF,0.0017934533400076923,0.040187052262100516,0.6572980879847894,False
PPFIA1,0.0013455121395990323,-0.11222617607729428,0.1331715348676621,False
PPFIA3,0.0031919205561092684,0.09375170058175263,0.27106999757741324,False
PPFIA4,-0.0029031162162272725,-0.05118682600463608,0.7261920786401966,False
PPFIBP1,-0.0010462352147282354,-0.12185672896796111,0.4266191308759987,False
PPFIBP2,0.007080597369512415,-0.12177853412525973,0.44157047522428516,False
PPHLN1,-0.0006517248074105264,-0.06655579078841045,0.16976773054841007,False
PPIA,-0.0006301673077062502,0.3012046430419746,0.012747166105317963,True
PPIB,-0.001096422378288889,0.5817664776016461,0.0003623123388575093,True
PPIC,-0.001049626046916,0.12334985480744652,0.08274158479085865,False
PPID,0.00020567735846923078,-0.15685614238084022,0.05754872775814027,False
PPIE,0.006365507147750001,0.04853409141195861,0.3740714729039717,False
PPIF,-0.0030583577671858824,0.5216247130637856,0.00035918586090017557,True
PPIG,0.0024584396580384616,-0.2789691911343979,0.24850459372250513,False
PPIH,-0.0009249790950785711,0.06332187947949729,0.36004714673977134,False
PPIL1,0.0053271775547,0.23954231938604267,0.0061788767630366025,True
PPIL2,-0.0009889386495214288,-0.03594312942493039,0.6976785871529297,False
PPIL3,0.002978341424308571,-0.20053885275374547,0.13616657190416745,False
PPIL4,-0.0011773160051354002,-0.0712311256281192,0.5115340252537028,False
PPIL6,0.002358220925183,-0.1237382561870281,0.2302748476972559,False
PPL,0.0022505005008818177,0.10514299724340669,0.24641491892026118,False
PPM1A,0.003629179787378572,-0.020887603862283832,0.7374440972825029,False
PPM1B,0.0031169519012142857,-0.2602993807761749,0.0850778764816103,False
PPM1D,0.003288308287356667,-0.004988433119451377,0.9512943311064616,False
PPM1F,0.002197449471031304,0.3064902332428557,0.009206591588430256,True
PPM1G,0.000560929772973913,-0.010487185002523073,0.8814127906314209,False
PPM1J,0.0035222342776666665,-0.2865368614350034,0.003938157659007707,True
PPM1K,0.00151133151734625,-0.3180376938725158,0.10043139126909698,False
PPM1L,0.005260190915702777,-0.07578084971813238,0.26043957052759253,False
PPM1M,-0.01109771235433846,0.05629434610803274,0.617688599995577,False
PPME1,-0.0005983663522809524,-0.18580130120548902,0.039306930806918154,True
PPOX,0.0013931389581785716,-0.03430056898063723,0.6031355313274498,False
PPP1CA,0.0010895134845155556,0.15218136939484272,0.022987343546815937,True
PPP1CB,0.0017234253751499998,-0.31894727142261475,0.005312606090083294,True
PPP1CC,0.005968012003888666,-0.10959817918258392,0.09262881548397614,False
PPP1R10,0.0036863366858385332,-0.02554330997849329,0.8550763873780312,False
PPP1R11,-0.0004296184521238235,0.05129381955645201,0.35630995190763204,False
PPP1R12A,0.001845960780572222,-0.21398382057252432,0.22054610300357383,False
PPP1R12B,0.005685981377415,-0.029384991421374063,0.7091439649177498,False
PPP1R12C,0.0011111485337157896,0.006411007150534573,0.9172813233408363,False
PPP1R13B,0.0008527629567266666,0.183470361854049,0.02582331392511159,True
PPP1R13L,-0.002012932206997209,-0.0466932496804604,0.5626833870511077,False
PPP1R14A,-0.002586470275046667,0.29660637803878775,0.0425331561305054,True
PPP1R14B,0.0022440083740000003,0.37734633473572843,0.03852871055949063,True
PPP1R14C,0.007152973757989092,-0.017564835843758706,0.8827198552052912,False
PPP1R15A,0.0034023366181818184,-0.1625110824920066,0.2813496585455337,False
PPP1R15B,0.000788960990615,-0.04521730879623658,0.6782611941394934,False
PPP1R16A,0.00462163661325,0.3638478299054544,0.04051494217878883,True
PPP1R16B,-0.005432930681173913,0.45892722810289627,0.0021415240198000064,True
PPP1R1A,-0.00217862524045,-0.1583075218988896,0.12897186092951826,False
PPP1R1C,0.01608935977605714,0.11755719331190928,0.4006197067177636,False
PPP1R2,0.0017329737287916664,-0.448053402593978,9.083686114233514e-05,True
PPP1R2P3,-0.000469563282,-0.2227619742067545,0.04403984231887588,True
PPP1R3A,0.035918512795,-0.3789197733156607,0.14011349277662632,False
PPP1R3B,0.006978571058397143,0.2045438365787925,0.14570055865644652,False
PPP1R3C,0.00998376489745263,-0.07006212688958625,0.7484819165735983,False
PPP1R3D,0.00048591897770000023,0.04336358983622184,0.6752689505100069,False
PPP1R3E,0.001614072888235294,-0.1421804712735498,0.16360785199673022,False
PPP1R7,0.00036755305572999994,0.03222177852161687,0.6488979687328633,False
PPP1R8,0.0014351794490664702,0.047974347312295815,0.5879367361430607,False
PPP1R9A,0.00851985716690606,-0.15119878210591672,0.07527774319635382,False
PPP1R9B,0.00022725584576315782,0.220760396550185,0.2570930528492997,False
PPP2CA,0.005201477389027499,0.0795557145526009,0.5687958139489295,False
PPP2CB,0.006160909268090908,-0.17145480879889963,0.12739743963083608,False
PPP2R1A,0.002002033826535714,0.1844682090751568,0.008520272742700487,True
PPP2R1B,0.002687340151329412,0.034329647703389934,0.8666732609002974,False
PPP2R2A,0.003396225827951999,-0.17788126749137517,0.07606096067275686,False
PPP2R2D,0.0026137749693020836,0.03131733991905428,0.5107085853484464,False
PPP2R3A,0.008054529038241906,-0.3231264179886651,0.011953221533874951,True
PPP2R3C,-0.0010236443555153847,-0.06682872224686594,0.552786325924336,False
PPP2R4,0.0026018773988727272,0.20066345505618755,0.035774558221268446,True
PPP2R5A,0.002095296891161667,-0.5720402704613812,0.057291291741557886,False
PPP2R5B,-0.0013766867380133332,0.14368300485023766,0.05704750999119442,False
PPP2R5C,0.0007055396417598275,-0.0459345932620919,0.16028157642955776,False
PPP2R5D,-0.00221759670574375,0.04104302709317449,0.41218054345306776,False
PPP2R5E,0.0004385954888095238,-0.06853100649020845,0.433345640864099,False
PPP3CA,0.0030898199923124242,-0.29833009041467484,0.014007831865870981,True
PPP3CB,0.001181163025211111,-0.43176075063167274,8.01507423703443e-05,True
PPP3CC,-0.0019522226874642858,-0.023119727728154394,0.807352058095266,False
PPP3R1,0.005509774323429001,-0.31200610265925444,0.0006570252486590417,True
PPP4C,0.0024475415284133336,0.0002619001244598432,0.9980896463487348,False
PPP4R1,0.0029428617055,0.07632685846383107,0.5377863115985988,False
PPP4R2,0.0010994472476764706,-0.15265841463614338,0.2489217151561882,False
PPP5C,-0.0007137915917000002,0.12204757242018022,0.05994332495036249,False
PPP6C,0.0024640819542200002,-0.22844100758344396,0.0006715476582833979,True
PPRC1,-8.456462857058828e-05,0.016547191826946597,0.8784018805039114,False
PPT1,0.00036684973567,0.3478092109896881,0.0004497396876654783,True
PPT2,-0.0010012933747047476,0.02774581666905314,0.6130512550749052,False
PPTC7,0.011309674379407691,0.2864875662250799,0.03497880178074092,True
PPWD1,0.0008843696799428573,-0.22412043788947128,0.11863966023734329,False
PQLC1,-0.0001385945488428568,0.09365408563385115,0.2270508138121445,False
PQLC2,-0.00015570147888136377,0.0892514980769326,0.28121136015584935,False
PQLC3,0.0033429927020647058,-0.03324059410574256,0.7673940806507974,False
PRC1,-5.759853605273682e-05,-0.002786433764377059,0.9819360373304262,False
PRCC,-0.0007875819687705884,-0.14018978886769598,0.03829234405837178,True
PRCP,-0.0028869620994190484,0.68269269881223,1.4662202406580374e-05,True
PRDM10,-0.0003206982714197297,-0.12895405336029078,0.15484586529973993,False
PRDM11,-0.00047516538734857096,0.01789672643795107,0.7745309817347248,False
PRDM15,-0.0002742597705083929,-0.05464664037348899,0.3705653216604645,False
PRDM2,0.001816098779051311,-0.0801566606771881,0.3884200828343658,False
PRDM4,-0.0004953363628199999,-0.13241350523181541,0.12301467438149817,False
PRDX1,0.002078822912682353,-0.03963500885309979,0.6031545617457996,False
PRDX2,0.0011516477369466667,0.32305440519468875,0.0006219784359356524,True
PRDX3,0.0039050825903657145,-0.0026187910209647795,0.9729671541949033,False
PRDX5,0.0024039615637999998,0.20825235024311156,0.0070632499800184914,True
PRDX6,0.0025119435118746663,0.012993880508703093,0.7980181979944443,False
PREB,-0.0012036589511,0.5203040752762962,0.00010304235139422445,True
PRELID1,0.0005410296409425,0.21359825807410351,0.10442948071159912,False
PRELP,0.0028324942538333333,0.1046288928960405,0.4111468212545195,False
PREP,0.009327700787766667,0.06955170809103238,0.34213559451424425,False
PREPL,0.0038419719822188002,0.08182918414920261,0.5782058551060838,False
PREX1,-0.0004898072509769235,0.034557712416016635,0.6958728862584664,False
PRICKLE1,-0.0021366921247857142,0.14532642158869963,0.48374233482762796,False
PRICKLE4,-0.00017280819434000003,0.3137872292956772,0.02980165825770366,True
PRIM1,-0.0010370740204166666,0.0634282160465262,0.47259065802714395,False
PRKAA1,-0.0023415857271666665,-0.16140102631786438,0.2681294108098984,False
PRKAA2,0.000197748870354,-0.419610017967436,0.008604496929574686,True
PRKAB1,0.004003792196503,0.1193467987611628,0.24470221290424993,False
PRKAB2,-0.000986773145871429,-0.12538541945189305,0.16502319633295046,False
PRKACA,0.003242927437559809,-0.008178688285168677,0.8597145266496391,False
PRKACB,0.0018159447690040001,0.1288008732193212,0.1988900615722363,False
PRKAG1,0.011619848323855557,0.09886353722831834,0.08186003666312114,False
PRKAG2,0.002287485642420153,0.5415222336384212,0.08808316489219226,False
PRKAG3,0.029692656493,-0.8052967794792685,0.00022292821914160284,True
PRKAR1A,5.243103917000002e-05,-0.1575043057778478,0.05067838938078895,False
PRKAR1B,0.0031772843943626847,0.2603106984517773,0.004680453635271089,True
PRKAR2A,0.003314779765526667,-0.005001873542488721,0.9362076200735368,False
PRKCA,0.002217022550346173,0.1129237318638312,0.09271362959999518,False
PRKCDBP,-0.019760720554470586,0.49236657141050166,0.003937537153617413,True
PRKCE,-0.0036586110060280773,0.08679991177065795,0.4054067970263108,False
PRKCH,-0.00024668615272999996,0.35062219231171043,0.0018410192487092233,True
PRKCI,-0.00188790650072,0.15273547746612626,0.34427825359869124,False
PRKCQ,0.007377887240499999,-0.13543149659063136,0.21633004805102296,False
PRKCSH,0.002308235494931111,0.06561872561483849,0.23592625970025494,False
PRKD2,-0.004219991917888371,0.2572316448677066,0.10636140263063863,False
PRKD3,0.00577712509,-0.08357052441921545,0.5382330490360026,False
PRKDC,-0.0009644638930346877,-0.07339447521800552,0.3967499215101622,False
PRKG1,0.00021150314734189176,-0.24010958141278066,0.10703389578811663,False
PRKRA,0.0004403965724776087,-0.1359014663326321,0.05605266889879226,False
PRKRIP1,4.2066125367222185e-05,0.025083580284588066,0.7524365535119557,False
PRKRIR,0.003382750941030091,-0.2835644824371586,0.009514871807743904,True
PRMT1,-0.0025906421973640003,0.031758339100888495,0.5782857967120949,False
PRMT10,0.0036511572048,-0.06522838229107612,0.5062278232732127,False
PRMT2,0.0032153445875848265,0.06811420677195455,0.5720554691538833,False
PRMT3,2.798298563750002e-05,0.012377164227642639,0.9053197636330161,False
PRMT5,0.0012370693579076921,-0.16981128286944375,0.04786357197076941,True
PRMT7,0.005426817632758333,-0.15276116516165128,0.04711801080876222,True
PRNP,0.0054955197516615385,0.10131739327865853,0.18145528772963976,False
PROCR,-0.0036535887735384617,0.2698580582574767,0.09609646668607298,False
PRODH,0.006840649350561817,0.7058813559135918,0.04885323218448032,True
PROS1,-0.0011851276483285714,0.3272802943380929,0.016481390525510616,True
PROSAPIP1,0.0027386441568,-0.013341214643565918,0.8895145488018618,False
PROSC,0.0016656960373499998,0.052762949083706226,0.5071820472313846,False
PRPF18,0.0024090197612746667,-0.11949418330548255,0.28347061711635385,False
PRPF19,-0.0015768520174437497,0.012521618169731207,0.8306306080741868,False
PRPF3,0.0005906801511989998,-0.2656563899511385,0.013178806878267675,True
PRPF31,-0.002245799684139474,0.13570940186436006,0.043802055605428325,True
PRPF38A,-0.002433995084084875,0.07716983948681796,0.3548504388942365,False
PRPF38B,5.9009490289375075e-05,-0.31378827227714,0.03098309603920377,True
PRPF39,0.007996528238608332,-0.3189737748205791,0.05459420430606976,False
PRPF4,-0.001491008579375,-0.04296358220302707,0.4085382354362297,False
PRPF40A,0.0008707284872153845,-0.47568255647603164,0.07170522167127763,False
PRPF40B,0.0003913183126636365,-0.01592572064172426,0.8607828191102436,False
PRPF4B,0.003014085971073333,-0.5279499224456562,0.015048733473433747,True
PRPF6,-0.0004633037913874761,-0.025251440255679904,0.5848485514249275,False
PRPF8,0.0012652627216655173,-0.05811745647346706,0.17721850642019746,False
PRPH2,0.015566564326000001,-0.23971738722445404,0.044312681922705176,True
PRPSAP1,0.0016906456031411763,0.02510309263504656,0.6797541510329114,False
PRPSAP2,0.0005597637000235294,-0.06399624737699235,0.4282986628893891,False
PRR12,0.0017718933847608001,-0.011501255754578893,0.7721647316459062,False
PRR13,-0.0005835913238499998,0.16899632231136605,0.226632751792334,False
PRR14,-0.00306356321066875,-0.11689971351648319,0.11069157979455878,False
PRR16,0.00037472285734999994,-0.3078199235815546,0.005774020569633063,True
PRR24,0.0005042069069266666,0.08177170251719347,0.3675164538107425,False
PRR3,-0.00044938014798750006,0.11218926609097499,0.25981755097448456,False
PRR4,0.004157815592592727,-0.027397512339844443,0.8269773243758693,False
PRRC1,-1.1989424746666697e-05,0.17228074860128115,0.1126036304579746,False
PRRT2,-0.0016039105888428571,-0.11580823819306779,0.2808637654687404,False
PRRX1,-0.009648984195373914,-0.04495455422111199,0.5532354423461996,False
PRSS23,0.001808488937909091,0.11736199082813908,0.42445720926659725,False
PRSS42,0.00218296723805625,-0.3601072197204681,0.05294704255391513,False
PRSS45,-0.00533785878125,-0.45365933429580546,0.027880380361734455,True
PRUNE,-0.00020582107381909092,-0.17523470093504506,0.010580288320304646,True
PRX,0.00092256323587,0.13231326742892724,0.5116458497809097,False
PSAP,0.005443056503092856,0.06385585172128555,0.16283480087885377,False
PSEN1,-0.0018558881548384613,-0.0013071912636903882,0.9784746707773936,False
PSEN2,0.003898581894614166,-0.09507062857901305,0.1895989816109329,False
PSENEN,0.0001961021923066667,0.19979898203459454,0.13341240997699333,False
PSG2,-0.002054139879866667,-0.16449679642885318,0.08073470160841333,False
PSIP1,-0.0033199347914111116,-0.25696667239656423,0.08050554922034629,False
PSKH1,0.007268785158611765,0.15838350750211536,0.06348877274966384,False
PSMA1,-0.0002936263444924688,0.011951967787442251,0.8697642399752874,False
PSMA2,0.0005796367527736843,-0.10453005446623263,0.3244964070743648,False
PSMA3,0.002403730654325,-0.012348502651197761,0.7971463710003005,False
PSMA4,0.002595070662038571,-0.08610853242497188,0.15910456586601998,False
PSMA5,-0.0001705826191799998,0.07412027571729327,0.3535042490513266,False
PSMA6,0.0006397740246727273,-0.052754222119175444,0.5073824206020926,False
PSMA7,-0.0017032801415368419,0.09561374651329015,0.1285123308407049,False
PSMB1,0.0016456939303582609,0.054465711203688934,0.39697304195111693,False
PSMB10,0.0036040545939092306,0.10578154861744088,0.32039656391644705,False
PSMB2,-0.00046273256541114297,0.005554756605004727,0.9265937055486005,False
PSMB3,-0.0007796865686,0.18590018223630597,0.0067140685047410685,True
PSMB4,0.0019082323451799998,-0.0013117174535388027,0.9785427087363424,False
PSMB5,0.004364079487683334,0.010108221850869015,0.8572507772555769,False
PSMB6,0.0001493893967230769,-0.0020881104215663237,0.971068737881859,False
PSMB7,0.014058541212074999,0.14224072272581842,0.012573738676274931,True
PSMB8,-0.008760423453496249,0.32236593545491893,0.005661814902221748,True
PSMB9,-0.003296796362313194,0.40961321860323474,0.005453677672652633,True
PSMC1,0.002744843239601429,-0.19826381119339442,0.0032111711876830974,True
PSMC2,0.0043114853285,-0.03609914152395322,0.4726209724499242,False
PSMC3,-0.0014444444658875005,-0.0455348770652825,0.555527359395946,False
PSMC3IP,0.0015472638495583335,0.14384137722824022,0.28624420931433076,False
PSMC4,-0.0009151861261545457,0.10327642708675762,0.09340413952294914,False
PSMC5,0.0016337387216166666,-0.03690646304797865,0.5755379287664142,False
PSMC6,-0.001990098301077778,-0.19950437500331572,0.04892271298682615,True
PSMD1,0.00042119455022631574,-0.007749773648297956,0.8938665714140404,False
PSMD11,-0.0017244509383583335,0.13975637051274878,0.05745049553813704,False
PSMD12,0.0034163351912846153,-0.09346147166286446,0.4894739764988896,False
PSMD13,-0.0009498513137388889,0.17781531541343396,0.0030683668601427833,True
PSMD14,-0.0010903683793117647,0.013145567106959315,0.8437263583829365,False
PSMD2,-0.0014387674045874999,-0.0394697479950831,0.5539919297833344,False
PSMD3,-0.00039559058907692306,-0.014140377947549883,0.8187621509356344,False
PSMD4,0.0035555332655925,-0.048845494377501714,0.3006905791059375,False
PSMD5,0.006982558402428571,0.016960988345114825,0.8027364620120213,False
PSMD6,0.00042640896750555557,-0.038284714007140994,0.4146728073370233,False
PSMD7,0.002683648014264706,-0.057673674706396595,0.2535418256121663,False
PSMD8,0.0029600473218263155,0.14257707797698788,0.1405535478870776,False
PSMD9,0.003711572991766666,0.042559032837243826,0.5228299843127645,False
PSME1,-0.0026893669947086153,0.1842700588831958,0.023357121759725423,True
PSME2,0.00046963546242941175,0.34939071683284567,0.0004172461464247724,True
PSME3,-0.0008657141604093333,0.15640098290326268,0.050396874809097145,False
PSME4,0.0014920998965264284,-0.21569570659919945,0.032729161061646986,True
PSMF1,0.0017971577945478257,0.3031653958156033,0.0007260550770669025,True
PSMG1,0.0009456603662866665,-0.22216692578633362,0.031688034927264866,True
PSMG2,-0.0026825953308411764,-0.018891627323788986,0.7888250662058449,False
PSMG3,0.007992201971826315,0.06327191720322692,0.6788521451974046,False
PSMG4,0.0031957249216746156,0.025167803525754942,0.7431190227784703,False
PSPC1,0.0018299810757599997,-0.13603812747639174,0.035993412724682004,True
PSPH,0.0009421710875608696,-0.057741326533445596,0.6987454742694379,False
PSTK,-0.0019278280801199997,-0.17082949877600961,0.14726097814626254,False
PSTPIP2,-9.03595229333332e-05,-0.5071632795762757,0.0009283388767067582,True
PTAR1,0.00223717646425,-0.04159938081346686,0.7517342461015155,False
PTBP1,0.0028432372795181814,0.13409763057594962,0.08771390650330067,False
PTBP2,-5.60417492000002e-05,-0.28351940706574863,0.05487921830598647,False
PTCD1,-0.000387122856156,0.10520365610889336,0.1708546215601099,False
PTCD2,-0.0012127690679770587,0.23724536954569259,0.04601211993533746,True
PTCD3,0.003281636731037778,0.20499103892927348,0.11362353836607615,False
PTCH1,-0.00019548029110225812,0.05229437708196898,0.7374506068803601,False
PTDSS1,0.005752606429210714,0.2838349894782013,0.00787597358435816,True
PTDSS2,0.0011000695903718748,-0.11369658975859766,0.2384919998434249,False
PTEN,-0.002854512180915893,0.18275805369453335,0.1955039482030726,False
PTER,0.0006791737344666667,-0.04663885418092318,0.6909341110854073,False
PTGDS,0.004954030469111111,0.6267013127815334,0.011288274327603275,True
PTGER4,-0.0012292075323809522,0.053240314444290296,0.6032961876808123,False
PTGES2,0.0015625150024910002,0.3772269230286121,0.0002867024721451365,True
PTGES3,-0.0029260980486928573,-0.17103378146902165,0.07343269276533637,False
PTGFRN,0.003021431033002187,0.28413920358517814,0.05239793479235419,False
PTGR1,-0.007640621527938749,0.5313346128875098,0.0002066450311770696,True
PTGR2,-0.0006998303814076923,0.061175174971522986,0.5475202974601507,False
PTH1R,-0.0008438808517081816,-0.10983847961300999,0.25660620099335163,False
PTK2,-0.001611062241729697,0.13059438089047096,0.14133672830362515,False
PTK2B,-0.0002795322185543478,-0.01831645900174991,0.8351975703253515,False
PTMA,0.0006984604211835296,0.12431497014996831,0.12418415872611811,False
PTMS,-0.0021210006281250004,0.47667348624525485,0.00864888650711105,True
PTOV1,0.003803926910825,-0.08332136888069924,0.06386505885788157,False
PTP4A1,-0.00027353949701444436,-0.09778504066353987,0.3331115097566778,False
PTP4A2,-0.0007465147389000001,-0.2550523253306348,0.000607047982317027,True
PTP4A3,0.005248269075517242,0.06567421867538452,0.45028949455155476,False
PTPDC1,-0.0035774935308,0.15342866831784718,0.03490372599837784,True
PTPLA,-0.0005793458158727277,-0.1322140795657606,0.29768275226290675,False
PTPLAD1,0.0014167836222950003,0.027739871390446345,0.7300364734645981,False
PTPLB,-0.00029302306345499994,-0.01295276326310978,0.918966968311085,False
PTPMT1,0.005314325691854546,0.24955749423740176,0.011427018948412401,True
PTPN1,0.0030074081111592303,0.06905213950794963,0.2891117984879919,False
PTPN11,-0.0006398579965714286,-0.29735696007456025,0.02970559284467111,True
PTPN12,0.0024803532223690913,-0.053078273513549726,0.7004446970899725,False
PTPN14,0.002348865635788889,0.1570044589882247,0.19595197727660443,False
PTPN18,0.00042599228321000003,0.04493386175296827,0.4519205693305449,False
PTPN2,-0.0002829522044583331,-0.16014283221284217,0.23757233655803997,False
PTPN20A,0.0036625383326250004,0.1673176696290971,0.09363666557039854,False
PTPN20B,0.0036625383326250004,0.08730114170129837,0.28356770947274473,False
PTPN21,0.00014088161278148127,-0.16966665013364454,0.05006217579320824,False
PTPN23,0.0075288127576677265,0.019277486774505883,0.792133810420115,False
PTPN3,-0.002974206693,-0.03338247932148886,0.7337659913844996,False
PTPN4,0.005661341784322726,-0.01921736235420761,0.7586196246821251,False
PTPN6,-0.010477654748818184,0.291781714340484,0.056657557607672424,False
PTPN9,0.00019837477762909078,0.07006434872950905,0.6448466060902942,False
PTPRA,-2.073990395666664e-05,0.15117825055891118,0.07362604290207667,False
PTPRB,-0.0085771511165045,0.40052841388176963,0.0149067088667214,True
PTPRG,0.0040790671040216945,0.07051956992389384,0.41227432673991393,False
PTPRM,0.0011353784218916664,0.033864309233042664,0.6735074790118274,False
PTPRS,0.0027624068431764052,-0.01842103978117684,0.8409774611132429,False
PTPRU,-0.0032507363301578383,0.1639576921755212,0.0850476679455073,False
PTRF,-0.005095993105684,0.3220651675384598,0.008309605057980854,True
PTRH1,-0.0010459942356,0.20472538163223417,0.160886483822753,False
PTRH2,-0.0014109737603715882,0.07316910661217711,0.41383689753245545,False
PTS,-0.0007335418303199998,-0.04649017599755927,0.6327533261208041,False
PTTG1IP,-8.45044671177801e-06,0.45061048173653373,0.0007131802731853513,True
PUF60,0.002011109807099565,0.08869657412057758,0.2834582397402538,False
PUM1,0.004479537610918974,-0.15619633524023985,0.06373875870709605,False
PUM2,0.00917048514475,-0.00033979765538411593,0.9975109360417118,False
PURA,0.0025682518518769237,-0.10942766482784191,0.16149114341328968,False
PURB,0.0051883322534375,-0.04307951720175662,0.5735257839213677,False
PUS1,0.0003095392934200002,0.09090019849894296,0.39963228525449546,False
PUS3,0.0006774293173129412,-0.1310183821839186,0.2895333880377918,False
PUS7,-0.0017180934722305881,-0.2252650290294478,0.1243067032904447,False
PUSL1,0.0009057707557500001,0.02917093129303917,0.698179177547968,False
PVALB,0.005209552506115386,0.1925539103580426,0.7084297804190666,False
PVR,0.007223776354893751,-0.09379385637274233,0.28702036131710634,False
PVRIG,0.006991037910799999,-0.33642497104288116,0.11402342730095727,False
PVRL2,0.0015540371092,0.21428331717716328,0.263733843176046,False
PWP1,-0.0005434477118307688,-0.033290726549946144,0.525891271836964,False
PWP2,0.0013748324325833332,-0.004872061295090849,0.9512284279976557,False
PWWP2A,0.000944426274638667,-0.2654738140246474,0.02556105528604263,True
PWWP2B,-0.002201938230678948,0.002989427927999772,0.9701284762562744,False
PXDN,0.0071060273203988125,0.8917720680508837,0.0001698229760984419,True
PXK,-0.002426826887603182,0.009431383599036967,0.9299962224774179,False
PXMP2,-0.0016694928765306667,0.08949454309295767,0.3674214817739634,False
PXMP4,0.0025614185654642854,0.14099350431241717,0.03410440387584093,True
PXN,0.0018536548699111107,-0.26697704983474807,0.004826763816384887,True
PYCR1,-0.000377759167425,-0.09225568745832473,0.7101008482054005,False
PYCR2,-0.0010213590561,0.1609008270529131,0.014109271502073901,True
PYGB,0.007406763684125,0.28677036570119907,0.009239356035023088,True
PYGL,-0.003836305533292857,0.13013900203844256,0.29532645890110915,False
PYGM,0.022736577210235295,-0.19596757731598802,0.01893937270415673,True
PYGO1,0.007167366421470589,-0.4054809693691636,0.005930085347727177,True
PYGO2,0.008352564198307273,0.10913545251880516,0.1279520190721925,False
PYROXD1,0.003175730697263637,-0.3599542949832406,0.030832459591199974,True
PYROXD2,0.004501465743356956,0.36980678166329783,0.012300043529797952,True
PZP,0.0010418935838500004,0.370752303521123,0.011257225235609765,True
QARS,0.005460682437989167,0.15451211082696437,0.02971026086066744,True
QDPR,-0.0002325990023664288,0.10422053880798748,0.1493557124465615,False
QKI,0.009465536862516,-0.0020187221444726592,0.9859979057639183,False
QPRT,0.00935872780329091,0.2710439541217852,0.017675681180650982,True
QRICH1,0.0016264862321238097,-0.16465909953300428,0.03749491832534343,True
QRSL1,-0.0019754767075769227,0.17555098155091828,0.006978037522222258,True
QSER1,0.002397482255177059,0.0003091052578037192,0.9975645778065809,False
QSOX1,0.0015751936893196156,0.13273542687355813,0.32163502094331237,False
QTRT1,-0.001130963981988235,-0.1590318181519616,0.18068304939698188,False
QTRTD1,-0.0021523229409446667,-0.12177510895803118,0.3054459296667531,False
R3HCC1,-0.0023896337176119997,-0.056202629847012874,0.34506977343230627,False
R3HDM1,0.0004177804192852379,-0.358177850632868,0.0076399166080185,True
R3HDM2,0.008972835505133333,-0.008985512478452867,0.9307808967685742,False
RAB10,0.0024302018587,-0.23589514794300592,0.009633085786720971,True
RAB11A,0.00034188450281606253,0.18107170282942145,0.06449165862940824,False
RAB11B,0.002416884858206,0.30400098471509196,0.0007133203539238102,True
RAB11FIP1,0.00014998047263076934,-0.14525142640676028,0.04095163589933502,True
RAB11FIP2,0.0001717680418884617,-0.13106786946801563,0.186418075332434,False
RAB11FIP3,0.004018531638792941,-0.03173598643209553,0.6976924440517269,False
RAB11FIP5,0.004686958465131765,0.05918485519808369,0.5168060723484839,False
RAB12,-0.0014303417207444443,-0.4093432734139761,0.00013709015237702645,True
RAB13,-0.0009688296358600001,0.27496746514933634,0.026824666555081117,True
RAB14,-0.0037516040322,0.03613908416905678,0.5865782275874107,False
RAB15,-0.0034081567747071425,-0.055388695572957045,0.7155971900004905,False
RAB18,0.00138923082090625,0.0570512396183723,0.55817788428367,False
RAB1A,0.0016761221250499998,0.1011695868232222,0.21621452989914233,False
RAB1B,0.0005312053739473016,-0.022436759489967786,0.7358062332882872,False
RAB21,0.004289867197838461,-0.23052194402532944,0.06180397625938277,False
RAB23,-0.0018749791347846155,-0.10511133341078999,0.3307757995381351,False
RAB24,0.0024053106122539996,0.050007202375033005,0.49897967666984056,False
RAB28,0.002159661252457143,0.016744501323823578,0.8850996721263995,False
RAB2A,0.0006117185849428577,-0.21071329909531714,0.03503569008938522,True
RAB2B,0.002098463182186316,0.10953488724817234,0.19901126207026984,False
RAB30,0.0022600162835000005,0.05554142395646719,0.6870895062496416,False
RAB31,-0.0028691594230733338,0.21997238479963385,0.01728461694487223,True
RAB32,-0.0006822340366225998,0.21139733615204664,0.032363981183348,True
RAB33B,0.0008715715459846154,-0.007597856264836858,0.9311327384302809,False
RAB34,0.0002775751622588234,0.23071333005781058,0.12094921283466939,False
RAB35,0.0019296887511884614,0.19941954462595293,0.2380858160847944,False
RAB3A,0.0025415979649411765,0.30380680784447606,0.010550477143786341,True
RAB3GAP1,0.0033379838095909096,-0.087731695007459,0.247712826323228,False
RAB3GAP2,0.0020516722707196225,-0.06392290137900458,0.5379146718380949,False
RAB3IL1,-0.003252037105518182,0.39974493061408545,0.04155038933880689,True
RAB3IP,-0.0011703410199411766,-0.14807622032074497,0.22077785968878855,False
RAB40B,0.0008787701293522221,-0.05737202395858394,0.5408716358452266,False
RAB40C,0.0022132020951874005,-0.05713537370065813,0.4385490925661242,False
RAB4A,0.0022435979351166663,-0.034468461436099336,0.6777301317304073,False
RAB4B,0.0008547535399960002,0.2788059001150183,0.03290938540663348,True
RAB5A,0.0034089356333066663,-0.06643001614181046,0.3205034453249235,False
RAB5B,0.00037719041090714285,0.12500893630998824,0.029952817411905527,True
RAB5C,-0.004485856881305555,0.23522993606996703,0.03531943065970085,True
RAB6A,-0.00012057036419999996,-0.09840575078340236,0.14292816295153585,False
RAB7A,0.0017426601795764705,0.0433174851909794,0.6384458435317741,False
RAB7L1,-0.001943468636871429,-0.06206812308653544,0.4978359721836809,False
RAB8A,0.0013663857531642858,0.1437569361532295,0.4730137190984748,False
RABAC1,0.00046208519081999993,0.10295121981006729,0.38100236330812365,False
RABEP1,0.0018439685066133334,-0.25685134189597836,0.032778566498765434,True
RABEP2,-0.0001324641194894446,0.4580998783203949,0.0006445484999862487,True
RABEPK,-0.006902291904666665,-0.026687028626190715,0.732896105348798,False
RABGAP1,0.00304274596837,-0.2646889610974742,0.005161726674793238,True
RABGAP1L,-0.0009347641360968749,0.24578841574578456,0.060092556658635055,False
RABGEF1,0.00038344657153333353,-0.18556682709841973,0.16215842149052473,False
RABGGTA,-0.0005229111910818182,-0.016978572795532318,0.8387528976234686,False
RABGGTB,0.001195524232730769,-0.12115136194963268,0.2530183037786349,False
RABIF,0.0012428838123388236,0.2310129616020985,0.00989875157745228,True
RABL2A,0.001287718390472,-0.18573013225275659,0.19511298501201613,False
RABL2B,0.002841908340215384,-0.20260399144483002,0.08869182680284349,False
RABL3,0.0008084219051375,-0.22771571208223376,0.0450244724426827,True
RABL5,0.0010958309477280008,-0.06542734832384864,0.4227940458044296,False
RAC1,-0.0005258249321,-0.13477723405955092,0.028082533279438705,True
RACGAP1,0.0024137664127133335,0.010195577091763542,0.9278269671762011,False
RAD1,0.0006295269332666666,-0.2569617638355559,0.012905903490126713,True
RAD17,0.0036020195952318184,-0.18197747507794707,0.15887022191434377,False
RAD21,0.0015058002989315792,-0.19613378597310316,0.06678696920624438,False
RAD23A,0.0007153977099909087,-0.14414503627998052,0.04635127635621546,True
RAD23B,0.00033769079252,-0.18176968316499365,0.01318065927135366,True
RAD50,0.0015328471364271425,-0.14116837963419607,0.41325720067534755,False
RAD51C,0.0014595391607357146,0.035141644661196576,0.6943635719626693,False
RAD52,-0.00047696065728166666,-0.3573293113581043,0.02559242715961349,True
RAD54L2,0.0034026060345545453,-0.08642224731978011,0.37323276159039853,False
RAD9A,0.0009767375333266666,0.20289027117251524,0.025732646748814342,True
RAE1,0.0030912470039786673,-0.03206901770977948,0.6329998793353524,False
RAF1,0.0029877973542409516,-0.2240946741014772,4.852095793719438e-05,True
RAI1,0.0008808740547854166,0.10690509977769112,0.41049301235964064,False
RALA,0.0009613480727466667,0.09686228056834417,0.11806932657877209,False
RALB,0.0007042489775190479,0.3069550233937603,0.007311991053193428,True
RALBP1,-0.0026863797233600004,-0.14562187706586355,0.03474452047674602,True
RALGAPA1,0.002973940840645,-0.2842196371402246,0.0015392219261709328,True
RALGAPA2,-0.0029010817221578945,0.15531519516854297,0.17261833448057995,False
RALGAPB,-0.0009566616835944446,0.11624942870163762,0.1836091755822286,False
RALGDS,-0.0012870700204703706,0.013114375651550199,0.8717676421813956,False
RALGPS1,-0.00044741401119999995,0.23315678891604497,0.04022540716466614,True
RALY,0.011145086640222221,0.22655397594046137,0.005127260903753178,True
RAMP1,0.006923626900681852,0.16193642803582547,0.06047879073027789,False
RAMP2,-0.0106767925797,0.5434254236078156,0.003656286881856789,True
RAMP3,-0.00256809806908,0.10164396944543129,0.32363857057763157,False
RAN,-0.002610748904861538,0.07224902339552962,0.18424687431891562,False
RANBP1,0.0024134955031421055,0.03344435277393072,0.7005698764779218,False
RANBP10,0.001868946650509091,-0.0350741309596253,0.6431913988013339,False
RANBP2,0.0007831027460666666,-0.12215744412274067,0.29392477213163387,False
RANBP3,0.00350245444121875,-0.10409555161160461,0.21284611355350327,False
RANBP6,0.0037722774085499995,-0.04747435956468194,0.5770431360693933,False
RANBP9,0.00040402950252000004,-0.329267249022979,0.0031095675188726594,True
RANGAP1,7.928982796062497e-05,-0.0078101169385004325,0.8723296112993437,False
RANGRF,0.0009751063277133335,0.11906792712832254,0.13126450208156332,False
RAP1A,-0.0002916253639733327,-0.10010644255100369,0.25002656639116994,False
RAP1B,-0.00018445038768999988,0.09941372844934714,0.4347965595213845,False
RAP1GDS1,-3.785935788749989e-05,-0.0235421612121927,0.812532278713628,False
RAP2A,0.002066498334065,-0.05063013075791853,0.5973513577241852,False
RAPGEF1,-0.0032502895133150003,-0.13328998519469895,0.041179568727089805,True
RAPGEF2,0.002704622531163637,0.3745141741690831,0.011305446959423747,True
RAPGEF3,-0.002441464525485714,0.09954625480408996,0.5507192603993033,False
RAPGEF5,0.001033790667586363,0.6004922639524094,0.0001542694185027812,True
RAPGEFL1,-0.011685935544561111,-0.41490441239921627,0.003123822034514362,True
RAPH1,-0.003208519566276923,0.07342989783788037,0.38933351278242767,False
RAPSN,0.0223722296392,-0.005691003342547079,0.9287858311359158,False
RARA,0.0011060744815392155,-0.041568627936630076,0.8128864951954508,False
RARG,-0.004223017972279653,0.27503273105951104,0.06252732248887294,False
RARRES2,-0.00032476024724545425,0.3533322980912763,0.0499647645468631,True
RARRES3,0.0026266975916333334,0.08063736678940513,0.39158999669649286,False
RARS,0.00028551927967999995,0.006326911792454764,0.9198826456215874,False
RARS2,0.000768409791792857,-0.11896614378435011,0.17449956648618759,False
RASA1,0.0036794957403888887,-0.10127454589296882,0.3162287868462345,False
RASA3,0.003791146535155124,-0.028451607010395872,0.7098585894380027,False
RASA4,-0.0009859163958,-0.24737864675369406,0.019630434406238222,True
RASAL2,0.0017765064706034136,0.10244251928007962,0.19143233366281906,False
RASD1,0.0003674654832616668,-0.18069588377629567,0.3798069195245741,False
RASD2,-0.006936663494578947,0.09412580035798919,0.3208329800322839,False
RASGRF2,-0.0007812535958387877,0.2479072336800633,0.02925349822277238,True
RASGRP2,0.0002618656186213793,0.2444227225616242,0.05229235561310222,False
RASGRP3,0.0038371485117670422,0.044561017939465035,0.5950906259371532,False
RASIP1,0.0011605499545062964,0.4072188489687775,0.017097902060152704,True
RASL10B,0.004493142883425001,-0.21415028953770324,0.04600600012874305,True
RASL12,-0.0079655900144,0.10346827142087388,0.09213827869707539,False
RASSF1,-0.007867450102666667,0.04607104266267987,0.5374018397286724,False
RASSF3,0.0006390067666899999,-0.09253666619386293,0.3529633001809497,False
RASSF4,0.004435441976086488,0.08217895045423086,0.4673835701529431,False
RASSF8,0.005137292358337037,-0.23947361941117534,0.03906315435322151,True
RAVER1,0.007547029708063888,0.06920555141660815,0.4414052040581785,False
RAVER2,4.434892069999999e-05,-0.09659147211427549,0.24967182204211766,False
RB1,0.0007228477755587718,-0.11777436451232358,0.2557683530137391,False
RB1CC1,0.002528171677842105,-0.5090472984241834,0.03487839307563413,True
RBAK,-0.00027377256901428576,-0.17515133992479126,0.19982175024132623,False
RBBP4,-0.0009944597312,0.08431179125230871,0.261258879715737,False
RBBP5,0.003500787957166667,0.05164317691386865,0.47603681746947024,False
RBBP6,0.0002309563997769233,-0.27240090462151745,0.017662022533750765,True
RBBP9,0.0003210219973449996,0.10361886442273982,0.23758807206407948,False
RBCK1,0.006952935876544446,0.1528962159238737,0.06903571827047351,False
RBKS,0.003577594100105384,-0.11121243057770763,0.13177986211235357,False
RBL1,0.0033999999382411765,0.0957756928934475,0.27981350536620336,False
RBL2,-0.0029660801649766667,-0.18488470072044033,0.08467680291669563,False
RBM12,-0.00045527714985624994,0.06320734033598224,0.46023979423518224,False
RBM12B,0.0063958973665869555,-0.0898913576018643,0.3837893515421369,False
RBM14,0.0005825247840555556,-0.29430624275564354,0.0018245699501255746,True
RBM15B,0.001587900876339375,0.17026198592361988,0.00281553202108976,True
RBM17,0.006308998835969233,-0.11028097873828707,0.0390962131535366,True
RBM18,0.00030749924549166685,-0.10230649870933033,0.22176312022832698,False
RBM19,0.004130334031424285,0.05296975436740003,0.36879998890912835,False
RBM20,-0.0037822279137468082,-0.15170271927199214,0.3260091286068353,False
RBM22,0.0022733006402,-0.08893820603502389,0.31793772014626964,False
RBM23,-0.0008813040796941175,-0.011591999538056653,0.8690936480464597,False
RBM24,0.00741292083868826,-0.2877935504451494,0.027314687624964293,True
RBM25,0.0019044190921474998,-0.20864618268378277,0.24338958073654116,False
RBM26,-0.0017707253598312502,-0.266218938492427,0.08439734208523365,False
RBM27,-0.0048934574056875,-0.12530045755083677,0.2315609768901285,False
RBM28,0.002753030071016667,-0.2347586885964411,0.10310672958068656,False
RBM33,-0.0032489432716988893,-0.3616815467715514,0.005155586492796268,True
RBM34,0.0032119338237942855,-0.18453549625087098,0.19435688015217442,False
RBM38,0.004619528653843478,-0.15313050865522257,0.053346278428894923,False
RBM39,0.001039191365682941,-0.34101674393895115,0.03496872234729986,True
RBM4,0.00446108246005625,0.11447611681124217,0.4666754646143584,False
RBM42,0.0002995673783823529,0.026260378067786503,0.6168230002751076,False
RBM45,0.0010554240586907694,0.2962403439195844,0.017138629620369335,True
RBM4B,0.0035127414221610004,-0.21325880886351303,0.008189876393512915,True
RBM5,0.0011108229034147825,-0.10254676821826468,0.3878107131350026,False
RBM6,0.0015561302812882353,-0.25013468905121483,0.1235219601360137,False
RBM7,0.00018009214658461532,-0.06890449288345399,0.44695897168386356,False
RBM8A,0.0009551801786714285,-0.09651590289746731,0.17478746706131087,False
RBMS1,-0.001727294834113793,0.048106092037414665,0.6412827705322524,False
RBMS2,0.0005918432012254543,0.301567970655584,0.005993641079841213,True
RBMS3,0.007959164702963888,-0.09341844025517153,0.38940400579079604,False
RBMXL1,0.0013418553338352941,-0.08081182782068828,0.49840680422623773,False
RBP1,-0.0033743053359853842,0.7684396887123043,0.0003464433566258267,True
RBP7,-0.0007086449348653334,0.5268368715302838,0.0016603477013396564,True
RBPJ,0.0022558093559794114,-0.1120660735997408,0.2844443547691585,False
RBPMS,0.0022627697374132073,0.3656870438443407,0.000666475690200906,True
RBPMS2,-0.0012903476604994735,0.1537154284425752,0.0802273850367922,False
RBX1,0.0016586092342666667,0.026327897703714968,0.7508102234556038,False
RC3H1,-0.000912040225325,-0.16511611754576305,0.15599214533748798,False
RC3H2,0.0032335782602750003,0.2522616465992462,0.1507649062202469,False
RCAN1,0.0014662927833714293,-0.116964073127675,0.4665315842527681,False
RCAN2,0.01522938004387889,-0.021079703380578397,0.8289023044535041,False
RCBTB1,0.00038490045198823523,0.04609440353490347,0.6223729661055701,False
RCBTB2,0.0037064771025264705,-0.009665739034178899,0.9348636456508426,False
RCC1,0.0024709693006809523,-0.045469479872291746,0.3636008532021896,False
RCC2,-1.663365890754728e-05,0.23765298568627416,0.0011175081482276699,True
RCCD1,0.003718328873963158,-0.01662739405705887,0.8534585645121363,False
RCE1,0.0009747485037727273,0.0030539180124361924,0.9694648514905663,False
RCHY1,0.0034357583858025,-0.06087049522384365,0.6027860688383331,False
RCL1,0.011245110400103637,0.13359108293103514,0.2024722898533779,False
RCN1,0.0008343381869992857,0.03459085131791883,0.7366717205886144,False
RCN2,-0.0034527831863999992,-0.07605855731871726,0.37953629176101455,False
RCN3,0.0009699847704166668,0.3300868633935145,0.014506083058249335,True
RCOR1,0.0033702279912772005,-0.22894584257788295,0.05033573484268489,False
RCOR3,0.0008917625991555554,-0.12197031709346637,0.27601178528719783,False
RCSD1,-0.005075266115563158,-0.11507532704709021,0.037930255533509045,True
RDH10,0.0029344769642000003,-0.23760497503901476,0.13102206196493504,False
RDH11,-0.0001965950231545456,0.1668273545462224,0.14046208721779532,False
RDH13,0.0018536598244157899,0.18819447192177982,0.04111061503095687,True
RDH14,0.00277853540833,-0.18529684826418613,0.0017706306041082053,True
RDH5,0.0280111461125,-0.1324746626176786,0.3751475270139728,False
RDX,0.0003793778174959092,-0.22588012195377735,0.13766670773677342,False
REC8,0.0126119108115125,-0.03690191524864752,0.7981786716232084,False
RECQL,0.00040094167953571446,-0.16808577831843993,0.23851572405130103,False
RECQL5,0.0020699359981984702,-0.009938472438900609,0.933544433526962,False
REEP1,-3.358709755454542e-05,-0.17242885302814007,0.18226326662541323,False
REEP2,-0.00144572520677,0.045443715039820747,0.6329627197915507,False
REEP3,0.006599646437568751,-0.1271714655823388,0.08734462329665821,False
REEP4,-0.0017416266305033332,0.23535717324370117,0.02970494697990476,True
REEP5,-0.002068677459414286,-0.16543058914029693,0.02089609916225173,True
RELA,-0.00096198273736875,-0.1606040961734521,0.18144741844506965,False
RELB,-0.00030562129570590926,-0.030717155805009725,0.8606359112522483,False
RELL1,-6.681829104652202e-05,0.14618405739241783,0.17287370829790588,False
RELT,0.005678641496526875,-0.1419203471215985,0.21307415179700004,False
REM1,0.0010177192566158825,0.24541242298440877,0.08720373824671566,False
REPIN1,0.004575025452245,0.009029188829318115,0.8876572708304953,False
REPS1,5.385448788823521e-05,0.032388431170856984,0.7613536699069815,False
RER1,0.003635128865180262,0.05047360848128965,0.45373213098809007,False
RERE,0.00511744049113809,-0.026906750894412423,0.7505569583657302,False
RERG,-0.0022556275255000004,-0.053516084110188086,0.5728572221212129,False
RERGL,0.008446776374666667,0.2747102604744452,0.16546200470267483,False
REST,-0.0010991803524186662,-0.08955819433374823,0.3493583128747404,False
RET,-1.3690068471874884e-05,0.049447395778275616,0.6413982603471345,False
RETSAT,-0.0011952976765500002,0.5139391105803056,0.0003383650907075322,True
REV1,0.003956406007061999,-0.14660771315156496,0.251827539279844,False
REV3L,0.004147547762799999,-0.2572317564317429,0.10986843929064406,False
REXO1,0.002068485571681941,0.044788755969473494,0.8342516217071584,False
REXO2,0.003181709773604167,0.15056199846492263,0.14973813997137875,False
REXO4,-0.0011172718482166666,0.012376695584814195,0.7741925274792978,False
RFC1,0.0020812982810583334,-0.1333797831157286,0.3240124793843142,False
RFC2,0.002720362094052941,0.046324585502819995,0.5457953617466019,False
RFC4,-0.00023554532703388878,-0.02251816016650222,0.8565588759134085,False
RFC5,5.839203773333329e-05,0.009522729166578219,0.936578405425929,False
RFESD,0.0010693232200353338,0.03859383235878302,0.7897809222229561,False
RFFL,-0.0027791729940117647,-0.06372951945169021,0.5056810950232173,False
RFK,-0.0027152922454714286,-0.020409705074424543,0.7632246471313924,False
RFNG,0.0062601547269636355,-0.1110598471936041,0.32555901063169734,False
RFT1,-0.002446049291571429,0.15957326033892852,0.06479191783472922,False
RFTN1,0.0008271676192300001,0.565920307807534,1.5521487051560317e-05,True
RFWD2,0.0017986103135473688,0.041922368826816776,0.5680334176662626,False
RFX1,-0.005109051776736551,-0.14200206271810892,0.08583819145449338,False
RFX5,-0.0009095638074909089,0.027084875299027974,0.8244544388962229,False
RFX7,0.0025698854296187503,-0.0936401426823175,0.41343586470623017,False
RFXANK,0.00020984434536666695,0.18264421728692187,0.01358360421377946,True
RFXAP,0.0019607865690687504,-0.058326487939853844,0.4124421514518807,False
RGL2,0.0003122762474433028,0.1583026942216714,0.02508643321296711,True
RGL3,0.0032175924147487506,-0.12724215737517677,0.39416555499516637,False
RGL4,0.0019905793551625002,-0.019717490715876605,0.7197676515510554,False
RGMA,0.0070791374878630565,-0.13194071408136002,0.04327153052472596,True
RGMB,0.004736477937325714,-0.17602433123400987,0.0998299613021284,False
RGP1,0.00489971662414,0.17088168366160544,0.05302973349482785,False
RGPD5,0.0007800312802833335,-0.22886277307722763,0.25922821477535973,False
RGS10,-0.0019097807794760003,-0.028680368550948545,0.8723970475180094,False
RGS12,-0.0017913536428117187,0.2837480263346101,0.042457006625794096,True
RGS14,0.000533327949242858,0.2215528818615251,0.14274889519755635,False
RGS3,-0.007457150666412381,0.27564085641455316,0.025626780571051538,True
RGS5,-0.0073212472166249995,0.353773153152541,0.041315670924597675,True
RGS9BP,0.000683665996502,-0.18573101190532268,0.15144120185862942,False
RHBDD1,0.0037218283051235284,0.1229376324572451,0.36471930835893895,False
RHBDD2,-0.0036718468538133333,0.034068767710352166,0.7323217017514188,False
RHBDD3,0.0016798326898449997,0.11910341648014104,0.14775880207874614,False
RHBDF1,0.0002514575058030436,-0.10694987206351515,0.4876082794815,False
RHBDF2,0.0026410293211921875,0.29756516311953474,0.06314779803098503,False
RHEB,0.0005966629079000002,0.10663460637960777,0.0931854951836626,False
RHOA,0.00028733712968590907,-0.05530095187753379,0.4619730345350058,False
RHOB,-0.0020146372907875,0.31146888891397556,0.02755019791002973,True
RHOBTB1,0.008510481677605883,-0.7612024782892352,0.0027346985682395776,True
RHOBTB2,0.002129031076188,0.13479644532304255,0.3437300220650995,False
RHOBTB3,0.0021805176134565,-0.19329760790747655,0.033951542002252394,True
RHOC,-0.004842533152063636,0.5936090340385412,0.00012246987916910218,True
RHOD,-0.012618746563863636,-0.24671316411572758,0.09584762149503695,False
RHOF,-0.003779689537323529,-0.08042966138300683,0.5027646654296918,False
RHOG,-0.00275360050026,0.19880393055454287,0.04746065520536923,True
RHOJ,0.0028831391581,0.28718831641519077,0.004633414306711846,True
RHOQ,-0.00010909276711666665,-0.22176836133728306,0.006008026343731585,True
RHOT1,0.006156156770488235,-0.23917589829879812,0.020988424438724094,True
RHOT2,0.0017642588510538462,0.10913697964108415,0.25626017141888524,False
RHOU,0.0026351669545833334,-0.04753683281947288,0.7238552482502659,False
RIC3,0.005729381470026428,-0.16524048433066138,0.16901717715675713,False
RIC8A,0.0009715964700681818,0.2592268153500413,0.06073250795703956,False
RIC8B,0.0032281761097,-0.00029103228835921947,0.99733209885657,False
RICTOR,0.002565369755466667,-0.18177035331169683,0.18164418309452346,False
RIF1,-0.005588362980616667,-0.477692266029649,0.00489366267137762,True
RILP,0.0017505945726011764,0.26749751951908657,0.0020353977499780727,True
RILPL1,0.007901300429425,0.024844068153222973,0.6864533689791997,False
RILPL2,-0.004199123879983333,-0.027165105601605365,0.7392000214346859,False
RIMKLB,-0.002021271180759091,-0.07510868850133862,0.5190749983484193,False
RIN2,0.0020901638738095234,0.12035653500533218,0.11666851519927263,False
RIN3,0.0021175142749673913,0.2704663074125066,0.0036503000846031058,True
RING1,6.679798180142865e-05,-0.013599104216894364,0.8087540358654008,False
RINT1,0.0012101261480125002,-0.2120051076443323,0.05758349554344527,False
RIOK1,-0.0006300942148320833,-0.137454032764457,0.05706043001387183,False
RIOK2,-0.0010970681769363637,-0.16653624369320197,0.34855186839948826,False
RIOK3,0.0015615860866772724,-0.22110909016972072,0.013114182734322799,True
RIPK1,0.005297035750711766,-0.014882134645095217,0.8511596283164881,False
RIT1,-0.0010752704253875,0.22644332469218026,0.05545376293538773,False
RLF,-0.002351234543885714,-0.13470823266515852,0.23296811481918897,False
RMI1,0.002599741875775,-0.030742818668720407,0.6178449934572077,False
RMND1,-0.0005295806572941177,0.12626382396586178,0.09822344539853599,False
RMND5A,0.005201865602711111,-0.3990546634032443,0.001287970138614645,True
RMND5B,0.0035559382532616667,0.08070123013371971,0.1787198024871377,False
RMRP,-0.0016644838313333336,-0.4564825657455147,0.23038162537474596,False
RNASE1,-0.013101847404899999,0.6323772239330449,5.7459450841957774e-05,True
RNASE4,-0.0006504796139440625,0.135082227451213,0.2518445966549861,False
RNASEH1,0.003294879015617647,0.006835388783705376,0.825265949207044,False
RNASEH2A,0.007044567851324999,0.10628646602186924,0.29155874830585843,False
RNASEH2B,0.0029700942459812496,0.012505017874917191,0.8989181474046377,False
RNASEH2C,-0.0026673009164444443,0.06531361756254879,0.47608860629532157,False
RNASEK,0.00436028984345625,0.05856697161028586,0.5749459461288873,False
RNASET2,-0.0005036647317833333,0.16644826496796036,0.05212915066497869,False
RND3,0.0013166605118999997,0.13186988481915027,0.24730357203189943,False
RNF10,0.00118368181377,-0.07050576841922189,0.3145038796290822,False
RNF103,0.001477506547715385,-0.16312469044086575,0.14137839842127062,False
RNF11,0.0047975422088125,-0.1825834209404442,0.0023018888665338184,True
RNF111,0.0033035332414235296,0.14095420225442848,0.3508674649925638,False
RNF114,0.005060174078221429,-0.043886283355829114,0.4584345286615704,False
RNF115,-0.002413415710002353,-0.20602209854208778,0.05670461988780544,False
RNF121,0.003820218133516667,-0.010298082108821579,0.9037041933342537,False
RNF122,0.002438604802009091,-0.4121870986279353,0.023840097669245025,True
RNF123,-0.00016443781120000007,0.02842157274113675,0.6424689774498445,False
RNF125,-0.004668462407658333,0.26684585070505246,0.019038210087269875,True
RNF126,0.001886383090819091,-0.059865476819949255,0.48456661912770826,False
RNF13,0.0021979660927333336,-0.23141141684460945,0.08157712847274515,False
RNF130,-0.000183760460914815,-0.01877870501891967,0.8106528846384702,False
RNF135,-0.004200943296550001,0.1564629137795331,0.08470684524369369,False
RNF138,0.000597516476878889,-0.004667707916538457,0.9700295341891092,False
RNF139,0.007177829323076471,-0.13520919042135615,0.0366016958477061,True
RNF14,-0.000944193825757143,0.13958241075600564,0.28008254476662103,False
RNF141,0.0012772607335388888,-0.03245839020645936,0.6638817298297106,False
RNF144A,-0.0010352906039308568,0.14910945797801484,0.054735462739335404,False
RNF144B,0.008168940730594118,-0.17246733137547413,0.08510703438327491,False
RNF145,0.0051836026128181814,0.040706276325768315,0.7513014369878614,False
RNF149,0.004455778502465557,-0.13140417195591628,0.2332477015884958,False
RNF150,0.005114307418165173,0.16681443647736172,0.2858455915302658,False
RNF157,0.003281772382721052,-0.15507340647872042,0.06907903987552678,False
RNF166,-0.0017814611962259257,-0.06272575353122525,0.5513129666458858,False
RNF167,-9.808707345384632e-05,0.10386068203838818,0.29470527857701007,False
RNF168,0.001746801070728125,-0.12745687579436035,0.024011631919579654,True
RNF169,0.0004801955066557144,0.12691686841237856,0.168104382958046,False
RNF170,-0.003483150221061539,-0.17762345140070826,0.0463067570665389,True
RNF181,-0.00043019751930833337,-0.08605962535152102,0.1001605942469128,False
RNF185,0.0016868964662842107,0.10986183243202641,0.016973681966546087,True
RNF187,0.0006854943474538464,-0.07138588748340516,0.306903131630262,False
RNF19A,0.0009970349806176471,-0.13697539314473192,0.32102664780976464,False
RNF19B,-0.00060250185620125,-0.1300416480859489,0.10634514081368936,False
RNF2,0.0013808660499335715,-0.12477299613900149,0.2801591330356412,False
RNF20,-0.006241705912000001,-0.11985512867299156,0.24380277991764737,False
RNF207,-0.0041584478806440004,-0.24361264806043825,0.2525656898856544,False
RNF208,0.002029718088875,0.15804314946334916,0.09877681475116139,False
RNF213,0.00038700410232329267,-0.008861566453176211,0.9441843022397742,False
RNF214,0.00202409959206625,-0.06295301858551432,0.42803012565422227,False
RNF215,0.00870879728731,0.07037618999312482,0.5189525876663417,False
RNF216,0.00036108682813750073,-0.08514351158112075,0.027880975248163724,True
RNF217,0.01648351316582222,-0.13419859130878392,0.3282855890003097,False
RNF219,0.004416357043507692,-0.09579990345997708,0.09048631024456352,False
RNF220,0.0034245319026333337,-0.04001840592185593,0.4695254632355892,False
RNF25,0.0010256737212294119,-0.09322400704352209,0.18642730656342207,False
RNF26,0.0021056893963583333,0.12934887933387298,0.0246036216991316,True
RNF31,0.000337115844865,-0.1547194736832681,0.08604687591572821,False
RNF34,0.002841127652242857,-0.07909740043324896,0.5603599013850784,False
RNF38,0.0011788877710777776,-0.16027085601727153,0.10558821912192556,False
RNF4,-0.00414511109551875,0.02550955330654713,0.806265464075861,False
RNF40,0.0006506677956179999,0.06549354344468718,0.5394768859078891,False
RNF41,0.000988507822782353,-0.1661882863909088,0.01911142669295925,True
RNF44,0.00012691204181363604,0.14761227136032581,0.1205341888114819,False
RNF5,-0.001520152554002439,0.245177367362219,0.02287214650409974,True
RNF5P1,-0.0004146341459954543,0.32995578898851896,0.007955363296604694,True
RNF6,0.00034472174035000015,-0.3749228252335887,0.028299711376886288,True
RNF7,0.0014380425000099998,0.05771362308184971,0.327856868795654,False
RNF8,-8.293325741312498e-05,0.014957085486073622,0.8420821915945762,False
RNFT1,-0.0005137319708875001,-0.14569705591272106,0.21573801025893494,False
RNGTT,0.0030090608051416665,0.11382199196449395,0.14595528968047491,False
RNH1,-0.000352284738074359,0.13303732914151728,0.0904619723620689,False
RNLS,0.0032318826942231995,0.0729609084657631,0.4458301938648823,False
RNMT,0.0002883984503333333,-0.11793317667432951,0.2634211874011175,False
RNMTL1,0.0023043133915013796,0.1423700370633048,0.05143409498644532,False
RNPC3,0.0023396199724279995,-0.30651260966255883,0.266073577993619,False
RNPEP,0.002818756361894118,-0.060854991752305534,0.47667696303309326,False
RNPEPL1,0.001189236543496087,0.008085436647350135,0.909164824795963,False
RNPS1,0.0031369474364025297,-0.1250390698107707,0.07334415887167689,False
RNU11,0.0001505045879333334,-0.1375965944330866,0.527470972754939,False
ROBO1,0.0018581357983955358,-0.19811794361656626,0.21271612508700521,False
ROBO3,-0.0013259181050138463,-0.11971727698619718,0.1980195934912353,False
ROBO4,-0.012396040832200002,0.6098445374578816,0.0011328787396020109,True
ROCK1,0.000280082864514375,-0.09424135503003789,0.5161915366493226,False
ROCK2,-0.0006117364521183334,-0.2479920704589761,0.0890660961556194,False
ROGDI,0.0003450680913538462,0.047454994901148725,0.5906778859696395,False
ROMO1,0.0009370514385833333,0.11820004321585588,0.3659581786915814,False
RORA,0.004268969896654339,-0.2742052873859599,0.009758597356377869,True
RORC,0.011214957358461538,-0.24274303901678618,0.0071117108051149,True
RP9,-0.0025827003603325,0.02414210029192657,0.8046618647653888,False
RP9P,0.00595806127505,-0.16796238255017865,0.03977925151550997,True
RPA1,0.00496050830795,-0.12435510643645359,0.11408977861236341,False
RPA2,-0.0017317726973288235,-0.010650053327224664,0.8655312846636753,False
RPA3,0.0035783259413789477,0.12397333366252788,0.3479582508913326,False
RPAIN,0.0011318155947795,-0.052979336926185124,0.2956152165522582,False
RPAP1,0.0015671717569642855,-0.04546569546394204,0.7140555432472591,False
RPAP2,0.0011700685889281818,0.17376469062411293,0.1541228972848861,False
RPAP3,0.005931006661318181,-0.3795805195525166,0.02784163869253127,True
RPE,-0.00017320590608181817,-0.2019415320778064,0.09024296588652157,False
RPF1,-8.462040491111103e-05,0.017393871572758787,0.7657949547274634,False
RPF2,-0.000994511418,-0.048470113880876416,0.5612102692163607,False
RPH3AL,0.0016250666433580544,0.14738177290180232,0.13261655305220682,False
RPIA,0.000556683706136842,0.13396328445055203,0.08949460100505817,False
RPL10A,0.0004134333747384616,-0.17226236067044873,0.013247237027115909,True
RPL11,0.00012129335473749992,0.021216165825493117,0.71420688541173,False
RPL12,0.0001067054978166667,-0.17545731037781162,0.044846728888831025,True
RPL13,-9.098066068461535e-05,-0.0700456142981408,0.46525802015321294,False
RPL13A,0.00034394112417187504,-0.17265685340055306,0.016240723554859685,True
RPL13AP20,0.020151881200000003,-0.09006260555259421,0.5531680263315681,False
RPL13AP5,0.00034394112417187504,-0.13005767120161804,0.3433229716910976,False
RPL13P5,1.5324668771428672e-05,-0.1486329884322413,0.25433087146484606,False
RPL14,0.00282288093034,-0.0990601839549972,0.1835695522781246,False
RPL15,-0.0005088976403333334,0.024538086295771467,0.7069842435763531,False
RPL17,0.0010332800855500002,-0.052684082530924166,0.45703000575360686,False
RPL18,0.002189623864933333,-0.11560421863167795,0.210439585645722,False
RPL18A,0.0037488280242415797,-0.12864916802388973,0.15161751467630816,False
RPL18AP3,0.0037488280242415797,-0.1118510783282983,0.21200393392822203,False
RPL19,0.00022724959235833337,-0.13720181273363996,0.05209389008847232,False
RPL21,-0.00126828366035,-0.25466558357466484,0.009833566092125276,True
RPL21P28,-0.00047708305504000006,-0.16029605308785808,0.041607689998590124,True
RPL22,0.006194129612982353,-0.16190522379799901,0.04540907939381951,True
RPL22L1,0.00413619977571,0.07232196108607075,0.6001356920609598,False
RPL23,0.002105438991327778,-0.03796777284860007,0.5734202416481733,False
RPL23A,0.0005275178625164287,-0.13188241223691285,0.010261638523266376,True
RPL23AP64,0.013496485421000001,-0.24595069956922375,0.07487850590629429,False
RPL23AP7,0.0011808073216355555,0.09476441216658828,0.28844438686083057,False
RPL23AP82,0.0027973989722374997,0.19060519164619605,0.1038073889721038,False
RPL23P8,0.011070757943666668,0.018874592491704697,0.8958621579367796,False
RPL24,0.003147206531471429,-0.060735939727421334,0.4253518849150628,False
RPL26,0.0010039202225166667,0.08972412757254232,0.18358916546156445,False
RPL26L1,-0.001043436347599091,0.1943034751678402,0.0657009046972233,False
RPL27,0.0024101996201372727,-0.10756170264130577,0.20735280583303545,False
RPL27A,0.000894610592875,-0.10523447150721697,0.11287865879583918,False
RPL28,0.0009944466008733333,0.037950657240717174,0.6264001066160776,False
RPL29,0.0012868865404266666,-0.12635325167909287,0.1179828105500683,False
RPL3,0.008186992437772224,0.2988117896115037,0.005376466120233043,True
RPL30,-0.0009496043520942856,-0.13956965502965846,0.09991398317694712,False
RPL31,0.001103993350882353,-0.05760369095537644,0.34776187035625983,False
RPL32,0.008429067757143,-0.10540614110910534,0.11504867874375961,False
RPL32P3,0.0033928557204384617,-0.14221563480947585,0.3049543700694902,False
RPL34,0.0001619105049466668,-0.08346495239136024,0.3918752833245409,False
RPL35,-0.00034687674036000006,-0.12515960300175183,0.09330167120874876,False
RPL35A,0.001825889099685714,0.006483678101729754,0.9399388149060826,False
RPL36,-0.0042564621272,-0.07989476612756191,0.3016017915524974,False
RPL36AL,0.0005992937135777778,-0.21133796797450613,0.0026406797269165378,True
RPL37,0.0021317382161672224,-0.04033088029091787,0.5863048602619347,False
RPL37A,0.00038091036129999994,-0.04911085669399478,0.564203554289579,False
RPL38,-0.0008892619877000002,-0.1125641834540143,0.14501046504757195,False
RPL3L,0.01720994269797778,-0.23029590395725935,0.0037906939585477186,True
RPL4,-0.00028042717802631583,-0.15931707303787832,0.01629106766757252,True
RPL41,-0.0008822567447538461,-0.21255896437882138,0.013384744288229097,True
RPL5,0.0016024261478606665,-0.1354416412861491,0.025758104790927272,True
RPL6,-0.0017284579145318178,-0.14810439272258044,0.049462019261100096,True
RPL7,0.0025025729084636366,-0.1338492382579538,0.08503228854581298,False
RPL7A,0.0017923050458444447,-0.15355724080144173,0.03882058391914821,True
RPL7L1,-0.0002948412964090909,-0.11588128721338889,0.12054771267060545,False
RPL8,0.00185141884016,0.08183349231684402,0.26995128102505617,False
RPL9,0.00026720477868095234,-0.17136362200727506,0.12824617182584552,False
RPLP0,0.0009567357742928572,-0.2549501470092028,0.002281547964057198,True
RPLP1,0.0013649744976749999,-0.12296841702678694,0.11892439164416757,False
RPLP2,0.002854665362932818,-0.07282682660475602,0.4138537752230219,False
RPN1,0.003425417283261875,0.05112894604283644,0.4772775309098688,False
RPN2,-0.0009152562600150001,0.004478504524443841,0.9555336626741946,False
RPP14,0.0026816542379161537,0.00959596290802913,0.9530584011528549,False
RPP21,0.000567703377040476,0.20867067869851255,0.16414739384362023,False
RPP30,-0.0016127405861999999,0.13747883933058616,0.12388334895437042,False
RPP38,-0.00184789292384353,-0.05313775939801523,0.6547762462755758,False
RPP40,-0.00047510735756000017,0.03388693131643216,0.7504159102967911,False
RPPH1,0.0011786417247,0.14465926894462475,0.573392941868414,False
RPRD1A,0.00027820537271374996,-0.13283412192846944,0.1877337051994887,False
RPRD1B,0.005079372779160001,-0.04648264956774066,0.6363134063389607,False
RPRD2,0.0021756500694166668,-0.11778677170606935,0.1332771258223627,False
RPS10,0.0030563941569421433,-0.11558732208139451,0.17904873438130797,False
RPS11,-0.0005815346827153846,-0.08714096156507413,0.1750823703118687,False
RPS12,0.00194377439584375,-0.11043259505259796,0.18305107988104874,False
RPS13,0.0019209188391602252,-0.1099171621984743,0.22795022736130052,False
RPS14,8.099273186874998e-05,-0.1350168575818306,0.060286155263990115,False
RPS15,-0.0008850990959755555,-0.0455220216400763,0.5774679289730865,False
RPS15A,-0.0015997260632444445,-0.14643846407089323,0.1012517119645387,False
RPS16,0.0007859229786999999,-0.04025114854139599,0.6656031349462161,False
RPS17,0.0003027981712,-0.12159140065589509,0.5086860793930053,False
RPS18,0.004229328835069649,-0.06067317354394109,0.44094386393259877,False
RPS19,0.0005869215343153845,-0.06507952140979288,0.37995398622948684,False
RPS19BP1,-0.0009670905711558333,0.0651104736122951,0.472814073359361,False
RPS2,0.0031422721446370838,-0.056997849236145696,0.3833137457448619,False
RPS20,-0.00023882865100000007,-0.14033267383783415,0.12019686575093598,False
RPS21,0.0007398980658583333,-0.09076190916402799,0.2799584207376888,False
RPS23,0.0018080570538059999,-0.06328821003717877,0.34523472829731383,False
RPS24,0.0016964885332999998,-0.15278844905256747,0.017711415228486984,True
RPS25,0.0004599075899545455,-0.1166927216747001,0.16694396193060185,False
RPS26,-0.0030622040172,0.04726873450692561,0.5231378927810408,False
RPS27,0.0009592100939399999,-0.1272573940677286,0.2002410393466346,False
RPS27A,0.00022007483615956526,-0.15277685308989175,0.08324759622987586,False
RPS27L,-0.0005348947832611109,-0.009673010706279562,0.9215311189725169,False
RPS28,0.0026276605480909094,0.05243273216738021,0.5517494301886556,False
RPS29,-0.00194222773486,-0.030100901382518138,0.7491066804573198,False
RPS3,0.00028292291632631605,-0.14134799577188772,0.06409225694927412,False
RPS3A,-0.0004613998375613333,-0.1890670298931667,0.061988884835584686,False
RPS5,-1.116345926666651e-05,-0.09835561158728384,0.10976529258554918,False
RPS6,0.0023061480712666667,-0.09383771816350196,0.26259855014217925,False
RPS6KA2,0.001061946702825261,0.21472615457333832,0.0010829304712964881,True
RPS6KA4,-0.0022037804171878127,0.1725829618906354,0.12759246987147205,False
RPS6KA5,-0.0008279153606421055,-0.1694891953744252,0.02650996482971061,True
RPS6KB1,0.0015808939706977777,-0.39370760897083346,0.020836830007310875,True
RPS6KB2,0.002791983970133333,-0.10226784559200724,0.24268089360002426,False
RPS6KC1,0.002005880249629412,-0.10360723951824458,0.14192531685277254,False
RPS6KL1,0.0036298069223069237,0.16344917597043762,0.16186728875523862,False
RPS7,-0.00020925420988461536,-0.018977405791889203,0.8204565401619344,False
RPS8,-0.00020329569030238094,-0.10571758860732607,0.12109705444380929,False
RPS9,-0.00030575644438842126,-0.07776331472485493,0.3204201645273493,False
RPSA,0.0013499972369954549,-0.1733357088317355,0.04517962962516031,True
RPSAP58,-0.0069201557415,-0.14632179362681186,0.06567234853888138,False
RPSAP9,0.01933235612,-0.07087916282905828,0.34118034853449974,False
RPTOR,0.0033490380521647104,-0.04194538517881365,0.6200657930888026,False
RPUSD1,0.00165313926643,0.10284222120398864,0.3713268343161015,False
RPUSD2,-0.0005818997963363638,0.19403987062084618,0.022167640766363735,True
RPUSD3,0.0008142052774615384,0.1391425086165906,0.100908609509481,False
RPUSD4,0.0013624339354117647,-0.3815226996872163,5.3811705868434446e-05,True
RQCD1,0.00805560714023125,-0.018844226655641613,0.8799100065574379,False
RRAD,0.0025991306878000004,-0.10565545686101109,0.7217437463300239,False
RRAGA,-0.0034812525102999995,0.07180864089370549,0.3596996685551882,False
RRAGC,-0.0012402422696857142,-0.019934009253991913,0.8066512585513221,False
RRAGD,0.005456210711538462,0.05952028123398601,0.4579385691523359,False
RRAS,-0.001354280559025,0.1281684768464388,0.3566596537196034,False
RRAS2,0.005412541778480001,-0.012875946541097048,0.9171444820461052,False
RRBP1,0.0006380522337117644,0.3903774740888873,0.004894398935926757,True
RREB1,0.007278395824314285,0.0879820898586848,0.3314974793131036,False
RRM1,-0.0004656862872687499,-0.09056428896447967,0.3357439569603077,False
RRM2B,0.004492903068113333,-0.18311545349979477,0.13196869689859406,False
RRN3,0.0013488912591099998,0.1474748421779285,0.08479206266907088,False
RRN3P1,-0.0013151607096222222,0.004932953480361147,0.953670840792922,False
RRN3P3,0.000640647206788889,-0.03736846613840789,0.732538367651097,False
RRP1,-0.0010034267343125,-0.20933457222205237,0.06931855192806738,False
RRP12,-0.003937227425133334,-0.1013181019232591,0.34034414149020475,False
RRP15,0.004522651895373914,-0.19506989721241716,0.14693763793099957,False
RRP1B,-0.0004390189466434784,-0.047382501157991704,0.2194463277398367,False
RRP7A,0.0012370734676213336,0.25231634701008154,0.005170650543842378,True
RRP7B,-0.0007287332260333333,-0.06998960270635912,0.4918515220863152,False
RRP8,-0.0013697955075055556,0.17522433191012152,0.2531011489045102,False
RRP9,0.0023973966175722225,0.07252550721409433,0.4611511657087842,False
RRS1,0.001222141894567,-0.01170028470276801,0.9472481703862116,False
RSAD1,0.0026694731693545455,0.2018912088186332,0.00851328537881211,True
RSAD2,-0.0023167204671249997,-0.09478800417195288,0.6400049687105726,False
RSBN1,-0.0005304952658184996,0.030263683721472923,0.7939464400422631,False
RSBN1L,-0.0012956888847142857,-0.2010509328795834,0.012719183077051964,True
RSF1,0.00038547844175076924,-0.2470386596064298,0.10358908377579544,False
RSL1D1,0.003570982951733333,-0.18725554813956985,0.019696088643416414,True
RSL24D1,0.002202735817247143,-0.23869618573182458,0.014345240222893829,True
RSPO1,-0.00021014486066874986,0.31033563151979515,0.2521471506709064,False
RSPRY1,0.0032424251222095005,-0.11402778923322834,0.28834392489922755,False
RSRC1,-0.00241706428775,-0.11654593994026233,0.25095317362062225,False
RSRC2,-0.0029293569517049997,-0.2676020860958301,0.046803368477875716,True
RSU1,-0.0011592582163374998,0.4385793097590266,0.002212183895590257,True
RTEL1,-0.0022441436032324996,0.0350732043534886,0.7708729917478185,False
RTF1,-0.0011746799251538462,-0.25431657981741523,0.05702656963536525,False
RTKN,0.0008617189639190475,0.17023254245089134,0.1280377125738292,False
RTN2,-0.0017662199349837498,-0.1657422668259019,0.019017487449952575,True
RTN3,-0.0027773305269312497,0.002221860152664598,0.9719995183416207,False
RTN4,0.004729078944027894,-0.21460805891389192,0.0017219846644203215,True
RTN4IP1,-0.0027314270020999997,0.39127599603132934,0.0028514721478513113,True
RTTN,-0.00022762227814352942,-0.4313304792525095,0.00884803618094316,True
RUFY1,-0.0051570930697405395,-0.162475320214131,0.0017464891019077315,True
RUFY2,-0.0006161997239230771,-0.3437185700798385,0.0158520543338539,True
RUFY3,-0.003107766677581429,-0.16850158238136007,0.2253108304464656,False
RUNDC1,0.0012105341296190478,0.04820707904535706,0.5585082328716511,False
RUNX1T1,-0.001441891235979643,-0.08710223420251989,0.2640141184482679,False
RUSC1,-0.0015621548401548388,0.1877802752025172,0.06300003910392364,False
RUSC2,0.005366163403666667,0.017572176516752813,0.841911475096663,False
RUVBL1,-9.189361416944442e-05,0.09948637092607351,0.3073206549039113,False
RUVBL2,0.000694940991556,0.0004175288487920219,0.9956665787286436,False
RWDD1,0.003211672245546667,-0.1281332858686979,0.2667976742808625,False
RWDD2A,0.002134914296605,0.029974588224989964,0.7562387428711972,False
RWDD2B,-0.0013466404902083336,0.007473343482413807,0.8625655396411525,False
RWDD3,-0.0008437464912500001,-0.3037598951051898,0.023813496144527442,True
RXRA,0.0017365502979121952,-0.1222887059327081,0.11276249524822644,False
RXRB,0.004630145462191875,-0.08054803783997411,0.2095898154883495,False
RXRG,0.0030006396352785718,-0.09940771785538592,0.4082388029298707,False
RYBP,0.0017439159921285713,-0.027037365804594725,0.7257926849720591,False
RYK,-0.0024614177180193337,-0.23027389957653616,0.01637716088872914,True
RYR1,0.000652036311056418,-0.32758759282136746,0.0014419275353685038,True
RYR3,-8.787316616818054e-06,-0.13186403550047807,0.24047548762930285,False
S100A1,0.012282846860615386,0.2232345688801831,0.0001915273874893403,True
S100A10,-0.0021784258037692303,0.6455577069835396,0.0010425870272607316,True
S100A11,8.778704601764704e-05,0.5529388937018225,0.0028969491385502596,True
S100A13,0.01016553158849,0.21714368110028479,0.1371038630775085,False
S100A16,0.012016719715181819,0.5060867272479357,0.000930632137786133,True
S100A4,-0.0019033741686874995,0.2784513365712552,0.1902059382946524,False
S100A6,-0.0008090796291757145,0.09481219856013903,0.6745906418215861,False
S100A8,-0.0021249079331666673,-0.19462691460178994,0.4855070829222,False
S100A9,-0.006945446979538462,-0.17098036023297547,0.42607706636965437,False
S100PBP,0.001662316957655625,-0.022975602279097854,0.8482068399847391,False
S1PR1,-0.0055783500332190475,0.3186563460394119,0.005601439691455864,True
SAA1,0.00035926961384285735,0.16151777777331883,0.5429523497925681,False
SAAL1,-0.00023588901546666685,0.00858086999197613,0.9414246469442455,False
SAC3D1,0.00410165568172875,0.1432743138797391,0.28355545068127386,False
SACM1L,-0.0004900144292296297,0.07505526591170525,0.5601874018667439,False
SACS,0.0020468606502969697,-0.2030050819683484,0.08654713491822882,False
SAE1,0.0013255546553,0.14044676734662662,0.03544990072374413,True
SAFB,-0.0004952137083230769,-0.15561250174092917,0.06071315131812994,False
SAFB2,0.006237881752471428,-0.17241115237379148,0.032338200179252985,True
SAMD1,0.0006231185798666667,0.10209702983916881,0.43810845757575234,False
SAMD13,-0.0011323680957452938,-0.1462291944032337,0.30044133135941253,False
SAMD14,-0.0020917442540320007,0.2747496692406896,0.0008522067621633116,True
SAMD4A,0.008030279013465454,-0.26298445848843494,0.015058475739441765,True
SAMD4B,0.0004163876576909092,0.0744621851040172,0.4452639606746911,False
SAMD8,0.0110486374283,-0.1986721527381121,0.07296402156017055,False
SAMHD1,-0.0007181823021493749,0.07247562727796454,0.5332396734530402,False
SAMM50,-0.001176599485729412,0.12896199539907913,0.0960328103250598,False
SAP130,0.0023812282637917645,-0.07307452511282699,0.2894049150001555,False
SAP18,0.0024591930517562496,0.1837417342136178,0.05411444317994469,False
SAP30,0.0002528286614538461,0.017057225701932507,0.858490195269316,False
SAP30BP,0.003122713276685,0.014360424533189016,0.8560337723962717,False
SAP30L,0.0007560802559416669,0.19195081256759916,0.04532803911066562,True
SAR1A,0.0032398288962583333,0.026415006107349006,0.668574688283737,False
SAR1B,0.0010520431210990905,0.06611386905994915,0.41944286729356883,False
SARNP,-0.0006201162965285713,-0.08096873178134079,0.1714669636084282,False
SARS,-0.0019132435016307693,-0.029617730822348257,0.6299623808454797,False
SARS2,-0.0009493197541123811,-0.024384099572738058,0.8171496291121076,False
SART1,0.0048690305266276,0.04346893263231324,0.7191862107313612,False
SART3,-0.00039518478078076895,-0.03881472934808268,0.6653376580328354,False
SASH1,-0.0020234962270028575,0.25559503280814205,0.014798204571205271,True
SAT2,0.0021523463180564287,0.026911303423981906,0.6639780377914836,False
SATB1,-0.002304237725673334,-0.45458196114000954,0.0004321548510159203,True
SAV1,-0.00071197217925625,-0.09430516252874434,0.23536722190369588,False
SBDS,-0.0020777198720828573,-0.2725670504519733,0.0018661252682920149,True
SBF1,0.0036949308822536585,-0.1367108580191185,0.02809077336004931,True
SBF2,0.0009550977173615385,-0.21340199123688472,0.08097720672927654,False
SBK1,-0.001368308767602353,0.11754340756993388,0.24143118687077406,False
SBNO1,0.00160929175335,-0.05727792233138143,0.5276560583338085,False
SBNO2,-0.0013216943630756093,0.12189011243548697,0.2921088381907333,False
SC5DL,-0.00018409564636923104,0.0921500125120871,0.5310668464821107,False
SCAF1,-1.1118959447368475e-05,0.14180168002672458,0.037860264188301976,True
SCAMP1,-0.002435655789446154,-0.04642485090680411,0.5663922401518083,False
SCAMP2,0.01361263420075,0.05996592143457422,0.5082427909752898,False
SCAMP3,0.0015546644728409093,0.05430627869764686,0.37019085932579576,False
SCAMP4,0.0026359866465085298,0.3881673090917244,0.0002432254189437992,True
SCAND1,0.0035806794755300006,0.24394029097331763,0.06221287207390909,False
SCAP,0.0036569355735772734,0.12017327075143354,0.18265160148752219,False
SCAPER,0.005339412641161109,-0.5190010637556781,0.00024168861263628919,True
SCARA5,0.002005276570445136,0.19438259337370817,0.11887289532455068,False
SCARB1,0.002647773432225001,0.05815844624329689,0.5845281056300037,False
SCARB2,0.0017018604837374996,-0.2619086092576362,0.007645437277362541,True
SCARF1,-0.007989103363194446,0.11651941846694379,0.23475769666599186,False
SCARNA15,0.006630002474,-1.284622416386309,0.029104774871683566,True
SCARNA17,0.002658547500877143,0.7903486466041817,0.18342138751875642,False
SCARNA18,-0.0014634351674999999,-0.778796137582285,0.39026255141927413,False
SCARNA7,0.0001958122072,-0.2694552544482767,0.2962116544568471,False
SCARNA9,0.007262143136366667,-0.06403570765585621,0.8082744334764167,False
SCCPDH,0.0008376490710511765,-0.04657382356730488,0.49481991092183253,False
SCD,-0.00458954159307,0.2454179836636091,0.2691535543089433,False
SCFD1,-0.0024990812005000005,-0.22364996860456013,0.11316946623459007,False
SCFD2,0.004761654473624445,0.08013543071817027,0.24064523443741295,False
SCGB1D2,0.012803839563600001,0.49384361417220535,0.011199046207880132,True
SCHIP1,0.002761562999849166,-0.21412223395715008,0.08728618653930781,False
SCLY,-0.0005924249575238094,0.1980613666518705,0.1071502281446555,False
SCMH1,0.0036653937374105275,-0.1283261658936055,0.1229105009288147,False
SCN1B,0.007991945674045998,-0.04778729060034999,0.4348892897781773,False
SCN2B,-0.000389207016263636,-0.06188528434623622,0.46836580383066706,False
SCN3B,0.0009309765134076924,0.12065259373133817,0.24560630878684364,False
SCN4A,0.009082782229311538,-0.2171064509790349,0.00043496457212644434,True
SCN4B,0.0028281501316737043,0.479723025379124,0.0011970015664766946,True
SCN7A,0.0025540762115399997,-0.02605740860077305,0.8333845948472447,False
SCNM1,0.009386835308922222,-0.04258619683894758,0.4745966784403677,False
SCNN1D,0.010599970623705882,-0.13274756422553677,0.1136995699595583,False
SCO1,0.0013504371496933334,0.13105959353154029,0.06624492724550812,False
SCO2,-0.002164560992196667,0.2806118293064757,0.00895402654785149,True
SCOC,-0.002605307817123684,-0.00927943596998946,0.910394412389771,False
SCP2,0.0091669117779625,0.016347799992518283,0.8780230333659644,False
SCPEP1,-0.005420267901850001,0.018222766392378024,0.8379090629582651,False
SCRIB,0.001942720196652083,-0.0652006480076251,0.3060421217714666,False
SCRN2,-0.002084636051853333,-0.2457894369437746,0.0010724201650832298,True
SCRN3,-0.00014279229056470596,-0.21913273403514982,0.1858767895312424,False
SCT,-0.0017799255518888889,0.0708305326208262,0.8174605345089736,False
SCUBE2,-0.0032352432007571423,0.14868125037665253,0.22666621699112247,False
SCYL1,0.0004291793956999999,-0.07512675228691727,0.3731599300466074,False
SCYL2,-0.0007842074623911765,-0.09520451001843179,0.47781086516707505,False
SCYL3,0.0012726892099557895,0.029546706343577537,0.47520806684421146,False
SDAD1,0.0009622092435076923,-0.15226974983978572,0.20032396128850682,False
SDC2,0.004228347954422857,0.11842632360261908,0.5917323649532609,False
SDC3,-0.00744214521783125,0.40270372318896314,0.015912379360391544,True
SDC4,0.004833093912185714,-0.15267346728850012,0.07534097980638745,False
SDCBP,0.0013057286981273332,0.05816240709867617,0.31756461853435114,False
SDCCAG3,0.004759941772063635,-0.1357427983414292,0.3273979494674847,False
SDCCAG8,-0.0004095352584330644,-0.10570542526067413,0.4449245234930407,False
SDF2,0.0002562138215894736,-0.06423129985122293,0.5652207597449528,False
SDF2L1,-0.0012860634080525,0.21816656234918258,0.05312290076029416,False
SDF4,-0.0008345730503166669,0.18311490701482755,0.03776716987970532,True
SDHA,0.0013305956594323529,0.2863754738797199,0.00016135713177618913,True
SDHAF1,-0.000720957763707857,0.21675769758909993,0.07427044212444421,False
SDHAF2,0.0005700352683916667,0.18353780242332823,0.2703808649095798,False
SDHAP1,0.002812997010170588,0.03718614920087327,0.7150736234652451,False
SDHAP3,-0.011976059441765,0.19435707570621313,0.06700708112988728,False
SDHB,0.006606427600915384,0.3656510213316309,8.04801891390767e-05,True
SDHC,-5.329029528461541e-05,0.2739768572190417,0.002159893823362007,True
SDHD,0.0008908239930081819,-0.3121293435191022,0.25503441927857484,False
SDPR,-0.00931887248026923,0.22513169903699828,0.11242007169939247,False
SDR39U1,0.0017705359568333334,0.059245767827483545,0.24066387703877212,False
SEC11A,0.0012456428979986667,-0.011820358080843767,0.8694167007271004,False
SEC11C,0.0020194937486090908,0.34873412956098354,0.0030125030816071656,True
SEC13,0.0024669053112384614,0.010115877882606565,0.8513392614630394,False
SEC14L1,-0.0013294056490653846,-0.21682281763498254,0.01764580449655098,True
SEC14L5,0.0013362206329820005,0.07833983348266517,0.4809826860588853,False
SEC16A,0.001232535544551282,-0.05843309100769152,0.36792212858875606,False
SEC16B,0.0037037021445625005,-0.16370600812372416,0.2478391559808183,False
SEC22A,-0.0011171094181214283,0.008668687734621846,0.9481991070337595,False
SEC22B,-4.2807708974999976e-05,0.048703725517303086,0.3609914123464566,False
SEC22C,-9.14001636428564e-06,-0.0023690529767785647,0.9750197449617508,False
SEC23A,-0.0006276005753407142,-0.0786694079469279,0.4132363089697383,False
SEC23B,0.0018545256757398752,0.038686854589074775,0.6151490707419254,False
SEC23IP,0.0017281390754375,-0.01681307841916739,0.831243397554634,False
SEC24A,0.0008114474238636361,-0.1525557233744682,0.13265828953413408,False
SEC24B,-0.001235145604490909,-0.154611653143503,0.12191169332704692,False
SEC24C,0.007680171954869231,0.013718508629901932,0.7748099367161557,False
SEC24D,0.0009784857857616665,0.204186701066004,0.06565849908516173,False
SEC31A,0.0010927875288392664,-0.08767904551932615,0.22357450315932847,False
SEC31B,0.0045659060128375,-0.10276509801354931,0.6037980392182758,False
SEC61A1,0.0032184703086094437,-0.05030497889843109,0.6052997622576746,False
SEC61A2,-8.276316167999996e-05,0.10850884999208779,0.3847376196923499,False
SEC61B,0.001550527045,0.2913860597089765,0.0085905858691944,True
SEC61G,-0.005234232094269231,0.12526236820325734,0.24539585639933648,False
SEC62,-0.002021944028390588,-0.26299455160562063,0.10822101893288305,False
SEC63,0.0013051893664416667,-0.09919166382145067,0.49714727064175435,False
SECISBP2,-0.0001831212305833334,-0.2461512189137477,0.000944143777624085,True
SECISBP2L,0.006806117988245455,-0.022988759281934102,0.8394476013819386,False
SEH1L,-0.0016591487992666668,-0.15046150938462788,0.02826691796401069,True
SEL1L,-8.464823169285687e-05,-0.050452097495849495,0.6958564103080529,False
SEL1L3,0.0010320622707777774,0.3703247238399739,0.005290130263556083,True
SELENBP1,0.011150609505212501,-0.0770290240024996,0.32239149671237644,False
SELK,0.0015132044209438889,-0.22034932261868442,0.018605820907278952,True
SELT,0.0055604915947,0.010897375799603936,0.9167970177667873,False
SEMA3B,0.0004982608959916666,-0.0013207466390393304,0.992794793572892,False
SEMA3C,0.0012802985448842107,-0.2498845327891774,0.12773178168370466,False
SEMA3F,-0.0032861943582488235,-0.025139569328770452,0.8105820094605509,False
SEMA3G,-0.0025969785698333335,0.19133633237678013,0.06580651553473009,False
SEMA4A,-0.0016818696005625,0.03371166296326678,0.7824659696759094,False
SEMA4B,0.0005473211247685714,-0.10020792034861584,0.4702089230503472,False
SEMA4C,-0.0066787627860124136,0.2027384764343604,0.07556657977808941,False
SEMA4D,0.006465283900571427,-0.15605313925656394,0.059214875926132636,False
SEMA6A,0.000841917351135,0.17646473801904872,0.06794857170981612,False
SEMA6B,-0.007370970910582142,0.27669057281426473,0.014088383264914456,True
SEMA6C,-0.0018269961786764705,-0.09684047649130921,0.21560947776656322,False
SEMA6D,0.007464340668066001,-0.011955820442288045,0.9360057061210829,False
SENP2,1.8503599607142345e-05,-0.1458343306085685,0.08825267667168264,False
SENP3,0.0016871114131941669,0.05480009209137378,0.6514743072532669,False
SENP5,0.002925205181725385,-0.1635111270280958,0.10032636516250731,False
SENP6,0.010458412421566667,-0.40787134275199416,0.05299523301626379,False
SENP7,0.0016300536642857143,-0.25296510520796356,0.11594872649895335,False
SENP8,0.008032764886163158,-0.10032802242916876,0.3092801379633716,False
SEP15,9.630010153529345e-06,-0.013109713994818377,0.8683149800374027,False
SEPHS1,0.005111869855375,0.04774719815698646,0.42032462310057517,False
SEPHS2,0.0033288363023124996,0.16041790849556883,0.10652466989084751,False
SEPN1,-0.0016142300605999998,0.24267315221937127,0.003311395362084204,True
SEPP1,0.008971998316283333,-0.04812569440740091,0.688494701586075,False
SEPSECS,-0.001965476681978571,-0.09117972394264343,0.3154197583939671,False
SEPT10,-0.0052430020994900005,0.04190464974688434,0.6267955818141085,False
SEPT11,0.0008361318612271876,-0.0706143251721773,0.7069217175058398,False
SEPT2,0.00033398665706647066,-0.028920865583518918,0.7490882941156303,False
SEPT4,-0.0030961295513666663,0.36570768362042966,0.006413495828068516,True
SEPT5,-0.010587632570092308,0.09588374850960979,0.2588350354142358,False
SEPT7,0.0019597405207538465,-0.24647151673292358,0.033953271058465996,True
SEPT8,0.004046874269033078,0.18635598504185308,0.12382079451670272,False
SEPT9,-0.00023254409707439483,0.26442386745774543,0.01940750132118292,True
SEPW1,-0.006337586159,-0.0535432726693847,0.47319282973921706,False
SERAC1,0.0013115120318944443,-0.07312877152149758,0.40788668033451936,False
SERBP1,0.0023006517106676926,-0.26754018542000185,0.003198153752985709,True
SERF1A,0.0201466171,-0.015948805955922418,0.8306911123078553,False
SERF1B,0.0201466171,0.01049096513722534,0.8917688574501866,False
SERF2,0.009767533303037777,0.3060029402786419,0.0036508192015978747,True
SERGEF,0.0038421736155358974,-0.046097065513088425,0.7061033275861115,False
SERINC1,0.00113164065031875,-0.23921786062807646,0.004276664934960981,True
SERINC2,-0.0005485288188549999,0.2686641057057313,0.0037524334279709264,True
SERINC3,-0.002081009370572727,-0.09007931252042663,0.2561302246012668,False
SERINC4,0.007301509503714284,-0.0636588292339829,0.13243986445044698,False
SERP1,0.0010926994562563636,0.04155340162198003,0.7340671657002951,False
SERPINA5,9.195772772727246e-05,0.523604082468923,0.0036027960610826213,True
SERPINB1,0.0017513003488083335,-0.11909390484726945,0.1361013469855078,False
SERPINB6,-0.001099525034704167,0.17125399306317812,0.008565733047160207,True
SERPINE2,0.004626777741779706,0.12829179167682267,0.2180987528702528,False
SERPINF1,0.021765556358666668,0.16654342363733293,0.02224703877855304,True
SERPING1,-0.0025056295352428566,0.17069391584539872,0.12171082069008826,False
SERPINH1,-0.004313040109869231,0.8539620818789863,8.15947184404563e-05,True
SERPINI1,-0.0014349420222638464,0.464706076974134,0.022852553062353825,True
SERTAD1,0.004461999050861538,0.24678741863357748,0.10717107352735422,False
SERTAD2,0.0004999224847616667,-0.2075720990406638,0.06139954248538108,False
SERTAD3,-0.0017118324712287222,0.06356539359939256,0.6568185213812322,False
SESN1,0.002027865790626087,-0.37931048917679155,0.08528432489266426,False
SESTD1,-0.002106706738505,0.17082718083258697,0.3692536968863436,False
SET,-0.0025226559341111113,-0.1630998930174237,0.005864128956930004,True
SETBP1,0.005162299359817435,-0.02208013005750945,0.8172063267412482,False
SETD1A,0.0008184603133132147,-0.034133947619910426,0.5762412909588468,False
SETD1B,0.0004220884766964285,0.00022612067721133384,0.9978981388110012,False
SETD2,0.0010781390788966666,-0.10640426891473372,0.3099275678827385,False
SETD3,0.004771963387025901,-0.2572366401714899,1.4511642201434437e-05,True
SETD4,0.0031487110677764704,-0.08617352281964755,0.4234184042226782,False
SETD5,0.0005210732070187502,-0.02409797843657828,0.8420978974680486,False
SETD6,0.0010941412847083334,-0.2553590210726161,0.06055165752197855,False
SETD7,-0.004902249762710526,-0.10241023361026387,0.26380494657741127,False
SETD8,0.0024460188224291663,-0.4404354358380233,0.0003903272980755152,True
SETDB1,-0.000308559670690909,-0.13736427163701473,0.08782752391929015,False
SETMAR,0.0010190876085449999,0.06444428751241536,0.25346367968093514,False
SETX,-0.008797435238558334,-0.21415554404392748,0.02232888860980021,True
SF1,0.007604075530359261,-0.1686759866828411,0.007208702529989636,True
SF3A1,0.0006832588585652941,-0.003390282555155358,0.9454972689781325,False
SF3A2,0.002276512322348077,0.012431689590233906,0.8939112696589131,False
SF3A3,0.00397327298255,-0.4560596439381515,0.0047793293654675075,True
SF3B1,-0.0013466621070846153,-0.27631000145053003,0.007756619455350497,True
SF3B14,-3.914212960000017e-05,0.13307504876578527,0.1056226064469816,False
SF3B2,0.0016080424890411768,-0.032685234567421055,0.5208747074431277,False
SF3B3,0.005120223265063158,-0.022109323935173772,0.8475520752334237,False
SF3B4,0.0008246054683955558,0.14665857296896523,0.15419734911355268,False
SF3B5,-0.001465334718043,0.24056680481627338,0.01650965666497824,True
SFI1,-0.00298706931156875,-0.07770396861102706,0.44048794938108227,False
SFMBT1,0.0006893344141322726,-0.07451596791822833,0.18594785834132088,False
SFPQ,0.0006635529754571431,-0.14982060864556665,0.07346570390005455,False
SFRP4,0.002076974368529412,0.6860549146797466,0.02855435894052851,True
SFT2D1,0.003352763850450833,-0.051244130765765235,0.5175284630792233,False
SFT2D3,0.0059464235157818185,0.029545131972906123,0.710071517055822,False
SFXN1,0.0009342067423277777,-0.12040567311442464,0.2240102434567362,False
SFXN3,-0.00018918599865263124,0.4834163443775843,0.0015164426786566495,True
SFXN4,0.0052642818257250005,0.05776310807744603,0.2069159051050892,False
SFXN5,0.007462230724716969,-0.0753577022676337,0.38438814402913524,False
SGCA,0.02028278500669286,-0.2000911367647402,0.008176407336977977,True
SGCB,0.00026224886171,-0.5245055968528183,8.936788122945128e-05,True
SGCD,0.012604966077228575,0.04002158530089981,0.6813336480236962,False
SGCE,-0.00022081894034430227,0.08922995180281902,0.4209135956246425,False
SGCG,0.010137177792149999,-0.37945812595682793,0.003516009488685845,True
SGK1,0.004488318407984286,0.4682200583068642,0.0353815433553163,True
SGK3,0.000526984331896,-0.16031969018546427,0.13917677218196206,False
SGMS1,0.004917460748829546,-0.19688555415313969,0.09126481031848493,False
SGMS2,0.0022923655687722227,0.0392900471544948,0.7390595267250489,False
SGPL1,-0.0008081997912750002,-0.08588873144665111,0.3146338090613558,False
SGSH,0.002527763122130625,-0.0715102219388354,0.5984633781968132,False
SGSM2,-0.001325557440725641,0.002914226499673282,0.9757583245154349,False
SGSM3,0.003468441330406667,-0.02805179876304537,0.7763084188882211,False
SGTA,0.004234202665387941,0.11071526208938193,0.18255076612099178,False
SH2B1,0.0026896286044150006,0.038495140636951586,0.6851433231657922,False
SH2B2,-0.0006266191561750001,0.06981523356380706,0.6418867295196748,False
SH2B3,-0.0052547809011088235,0.6342238078050223,0.00013403148154533193,True
SH2D1B,-0.010978837863133334,-0.43617148650450327,0.00037168592599423584,True
SH2D3C,0.0018122705646476187,0.4173290163183539,0.009185893395280179,True
SH3BGR,0.009554074584641178,-0.2289079252372231,0.044472282077104956,True
SH3BGRL2,-0.002971569663172727,0.3644130619509006,0.0003247156164292923,True
SH3BGRL3,-0.01952126214411111,0.38848678197847164,0.010271506530229079,True
SH3BP2,-0.003571992256172372,0.18036075390282313,0.10910170297738003,False
SH3BP5,-0.0005523908217516129,0.16133453614824653,0.219142329847581,False
SH3BP5L,0.0008686053397636363,0.09508818372527808,0.15377115083857756,False
SH3D19,0.0033219691061562506,-0.030211053388238707,0.7128765139345381,False
SH3GL1,0.0030181513899065217,-0.07809299321792267,0.5280018796807489,False
SH3GLB1,-0.0003607922185750001,-0.1082307789560661,0.21109212127697533,False
SH3GLB2,0.007089872185985666,-0.17769727898688095,0.014604900338691341,True
SH3PXD2A,0.0020725500969603,0.1715514990675481,0.06389376483404317,False
SH3RF1,0.0016242226981875,0.020781672903462525,0.8000085446966786,False
SH3RF2,0.006363936281376668,-0.5412999948331314,0.0040012626224705285,True
SH3RF3,0.0016500911033204824,0.3370213457563803,0.005212023898125968,True
SH3TC1,-0.0067958809069206885,0.5173042809740036,0.00118518364391275,True
SH3YL1,0.004365943447081429,-0.2948293877678408,0.03838431210262707,True
SHANK3,0.005256590576835293,0.2885537727594856,0.11002669303132624,False
SHARPIN,0.003741768260678571,0.004349265462839566,0.9405123809211053,False
SHC1,0.002879744238874828,0.2162322048367575,0.05326078165253683,False
SHC2,0.0027998062422986,0.018818758641033065,0.8961770589861087,False
SHE,-0.0026903250710338463,-0.005410005483612166,0.9577122149544588,False
SHF,-0.0013473602529254839,0.03386650200198282,0.7584514765885852,False
SHFM1,-0.0009394753597692306,0.061331706957936986,0.3252438967624439,False
SHISA2,-0.0014168915190894736,0.10047113722807217,0.5746295816938194,False
SHISA4,0.016763766444126426,-0.10843043067290115,0.2531292462343824,False
SHISA5,-0.0005987213830545454,0.2948658696865735,0.02301054726435762,True
SHKBP1,-0.002768139041633333,0.2867507451238078,0.052048789430470435,False
SHMT1,0.004305897699764286,0.11580348976235283,0.10136644994851685,False
SHMT2,-0.0010347671438680002,0.19139773319772455,0.01055382253284575,True
SHOC2,0.0021565492471,-0.22429359130077053,0.045343261736121375,True
SHPRH,-0.00018173994185999997,-0.020931650488236076,0.8215555319388423,False
SHQ1,0.0020002694743347822,-0.05121666482211531,0.45415441678060875,False
SIAE,0.0004497344441669232,0.1594457688149781,0.03920767673876999,True
SIAH1,0.00830892548154737,-0.2578929250536224,0.0064491795219469945,True
SIAH2,0.00045390572560000006,-0.10025502913448002,0.2800847082721867,False
SIDT2,0.0019015647167588232,-0.0454045802602189,0.44635736152189787,False
SIGIRR,-0.006557365244486206,0.27858754482408615,0.07582035562518148,False
SIGMAR1,0.005142552861628571,0.0681706819360573,0.537685542855497,False
SIK2,0.0004891561226666668,-0.21409554631689917,0.0650425978118647,False
SIK3,0.0023426568539000004,-0.1279457657901166,0.08798846013504,False
SIKE1,0.005032302128791539,0.15539516740460438,0.2819675165410512,False
SIL1,0.006502330744937932,-0.09985085856908406,0.25201219745871256,False
SIM2,-0.017958794139664395,-0.1461170509115948,0.059686259411223075,False
SIN3A,1.8315802989428588e-05,-0.04489840512989489,0.6943413388489398,False
SIN3B,-0.0028625448559687497,-0.06768401798992989,0.38433349589904175,False
SIPA1,-0.005297103427893939,0.3686903513094682,0.03383264487464208,True
SIPA1L1,-0.00027226757875619046,0.12180232140402718,0.17394062338121724,False
SIPA1L2,0.0020937795178095236,0.2535800892194873,0.11502074715897175,False
SIPA1L3,0.0015880802681911765,0.14527642185675121,0.3547535329994367,False
SIRPA,0.0010072969203200003,0.04603601842210274,0.500855642977063,False
SIRT1,0.00020642670058235285,-0.2684891337702637,0.014911023706790946,True
SIRT2,0.0003690902946038096,0.12700797293994004,0.012638353038518606,True
SIRT3,0.0013917224231666666,0.35550694592424015,0.0003129282388123205,True
SIRT4,-0.0024918330614545456,0.17707450526908777,0.20341026088748293,False
SIRT5,0.0033973890572,0.28659686932719414,0.0035390095088909937,True
SIRT6,0.005193749827238236,0.2948860908283056,0.002314661863229673,True
SIRT7,0.004645314847444444,-0.10497973207190386,0.4646486958225712,False
SIVA1,0.0005966914306193844,0.04587583297910451,0.3056499764599362,False
SIX1,0.002472705166438286,-0.1888718929604064,0.06629530039031922,False
SIX2,-0.007081529159331818,-0.07546690091918053,0.5443613323104575,False
SIX4,0.0031274876984155,-0.08245100030305628,0.42309359642732347,False
SIX5,0.0013294714545611112,-0.0037177167781382078,0.9711515953161906,False
SKA2,0.0012489850653822725,0.03651503775215021,0.7121223471744526,False
SKAP2,-0.004659441658926799,0.2008997817425084,0.08670499534716365,False
SKI,-0.0014012769319309156,0.06305738088953274,0.5322102017826156,False
SKIL,-0.0003150244142426666,-0.47732632302308725,0.048282434705662805,True
SKIV2L,0.003721898373550946,0.0484952159509368,0.5986131433196813,False
SKIV2L2,0.0010633537508080001,-0.2539045220139395,0.05430765206423629,False
SKP1,0.004800845154762501,-0.13332524637784246,0.13300727412002547,False
SLAIN2,0.0033419861915890904,-0.0522950234629992,0.5994521608920286,False
SLBP,0.0013657685440307684,-0.18345783645593122,0.025843642907132546,True
SLC11A2,0.0024518145348199996,-0.0934240835688749,0.3259740551227275,False
SLC12A2,-0.0001592486720352942,-0.11129922532068505,0.5761460853764635,False
SLC12A4,0.0008079736183666667,0.3738294923180312,0.012424643897956283,True
SLC12A6,-0.003310263255962962,-0.12702510533992742,0.4175042754618301,False
SLC12A7,-0.0001125065978423672,0.26347496506193513,0.0017012049558744497,True
SLC12A9,0.006245950097535294,0.1220381271778287,0.2478976860668145,False
SLC14A1,0.011616627062636364,0.18602221121561868,0.24765503011300458,False
SLC15A3,-0.016783347206222224,0.22416794365604514,0.26203512731372874,False
SLC15A4,0.013803692349722896,-0.24892985152678504,0.0030590570254800677,True
SLC16A1,0.0021586960425,0.2760429695574882,0.012871221082371747,True
SLC16A10,0.00398970652088,-0.16252938337482725,0.19505026549451623,False
SLC16A3,0.004276397531897223,0.09819474229553786,0.6307029371562065,False
SLC16A5,-0.005398705874212353,-0.08209658734551356,0.4404570763462947,False
SLC17A5,-0.003869938083799769,0.053491093626031765,0.46536670964033877,False
SLC19A1,-0.0019710040985808333,0.70072044821133,0.00031744259251205995,True
SLC19A2,0.0034126660840217648,-0.22995258178748668,0.30112487723294934,False
SLC1A3,-0.00016681865392758596,-0.12411103589553339,0.4836991305796231,False
SLC1A4,0.005622304091357142,-0.15670469234210518,0.19366289264983855,False
SLC1A5,-0.0114085631706,0.11827567843092827,0.24372259407388172,False
SLC1A7,0.0003379196137598145,0.2742911322768133,0.059030013078056186,False
SLC20A1,-0.000466798281607143,0.09623266635348403,0.4195360032171821,False
SLC20A2,0.006835212600154546,-0.13153183277224978,0.12265999356610323,False
SLC22A23,0.001529572487265141,0.058691997295264524,0.45841308022722005,False
SLC22A3,-0.006579789643074999,-0.05079859844708403,0.6798071107431178,False
SLC22A5,-0.0030862577588628573,0.011564209200458015,0.932694911682703,False
SLC24A3,0.0017051181193,0.007864403100962642,0.9300836983536055,False
SLC24A6,0.0017527958524388891,0.13269535751439956,0.23191949053221134,False
SLC25A1,-0.0036753903459999997,0.06508906320321932,0.6302812581181898,False
SLC25A10,0.0033639289318346146,0.04315371285753362,0.6136951739589374,False
SLC25A11,0.003917799684461537,0.4530258723604195,0.0001385692231076041,True
SLC25A12,0.004586436248028571,0.05447460939775819,0.4356085640201497,False
SLC25A13,0.003798918791634848,-0.232789781368254,0.08451228079769343,False
SLC25A15,-0.0007644779579000002,0.21885743426215853,0.08711372351124283,False
SLC25A16,0.0013811133261818179,-0.2779978221467062,0.014750180230942468,True
SLC25A17,-0.001253597843707222,0.050276006287344306,0.6858207715846998,False
SLC25A19,0.0011106901428733333,0.3476136269558428,0.003718991631704772,True
SLC25A20,-0.002111254549046154,0.5811287995152162,2.9866848775023185e-05,True
SLC25A23,0.004251468848561538,-0.05404424688864185,0.34469634826028106,False
SLC25A24,-0.00010157914811111107,0.0508269231900935,0.5139642387967847,False
SLC25A25,0.012383130737333332,-0.07375164959724902,0.6276501230246467,False
SLC25A26,0.007422135129499999,0.0212893204534706,0.8311506833830229,False
SLC25A27,0.0005584771137671429,-0.2945665780322915,0.025033182780780726,True
SLC25A28,7.824091017857172e-05,-0.05089366953772221,0.48059782262719175,False
SLC25A29,-0.0032372903931695645,-0.05466513725480466,0.7269015364600673,False
SLC25A3,-3.542388255294133e-05,0.2321811359104793,0.006077718260737908,True
SLC25A30,0.003944245366326667,0.04913911111584572,0.784003832053261,False
SLC25A32,0.001959793832032308,-0.05693752606129254,0.565462903934326,False
SLC25A33,-0.005872005648577778,-0.08870116136835478,0.6935552214930623,False
SLC25A34,0.021236593642154546,1.1665676623561765,0.006052854932957757,True
SLC25A36,0.0031355759595143753,-0.2900599020494955,0.18240878006963548,False
SLC25A37,0.003764563397604167,-0.24575138212578718,0.0227410112834077,True
SLC25A38,0.0010972690995313334,-0.025157363105685816,0.6925184385417247,False
SLC25A39,0.0024907640962017648,0.26407415825136915,0.009767469338387878,True
SLC25A4,0.015104060123609092,0.4211052081111848,0.00016754578447112856,True
SLC25A40,-0.0010916993288970004,-0.043910344845957565,0.6786551797298068,False
SLC25A42,-0.00373338616858,0.3904092193952487,0.00033121773325149107,True
SLC25A44,0.0007115058236872225,0.012568763087703626,0.9062835039458412,False
SLC25A45,0.0032948084863333327,-0.4059561295414561,0.032322922188509726,True
SLC25A46,-0.00022751522318662494,-0.06389835894059083,0.5484710055625303,False
SLC26A11,0.0038133991372033336,0.09604919787546319,0.531932638415767,False
SLC26A6,0.00171295609098,-0.03318087739087883,0.7155057768514332,False
SLC26A9,-0.001515382339,0.6836546801822453,0.0015837369357684955,True
SLC27A1,0.0011073395764828573,0.07003583148049804,0.5436149659553827,False
SLC27A3,-0.008643332779702143,0.5574836341122432,0.0014049250241915574,True
SLC27A4,0.005170240380956668,0.1057800352023749,0.3412784731634363,False
SLC27A5,0.005282014207171428,-0.04300748809157166,0.7963474914063823,False
SLC29A1,-0.01160551134119269,-0.011348777083945953,0.8874652838879696,False
SLC29A2,0.0061128611589173895,-0.33704558239615606,0.011811827643141566,True
SLC2A11,0.004970470106970589,-0.05274929831134429,0.6467572143300372,False
SLC2A12,0.0024088193212466664,-0.0474335900844385,0.6161031090840723,False
SLC2A4,0.00347861728404375,-0.0686621938910763,0.5156714200709542,False
SLC2A4RG,-0.00330073197807,-0.004675849589580672,0.9595464414300188,False
SLC2A5,0.0031249320562066665,-0.23626590553863266,0.03230280686376944,True
SLC2A8,0.0030428308907624996,-0.010627396861015466,0.9198171701434041,False
SLC30A5,-0.00041480777332635716,0.0207838946875584,0.7334768720567535,False
SLC30A6,-0.0013448712386333332,-0.024514101184143152,0.6578766435502024,False
SLC30A9,-0.0004625218330066668,-0.15716991935300992,0.09413667258873402,False
SLC31A1,-0.0007799763853750001,0.17414240995474303,0.06498891192488175,False
SLC33A1,0.002977354613857895,0.004477194048522709,0.9222315578088702,False
SLC35A1,-1.9465865327272704e-05,-0.0620840984199956,0.5994879380302987,False
SLC35A3,-0.00048268070401894745,-0.06500695170628021,0.6051149829818259,False
SLC35A4,0.0008362468316666666,0.25596211641226124,0.0007421369126131939,True
SLC35A5,-0.0018727163003229997,-0.012522759504943344,0.8854173188699525,False
SLC35B1,0.001149631070120909,-0.06265244423857337,0.17169810059478618,False
SLC35B2,0.0017501092098837498,0.18318644097435988,0.03602054796784631,True
SLC35B3,-0.001869585070828571,-0.03663885683971016,0.6239007779072241,False
SLC35C1,0.004379658739820646,0.1839376058990644,0.06823308865628196,False
SLC35C2,-0.0005141973639426666,0.05935102603032127,0.4646436179048876,False
SLC35D1,0.0048986845110999995,-0.15709541589165943,0.1072372265186817,False
SLC35D2,-0.003911550064200001,0.17769741232246544,0.2917445934609703,False
SLC35E1,0.0011286271124750001,-0.05923736246851172,0.23001788033830592,False
SLC35E2,0.0032060696188846156,-0.23039842347766057,0.05745265674251894,False
SLC35E3,-0.0018139962816923077,0.1976242355051513,0.020748866340773307,True
SLC35E4,0.004000928918517273,0.1453610496219578,0.37543881543691093,False
SLC35F5,0.00014388148726749992,0.14335554252841493,0.2518447819735014,False
SLC36A2,0.015811431785111112,-0.2625833366046605,0.05134497570376339,False
SLC37A1,0.0042343591854228,0.10499796770766534,0.05682031293517102,False
SLC37A3,-0.0005521686329864285,-0.17746494294030402,0.25773670985248054,False
SLC37A4,0.006098475488075,-0.17160027331874694,0.037417348712003334,True
SLC38A1,-0.001981466271263636,0.5241830717176558,0.0030234966876816617,True
SLC38A10,-0.0007357108107803231,0.3558487762502592,0.0014216422356148522,True
SLC38A2,-0.0042310651985800005,-0.31113846798144296,0.2546003528612142,False
SLC38A3,0.000241799566465,-0.2607952432868473,0.13014274764122843,False
SLC38A4,0.0057356789672082355,-0.1981543987156739,0.2382063209188549,False
SLC38A6,-0.0010568670871530712,-0.037377841671223974,0.7357586418711679,False
SLC38A7,0.0021557357595226668,0.2819262540958085,0.06259111795075263,False
SLC38A9,0.0008417765738772728,0.009377990338977743,0.9172302382570213,False
SLC39A1,-0.0020070449615168184,0.20345601759160542,0.030084285940477448,True
SLC39A11,-0.0002816110713564108,-0.014541756815122648,0.9049429933913207,False
SLC39A13,0.005856548635438461,0.16070633319400474,0.04954140789182425,True
SLC39A14,-0.0042424110854142865,0.291657747968535,0.006829376089241477,True
SLC39A3,-0.0023490646193611107,0.04330899452548149,0.7452176542893703,False
SLC39A4,0.0012263189908699997,0.0007486491662706894,0.9958173699056853,False
SLC39A6,-0.0011433617460164995,-0.07204863922849233,0.4730382908803309,False
SLC39A7,0.0018802125119877046,0.3794428315841953,0.00043160759740815764,True
SLC39A9,-0.0010768041524449998,0.13152829769018998,0.18371719805302136,False
SLC3A2,0.0008756257844941463,-0.20289922471632915,0.1274137631309589,False
SLC40A1,0.00021075089453076936,0.09928205913960349,0.2250075427085143,False
SLC41A1,0.0033766763057499994,0.4510724394484659,0.00175767579757349,True
SLC41A3,0.010108825710751999,-0.02473696093038374,0.7799557606518496,False
SLC43A1,0.004576335439953847,-0.10204462687896156,0.2319046616454927,False
SLC43A2,0.004270774437491042,-0.2618191587817566,0.08284619021595505,False
SLC43A3,-0.008523869394416668,0.268072344739222,0.024338291474518017,True
SLC44A1,0.00342191544224,-0.12428471523211333,0.15948275411186422,False
SLC44A2,0.007256277971992592,0.05690811677989036,0.5254097454917428,False
SLC45A3,0.003864538209836364,0.14833202835152498,0.16819526935183488,False
SLC46A1,0.004888921871015789,0.2160123664284564,0.1273026014855247,False
SLC46A3,-0.002902207900763692,-0.050081077523137306,0.38144847351101185,False
SLC47A1,0.002309345063541667,0.21748752919557915,0.00923855482458967,True
SLC48A1,-0.0015158782789090912,0.10249442913990717,0.2567339074503799,False
SLC4A11,-0.0014170724066241377,-0.4428376798863674,0.0033201186986842463,True
SLC4A1AP,0.00020875767040499997,-0.14978310291931554,0.052493522527936515,False
SLC4A2,0.00235874214075,0.2699866720355505,0.00134840694736552,True
SLC4A7,0.01228299449036,0.18550252928555844,0.10951029947322381,False
SLC5A6,-0.0005492236650718182,0.010803566236644175,0.9436803032119392,False
SLC6A6,0.004685157590432143,-0.16656727975168834,0.02073522184124777,True
SLC7A2,0.006111533851906249,-0.4579595688249622,0.0032919761185603584,True
SLC7A5,0.005946588959668834,-0.2185571018424149,0.13161231530069525,False
SLC7A6,0.008781824379645455,-0.2901168192647601,0.12303118392783732,False
SLC7A6OS,-0.0003567814720421053,-0.24706314236993643,0.012310536926445827,True
SLC7A7,0.002039776966692308,0.4377223090975743,0.004281655542151881,True
SLC7A8,0.009681578225905556,-0.24717290809914613,0.033614448812817006,True
SLC8A3,0.006243036756104857,-0.4300602511201671,0.00489795295085832,True
SLC9A1,0.007623808203195536,0.07319008323832016,0.5781417430686837,False
SLC9A2,-0.0006885366949106247,0.1312883140427865,0.09702027896401304,False
SLC9A3R1,0.0022198830212555557,0.3448499725565013,0.01549855949705512,True
SLC9A3R2,-0.008291966967013635,0.10732198896181476,0.26777431219977604,False
SLC9A5,0.002233648428252941,-0.024232698681886013,0.7543958795636504,False
SLC9A8,0.0009168735160642857,-0.15765307738951154,0.04781683090177494,True
SLCO2B1,-0.0011598138348333333,0.12418687318639834,0.35529176976543353,False
SLCO3A1,0.0018025269023925403,0.41899539383064616,0.001704698587571946,True
SLCO5A1,0.0034336219359070268,0.20995166031975626,0.045682966161970456,True
SLFN11,-0.00032128272028105257,0.31295854868148504,0.01767143074819076,True
SLFN5,0.004185635777747619,0.003525291607644426,0.9620600604153138,False
SLK,0.0005883497680363637,-0.12714317036177036,0.3374981874816727,False
SLMAP,0.0043095878969111115,-0.4139632163249788,0.0010749776751530192,True
SLMO2,0.004510079310566667,0.0843304825444827,0.39138838072890336,False
SLN,0.03678459181333333,-0.009723687177172606,0.926403858445138,False
SLTM,-0.00043242564936111117,-0.38132876594254045,0.03752226277839128,True
SLU7,0.00019029461419272717,-0.29007685721302595,0.07779733391362044,False
SMAD1,0.002614290699022222,0.15866571783531117,0.18385822142486247,False
SMAD2,0.0012118126258063636,-0.15486845901709556,0.0010545172582013933,True
SMAD3,0.010096144109686208,-0.19410932165408842,0.019639963172921975,True
SMAD4,0.004991351216080001,0.04866351298953782,0.6308883991606167,False
SMAD5,0.003395575579329,-0.0390124839221504,0.7502322996578752,False
SMAD7,0.003798044052496296,-0.3248691128835757,0.014737884451670291,True
SMAGP,-0.006467094664666667,0.3076207875752447,0.002781987403561718,True
SMAP1,0.003965507355888571,-0.24683266022552014,0.0630497644914235,False
SMAP2,-0.0013523551221699998,0.12227572082915893,0.4030349927102498,False
SMARCA2,0.0018394194963842858,-0.3103130486674161,0.0003915131822433851,True
SMARCA4,0.0029375020955515,0.0881677477007241,0.3935967671753853,False
SMARCA5,0.000731689042175,-0.1119981885631276,0.5407165370474416,False
SMARCAD1,0.0008500833113999998,-0.07557592008065551,0.5850289980546182,False
SMARCAL1,0.0006052375562600001,-0.05248005786496634,0.26224901902157094,False
SMARCB1,0.004866596931689999,-0.023945602594713608,0.7465601324020369,False
SMARCC1,-0.002216766048835294,-0.11128682222635407,0.032504621537484915,True
SMARCC2,0.002253485885057143,-0.16177088042420243,0.017587400833295318,True
SMARCD1,-0.00021340988372999998,0.10003347933469829,0.3531645384325659,False
SMARCD2,0.0019155902704210527,-0.06839247320535291,0.41542941802734257,False
SMARCD3,0.0009372089971014812,-0.11483341228962818,0.07178735035102057,False
SMARCE1,0.00033274654451428574,-0.03666100177043226,0.5491364222163173,False
SMC3,0.0006360834133599999,-0.365305962612783,0.05075783084314363,False
SMC4,-0.0015004335266227272,-0.19653543840770568,0.26892351445393675,False
SMC5,0.0006585954309333335,-0.3082509681288382,0.07547060158919525,False
SMC6,-0.0007407843594846154,-0.1619584770222169,0.3862567964312803,False
SMCHD1,-0.004398777377110001,-0.14461886744227054,0.2983626455217624,False
SMCR7,0.004360276275109524,0.1607683502014194,0.18581869424402478,False
SMCR7L,0.0009668344520000002,0.02575575000936061,0.7763971397918403,False
SMCR8,0.00059915642485625,-0.09908828857276922,0.02400265458794572,True
SMEK1,-0.00012089276478999993,-0.19539801526178008,0.13874610257970024,False
SMEK2,0.003722500142954,-0.2505879648685847,0.008386908556392748,True
SMG1,-0.003163855138366667,-0.12438550555913422,0.23699835652403464,False
SMG5,0.0039850557276352935,-0.04099107075277713,0.579571779530117,False
SMG6,0.0006985269304045456,0.18208511793562868,0.020464073563922117,True
SMG7,0.0014747518700642859,0.04606699030155781,0.4508782628226975,False
SMN1,0.00028413185775,-0.19168774858504903,0.00417074096627558,True
SMN2,0.00028413185775,-0.2456694894021748,0.008774072720046959,True
SMNDC1,0.0011571384493192856,-0.22815990107572015,0.009158369001633056,True
SMO,-0.0025390423134117645,0.036535366685805724,0.6390221590952387,False
SMOC1,0.0015318843588803031,0.22009873508065397,0.09630658463493894,False
SMOC2,0.001915566262545592,0.5548329168119399,0.005442780715638807,True
SMOX,0.0004240714448500001,0.1997826705063033,0.05367188503976797,False
SMPD1,0.0025648039573636363,0.1500569804401045,0.09750844343581591,False
SMPD4,-0.0012764698918227276,0.018240317240553982,0.7786019960219995,False
SMPDL3A,0.0019907408242615388,-0.16456353664367726,0.05233129852190469,False
SMTN,0.0010227670649924998,0.04787301237161272,0.3350631468848875,False
SMTNL1,0.025939736323749997,-0.9949459372840793,0.00016055931249309196,True
SMTNL2,0.011106985324753125,-0.20413431738130433,0.16559783075631998,False
SMU1,0.0030242291615333334,-0.06936676197762584,0.376534959113456,False
SMUG1,0.003770328799263158,0.15864361704279606,0.049325088311809435,True
SMURF1,0.0026181521528363637,-0.1437494651671869,0.06470239674683405,False
SMURF2,-0.0016475184991071427,-0.04143047734038792,0.7291001836244748,False
SMYD1,0.020461103490299996,-0.01005759838945936,0.8528317540500115,False
SMYD2,0.0011579460989625,-0.13654499193422956,0.1955299886894805,False
SMYD3,0.0022100392339249996,-0.02151021166327638,0.8874802416653533,False
SMYD4,0.008369527812384616,0.0004394951831173565,0.9941971853394101,False
SMYD5,0.0022564802789846157,0.10668557853921974,0.31333736601223566,False
SNAI2,0.0013710275936333338,0.40092743044049794,0.009350046886885947,True
SNAI3,0.00080118155565625,0.19537916355671756,0.45072983701976466,False
SNAP23,0.0009945276269166666,-0.1337227505988398,0.24625691363600058,False
SNAP29,0.00028128085892142847,-0.07288712240243839,0.26425336907355856,False
SNAP47,0.006008759755776001,-0.033197445245056384,0.7408695356005252,False
SNAPC1,-0.002868291162293333,-0.030615093045996352,0.7255786663390049,False
SNAPC2,-0.0016216615753,0.29677379405233356,0.005426651546877996,True
SNAPC3,0.001631877527314285,0.09187862541471435,0.21816442018328344,False
SNAPC4,0.0046888660997,-0.06594836175086789,0.17640544440064948,False
SNAPC5,0.0088464077475,-0.045377438358852024,0.5432304319260576,False
SNAPIN,0.009792101052042855,0.043742879022186626,0.5209943394499723,False
SNCB,-0.003270661450490625,0.8664406978636051,0.0016020829020604078,True
SNCG,-0.01725970295257143,0.39227524751293624,0.00035744966418296245,True
SND1,0.0039171085156508075,0.14764254371012492,0.029538754825937957,True
SNED1,0.001946828377332623,-0.29066603509505323,0.1083442529838402,False
SNF8,-0.0008696647725957334,0.19597242304744703,0.06050117326266037,False
SNHG1,0.0031022037307303334,-0.224635595672968,0.0538864414254295,False
SNHG10,0.0013964808282859998,-0.03065148613162956,0.8723690071387893,False
SNHG11,0.00022290689442352947,0.15932423819144625,0.23032474425399102,False
SNHG12,0.00027049217751952366,-0.09442520636254416,0.17432466782145425,False
SNHG3,-0.0022913691490307696,-0.1277858583270605,0.013349059581938829,True
SNHG5,-0.0019228961843471431,-0.47702336267852025,0.001143227682184565,True
SNHG6,0.012005990498999999,-0.4632389124067499,0.0011126815253820616,True
SNHG7,-0.0026078783208833335,-0.22134526549853148,0.004712383164642397,True
SNHG8,0.0006238663770230771,0.06212651307492336,0.5088405987319327,False
SNHG9,0.000541571680325,-0.24457858325364973,0.0012992885022576838,True
SNIP1,-0.0023448723928190477,-0.010693811025697513,0.848474931750035,False
SNN,0.000748505214847059,0.09267618270094333,0.25545107458810334,False
SNORA31,0.007559664256199999,0.4637962889971389,0.4697856969998703,False
SNORA5A,0.005226509789499998,0.4803274214823252,0.2735666128314278,False
SNORA8,0.0018859536131428573,-0.6261762606573142,0.321497004989192,False
SNORD104,-0.004392242713933334,0.66330421976531,0.6726779754029497,False
SNORD21,4.8793931749999955e-05,-1.3066406998940208,0.017773218889625134,True
SNORD35B,-0.0019942958496,0.7325241580663533,0.29973392480808264,False
SNORD55,-0.001173580295759091,-0.7586274143148247,0.4311598015645388,False
SNORD67,0.007164373024000001,0.4275883023507738,0.4552594819857332,False
SNORD87,0.018615601431999997,-0.03952611143691504,0.964770561854474,False
SNORD89,0.0003038828225857141,-0.7972449427788284,0.30274541756171325,False
SNORD95,-0.00089686679194,1.0800050061568043,0.3217732774439437,False
SNORD99,0.0046450489991666675,0.8478063467323781,0.5017579430663628,False
SNRK,-0.0025682769056384613,0.1974128255065245,0.05064923450803834,False
SNRNP200,-0.00266112543631875,-0.042102128951659795,0.35261729995497015,False
SNRNP25,0.0010723208127715455,0.15907229382577956,0.10733217133114728,False
SNRNP27,-0.0008404253989428573,-0.10269756738024084,0.0714006866177257,False
SNRNP35,0.0020329584957666665,-0.059138333651848285,0.17462166206227803,False
SNRNP40,0.00020251481109777777,-0.16027270284493492,0.22696395979273107,False
SNRNP48,-0.0007913578374208335,-0.21559430453165448,0.0012736650676584058,True
SNRNP70,0.0004695763579153847,-0.32871990356898545,0.08603979411165295,False
SNRPA,-0.0010958988100215783,0.01921840724838588,0.8050666314371074,False
SNRPA1,-0.0018740245720150002,-0.2479944096785417,0.015568075406169713,True
SNRPB,0.0035009704496061105,0.09737710348651558,0.2277884321327676,False
SNRPB2,-0.003613617701415384,-0.012940586957465815,0.8126880984297404,False
SNRPC,-0.00038180109404166673,0.04649992249196888,0.41509890296486995,False
SNRPD1,0.0016407298152555554,-0.025954067192692613,0.8277470333699823,False
SNRPD2,-0.001002341787988889,0.061923463235161916,0.4109677891936505,False
SNRPD3,0.0004500244226294117,0.045992064428746815,0.3876155276116068,False
SNRPE,0.0021658670705916663,-0.10453222668178987,0.33037897175581654,False
SNRPF,-0.0012289263564249997,0.2435646832401327,0.06237418370955254,False
SNRPG,-0.0005644924162233332,0.22273333523974587,0.011804437588471602,True
SNRPN,0.0016400906660000002,-0.15289573778406176,0.4211072121160059,False
SNTA1,0.004916191339807143,-0.12371630306055016,0.11064753420960045,False
SNTB1,0.0030062377590056254,-0.05523098944942382,0.6339161283693098,False
SNTB2,0.0004567647236835293,0.08164266665967793,0.16005620887664468,False
SNUPN,-0.0014206287336499999,0.08923534435634618,0.10938581098401548,False
SNURF,-0.0002796543794117645,0.15668094128436708,0.017729990886806022,True
SNW1,0.0031284899702054996,-0.20980932162600796,0.029303220444757663,True
SNX1,0.0023366785545038456,-0.07661043864090294,0.5215613614792494,False
SNX11,-0.0006702551937857144,0.12509612130318098,0.19590986231085017,False
SNX13,0.0019643921720769227,-0.08807749494339644,0.38352407874702055,False
SNX14,-0.00023377119483333333,0.11843415712355294,0.35525864455059775,False
SNX15,0.002017344259538125,-0.16851907813921266,0.05548011127522242,False
SNX16,0.002065320254075,-0.14123745003925947,0.1547032688909708,False
SNX17,0.001281620161731818,0.20599960020080488,0.001977253398473216,True
SNX18,-7.60698676687499e-05,-0.056146765748575286,0.4359806979867946,False
SNX19,0.0014421930298691057,-0.06261314432540521,0.5080654703332663,False
SNX2,0.000974950576714667,-0.11185225432552408,0.26264779117331233,False
SNX20,-0.0053794343282600006,0.0034822879077780378,0.9756816900628473,False
SNX21,0.007294650257,-0.13391875252019547,0.2829292559974117,False
SNX24,0.001400197247990476,-0.2555926469532954,0.0031400396541462474,True
SNX25,0.0020075942666368425,-0.0952264202325044,0.1641654182180492,False
SNX27,0.0027312321530628563,-0.11038157675150075,0.02695248250240977,True
SNX29,0.0018713753842025324,0.028842285663648246,0.6658901383180389,False
SNX3,-0.0004469762019666666,0.03343825710028512,0.5647173037957818,False
SNX33,0.00048775585864545436,0.18112723104687048,0.028386058195630923,True
SNX4,-0.0010841380380235293,-0.09932385616980924,0.37739321785659585,False
SNX5,0.004194840808929334,-0.25209083038503527,0.014666016881322798,True
SNX6,0.004522105717109091,-0.05353337449510902,0.5606181526390546,False
SNX8,0.0006311173746018867,-0.03524248629244992,0.7439798203748081,False
SNX9,0.0033872575544817386,-0.010719703623995032,0.879125356939234,False
SOBP,0.00438787706309375,-0.039463937588770426,0.6734597096959827,False
SOCS2,-0.008467187389665454,0.4356101765314318,0.07001160409648118,False
SOCS5,0.0030042483924299997,0.01095514394822989,0.8906972852859778,False
SOCS6,0.004409645037575,-0.29908201572593324,0.02380104499147311,True
SOCS7,0.0014298031023342861,0.16617119171481323,0.2476014657601066,False
SOD1,0.00020012800556666667,0.0085519423333702,0.867793716189145,False
SOD2,-0.00016636017167500012,0.09476645687315934,0.08000448530521109,False
SOD3,-0.005582147745666667,0.47087031564398424,0.0138672925452767,True
SOLH,0.002655904638064706,0.09672768295262651,0.25503217701659997,False
SON,0.0031664053073440007,-0.19275815130130106,0.06616500166683764,False
SORBS1,0.007003996329474418,-0.2785468004976167,0.07378038854517623,False
SORBS2,0.006351759353107237,0.26364759298242474,0.10589178628402873,False
SORBS3,-0.0027793373924999997,-0.04670765434750484,0.5666040959691927,False
SORD,0.003603733127423529,0.11766516938478477,0.13383839104066658,False
SORT1,0.005843496852100001,0.09147397793862706,0.36397827651582293,False
SOS1,0.0021631871805840555,0.022066618170084432,0.8438395637947399,False
SOS2,0.00295557737441,-0.3982296232880885,0.002256334799913218,True
SOX13,-0.0012263079830796295,-0.18099278655086792,0.26881906939911404,False
SOX17,-0.0009336583285256251,0.2927227005915157,0.01110544461299489,True
SOX18,-0.002337283330574999,0.4939745869905218,0.04120913814571951,True
SOX4,-0.0004362270727882352,0.39693905838980864,0.001599256171565624,True
SOX6,0.00461182623170625,-0.18677301120755577,0.06429640081204895,False
SOX7,-0.020492416001772727,0.3100917873566076,0.011822202784021891,True
SP1,0.00255214555171875,0.007883931582214928,0.9260149255147991,False
SP100,-0.005268952958811111,0.08706534686079624,0.5840578947138682,False
SP110,0.008386729413125,0.08604823249342637,0.3003369392614846,False
SP140L,-0.0064227593710125,0.11411876207150994,0.3471156665528309,False
SP2,0.004827110082226316,-0.010597440315836183,0.8741008580125198,False
SP3,0.0035725625580666663,-0.2756327509372775,0.04600014195353154,True
SP4,0.005180841138175,-0.2325790028721924,0.02864511828696462,True
SPAG16,0.0018471013557999996,0.12794682717019515,0.1988926054518997,False
SPAG7,0.00109654953875,0.14310711770171453,0.012560751293862698,True
SPAG8,0.004550504950549999,-0.035438375591264774,0.7484602916516883,False
SPAG9,0.004914846251946666,-0.10366228977921678,0.3918835500257738,False
SPARC,0.001601079575615385,1.1463220061141586,2.3033286918565693e-05,True
SPARCL1,0.00202069413238,0.32496330864724443,0.055772562763316366,False
SPAST,0.003693775550875,-0.2162697466880365,0.011790204945536625,True
SPATA2,0.0031616506754104166,0.10577203543232945,0.14532857344130617,False
SPATA20,0.0008139625690239998,0.03167024076404079,0.57846219750274,False
SPATA21,-0.0004741141229818178,-0.16401176075771817,0.03135768299758545,True
SPATA24,9.500521660142851e-05,-0.11650833425671614,0.29849838187010996,False
SPATA5L1,-6.829652058571425e-05,0.027555843930213667,0.7960842100598129,False
SPATA7,0.00020984371375333313,-0.07277763332188926,0.47557406179087736,False
SPATS2,-0.0005070471390250001,-0.2042285365989165,0.050342956364174976,False
SPATS2L,0.011809657447348779,-0.20028249496905579,0.01656842950954508,True
SPCS1,-0.0004153578745533333,0.04278088531076587,0.4976495927321535,False
SPCS2,0.0007213871898624999,-0.04765918766888215,0.621108172834558,False
SPCS3,0.0007752442181222222,0.08557635205193598,0.4149911745312477,False
SPDYE3,0.0035114382165,-0.029488174805819858,0.7356796889489265,False
SPEG,0.004041926869390953,-0.12308618857435683,0.1850500519009654,False
SPEN,0.0008331250497445001,-0.27559298562173445,0.06402176793231068,False
SPG11,-3.081270043571455e-05,-0.14871738589682607,0.04003128013128408,True
SPG20,0.006555947389981286,-0.23797380867040865,0.005756907059375255,True
SPG21,0.007230011056981817,0.015912775588519456,0.8706097570766342,False
SPG7,0.0012489710323050666,0.13925399333103802,0.009676200586881581,True
SPHK2,0.002714902511065217,-0.15124854947898478,0.2922287903856577,False
SPI1,-0.0014435903992277767,0.38436372192585133,0.012736355272997745,True
SPIN1,0.00425110602311875,0.25243245696017774,0.04513437204331845,True
SPIRE1,3.027381708923055e-05,-0.05282174814614131,0.7095156318312645,False
SPNS1,-0.0022156145435923073,0.044381458072547696,0.550865219998013,False
SPNS2,-0.0027217666244454546,0.03672349805099467,0.7097933810506052,False
SPOCK1,0.0037940757501,0.3783192051165177,0.031369420831172036,True
SPOCK2,0.0004267478887461539,0.05929492114248457,0.43304540429231075,False
SPON2,0.0018007397136133333,0.2893286838781019,0.03648973660770119,True
SPOP,0.0082406725904,-0.08513015200038429,0.42802433341077695,False
SPOPL,0.0033664709067647053,0.04579190676949305,0.6048379679332222,False
SPPL2A,0.0011127843377923075,-0.27092358988861426,0.03751947804889108,True
SPPL2B,0.0020191094264315783,0.06233563159616772,0.4874879110781767,False
SPPL3,0.005287551951755556,-0.03280699644169034,0.7561433745586114,False
SPR,-0.0013199141139733335,0.30811929307505265,0.010548708631658825,True
SPRED2,-0.004564011273664324,0.1485591043678798,0.09696212889153309,False
SPRY1,0.00452099093332,0.24067801388710083,0.021980889123817147,True
SPRY2,0.008911355590767368,0.08857758529137418,0.4340497389818434,False
SPRY4,-0.004438883893385,0.5226107776480929,0.0003133615615438616,True
SPRYD3,-0.0022916882724315787,0.23168643905148548,0.0037728439032234736,True
SPRYD4,0.0003883291214008332,0.3200525258220935,0.00020058577494458951,True
SPSB1,-0.003374508878418605,-0.28458075457922427,0.19617978620918403,False
SPSB2,-0.007480460966473556,-0.12376550696363076,0.3978448152334513,False
SPSB3,0.003141888278256071,0.055552292922591076,0.42449556775674846,False
SPTAN1,-0.0025537058914214287,0.3135636089849943,0.002101968684036602,True
SPTB,0.0022721485016545455,-0.11174074271299189,0.19506086182646268,False
SPTBN1,-0.0018248912871207793,0.2626386570913029,0.0033623678462929743,True
SPTBN4,-0.0033817014760876393,0.016952182008613793,0.8798431787063213,False
SPTLC1,0.008548149966971143,-0.1422091634136968,0.049929583487437805,True
SPTLC2,0.0005970857877307694,0.2694956553116238,0.021619995954923227,True
SPTY2D1,0.0016330352864125,-0.10494912812920489,0.14076498436412616,False
SQRDL,0.001490119819735294,-0.18347416494622995,0.13412515416959334,False
SQSTM1,0.0002401786607964863,-0.13971344603969216,0.21534802010726828,False
SRA1,0.0026013568787461535,0.13484879748248632,0.022988641662035236,True
SRCAP,0.0003863992562728571,0.016027975255789292,0.8458670428735742,False
SRD5A3,0.0023040396555014287,0.14481373605442968,0.33881693696310655,False
SREBF1,0.004374630019399999,-0.04215961800228991,0.8656188730587153,False
SREBF2,0.0010996606808318181,0.09022501626989095,0.3196600871046773,False
SRF,0.002714530681095454,-0.015832471247807067,0.8240692205540504,False
SRFBP1,-0.0002177945790392309,-0.13357130097421893,0.14084595145870327,False
SRGAP2,-0.0075992786833666654,0.2765375983398012,0.09359869296006328,False
SRGN,-0.02077851658628571,0.5174365953493653,0.0001326522018674047,True
SRI,-0.002422783759586667,0.3047178778463995,0.018944914898790705,True
SRL,0.012682397228000002,-0.1657024804434835,0.0009411892663527289,True
SRM,0.0022826679478257427,0.06312563220291846,0.3945655560298379,False
SRP14,-0.0018640646929352943,0.1408873136878017,0.010779209901233171,True
SRP19,0.0005322004695599999,-0.15835682175747479,0.013830268502841135,True
SRP54,-0.0008058382822192833,-0.14529158404247022,0.03694885512106398,True
SRP68,0.0032194286331226306,-0.07699308970725459,0.15898226201955457,False
SRP72,0.0021549847879925002,-0.15330524692765468,0.06407685526300974,False
SRP9,-0.0005351463047357142,0.0293721493784469,0.6869851744436243,False
SRPK1,-0.004942985905117647,0.028267876549295353,0.6953336844524673,False
SRPK2,0.001843584579544186,0.01330308212536742,0.9152416427934713,False
SRPR,0.0010974504409421053,-0.08808177803714551,0.1858223666963124,False
SRPRB,-0.0009671569217461534,0.16872010977566151,0.12366190187028485,False
SRR,0.0003970978640499999,0.16423527751954017,0.24787521961585576,False
SRRD,0.006764478072683332,-0.02744619389430645,0.7958805606099888,False
SRRM1,-0.00046421232707222215,-0.3049032606146303,0.06746949904862956,False
SRRM2,-0.0008344696474342105,-0.4059423701627097,0.02966142604285762,True
SRRT,0.003067825731966667,-0.004422541563917556,0.9553203584590223,False
SRXN1,-0.0036847945762149997,0.0937587349673509,0.5459390045583699,False
SS18,0.0023369103464384615,-0.012810679248159162,0.867030957932524,False
SS18L1,0.0008611494173966666,-0.09364899216570922,0.2231390681968808,False
SS18L2,0.004585876448681818,0.09638519968961842,0.5387208235454458,False
SSB,0.0004746814161749999,-0.2579055697253847,0.15445700696962406,False
SSBP1,0.001274058832546154,0.14031833248117404,0.044973334620350996,True
SSBP2,0.0050581758834000005,-0.20881438815940825,0.009337453828593592,True
SSBP3,0.005088092106883562,0.16013263967207728,0.04987400196605266,True
SSBP4,-0.0031440095691875,0.20904850184129772,0.02729172497161238,True
SSFA2,0.00271921069161,-0.22751478728978747,0.23635217863130384,False
SSH1,0.004498546564652173,-0.009523960541094955,0.9005816343250315,False
SSH2,0.010173492617344118,0.0072511270297878575,0.9332838812694201,False
SSH3,0.00214036284693125,0.18861609880948318,0.15646807103798166,False
SSNA1,0.0047056018759,0.13496956855947892,0.09174272534441572,False
SSPN,0.0004750529789483332,-0.2372623291980034,0.04558676703204197,True
SSR1,0.0009279989572363637,0.06652936310389998,0.26819359301473944,False
SSR2,0.004342190748256999,-0.0059895151910719265,0.9467969561567737,False
SSR3,-0.0009091786829358827,-0.017071029134448003,0.6712036139371458,False
SSRP1,-0.0011607270695,-0.09268433805306996,0.08704642315475791,False
SSSCA1,-0.0005836422333690909,-0.018919545434047128,0.8892727985660859,False
SSU72,0.004847318197572,-0.05395538920200222,0.4248907746469227,False
ST13,0.0007528241469058823,-0.3139247149931048,0.000371549453432366,True
ST3GAL1,0.006995860174581283,0.005924939590189107,0.9566987206753539,False
ST3GAL2,0.003497195852077307,0.011222237928211825,0.9234664243576487,False
ST3GAL3,0.0056797037447148145,-0.07703822632236652,0.1784058873258658,False
ST3GAL4,-0.004918586931573,0.4830162823209605,0.001355939471709338,True
ST3GAL5,0.004408139872493332,0.027360130119065695,0.7077284142301943,False
ST3GAL6,-0.0070307986071666655,-0.131712644327202,0.3685098505337121,False
ST5,0.0030294747458603174,0.18901406547293725,0.2682579406066198,False
ST6GAL1,-0.0002460675847500002,0.3464824388101371,0.03759729918038508,True
ST6GALNAC2,-0.0009693389261999998,-0.026690621227007737,0.7232848650608332,False
ST6GALNAC4,0.00101728980225,0.13161476434554745,0.06041213843502093,False
ST6GALNAC6,0.003403605010766667,-0.1470919743598148,0.032476433948432526,True
ST7,0.0036753648083872226,0.02616267446377075,0.8724803110129297,False
ST7L,0.002056819378463158,0.0869403661456196,0.4150218382418609,False
ST8SIA5,-0.0004952269022823529,0.4005443975561703,0.017762581804088438,True
STAB1,-0.006296845042252173,0.3866816499763212,0.0017393029086693649,True
STAC3,-0.0031116094664999996,-0.32075767880029216,1.2877737610143536e-06,True
STAG1,0.007854800980673685,-0.19513057007493406,0.019591072275655354,True
STAG3,1.9841159537058852e-05,-0.5523646077302552,0.03130224583599861,True
STAG3L1,0.00177235060225,-0.07751327246486227,0.4245424691397103,False
STAG3L3,0.0004425063103333333,-0.20491095209828367,0.030252717786420663,True
STAG3L4,0.00022744506606428572,0.12009750441660877,0.46759604597059123,False
STAM,0.004929524865170588,-0.24571169285328007,1.0018782919092299e-05,True
STAM2,-0.00037367679923846163,-0.03605241166614483,0.7464178712279991,False
STAMBP,0.002242333309479999,-0.03756089845451604,0.5695538283858794,False
STARD10,0.0017618325946607144,-0.07898117461195357,0.3432006129472973,False
STARD13,-0.001265149338729184,0.1736465487317003,0.03194278345540597,True
STARD3,0.005949470391405172,-0.1490478236974899,0.24313621843860242,False
STARD3NL,0.00020735143416176493,0.007129157174511488,0.8951651965333219,False
STARD7,0.003981040361456843,-0.027329501760432896,0.6992540880473879,False
STARD9,-0.0018993879713363635,0.1468209949709557,0.16795198199741737,False
STAT1,0.0010916313858611766,0.125715204587552,0.2575497949987602,False
STAT2,0.0025464167115111114,-0.1689733317289562,0.208093828633542,False
STAT3,0.0016016108724589279,0.08421657347115503,0.3024716517024916,False
STAT5A,-0.0020005474658857146,0.06851544881760395,0.30975980008126486,False
STAT5B,0.0035971771622176473,-0.3070833160000292,0.00013405920830409076,True
STAT6,-0.01825722999651111,0.24939024254345676,0.0332648846665795,True
STAU1,0.003589678911554286,-0.0442870951293739,0.2340593583758322,False
STAU2,0.004039032403338889,0.014844186175669304,0.7798258360267005,False
STBD1,0.00094535967314,-0.08675120289913764,0.20659106456646983,False
STEAP3,0.006199608096913793,0.06252667607118155,0.4505263998513045,False
STEAP4,0.0003598019810041668,0.07143022839024926,0.3696249173977001,False
STIM1,0.007082242392809002,-0.09699344351096412,0.19748466609700963,False
STIM2,0.0020421248697173916,0.016528191820771507,0.9187332315970016,False
STIP1,0.0014012879316,-0.030858069592987245,0.7924151674287632,False
STK10,-0.0002760396224510201,0.2469085764408705,0.044005891798734105,True
STK11,0.005123163601078261,-0.08396848070150907,0.331641313399925,False
STK11IP,0.004256510873625,-0.2478875049897268,0.05417405889072091,False
STK16,-0.00207665114475,0.26163258283388247,0.05745018369195626,False
STK17A,0.003528517066184615,-0.022757825101874133,0.8033969633685031,False
STK19,0.00525247671680442,0.11925486537412176,0.17715150150512537,False
STK24,0.005818030311125864,-0.008696267734169781,0.8843905449268727,False
STK25,0.007502516056648001,-0.12482422902762348,0.04755359013526565,True
STK3,-0.0006765847898682356,-0.1689103429944181,0.10395708562315373,False
STK32C,0.0020906439858441907,-0.1133014014399235,0.20592936570236547,False
STK33,-0.0025245999895077273,0.13027094522435004,0.43101664214468816,False
STK35,0.0027897782068750003,0.11592057588238984,0.18577302582145427,False
STK36,0.00100859520518125,-0.34877671024959794,0.04192105015792738,True
STK38,0.0026860555497899997,0.13337625802867362,0.104641554622109,False
STK38L,-0.0032170424798742864,0.18745309498234486,0.16211010374662715,False
STK40,0.0034293572303495837,-0.11687248426259195,0.4229139117598242,False
STMN1,-0.0034870708721321426,0.4453931224955619,0.00039990286100582766,True
STOM,-0.0021619786935999996,0.28197418514327216,0.014356718802929165,True
STOML1,-0.004062680184500769,0.22417336434666205,0.031043458547055813,True
STOML2,-0.0009764519118285714,0.01640568326542099,0.7626312844954963,False
STON2,0.006802691754222222,0.2774244389011683,0.05630399719227268,False
STRA13,0.001038315064943182,-0.061963925544978024,0.6163517008740537,False
STRADA,-0.0006807735855235293,-0.01095932388801994,0.9449709378735579,False
STRADB,0.004821822738590909,0.032552844702845446,0.7406204977048783,False
STRAP,6.926277547142846e-05,-0.04307535407460525,0.5097346409781676,False
STRBP,-0.0027999758980142863,-0.19552777733673282,0.0876791145502249,False
STRN,-0.0009109464361599164,0.028257069705143027,0.6436256255650701,False
STRN3,0.001776510527226179,-0.3532639457805282,0.0013113914702872057,True
STRN4,-0.002074647285861538,0.04950503108496062,0.5588241458318164,False
STT3A,-0.001556149351905882,0.19928046511241693,0.000542385441711974,True
STT3B,0.00394319934387647,-0.10061868196852282,0.37639087760531786,False
STUB1,0.001371777257246667,-0.07106379841231467,0.3362586215034967,False
STX10,0.002403608823309091,0.10799646452042659,0.2686885642084373,False
STX12,0.0035915498975425,0.12248266860470386,0.14975276446216249,False
STX16,-0.006630449055145454,-0.31263048686264605,0.047705593035232745,True
STX17,0.00268880116425,0.019452388922106222,0.7875961070106449,False
STX18,0.0022387278946865378,0.009595315224244706,0.9359076230403821,False
STX2,-0.007997820779769446,-0.001714014931370285,0.9853343714039087,False
STX3,-0.0002001373194833332,0.09169914461134497,0.4677994275423786,False
STX4,-0.0006967394054642857,0.08124271128099224,0.1774053945114868,False
STX5,0.0018963714417857143,0.18224386892034314,0.10550863311862131,False
STX6,-0.0016634970417933334,0.10056639350472535,0.28361062377535967,False
STX7,-0.0010297565424153847,-0.08966334677731566,0.26762479123102506,False
STX8,-0.0006681581415053126,0.013857447226111284,0.8807274405433183,False
STXBP1,-0.00111788809793,0.11379470652114798,0.19713808151090667,False
STXBP3,-0.0009626243850182221,-0.32657517500608824,0.036971352557661964,True
STXBP5,0.001874796753433333,-0.16492799361322047,0.12210274212667499,False
STXBP6,0.002543307596244445,0.18698941385319853,0.27305053185931993,False
STYX,0.0026988836653199996,-0.044987201839233236,0.570336707187009,False
STYXL1,0.005176206583512,0.19761675375445423,0.11931881328067127,False
SUB1,0.0017888374945019998,-0.032583380872050795,0.6876651338959296,False
SUCLA2,0.0035839874674384615,0.015293493331464429,0.8568892537077575,False
SUCLG1,0.002579367334618181,0.32275156474818334,0.0004043448198252304,True
SUCLG2,0.007630793830133333,-0.09053411910889912,0.23263355593309162,False
SUDS3,-0.0019188620855000004,-0.11167258895289875,0.11331679505992705,False
SUFU,0.004696989868875,0.012538974737571625,0.7820734809123502,False
SUGT1,0.0008175788195857143,-0.02560249543163923,0.7008336277611091,False
SULF1,-0.002747791122560715,0.16336764061692424,0.19534627910371444,False
SULF2,0.0005157699985541669,0.2622375649064949,0.028198961241323543,True
SULT1A1,0.00241079310219875,0.18607437293108695,0.07426886755324147,False
SULT1A3,-0.0068311767388333335,0.06917591745676172,0.5251900874668789,False
SULT1A4,-0.0068311767388333335,0.12429937547937224,0.0631436212665486,False
SUMF1,0.009444850851607145,0.20891002342906012,0.03554238222309667,True
SUMF2,0.0033321159494966667,-0.1969686113484859,0.0010046183526138085,True
SUMO1,0.0046675748004777785,0.002518253366294652,0.9696075082741085,False
SUMO2,0.0004934881064750001,0.01931200739729568,0.739176549045784,False
SUMO3,-0.0014676038184474997,0.008882888508452747,0.8920942508002513,False
SUOX,0.001793513901042857,0.10470029021711696,0.1033925217258536,False
SUPT16H,-0.0020449241417937495,-0.09902207623935669,0.11415945975431983,False
SUPT4H1,-0.00030124371679999986,0.11433668285526487,0.17746682892324375,False
SUPT5H,-0.0004689222128428572,-0.08580184248741379,0.42834863134175893,False
SUPT6H,0.00038768710717500016,-0.03269752467588891,0.4336330102178587,False
SUPT7L,-0.000942398898678947,-0.06285987640742102,0.46984064148678006,False
SUPV3L1,-0.0006518379937846666,0.05270642771394525,0.5625996026602922,False
SURF1,0.0053797374047125,0.10303175775937602,0.11750661647215845,False
SURF2,0.006954647138744444,0.07013331333771676,0.555483674312137,False
SURF4,-0.0010041865852583333,0.10283697117385339,0.280734648302866,False
SURF6,0.0007823443832777777,-0.05255353374814515,0.3546636956830854,False
SUV420H1,-0.00038918524636538443,-0.25215617648780525,0.09525997453070048,False
SUV420H2,0.0007718261733142858,-0.014877117038611802,0.8784663808811448,False
SUZ12,0.00285749297328,-0.20691491692199968,0.08290781608292337,False
SUZ12P,-0.0034867359046000003,-0.14189617454450051,0.18146656479763892,False
SVEP1,-0.0014388837889600004,0.26489968118159213,0.007122672091028223,True
SVIL,0.011388462260040741,-0.42694080164438764,1.2565952807911504e-05,True
SVIP,-0.0009037717797777778,-0.18307411134931384,0.16767902743167865,False
SWAP70,0.0011424620182684212,0.2630056700333274,0.026129540883417898,True
SYDE1,-0.0010585999582894737,0.4364129715799648,0.005015334526443686,True
SYF2,-0.0011369844707046666,-0.2621346451597964,0.000821766899601344,True
SYMPK,0.0013727691453752175,-0.0351496178462197,0.6170001111642913,False
SYNC,0.007088817977291666,-0.24472406002310587,0.016334793257413487,True
SYNCRIP,-0.0016125539863555557,-0.07874553396033358,0.5586938066292472,False
SYNE1,0.00032296261651015373,-0.11659436450538947,0.2369397524852567,False
SYNE2,0.010324871365116327,-0.1701129670003094,0.026841617921295215,True
SYNGAP1,-0.003980511407880165,0.33780824100594803,0.041575312359955034,True
SYNGR1,0.006052820520676,0.27850359038928957,0.040719189870155034,True
SYNGR2,0.0096609050876,-0.2189912499634598,0.010679439050140273,True
SYNJ1,0.00012906951312142867,0.0789657994238612,0.4412167573244129,False
SYNJ2BP,0.001161799871857143,0.19928218684385435,0.07723861260802906,False
SYNM,0.002779879765428571,-0.3562840779588056,0.0002941250078010474,True
SYNPO,0.012296477534515383,-0.2652166681918263,0.01012881329283555,True
SYNPO2,0.011232717956529033,-0.3422222654033677,0.002066144647896317,True
SYNPO2L,0.017572084848000002,-0.3290576361993302,0.0026141711022401536,True
SYNRG,-0.00037141599678052633,0.04621485104032518,0.6196195763938536,False
SYPL1,0.00291726148612,-0.21664772793748172,0.03574909637283395,True
SYPL2,0.009711783394599232,0.05354430739085798,0.5174034931563437,False
SYS1,0.000802908046746154,0.01085541667225165,0.9312528561340152,False
SYT7,0.0035280779940187502,0.25574943985703186,0.012390503858262736,True
SYTL2,0.0023506090367083335,0.17845735058086776,0.31471521253612034,False
SYTL3,-0.0003138871197040003,0.010191292785102547,0.9211156168619812,False
SYVN1,0.0011913182552821427,-0.117546719104318,0.008326574949167213,True
TACC1,-0.0012924334577363633,0.342361294401582,0.03769885792361758,True
TACC2,0.0039995167110089555,-0.21785422436806504,0.02166212972931237,True
TACC3,-0.001893846467769286,0.19247210664096245,0.09884190350186033,False
TACO1,0.0005577443368727273,0.3695249963863372,0.00013540077499300077,True
TADA1,0.002239004278615714,-0.12171845018072033,0.20061815504627326,False
TADA2A,0.000145662241846923,-0.2570088350640719,0.038839311698710306,True
TADA2B,0.0034576946292199998,0.025637843703771788,0.5713225808587288,False
TADA3,0.0014885698132311113,0.014596604868133129,0.7705356608672,False
TAF10,0.00034227673363999996,-0.2765884282533909,0.00404355400027962,True
TAF11,-0.0013614397901304351,0.029124919382053284,0.5923695098131163,False
TAF12,0.003456562161074118,0.03814948407627164,0.7335335184821735,False
TAF13,-0.0001997490962833332,-0.06976870119899364,0.15060662109573128,False
TAF15,0.0006867375112435295,-0.16128103828939502,0.016852853271650686,True
TAF1C,0.0005894654200566668,0.026873639864701652,0.8307730786095706,False
TAF1D,0.0002540959570340001,-0.36647604397326405,0.007853455532727318,True
TAF2,-0.0006686040916586666,-0.05460174927481486,0.5814196383159922,False
TAF3,-0.0006445637697999999,-0.218267853286473,0.007572369315589032,True
TAF4,0.003046500494123913,-0.13699891898910585,0.011958995083683732,True
TAF5L,0.0015010480596000003,-0.01829032455447168,0.7576255300066237,False
TAF6,-0.0008698979587846154,-0.018212637108714628,0.7794722563084093,False
TAF6L,-0.0004587667967347826,-0.028399573779582535,0.8122532035850932,False
TAF7,0.001055350162692857,-0.1552023258654789,0.00676936702866282,True
TAF8,0.002586424211061538,0.13515522039021433,0.09716354957301279,False
TAF9,-9.6196778523811e-06,-0.08665216881459757,0.15396743633776852,False
TAGLN,-0.012544531546666666,0.49712845743387307,0.15643869825918702,False
TAGLN2,-0.013738810815352942,0.6742885655431029,0.0001166079487573741,True
TAL2,0.026212552376666667,-0.32071712137259656,0.06597407768864758,False
TALDO1,0.0047846416874875,0.22368438714240357,0.014488642825642339,True
TANC1,-0.004837671540116667,0.13453377658380564,0.1156690569266791,False
TANK,-0.0015917653761583336,-0.3328197524002325,0.00519051840646908,True
TAOK1,0.0016413202730277776,0.09729758319684584,0.24704333556536898,False
TAOK2,-0.0006547291185476193,0.18276734193561953,0.058801281292339656,False
TAOK3,0.0024144320228503846,-0.17558567022476604,0.06671605953105461,False
TAP1,-0.006806324409220768,0.20680688338302602,0.07957313417230275,False
TAP2,-0.0010669941556408927,0.28914231767005033,0.24583051288302898,False
TAPBP,0.000677601703533,0.26162384562061586,0.0009330000105951376,True
TAPBPL,-0.0010821529657846153,-0.09731555978712772,0.34202398011746815,False
TAPT1,0.00019968276422499998,-0.4235841526259657,0.0021727663636032044,True
TARBP1,-0.0002977685730764707,-0.31339353658058117,0.07518202254551015,False
TARBP2,0.0010325672708866667,-0.06633813209454077,0.531135694888155,False
TARDBP,0.0026436318991125,-0.2828267098072169,0.00705472403622391,True
TARS,0.002427635970144444,-0.11095512334830229,0.2149246333544511,False
TARS2,0.00030190695521818185,0.22604557379940646,0.046500615004107425,True
TARSL2,0.0064381282851882346,-0.12821506423589143,0.10913630444328903,False
TATDN1,-0.0019021727826315786,-0.1387977016731977,0.09777950057330545,False
TATDN2,0.00036679424157999997,0.046134686764489154,0.5366294984642639,False
TATDN3,0.0001464032465117646,0.23493280681067785,0.005467790583323875,True
TAX1BP1,0.0017521960748635298,-0.17853884193186617,0.2656248633147174,False
TAX1BP3,-0.000479681459919762,0.6033071306636899,0.00013449725083355843,True
TBC1D1,0.0023915110709711537,-0.2431421427866784,0.032969762641250684,True
TBC1D10A,-0.008701377580944445,0.011493841204540526,0.925094424190835,False
TBC1D10B,0.0014439006418687501,-0.05216602232471908,0.5822395300500935,False
TBC1D12,0.003594006506371053,-0.1329287403401593,0.2878627318818568,False
TBC1D13,7.033968827142831e-05,0.001288290387926287,0.9753911646240822,False
TBC1D14,0.003269055162568657,-0.04285441730276843,0.5811244105550195,False
TBC1D15,2.2130731295455002e-05,-0.2549276499727227,0.021762430526486628,True
TBC1D16,0.0045647460932871,0.14986729307060825,0.016921125616707895,True
TBC1D17,0.0011446830229754166,-0.14225249185465547,0.09980430767070284,False
TBC1D20,-0.001980199956704286,0.03762990692137282,0.5047075484990087,False
TBC1D22A,0.00014370160934224142,-0.010029077933916053,0.8573102629403175,False
TBC1D22B,0.006086457068695,-0.04177675731387289,0.3921403933085137,False
TBC1D23,0.007254372740633335,-0.20878902344842665,0.037206777617172816,True
TBC1D24,-7.532622437374974e-05,-0.014189701652097753,0.8951653319048924,False
TBC1D2B,0.003751572937905,0.16574674002025588,0.07143429407989929,False
TBC1D3,-0.001297228471575,-0.20946148089206085,0.03822153182752482,True
TBC1D3B,0.003562664564,-0.1672519507686263,0.14637001182734743,False
TBC1D3C,0.007651552567943637,-0.3543499670648459,0.014139799792397155,True
TBC1D3F,-0.001297228471575,-0.24015035391702025,0.01656477319083267,True
TBC1D3G,0.0029385874290000003,-0.27322164961295153,0.03324971498744081,True
TBC1D3H,0.008802742216324998,-0.2424767256395122,0.014458818085047193,True
TBC1D4,0.005083946731862069,-0.2826179362019973,0.02910501640212419,True
TBC1D5,0.0045579943861875005,0.3319069778331855,0.012112572316644062,True
TBC1D7,0.0025732598871707705,0.19115119277988882,0.044614015513678947,True
TBC1D8,0.010515526005327272,-0.03889105596084199,0.860925309652588,False
TBC1D9B,0.002638429978478572,-0.06644438512146479,0.180342695326725,False
TBCA,-0.00021303300164615379,0.008979559226599482,0.9269615769261046,False
TBCB,0.0034730444046929165,0.10908619510474486,0.25621956936055573,False
TBCC,0.0031302341775099997,-0.1675207126352131,0.13815525978701043,False
TBCCD1,0.0004117445505590909,0.012404333292950674,0.8607681622038201,False
TBCD,-0.0005461768792233134,0.23967699915052698,0.04736381088612886,True
TBCE,0.0013464124468192857,-0.09394803152119181,0.16897643455690056,False
TBCEL,0.0022181097479769232,0.12203967024030206,0.03335733642473241,True
TBCK,0.006278923104904001,0.06461950273608437,0.7401031153287407,False
TBK1,0.00040464243156666666,-0.24683156653903507,0.08682375869103451,False
TBKBP1,-0.00836986748041923,-0.08933527720630728,0.23782163119080005,False
TBL1XR1,0.003271007383051644,-0.21945517305454285,0.03699836867067456,True
TBL2,0.0024306067020385715,-0.026205602819138963,0.7496627211034146,False
TBL3,-7.930476090689708e-06,-0.040209704813454976,0.5931479683185201,False
TBP,0.0012767804629688888,-0.04951667271418086,0.5567633642267018,False
TBPL1,0.002399700324945,-0.1824804756271009,0.15586468117297161,False
TBRG1,-0.00029261650814166665,-0.0789673124902882,0.5301466010394562,False
TBRG4,0.0026565100921258065,0.3261977495786098,0.0011633624316850322,True
TBX1,-0.011417454573960976,-0.05303851687114927,0.508459012893231,False
TBX15,-0.020686701720518542,-0.21153994778945878,0.009049667014162757,True
TBX2,-0.01005611669366079,0.2582246235347298,0.0582992276750303,False
TBX3,-0.002779982047902143,-0.11669422255004527,0.5312358273112991,False
TCAP,0.03032027322727273,0.03520930435074861,0.5235276696831668,False
TCEA1,-0.0006298472956200002,-0.21468051936419624,0.02554033681895381,True
TCEA2,0.002680889802124138,0.129426907356315,0.2190733039715014,False
TCEA3,-0.0006935698770222222,-0.23489219468406322,0.0035754073229309568,True
TCEB1,-0.0011284929378583333,-0.07888468868130728,0.28273620133893185,False
TCEB2,0.002925177087077778,0.03454299031154629,0.6626557752729201,False
TCEB3,-0.0006943984843470588,-0.06187108271374955,0.1652661768501758,False
TCERG1,-0.000577924482104,-0.4141871405862299,0.0167009695898905,True
TCF12,0.006029744598256819,-0.0460934974286662,0.6029304071859876,False
TCF15,-0.006749985320833335,0.11689777489258954,0.43969523891357976,False
TCF20,-0.0046578193225714284,0.12258629660276522,0.17956096723945011,False
TCF25,-0.002038173965309362,-0.01690659431821344,0.8483568085315223,False
TCF3,-0.0005950078621269231,0.127859912719413,0.1653820747847655,False
TCF4,-0.002831657057021053,0.4435410094475255,0.005375763252527217,True
TCF7L1,-0.0005474083818714286,0.22863942260377074,0.019732397779716977,True
TCF7L2,0.0004041674810809333,0.2275307442356828,0.04064717123186744,True
TCFL5,-0.0004823107084466667,-0.008268822445581813,0.7747755483881138,False
TCHP,0.0002207844400469129,-0.06630775903168998,0.5041385169228998,False
TCIRG1,0.00020799793363030297,0.16897901345651,0.09451887272767936,False
TCN2,-0.0030765686121545454,0.3222505734953584,0.0015883815085182954,True
TCOF1,-0.0015696317001357145,-0.1742441210231539,0.05730564154931933,False
TCP1,0.0035759452473519636,-0.00470967644725376,0.9489850562394674,False
TCP11L2,0.004755637159417647,-0.2048336707500196,0.14133706927321507,False
TCTA,6.980044302941199e-05,-0.011794179492774342,0.9006874470752537,False
TCTN1,0.007560312978261539,-0.042438033966909566,0.7356914868775404,False
TCTN3,0.0017272163775533332,0.015432328507057325,0.84926038351888,False
TDG,0.0035885834515363636,-0.11329948142790687,0.11809509599266044,False
TDRD3,0.0016147526155555554,-0.27313735514064524,0.010431405677522874,True
TDRD7,-0.0017274964605999998,0.0550806837660869,0.3920852683932263,False
TDRKH,-0.0004556459199357143,0.015706779691046148,0.865732331731434,False
TEAD1,0.01147612511622649,0.10842926914813113,0.30058881827995315,False
TEAD2,-0.0016157744400647055,0.32531086755326377,0.0031671881471715757,True
TEAD3,0.0016870459008,0.08326319404373038,0.38042321524700096,False
TEAD4,0.006912900785791302,0.057959876422281086,0.549052237802398,False
TECPR1,-0.004213608164357693,0.07736601351477482,0.5675578648782236,False
TECPR2,0.007467210247854762,0.13769679550502428,0.06465006913663243,False
TECR,0.008027817517812903,-0.0020398976489650004,0.979717866015825,False
TECRL,-0.009403296208,-0.09824605587853119,0.7396770761448223,False
TEF,0.00437495453775,0.060927504900283196,0.4492459407793883,False
TEK,-0.02096804169125,0.17921401753104832,0.030584555319831758,True
TELO2,0.0005760371284309523,0.031072480955750062,0.6918616811499552,False
TENC1,0.008866462012633332,0.05032849972392806,0.686885819588775,False
TEP1,0.0010947905282983332,-0.23949517415543983,0.06000628719534115,False
TERF1,0.0025060791320833335,-0.1702231812543004,0.14663440589941162,False
TERF2,-0.00042748337391871396,-0.09859177367224942,0.20998399377087404,False
TERF2IP,-0.00132058599483125,-0.05902127796548735,0.3665177027873693,False
TES,0.00412466901455,0.27431759032129455,0.07224548013627764,False
TESC,0.002582704022608108,0.28740524998034955,0.10276357956592065,False
TESK1,0.007371698075755555,-0.08665362843410832,0.2160273589710633,False
TESK2,-0.00022247526194499995,-0.11433988954785902,0.340376871790694,False
TEX10,0.0057662605816625,-0.10238293832754584,0.15627800207195044,False
TEX2,0.00535489990508148,0.09338231557774619,0.3218166557884732,False
TEX261,0.0023997954386285715,0.014691855323640368,0.8029950215814529,False
TEX264,0.00243804546981875,0.12858824304178143,0.09077674506017099,False
TFAM,-0.0007816597903833334,0.26216142807374043,0.03354113400457445,True
TFAP4,0.005801911015859259,-0.017292998555877646,0.8546666779995069,False
TFB1M,-0.0012859551106325002,-0.08671540948868603,0.427082270766876,False
TFB2M,0.0010130847142442857,0.07814101000401533,0.4353769379448882,False
TFCP2,0.0012262162822499999,-0.056163523027158095,0.43176199646237545,False
TFDP1,0.0014856426403230109,-0.06815027775265489,0.18685389816664655,False
TFDP2,-0.00333833849155,0.09754077380084857,0.378791208607118,False
TFEB,0.007780214433724999,-0.41979248118049384,0.012716013683326028,True
TFG,0.0009667418110937497,-0.03288696100749198,0.373402197997434,False
TFIP11,0.006029807141509523,-0.32834072931977454,0.00026748845324327003,True
TFPI,0.0027038718317500014,0.1368953061375059,0.4095923215671726,False
TFPI2,0.000553322487728261,0.7758994736088528,4.609626505660969e-05,True
TFPT,-0.0013047596767027778,0.15824733320140114,0.05635610071887576,False
TFRC,0.0022039578346785714,0.2738449378304928,0.2295606949443869,False
TGDS,-0.0021406504961923077,-0.0841379991618885,0.2662696964732249,False
TGFB1,0.003481784023816667,0.35450570884218613,0.021344171225891502,True
TGFB1I1,0.0006856688198052631,0.5184588446784844,0.007018230142781247,True
TGFB2,0.008299953472361904,-0.16703043374363669,0.15427660435673515,False
TGFB3,0.0063421493573249995,0.09003471289340413,0.41461601127914405,False
TGFBI,-0.0012663796425313048,0.4379278078515523,0.0019819528144914404,True
TGFBR1,-0.0024816895974013333,-0.04282530205519634,0.7241883105013651,False
TGFBR2,0.0007274415198486486,0.39504464843483744,0.0019578701362068657,True
TGFBR3,0.004423696916069641,-0.07241301669701625,0.40102481393170275,False
TGFBRAP1,-0.0022144069311500003,-0.00840289671316239,0.8317026992444598,False
TGIF1,-0.0037807354868369765,0.13048461402500228,0.31915910999138564,False
TGM2,0.003759567154826667,0.2852478016891013,0.008394713909418317,True
TGOLN2,-0.0027190969462333337,0.06984133940063764,0.13578191956095081,False
TGS1,0.000249418946695,-0.24447176519044697,0.05073091738380548,False
THADA,0.00841910411191136,0.1549530499719182,0.24500587137630536,False
THAP1,-0.0021957278950769234,-0.07583814408078728,0.4869417041862719,False
THAP11,0.0002450343104944444,-0.06362197423565236,0.508482750631438,False
THAP2,-0.0018062983814999998,-0.15336246368478826,0.23402856147186366,False
THAP3,0.008885605340906471,0.04565042511573818,0.44566660945484016,False
THAP4,0.00030989760762999987,0.2536284798957639,0.016609332668774204,True
THAP5,-0.0006881920706935001,-0.3203375593937537,0.03497047033462365,True
THAP6,0.0021910017750337496,-0.1931905435859573,0.11393629096338122,False
THAP7,0.002165189197310476,0.07589506220979603,0.41254113920526303,False
THAP8,0.001204461278907143,0.08581295733169933,0.43196516868711365,False
THAP9,0.0012325872625999997,-0.17881622878818498,0.12410144829504412,False
THBD,0.0005986612086235294,0.04155966257334278,0.8139899575306102,False
THBS3,0.007901396699526669,-0.055113000811987556,0.6355499522928882,False
THBS4,-0.0017838823556562502,1.3822377930479997,2.349113584809417e-05,True
THEM4,0.0004740644050062505,-0.11854883139879205,0.2947745305005572,False
THG1L,0.0033764208995400004,-0.1494537151850467,0.2000294684836596,False
THNSL1,0.0016647930289613335,0.20678259593946688,0.0023237005693717695,True
THNSL2,0.00294277615346,0.04863103014171419,0.6245307830444908,False
THOC1,0.0020041418181583333,-0.06955281646503138,0.617340180652322,False
THOC3,0.00245327167625,-0.2140521648729897,0.0487404712546048,True
THOC5,0.0062873507763750005,0.20205350235607888,0.09942017023931303,False
THOC6,0.0037299702994631583,0.12823967282892318,0.34975362629652895,False
THOC7,0.0003642514843461539,-0.01727027794242703,0.8306622160849648,False
THOP1,0.0025594183084393938,0.05043853815752679,0.3022751857281009,False
THRA,0.011369843756103446,-0.07343083677617952,0.3156806601588247,False
THRAP3,0.0042373012673999995,-0.2325618686020042,0.03431175154704443,True
THRB,0.0042463523708428565,-0.30216648516495287,0.005045112231939395,True
THRSP,0.028955533338333336,-0.034888964902901096,0.771969255733098,False
THSD1,-0.0003991730657692309,0.24937058079987587,0.03202494243038818,True
THTPA,0.00176720524934375,0.04649824085036776,0.4718361089123879,False
THUMPD1,0.0021799912817785714,-0.2592030083365133,0.01571382711089323,True
THUMPD2,-0.002447553385545455,-0.05021915533380916,0.6740245523837938,False
THUMPD3,0.002208140826825,0.10606909242954474,0.25412659711031704,False
THY1,-0.012374773035994735,1.6740681217305067,4.663592306331219e-06,True
THYN1,-0.00083825734565,-0.2157421143669476,0.015050612382523887,True
TIA1,-0.0015276090916416663,-0.13009561654076818,0.39723699799953127,False
TIAF1,0.014062476257375,-0.09365724630722116,0.300524387002814,False
TIAL1,0.0012446376329000005,-0.17924193990706908,0.018728563460639423,True
TIAM2,0.0004659201592846155,0.009563319947909347,0.9038675091830688,False
TICAM1,0.00013180849013846174,-0.007246962060573978,0.930221941531056,False
TIE1,-0.013915792101928573,0.4760183614828666,0.0007753718402138442,True
TIGD5,0.0017737493841923078,0.21850875942288814,0.04272989855791585,True
TIGD7,-0.0017687669863333333,-0.206880254837034,0.11089215956706823,False
TIMM10,-0.003606927081011,0.2365224602697318,0.011161428908908843,True
TIMM13,0.0037052120543399993,0.1684612282334277,0.14529150075085315,False
TIMM17A,0.0038431410725,0.059624674071313936,0.37502085689849085,False
TIMM22,0.0012679635157785713,0.3371933360763577,0.00019787964031933033,True
TIMM23,0.014688843510975,0.25591178607802,0.0022728559493720092,True
TIMM44,0.006875829892886363,0.16894342663264317,0.06129374996102881,False
TIMM50,0.001181989950727273,0.40418375201045537,0.0018747764061935216,True
TIMM8B,-0.0001916086080827272,0.04152445401926628,0.46818482688955976,False
TIMM9,0.004715939175286666,0.013312156059879433,0.9060124443013111,False
TIMP2,0.0005510884083377048,0.4217020403533205,0.00779389301757879,True
TIMP3,-0.005415764770690477,0.13826998050760705,0.10000366441883685,False
TIMP4,0.005566970115600001,0.2787319194396556,0.010570093621797384,True
TINAGL1,-0.014076934282058822,0.2248736398592381,0.12381083346352069,False
TINF2,0.0004673506948583333,0.05803100659645381,0.5903488535264317,False
TIPARP,0.0028562010863764707,-0.04545068040454401,0.6054267000095803,False
TIPIN,0.000269292451916923,0.16139011798588204,0.31736758012918204,False
TIPRL,4.784841163571435e-05,-0.015675974338099582,0.8016458024789088,False
TIRAP,-0.0010078701817116667,-0.02462108540001987,0.6991559620049764,False
TJAP1,0.011515950986770588,-0.097456114293917,0.3535293001950105,False
TJP1,-0.0006205589408186957,0.19184950883501753,0.04108004000354133,True
TJP2,-0.004652377630626667,-0.018409888261023785,0.8428159569388904,False
TK1,0.011480659921789474,0.03066344433326074,0.8073920084115829,False
TK2,-0.004757841532335294,0.20818772158952292,0.058911390127385936,False
TKT,-0.005388823818970588,0.42022001696012057,0.00034719187166955604,True
TLE1,0.00010536879757894715,-0.11400210729937181,0.429363276790084,False
TLE2,0.0029254855436617647,0.010056389992781163,0.907255050488083,False
TLE3,0.002764506875837179,0.3240063316770765,0.08760753422331467,False
TLE4,0.005735787995337501,-0.37833954922036717,0.001130179371316577,True
TLK1,0.0048775751524,-0.14287477233317036,0.20652372684652345,False
TLK2,-0.0014276786547818185,-0.25657843911244355,0.03920724706235938,True
TLN1,-0.0010137095174,0.22221749664762686,0.05797739985899914,False
TLN2,0.006181886099882927,-0.08389334254273004,0.2575240725214642,False
TLR4,-0.0117484494762,0.38505236146122795,0.0028995698930149526,True
TM2D1,0.0009882317180666667,0.0717282245841719,0.6410250761272196,False
TM2D2,0.000550925269475,-0.2834272198913454,0.051787689901921806,False
TM2D3,0.006337788978725385,-0.04487232044624522,0.40185777235860953,False
TM4SF1,-0.013919264033111112,0.4357367981397319,0.007108029432279082,True
TM4SF18,-0.011235261109266667,0.6537374471455215,0.0012171172198011519,True
TM6SF1,0.0006791217468437497,-0.12712515686461492,0.10275015057987655,False
TM7SF2,0.0008805987198611111,0.230240722109976,0.03290334009077819,True
TM7SF3,5.3462742999998114e-06,-0.017123615819497114,0.881568462986613,False
TM9SF1,-0.0007200758490928573,0.17121915493859682,0.11301470671655038,False
TM9SF2,0.0010494694019933333,0.14799889130517288,0.018481103473325617,True
TM9SF3,0.00012951455033333338,-0.09910064131845524,0.3000402005667273,False
TM9SF4,0.0005645669151041176,0.08983681552024558,0.036854192707265164,True
TMBIM1,-0.00292093238913125,-0.1501885291277073,0.005978850864090228,True
TMBIM4,0.0023922305048666667,0.008938110701308394,0.9155519185341272,False
TMBIM6,-0.0049963975495125,-0.13145459312605848,0.005341770317789994,True
TMC4,-0.002655738870357778,-0.06492719013339796,0.7226697921407318,False
TMC6,-0.010122196943369445,0.11430705573745965,0.5619924450518965,False
TMCC1,0.009412019704508846,-0.12624321279761205,0.16641720120952697,False
TMCC2,0.002156557488072667,0.07999277092559337,0.5472200859606755,False
TMCC3,0.012720732093378125,-0.10762279328655233,0.3756396703139051,False
TMCO1,0.00094246565214375,-0.14208417712094457,0.06319937536763616,False
TMCO3,0.0021164580952090805,-0.0882600913216283,0.49905801105297953,False
TMCO4,0.00111305378526,0.30681049208350836,0.0236197576406888,True
TMCO6,0.0011750210766656199,-0.046180726876363876,0.6715349372100266,False
TMED1,0.0030878321125778576,0.12352243773451578,0.13136376619100754,False
TMED10,0.0047327198552142855,0.004676798076449839,0.9482365785647857,False
TMED2,0.0009010032546474999,-0.14881026301371403,0.05626014951749697,False
TMED4,0.0014253800280187143,-0.15222323503566718,0.0939526427455313,False
TMED5,0.0008428082439962502,-0.17222916959199538,0.23222111027719392,False
TMED7,0.0010327629880076924,-0.1558880926148437,0.05527673548026107,False
TMED9,-0.00193254016621125,0.21712395390110723,0.038402793676661294,True
TMEM101,0.0010455567129478945,-0.11339895770943421,0.12731771208473938,False
TMEM102,-0.001866619889725,0.2633204896017128,0.04078200571309778,True
TMEM104,0.0007082776829254547,0.046103751309017386,0.6395248086396148,False
TMEM106B,0.0005435911673272728,-0.17573393896129633,0.196889918991041,False
TMEM106C,0.0008921848419921429,0.022138874620096016,0.681890348576459,False
TMEM108,0.007312136019305554,0.044455638463229856,0.598923573539057,False
TMEM109,0.005079742240959999,-0.026242204890635324,0.749838311212182,False
TMEM11,0.007301819179102608,0.13328513862361088,0.12236966746509817,False
TMEM110,0.0030760711258135294,0.038631059036294484,0.7461236487961511,False
TMEM115,0.0009738234650571424,0.16246094169586092,0.0075385778356590934,True
TMEM116,-0.0009703560072333333,0.022970651196609217,0.8434350976388706,False
TMEM117,0.0019853837734028572,0.10794924447078923,0.3073570346343075,False
TMEM120A,0.006058544118574706,0.5685818159419782,0.008816571018314281,True
TMEM120B,0.0070414036799521735,-0.25521223958664546,0.005913622067743394,True
TMEM123,-0.005853756351090909,-0.056832659761696706,0.6771042781872088,False
TMEM126A,0.0035460913101666666,0.35742781354024983,0.003151229083396839,True
TMEM126B,-0.0003151204384577779,-0.18662546514821488,0.14815084160690464,False
TMEM127,0.0054621866184133335,0.1961059085921919,0.03944046750402247,True
TMEM128,-0.0014010676384562499,-0.07268289455801441,0.38468212530054857,False
TMEM129,0.0054537748029875,0.12108761166691123,0.19568431947398027,False
TMEM131,0.0011638391597394737,-0.18998704322648113,0.13954992530856566,False
TMEM132A,0.001563595605644444,0.5015267261612719,0.00821668406929028,True
TMEM134,-0.00694371982215,0.10064429729080188,0.3864817336714207,False
TMEM135,0.003603448644408333,0.29184436955923815,0.245622730612068,False
TMEM138,0.00024000778324444454,0.05121744052170585,0.6479166015448694,False
TMEM140,-0.0011705718810346153,0.039712468875344194,0.7620002590777264,False
TMEM141,-0.0011104539355888884,0.2873175355938463,0.01492790387098865,True
TMEM143,-0.00291930244503125,0.15949687863081427,0.04771685596827216,True
TMEM144,-0.0067012853686,-0.08382251196147589,0.3119543398254561,False
TMEM147,-0.0012275736203222224,0.054431691715614766,0.5029460329733153,False
TMEM14A,-0.003227708054645455,0.06569007094835327,0.48106070936773737,False
TMEM14B,-0.0011537834606555554,0.1082598106935749,0.11565188753398356,False
TMEM14C,0.00045146121739210535,0.16466461583858594,0.01084513726372311,True
TMEM150A,0.0009805993422008568,-0.28490503964201763,0.02304623908781605,True
TMEM150C,0.0031322252501,0.1051021717001306,0.3931549096163357,False
TMEM159,0.0037043371523505556,-0.3872323970465972,0.003335059051572821,True
TMEM160,0.0035484282053846157,0.19315963388490295,0.1792254687086739,False
TMEM161A,0.00024938600038882356,0.11448686864312246,0.24736278507683038,False
TMEM161B,0.0005604142038071428,0.014768935681286222,0.9141910953685849,False
TMEM165,-0.004116433674511111,0.12357929217689745,0.33118491800819005,False
TMEM167A,-0.0027099648486720003,0.028998867308778046,0.7590627707194044,False
TMEM167B,0.00047321949547142846,0.03433693947309764,0.7121792853630513,False
TMEM168,-0.003795148141742858,0.027908126072836215,0.7801429838886718,False
TMEM170A,0.0023647055975444444,0.10347103616659567,0.32511087058592136,False
TMEM170B,-0.0011661388843800002,-0.10204129792964398,0.29579230446762705,False
TMEM173,-0.008501424005845455,0.47430112014786824,0.00015055864260491686,True
TMEM175,0.0013188860300408888,-0.14520252944082418,0.24018094711013713,False
TMEM176A,0.003047721690772222,0.2697838029537053,0.0034615769008938565,True
TMEM176B,0.0031235157879,0.21929674713885625,0.05635075216360651,False
TMEM177,-0.0015355822499692866,0.1674626419317187,0.06349893761614431,False
TMEM179B,0.0006493284286384619,0.14055913970321435,0.17453264873472765,False
TMEM18,0.0010074705622571429,-0.006857157974032393,0.9521552924044578,False
TMEM181,0.007923755831203224,0.017193650034723194,0.8190394215782607,False
TMEM182,0.028686894479700003,-0.1265347695870755,0.12043401683273892,False
TMEM183A,-0.00021994002156533343,-0.050746202925741744,0.3784812786766325,False
TMEM184A,0.0004393525091999998,-0.09553273266182888,0.48413639456812263,False
TMEM184B,0.004361579683249998,0.18701905922375922,0.064619003215687,False
TMEM184C,-0.0019805853284916666,0.09040225195709266,0.3288709390391519,False
TMEM185B,5.183927937499998e-05,0.07065836118960854,0.4131163060464139,False
TMEM186,0.00284907498006,0.0401680670780844,0.6602776047649627,False
TMEM189,-0.0003645634265307693,0.1514354672128108,0.05608493759804123,False
TMEM19,0.002097861092348182,-0.04222344196586703,0.681062261811927,False
TMEM192,0.004805525007854545,-0.0032278598377585388,0.9694067767758798,False
TMEM199,0.0003962654993764706,0.17186398878822218,0.18681951007025258,False
TMEM2,-0.006149437862758888,0.2478551672650249,0.020877199774921328,True
TMEM200B,-0.001173008293508421,0.03996129346525013,0.4001133469956978,False
TMEM201,0.006865451401457575,-0.022482456856050638,0.6875068780403952,False
TMEM203,0.0019525697852,0.2529303039091486,0.003365667706369897,True
TMEM204,-0.015091501237213638,0.30679749908996506,0.023264367000105264,True
TMEM205,0.0029559602599446666,-0.15927264843180397,0.019837368349155268,True
TMEM208,-0.0006242294192633334,0.17866877902854073,0.1677091380615493,False
TMEM209,0.0014289152846441175,0.04243695118105153,0.5560184817436182,False
TMEM214,0.0025650745786857145,-0.028394180931844606,0.8168077637926948,False
TMEM216,-0.0046825136910923085,0.18747972187360346,0.0714300514892113,False
TMEM218,0.005834312532046556,0.20983875364345136,0.13555600105090512,False
TMEM219,0.002936737727377778,0.2083346015034336,0.024222500507780825,True
TMEM220,-0.0004949395876999996,0.023164296544315045,0.8867121089963834,False
TMEM222,0.0034125571190452945,0.12311681113127201,0.1554901837442129,False
TMEM223,0.00012467198353636368,0.269870080559259,0.006127100289233601,True
TMEM233,6.272807619999994e-05,0.15433776904200283,0.29597547639362565,False
TMEM25,-0.0034249165929333327,0.041200487636605644,0.6611457971921613,False
TMEM30A,-0.00132584451991875,-0.024416093531360386,0.7813733454273297,False
TMEM33,0.0006021126101666663,0.1295506740345667,0.1643380520979069,False
TMEM38A,3.514929323846155e-05,-0.08600630389795222,0.09276442075828502,False
TMEM38B,0.012476267883633332,-0.32157182260634853,0.0006684238312075537,True
TMEM39A,-0.00022855952730249998,-0.09480533052615514,0.507278669560409,False
TMEM39B,-2.9705573270000055e-05,0.17056801387832177,0.07687727182878316,False
TMEM41A,0.003978765514290666,0.1009273935373355,0.10794522059570878,False
TMEM41B,0.0012119832086129412,0.01669268756678578,0.8051209267290405,False
TMEM42,0.0007208009361923079,0.03507050470676292,0.6488234109567859,False
TMEM43,0.001341457251699,0.04648190852607114,0.422992617228909,False
TMEM44,0.0015937211046753328,0.3785057247475839,0.016331601584921886,True
TMEM45A,-0.0014702494366117648,-0.11989683450843014,0.18710829382865932,False
TMEM48,0.00022130668788470595,-0.0692858167182404,0.39053186388799177,False
TMEM5,-0.0014425588389185716,0.014229250182411985,0.7659064887329735,False
TMEM50A,-0.0023157749778000003,0.14612460517144993,0.12388830705899427,False
TMEM50B,-0.0009105984063928571,-0.24414768257499933,0.02394828283180481,True
TMEM52,0.004053936088895652,-0.2684331681765096,0.05788778900678975,False
TMEM53,-0.0012531621339619047,0.2600101878381889,0.16105819927331244,False
TMEM54,-0.0019593027804285716,0.06452199131365531,0.4952359122282902,False
TMEM55A,0.0036911942751625,-0.0666762514366897,0.5269947378553799,False
TMEM55B,0.0007051725940091665,-0.0008349480002288442,0.9905930600100641,False
TMEM56,0.0016604090356411765,-0.31058188220253147,0.01711017029933119,True
TMEM57,0.0011690837000842102,-0.24800082201495927,0.0380546856136161,True
TMEM59,-0.0006002070331029999,0.07904534725035918,0.17221485247617094,False
TMEM60,0.0011008611394866669,0.10379891298676926,0.37065368870984783,False
TMEM62,0.0032598118364250014,-0.005270818732530749,0.9585438610101022,False
TMEM63A,0.004168250979487619,-0.062232812478401775,0.6539962983134285,False
TMEM63B,5.2610702105555545e-05,-0.1403949529919715,0.1565351727298934,False
TMEM64,-0.0017965370241,-0.10386063205583734,0.18282046092387058,False
TMEM65,-0.0003704993290307692,-0.11037569984455957,0.3689331893767466,False
TMEM66,-0.0015565729512599996,-0.2096154454061321,0.000526503609019301,True
TMEM68,-0.0007046437913822223,-0.029651827551688513,0.7726436687361891,False
TMEM69,-0.002956638083945455,0.15638621654441787,0.07851007803165423,False
TMEM70,0.0005701221929090908,-0.6277887947301412,0.0335032845712555,True
TMEM80,0.0001149610358588237,-0.14284452289922245,0.21903599988196304,False
TMEM87A,0.00026158056076173915,-0.0525271393712347,0.6303342060830259,False
TMEM88,-0.011860951873278949,0.45281692426188785,0.012986333987656258,True
TMEM8A,-0.0005240174908331031,0.18335643171171317,0.18718783011451764,False
TMEM8B,0.00260889046245,0.17730292380579263,0.0411880533418915,True
TMEM9,-0.0019095171187285718,0.03591734413257013,0.821840175593556,False
TMEM97,-0.00099864690728,-0.11953209616745145,0.4293629120917185,False
TMEM98,-0.0024087935492846154,0.41589640344865314,0.018219660716732845,True
TMEM99,-0.005867547114570001,0.5440675948970369,5.9439584314271994e-05,True
TMEM9B,0.0011196435265818183,0.06522068678115112,0.23728859791859386,False
TMF1,-0.0008706682914666669,-0.2640803534123788,0.14630253097367688,False
TMOD1,0.001846279963038334,-0.17288551142455696,0.007043417503118928,True
TMOD3,-0.003614419655946667,0.4918270057948462,0.0005807295175932882,True
TMOD4,0.0264990689414,-0.24164993940444832,0.000538291559501672,True
TMPO,-0.0013534347852524999,0.020653527401069214,0.8591268417003608,False
TMSB10,0.00042410053149999973,0.760847311559215,0.00012230039112644874,True
TMTC1,0.002987874393520455,0.15700145709795854,0.1331834080440251,False
TMTC4,-0.0034066034735291666,0.010447954753213817,0.9319927443006908,False
TMUB1,0.010181001340909091,-0.09520412663345133,0.3658440822936133,False
TMUB2,0.0020545687269421047,0.023637923304872747,0.7537056418677952,False
TMX1,-0.0019567822553583337,0.04260460088680347,0.5312349430677921,False
TMX2,0.0005393097966999999,0.11755583521936468,0.15792788543635136,False
TMX3,0.0018632643324733326,-0.03571525286865085,0.7983171819445758,False
TMX4,-0.0004020677411369231,-0.1094159712440113,0.18708076117919054,False
TNFAIP1,-0.0006851268893058822,0.21917693939204447,0.06334293287426652,False
TNFAIP2,0.012136711339058824,0.09749376162150862,0.33703385066028635,False
TNFAIP3,-0.0017888234702627271,0.10116068050586448,0.2250559573161209,False
TNFAIP8L1,-0.004377690773985714,0.5407259143092982,0.0005639003059974923,True
TNFRSF10B,-0.007762545315277333,0.19323156555096588,0.04312275832357863,True
TNFRSF12A,1.9746032472727097e-05,0.37466097315572855,0.27513996161859466,False
TNFRSF1A,0.00216328069078,0.027034621320620046,0.7904296449195481,False
TNFRSF1B,-0.0023590129024466666,0.38953911957313364,0.0028492228141520524,True
TNFRSF21,-0.0008634189486996295,0.21996894531431035,0.04652890702632409,True
TNFRSF25,-0.00553388009791039,0.49371686637502527,0.038514916836576596,True
TNFRSF4,-0.008970754649833332,0.7001906521935939,0.003912355338871298,True
TNFSF10,-0.016938281067300002,0.34689040220158707,0.05335630483665031,False
TNFSF12,-0.006216672155646666,0.2670916636071391,0.026066261637940936,True
TNFSF13,-0.00398622985343,0.21719219689939503,0.07726197323329141,False
TNIK,0.0051960838856388095,-0.0865068378529677,0.5019867424368916,False
TNIP1,0.002194858055776191,-0.15017234544377944,0.009313519374726454,True
TNIP2,-0.0010849406121730435,0.005455197680519456,0.9132758444335896,False
TNK2,0.008299205118871692,-0.4778039759821946,0.003983980941350795,True
TNKS,-0.0012031413588649996,0.00889406318559754,0.9127751131252726,False
TNKS1BP1,0.0031264840093745837,0.010302809333166235,0.9435946118354589,False
TNKS2,0.00504243287353125,-0.30299196104535747,0.04662070264377031,True
TNNC1,0.01072479717697909,-0.040925225470073295,0.595727366775592,False
TNNC2,0.01588910571867,-0.28839387220954293,0.01728247781698985,True
TNNI1,0.0027580664841249996,0.07082572755805056,0.35453673076169945,False
TNNI2,0.024754037335666664,-0.1527925467831892,0.13303126568564597,False
TNNI3,-0.0011610059309083332,0.36628404522107877,0.040391232448240465,True
TNNT1,-0.00042000085567777735,0.07248118374936525,0.43100740785926184,False
TNNT2,0.007188384635475001,-0.4113725157800601,0.1286825715373618,False
TNNT3,0.017436285878497437,-0.21801729464709832,0.03276688757221332,True
TNPO1,0.0031742197875004,-0.018442070444758277,0.9061317145470779,False
TNPO2,0.00522212238857931,-0.06545913451585311,0.5009876702393501,False
TNPO3,0.001093360918531579,0.009551280830664265,0.8069967657759802,False
TNRC18,0.0009914788335775439,-0.06068199488162125,0.5588591466613773,False
TNRC6A,0.003684070418235217,-0.0023749032502824656,0.9848527521545949,False
TNRC6B,0.00435658615540909,0.019586947920962574,0.7415183120390889,False
TNRC6C,0.009698338647086207,-0.06230510830470314,0.553572451123203,False
TNS1,0.00043517997232499943,0.011269648596231282,0.9025918282442766,False
TNS3,0.0019701987036631584,0.09498855532905597,0.2627790520678281,False
TNXA,0.0028310506245545456,0.24535808913283785,0.09211345425259664,False
TNXB,0.0005695350366732762,0.24692000730472607,0.12650633014127047,False
TOB1,0.013164740641780002,-0.06305191417401187,0.5394747344481918,False
TOB2,0.00356926719781875,-0.13704699115893815,0.23762757546864308,False
TOE1,0.0016264400465368421,0.006651581693447786,0.9415029949805545,False
TOLLIP,0.002203439724860714,0.11083175833916092,0.17100063696778864,False
TOM1,0.0007434929948435715,-0.17274692267254102,0.05262179800797921,False
TOM1L2,0.007549970781081579,0.005561416728825577,0.8804567588218275,False
TOMM20,-3.21055429263159e-05,-0.07468434297980134,0.37735272539819686,False
TOMM22,-0.0034058241060818182,0.1230601615092386,0.13686408915467818,False
TOMM34,-0.0005508018587071429,0.15758064097948057,0.08203252609339759,False
TOMM40,-0.0003735098854461538,0.17099315838514173,0.08444428765046122,False
TOMM40L,0.0007708273744000002,0.47218085926222025,0.000578376992399701,True
TOMM5,-0.002132562953428571,0.16513372109474325,0.06081982327190181,False
TOMM6,0.002331736581219286,0.17251156612335272,0.07415308420999563,False
TOMM7,0.00487208888365,-0.06703123126436222,0.2858856636748097,False
TOMM70A,0.002585801448548,-0.06302909271200653,0.42752629267731024,False
TOP1,-0.00019721004767999994,-0.12819515471486725,0.28598983801251626,False
TOP1MT,-0.0038344531685570366,0.04632948656194837,0.5934185169548478,False
TOP2B,-0.0005911143696942667,-0.3011365599659019,0.0382879008591335,True
TOP3A,0.00019701004342777788,0.10126833677882222,0.32266702536708103,False
TOP3B,0.0010742416180466667,0.21714933574825468,0.03916180309102057,True
TOPBP1,-0.0015628415658460002,0.15273651166027208,0.17717546953592062,False
TOPORS,0.0060891518112749995,-0.09298255598379748,0.3544163692284866,False
TOR1A,0.0009277750365000002,0.0901406508264293,0.3019789468866238,False
TOR1AIP1,-0.0007019931678571429,-0.24638647388582235,0.004555086004837367,True
TOR1AIP2,0.00014339356324166673,0.05750988926941678,0.6337582372849859,False
TOR1B,0.0002954487476333333,0.00914499152952174,0.9263541728697733,False
TOR2A,-0.0006531939135,0.05795202672799724,0.6426189920760854,False
TOR3A,0.0030701006096842103,0.06855168824585406,0.6788532457901879,False
TOX4,0.004253345084723158,-0.07524202254225236,0.11567261633093082,False
TP53,0.00149836728406,0.08017125704967693,0.3972211738017998,False
TP53BP1,0.0005162616426607693,0.22181093700312268,0.013698813015101825,True
TP53BP2,-0.0020808951181526315,-0.06343666297831008,0.48383985579484445,False
TP53I11,-0.005376365254432608,0.7570688170385835,5.0199212322672714e-05,True
TP53I13,-0.004381265668382726,0.2285193518059839,0.05208664873550024,False
TP53I3,-0.006825215095541665,0.3990943075085145,0.0086299639625498,True
TP53INP1,-2.6639050937500054e-05,0.2434175870222381,0.012548664070121989,True
TP53INP2,-0.0009348050813909092,0.1508908328658787,0.1850237233843827,False
TP53RK,0.005447748387105455,0.0418509286637396,0.6900290356176926,False
TP53TG1,0.0014029044782017648,0.15845821457520087,0.2441166917507541,False
TP63,0.005924082003947369,-0.6472868956512865,0.0015712166920724224,True
TPCN1,0.007108896108234482,-0.16378287930055874,0.14450254796027268,False
TPCN2,0.002779687028225306,-0.101216003035797,0.3483788545531584,False
TPD52,0.0016786071590863636,0.06782913562012922,0.6443624225720099,False
TPD52L1,0.007417066668844583,0.12212620908881412,0.2811147721744357,False
TPD52L2,-0.0009611184484285716,0.1913202623219693,0.45300301946935617,False
TPI1,0.0017217845364811766,0.05795664513441649,0.5117722520415198,False
TPM1,0.005745597936089473,-0.1676057562818953,0.09929587348993336,False
TPM2,0.018101696116399998,-0.15803822379510377,0.02458350589357059,True
TPM3,-0.0027404957745611113,0.015398859771929613,0.8045259121885044,False
TPM4,0.0004085852042296297,0.6238062933329315,0.0016797106472451221,True
TPMT,-0.0007905148607,0.2200218764865946,0.004574201257852895,True
TPO,0.005516844404674359,0.05899691165942158,0.6351946279961318,False
TPP1,0.0013122959295714285,0.12645840895186924,0.06344636471196281,False
TPP2,0.007236801322009999,-0.2483153668772678,0.06457962588238203,False
TPPP,-0.0013221829603661224,0.053388199966032474,0.5645679284324874,False
TPPP2,0.0027920763518650004,-0.24632580896351736,0.003965201216198107,True
TPPP3,-0.008602181154041665,-0.13149042704755434,0.5201106974706347,False
TPR,0.0014040046914515385,-0.36978449607899627,0.009320386882045584,True
TPRA1,-0.002870356010434782,0.004877132024567057,0.9352055087485369,False
TPRG1,-0.0010273788397142858,-0.24006992579955816,0.1020907909627058,False
TPRG1L,0.00218554098102,-0.06653864459645478,0.24943826297712246,False
TPRKB,-0.008626454681527273,-0.11450457714592144,0.23885428800663763,False
TPSAB1,0.0073997417450000005,0.48940660713667455,0.004804040503406916,True
TPSB2,-0.0001751284551,0.5410860467768518,0.0008214682628994508,True
TPST2,0.008234685857314815,-0.03024841035320054,0.6355886497550792,False
TPT1,-0.0006618641927343749,-0.17949291431432648,0.010672915790435557,True
TRA2A,0.0017372338207083332,-0.15368257355212717,0.034213335265623715,True
TRA2B,0.0022057815057074993,-0.022033327554851535,0.8580008204164278,False
TRABD,-0.003929850561118621,-0.060675313564531846,0.4065998107554032,False
TRADD,0.0008921271371975002,0.3041755070846132,0.010577381148628563,True
TRAF2,-0.0021510159003411762,0.29386592236627146,0.041984990064930096,True
TRAF3,-0.0009149334338786485,0.19303401589712219,0.11665692978545344,False
TRAF3IP1,0.0006521097428190475,-0.33245481662933396,0.041421606990142544,True
TRAF3IP2,-0.002426721403951364,0.2694691763499029,0.005627489024849017,True
TRAF5,-0.003705084903433334,0.24660628457219938,0.013568058394255273,True
TRAF6,-0.004923731958839286,0.2346675057653515,0.004681790460236655,True
TRAF7,0.0018642440569906248,0.1427932810490872,0.26588010157563474,False
TRAFD1,-0.0012838776982113337,0.028078318418503813,0.6790129909708467,False
TRAK1,0.006019987923994117,-0.0744778422843238,0.1467333894023953,False
TRAK2,0.00253978588995,0.012029420443977236,0.9132939510643057,False
TRAM1,0.0004937982281111112,0.08106675126310492,0.34613335141439583,False
TRAM2,0.0018988229318769234,0.24126408311430864,0.010519180109629503,True
TRAP1,0.0017852302555569695,0.09132624675198343,0.07966176963902943,False
TRAPPC1,0.002043405170111765,0.06158630272629322,0.23512227238738526,False
TRAPPC10,0.002438859558447778,0.020877470074882144,0.7890371515216985,False
TRAPPC2L,0.0010882481787846151,0.0417491300235884,0.6770799948403339,False
TRAPPC2P1,0.0009459780235461536,0.01617814168710813,0.8659185362493294,False
TRAPPC3,0.007397132132174546,0.09903447283612567,0.4873673170623465,False
TRAPPC4,0.0008473229281153846,0.13780945321031923,0.33670905389670025,False
TRAPPC5,-0.00046294349357142885,0.1481390490552333,0.1628133745400002,False
TRAPPC6A,0.0008427692272249997,0.18258725251824004,0.08650768816321892,False
TRAPPC6B,-0.004979112884833333,-0.18722631377066723,0.1604788658190549,False
TRAPPC9,0.003551885707617075,-0.145295507222572,0.04030899903572315,True
TRDN,0.045168488044999996,-0.7862955404548105,0.01360382710809275,True
TREH,0.005088882332630001,0.06607989045686911,0.3110532065366728,False
TREX1,0.003904779115356667,-0.04255675994894767,0.466298066685899,False
TRIAP1,0.0025240375633857138,0.011967085745985989,0.826653495155497,False
TRIB1,0.005889275295991154,-0.2310204166268011,0.01157644516878698,True
TRIB2,-0.0016899488353068963,0.2787884355382325,0.028600590083162163,True
TRIM11,-0.0034738910517,0.22224748142859208,0.021219844482456906,True
TRIM13,0.001017699511046667,-0.0547961144096692,0.5699805926461357,False
TRIM14,0.003948265546127273,0.39985994833799604,0.0027850950637506974,True
TRIM16,-0.00024027519742857143,0.1417499929462947,0.19574663046899887,False
TRIM16L,0.004461714926333333,0.14228038871552276,0.21548217272937495,False
TRIM21,-0.00992567151166,0.16496544795944662,0.06389557883712665,False
TRIM22,-0.0013983466869714287,0.051660594130098554,0.7410886437765062,False
TRIM23,0.001133864170912778,-0.15490622366169385,0.23386016987711397,False
TRIM24,0.0028085355430383326,-0.19101539845076612,0.10984897191078584,False
TRIM25,0.001436475923133125,0.2645764463435691,0.09826355777993136,False
TRIM26,0.0011903611616661074,-0.015070301677162723,0.8121576832697106,False
TRIM27,-6.704303975755557e-05,0.20203769592492896,0.003760905461626754,True
TRIM28,-0.0006724233776818183,-0.2652856904071971,0.0025921088825639547,True
TRIM3,-0.0009436503625238095,0.1604288628854985,0.20986281703574597,False
TRIM32,-0.0015804149343199999,-0.010457247021072707,0.8531171263032643,False
TRIM33,0.0004653400118857142,-0.14399304908651306,0.1901889847822597,False
TRIM35,-0.0007333348465871428,0.14344023714266027,0.26013315630115763,False
TRIM37,0.0021294471997882355,-0.030866038508333592,0.6493457476860042,False
TRIM38,-0.000436029993131818,-0.1269464506564706,0.12923005914607963,False
TRIM39,0.0012155323252529592,0.06294456273921432,0.3772149542480533,False
TRIM4,-0.005497662100928571,0.03771518480912861,0.6842813343711733,False
TRIM41,0.0037192685759974997,-0.06224856758086277,0.4345174849094652,False
TRIM44,0.008626499460594442,0.13291695010880156,0.09901395421271161,False
TRIM45,4.937545726416665e-05,-0.3791330905748361,0.005530357860279356,True
TRIM47,-0.0030069963277990002,0.2471384126098836,0.09825203517601266,False
TRIM5,-0.0016737119165076925,0.30677199549907963,0.0035161344485284633,True
TRIM52,0.00025423841877923064,-0.04686278604167946,0.6063176622316186,False
TRIM54,0.010869377030857144,-0.23705790666924303,0.00033700234342110913,True
TRIM55,0.0149005286942,-0.047232507274220084,0.6193684734911848,False
TRIM56,-0.0017204247927900002,0.05114898297539565,0.49539245230194395,False
TRIM63,0.0199155595095,-0.335042313381846,0.09047748586807329,False
TRIM65,0.0028761626127444444,-0.039761606021834046,0.7130929763778435,False
TRIM66,0.011241779585422223,-0.020857585175916214,0.7731520862563255,False
TRIM68,0.006806738185342308,0.31787873125502614,0.017349015746802504,True
TRIM69,-0.005893788535142858,0.14741421462419427,0.039246658555184985,True
TRIM7,0.0026894825487968,-0.21519349133308763,0.010754191133520967,True
TRIM72,-0.009685841707535713,0.3170731296450659,0.005726806300336707,True
TRIM8,-0.00042667355918357154,-0.02047816259579329,0.8208607108378325,False
TRIO,0.0025360488919112,0.028627683076615288,0.7995610422639259,False
TRIOBP,-0.0007484235527203704,0.3182833794557469,0.0016444102971321438,True
TRIP10,0.004276583721333334,-0.1999891052350128,0.00026924819076226534,True
TRIP11,0.0020254297082357145,-0.1639822870526527,0.3267303270597045,False
TRIP12,0.000846516762303846,-0.05305122189043168,0.5848474910329062,False
TRIP4,0.0004859567599400003,0.019674400914173728,0.8606502108780707,False
TRIP6,0.0004919237302142859,0.30816008476460743,0.007726824932945808,True
TRIT1,0.00905498706825,0.15127056216197243,0.14474242576448643,False
TRMT1,-0.003389123419505,-0.06826453771800954,0.36435509454664616,False
TRMT112,0.0013288684152526315,-0.08907708524012231,0.23905275020860162,False
TRMT12,0.00094471781375,0.11632118247926497,0.3780179098683729,False
TRMT2A,0.005421012179538889,-0.02395773135039542,0.8475792985041416,False
TRMT5,0.0011461052134380833,0.033008133685340064,0.8056700612886107,False
TRMT6,0.0009355626445011765,-0.07991036653427962,0.0618144710940073,False
TRMT61A,0.001083247816095238,0.09548665450760074,0.1950000413987947,False
TRMT61B,0.0008478049162033334,0.20688809245010598,0.02624018400782177,True
TRMU,0.003099084427431579,0.1653648775054268,0.0038714559112595155,True
TRNAU1AP,0.0050564470105099995,0.18765265536143003,0.11617463565060142,False
TRNT1,-0.0008858024193133333,-0.10099776199718313,0.26194673439863375,False
TROVE2,-0.0001696541383284211,-0.05609515232924946,0.5085278793997869,False
TRPC4AP,0.0021916834485961115,-0.14521411534228454,0.0025288815392316695,True
TRPM4,0.006652050500746667,0.07330919987566227,0.43224324201926967,False
TRPM7,-0.0036690447319276923,-0.22963171223433332,0.045580356085935435,True
TRPT1,0.0017401190305166665,0.2036494527911187,0.09288751626773077,False
TRPV2,-0.002921318821857143,0.2738934454859457,0.019940059990699765,True
TRRAP,0.00033347066581126885,0.06922265646953968,0.3325812385854,False
TRUB1,-0.0019590981975333333,0.10424160170815217,0.1922261239373566,False
TRUB2,0.0018467108425,0.18783371539912608,0.024456104647264974,True
TSC1,0.0011432394691400002,-0.16810036520172025,0.024269296867188192,True
TSC2,0.0009857324299867858,-0.19916531941454146,0.003975962580772118,True
TSC22D1,0.0017427763816029414,-0.27341450476095763,0.04887493880553786,True
TSC22D2,-0.0006807237132894737,-0.18815259076135363,0.12648792053875224,False
TSC22D4,-2.4177535327777897e-05,0.3424380284636075,0.0069679564136873005,True
TSEN15,-0.0014248583398622226,0.1878163539866006,0.09847099026475022,False
TSEN2,0.004792480427553332,0.014501088334976401,0.8590516148712686,False
TSEN34,0.0011590586675490474,-0.07521897250204482,0.46460806696473844,False
TSEN54,-0.0009057164549413639,-0.0762568257035992,0.5864528233202126,False
TSFM,0.0032949433452349997,0.29665997030793484,0.005408022673581439,True
TSG101,-0.0003136969022985714,-0.01565577690948341,0.781815438891158,False
TSGA10,-0.0013822347423896552,-0.01948948540958727,0.9305064620052912,False
TSHZ1,-0.002303335283284762,-0.06573688165551998,0.19735736168269288,False
TSN,-0.0005417555395000001,-0.044689263429450475,0.5798201721316798,False
TSNARE1,0.00027058989675424823,0.08321826244622113,0.36243611103197615,False
TSNAX,-0.0027528046276588235,-0.20986333723967074,0.03962792805219218,True
TSPAN12,0.005093181771005556,0.267603783043222,0.03959862349691575,True
TSPAN13,-0.0040037920227,0.5322488195203722,3.6590726613100126e-05,True
TSPAN14,-0.009824023582910527,0.23039390353590108,0.0070126228475295115,True
TSPAN15,-0.00036070367857428566,0.06440337656671292,0.6349966013335164,False
TSPAN17,0.0004313077531529413,-0.11467928684184284,0.19071443398617016,False
TSPAN18,-0.004097657831185366,0.5728043076076489,9.050943456504021e-05,True
TSPAN2,-0.0005859347804241667,0.4084226860679252,0.006101582521039634,True
TSPAN3,0.00672917375646923,-0.2681699799335995,0.009647302983820032,True
TSPAN31,-0.0010850916607181816,0.037807607036560095,0.6159810005182025,False
TSPAN33,0.0007164341710812502,0.19382251601000944,0.09119094869390441,False
TSPAN4,-0.0034992777280196076,0.12889713732922817,0.05755071034083445,False
TSPAN8,0.01474145975825,-0.8844420485271297,0.003986841782606174,True
TSPAN9,0.004765280058114109,0.38812364071459843,0.0007079155242255955,True
TSPO,-0.0013953541234000002,0.522916770427026,0.0003432504480639439,True
TSPYL1,0.0001312634136062501,-0.028991812841759425,0.7301336950577282,False
TSPYL4,0.0037684839613250005,0.07418355639601856,0.09842867941584109,False
TSPYL5,-0.0008510427410307691,0.09067105204283758,0.11834646968034229,False
TSR1,-0.00012399846002105258,-0.18919597141156547,0.00658479297134072,True
TSSC1,0.0015829274391226233,0.07479240743167148,0.4401770985043931,False
TSSC4,0.0006441307801070271,-0.015087305082157448,0.8259482450641203,False
TST,0.00353500176399,0.5416265586249112,0.0009752533526194978,True
TSTA3,-0.0001216968456866666,0.11887880203185398,0.14795713941326702,False
TSTD1,0.017311824845214287,0.034105726003358997,0.8498359810548761,False
TSTD2,0.003935425797588,-0.17566582941294875,0.017173530202058147,True
TTBK2,0.0024647559731277775,-0.04938018189840555,0.53735677322472,False
TTC1,-0.0007828426040687503,-0.12614901602142484,0.02282498743092055,True
TTC12,0.0037772389007764704,0.09226086656450909,0.4637122587780811,False
TTC13,-0.00136448498523125,0.11823149319609497,0.2320444257998453,False
TTC14,0.0034614738989909087,-0.3201638046360189,0.04515332930542927,True
TTC17,0.003958672527914287,-0.14532626720867797,0.20408528846592777,False
TTC19,-0.0008920501056644285,0.12853761069827604,0.011136876045227855,True
TTC21B,0.003667884789009091,-0.2657593379741748,0.10090161479974255,False
TTC23,0.01424375677923077,-0.4193570636586603,0.01878348306038042,True
TTC27,-0.0012074203691526313,-0.0016787085400917375,0.9882144258384624,False
TTC28,0.0032166767477235293,0.03622327604904005,0.7596387270203613,False
TTC3,-0.0002382668496739129,-0.28626120128777804,0.0720335390836796,False
TTC31,-0.0005779609513000002,-0.243231090473086,0.06465508900029077,False
TTC32,-0.00022142691584200002,-0.4571261018298959,0.0021757795395532034,True
TTC33,-0.0007940415415437498,-0.2226435568029984,0.04434944482331697,True
TTC37,0.0038096854760299994,-0.29668732425548444,0.08457612580782818,False
TTC38,0.002951417725842857,0.12893403767347825,0.1424501123284964,False
TTC4,-0.0020276275145249996,0.010272124066075168,0.907993518180852,False
TTC5,0.0027273756625875,-0.11210482771285654,0.32420069893688874,False
TTC7A,0.005570090562714705,-0.03608407122418984,0.7778428616172492,False
TTC7B,0.0042710557721195004,-0.06990161850870737,0.3192296623051067,False
TTC8,0.00044697014606,0.062245326083180855,0.6068486808209077,False
TTC9,0.0022193306745666662,0.04046956410407964,0.5825868324850978,False
TTC9C,0.0011069159995199997,0.06290220058694818,0.5702637250074685,False
TTF1,-0.002889420973875,-0.13535298950190286,0.12081025099187398,False
TTL,0.0007032711260861538,0.11321133705980178,0.09668273942999854,False
TTLL1,-0.0020829651466166667,0.0770692075300148,0.30590064443442266,False
TTLL11,0.0029894781928157892,-0.1970085152264291,0.14074612638452494,False
TTLL12,-0.0009012046419235295,-0.03728376602128067,0.5343519852474008,False
TTLL3,-0.0006694400310135293,-0.01854332818434846,0.8523199626776746,False
TTLL4,0.0003254897275812496,-0.21020967420303058,0.2903580139042814,False
TTLL5,0.006493368533051666,0.049060621300668954,0.6276696871910783,False
TTN,0.01696220019826552,-0.3490395773073233,0.012462103117424635,True
TTYH2,-0.0007479040844058825,0.08184196652564037,0.5248768955109961,False
TTYH3,0.001337591495220408,0.2815145201428579,0.0334395206444109,True
TUBA1A,0.003682416232821429,0.7965927866098262,0.0005352155284176131,True
TUBA1B,-0.0019232152936625,0.4403047920017895,0.008377952821969898,True
TUBA1C,-0.002986501958269231,0.46326139546692047,0.005229422432835822,True
TUBA4A,0.0026580350067086957,0.01701790095459721,0.8838150138923804,False
TUBA4B,0.0008000982602722222,0.06275458483743304,0.6661477300107665,False
TUBA8,0.004958793852084616,-0.00924748536791417,0.9564571229076939,False
TUBB,-0.003884128558919753,0.09318417350064231,0.4350449924966814,False
TUBB2A,-0.0012824273004390001,0.3554624626273997,0.010280062919340862,True
TUBB2B,-0.001310269520940714,0.30475236949738177,0.02196280891781847,True
TUBB6,-0.006127505735614285,0.37480618196978777,0.005593029594058564,True
TUBD1,0.00030710137551894715,-0.11460103426577718,0.35793616698617214,False
TUBE1,0.0004445902656361111,-0.24926873353301965,0.035393492188528164,True
TUBG1,0.0003958833754157143,0.07493490852700231,0.46834259906395437,False
TUBG2,0.0020387039464363635,0.05751926925316469,0.35729342369946493,False
TUBGCP2,0.00043842385780291666,0.10638025432306804,0.07034990898476104,False
TUBGCP3,0.0013893024875965792,-0.1290154328497579,0.026525463332670064,True
TUBGCP4,0.0006695197049333332,0.09499306774459092,0.24314378740490392,False
TUBGCP5,-0.0029090366790042667,-0.09642522917529202,0.18885063658730383,False
TUBGCP6,0.0017120972494500005,-0.2758391748111311,0.016092601642734808,True
TUFM,0.0027726353327061537,0.32016628737310887,0.00018539944224157064,True
TUG1,-0.00024030406595384622,0.2840835414034455,0.033888009817983615,True
TULP3,0.0047398129971,-0.14885022169473208,0.032730064782798315,True
TULP4,0.008620874700334359,-0.05834710161981174,0.15828080998702854,False
TUSC1,-0.0005810557230000002,0.11500218508371786,0.3109994677828638,False
TUSC2,0.0011987971943250002,-0.007583392136073407,0.935186653180962,False
TUSC3,-0.0006900989591210528,0.5593888315841979,0.007516812378855296,True
TUT1,0.004228934287311765,0.0007616915153254376,0.9922215851447405,False
TWF1,0.005377808992158333,0.09725989467208258,0.3371630314765738,False
TWF2,0.002899288799254545,-0.031589251920613896,0.7584771677300461,False
TWISTNB,0.0013305157109083333,-0.19113907708001365,0.05319930956157759,False
TWSG1,0.0019143448900928572,0.1256739025109379,0.18007330118567255,False
TXLNA,0.002693328130005,0.07741569884279417,0.29509580233682436,False
TXLNB,0.012612188470399998,-0.6460552279953037,0.0011103872438912481,True
TXN,-0.0007170391736166667,0.19037051815411957,0.028877160526415625,True
TXN2,0.003383942669279999,0.14626540760038373,0.030016790755374348,True
TXNDC11,0.0028564855696999996,-0.0635667639128601,0.43312930865437926,False
TXNDC12,0.00228044318596,0.05092872142362961,0.52790483039777,False
TXNDC15,0.0004439146460315789,-0.0014476410484319498,0.9892423943352529,False
TXNDC17,0.0016823832842222221,0.1226327822283086,0.2264517080663817,False
TXNDC5,-0.0004948445697277779,0.2795087566998229,0.031481911795842275,True
TXNDC9,-0.0002053235426783334,0.043471724858109934,0.6991299533640329,False
TXNIP,0.0020652609849600005,-0.22660566917527125,0.4790475315800784,False
TXNL1,-0.00114178738255,-0.006164038049653103,0.9233511160116461,False
TXNL4A,0.0076359271898363635,-0.03689719072294279,0.5701537693043487,False
TXNL4B,0.0008105880209240005,0.05756619259116571,0.5214355386743688,False
TXNRD1,-0.00021754835221923072,-0.07208850140870818,0.46306502315145703,False
TXNRD2,-0.002959122191958666,0.25365598628319463,0.027733867025680474,True
TYK2,0.0019005996239772726,-0.0030860224093372775,0.9782538927939253,False
TYMP,-0.0022260316342083333,-0.06516715997082576,0.7345789847327006,False
TYROBP,-0.0023065041506666662,0.20835702019561433,0.3316817704729125,False
TYRP1,-0.0050361250059333335,0.17413684881324498,0.3419153607286256,False
TYSND1,0.0015054467770933336,0.07591170238480176,0.26251055869538353,False
TYW1,0.0005258875349018751,-0.12029023722457609,0.17883146882792086,False
TYW3,-0.0018407563488600002,-0.017363556549151712,0.8437045819522064,False
U2AF1,0.0007187150449464998,-0.08888119069856862,0.22419984857895478,False
U2AF1L4,-0.0011328723746263157,-0.24085704124502574,0.04379594513685066,True
U2AF2,0.003124578095775517,0.14552728578586335,0.08266459413575654,False
UACA,0.011985992010095453,-0.875660963992971,0.007402078345688639,True
UAP1,0.0010011794718799997,-0.029155195675570757,0.7211765650169841,False
UBA2,0.0007953082037199996,-0.1327980982784047,0.07130514725845892,False
UBA3,0.006764757393285714,-0.09510411574565124,0.12143854843177786,False
UBA5,0.003351548477704445,-0.08386872241934559,0.45055786426478384,False
UBA52,0.0012373137049642858,-0.07022752898568624,0.2187235341733732,False
UBA6,-0.0011639818355673333,-0.0008980199892765721,0.9943313593583278,False
UBA7,-0.008269847034874999,-0.00487103864473746,0.9724704024612671,False
UBAC1,0.0010169188898499998,-0.13886285441423052,0.024679974629904886,True
UBAC2,0.0003751119008033898,-0.08625016718267703,0.32921520637383317,False
UBAP1,0.0080803918153,-0.059622609427227975,0.283028726871112,False
UBAP2,0.00114569692983,-0.13428067176692593,0.12968388447747942,False
UBAP2L,0.001997052017979474,-0.04833122619017427,0.37403542353222774,False
UBB,-0.007019703167107692,-0.09436909723491721,0.1613835157837083,False
UBC,0.0016899052076499999,-0.17715692478155615,0.04302497092065831,True
UBE2B,0.0010369481984406248,-0.18602487255437203,0.021376056279519405,True
UBE2D1,0.005309676308628572,-0.49745463174384735,0.019093231202824367,True
UBE2D2,0.000719358117482941,-0.027007066831733827,0.6414282764488393,False
UBE2D3,0.0010583258232636362,0.033033826100051206,0.3337618593002325,False
UBE2D4,0.0011775044061406665,-0.10158867980417793,0.13590844044345565,False
UBE2E1,0.0034083503288468,-0.03630564282441276,0.5986251011625328,False
UBE2E2,0.004308455551031034,0.10482616941347955,0.36202464331199924,False
UBE2E3,-0.0031371557047214288,-0.29868142780072604,0.024414074272887255,True
UBE2F,0.002117707284614286,0.05520982535456831,0.3612791980750212,False
UBE2G1,0.005196892089437501,-0.39861986499515983,0.001910315484868765,True
UBE2G2,0.0013471097621384617,0.03025502931619517,0.7034027121388333,False
UBE2H,0.003690350005111739,-0.09419768073829667,0.15422361854616062,False
UBE2I,0.0024248365314648,0.06230906030951103,0.38443663809180995,False
UBE2J1,-8.52831757090909e-05,0.09796931963428461,0.32341336464127923,False
UBE2J2,0.002737257074047619,-0.023548424708811133,0.8227956410847044,False
UBE2K,0.0022861957621062505,0.061016861122593836,0.32056701662962733,False
UBE2L3,0.00571581191274,0.056226043845876976,0.2791727449361552,False
UBE2L6,0.002726175513735714,0.4217452796267025,0.027125387355597146,True
UBE2M,0.003199720029752083,0.04844923531945199,0.4395307977333127,False
UBE2N,0.005898735520566666,0.09332762860397499,0.18435957880528914,False
UBE2O,0.0033311236729542852,-0.08994569564693028,0.07662898192154642,False
UBE2Q1,0.0002023744812785714,-0.0041311940842942785,0.9655852962203597,False
UBE2Q2,0.00097039443358,-0.4091698411984192,0.016557874566908555,True
UBE2QL1,-0.0004006457457411766,-0.10693431100850705,0.16916059248670587,False
UBE2R2,0.007573337434433335,-0.11957665874821216,0.0517336568721893,False
UBE2S,-0.0016001773078749993,0.08120986876547084,0.5462544340359549,False
UBE2T,-0.0021888332279714285,0.17945808900319998,0.1336613445165851,False
UBE2V1,0.002634954566578947,-0.004308994150213282,0.9382544074871142,False
UBE2V2,-0.0021319598082416664,-0.19415168747399925,0.0041633438116892765,True
UBE2W,0.0033078417709000007,-0.06746378358625123,0.4434082468874003,False
UBE2Z,0.000780500010475,0.09852833650378576,0.19648712658630443,False
UBE3A,0.0022636364351689654,-0.32546032526977436,0.012750484532917392,True
UBE3B,0.0008400057268960001,0.06225879331723078,0.39425367053139426,False
UBE3C,0.0036380337315661104,-0.048994122979081206,0.48358371404181677,False
UBE4A,0.0009712354299725001,-0.05420218395714756,0.6301188141409313,False
UBE4B,0.007284229697709093,-0.11774866435822796,0.1623772845424319,False
UBFD1,0.0036493120021590005,-0.27920169857360455,0.0035461963729581034,True
UBIAD1,-0.0025240810022099996,0.0222657690183142,0.7963850716152093,False
UBL3,0.0007414405318263156,-0.3538889805753945,0.0009617824839357067,True
UBL5,7.302412434999982e-05,0.09554219687974469,0.21601269978321083,False
UBL7,0.0018924685636866668,0.1649906771711569,0.017739106305361622,True
UBLCP1,0.0022993970130071426,-0.05825403308962107,0.6441057062520192,False
UBN1,0.0027591401643222223,-0.1241159133198274,0.18088235515899878,False
UBN2,-0.000913783821411111,-0.07364592805020108,0.29875685513285527,False
UBOX5,-0.0012397544925809526,-0.09283348827406188,0.07570828980340885,False
UBP1,0.0032037625493752937,-0.09523041487522747,0.25413787631098506,False
UBQLN1,0.015061855516042858,-0.2080814253788781,0.01790792190235467,True
UBQLN4,0.0016026253442647056,-0.04264224884395022,0.433226013476116,False
UBR1,0.002430270773245454,-0.08923998556835362,0.22634250858900143,False
UBR2,0.0035610772545114286,0.13104423208145358,0.15790950913392124,False
UBR3,0.0028976589441083336,-0.4220051236178097,0.0017679072402504948,True
UBR4,0.0018850848523103445,-0.13877522137482518,0.14909604917850255,False
UBR5,0.008436026930516666,-0.42525810221900867,0.00020724542702179588,True
UBR7,0.0023495479741583334,0.031105217576058178,0.5401284785148106,False
UBTD1,0.007618302511679999,-0.1074435535782087,0.5097668760669001,False
UBTD2,0.0039879923602375,-0.09515004235956748,0.3035944017432592,False
UBTF,0.0036627091756897376,0.00870788821712813,0.9059608533965438,False
UBXN1,0.0031115150521033325,-0.11104601227360224,0.15210917842490645,False
UBXN11,-0.0004748673769588234,-0.2416083624115952,0.07020518029546673,False
UBXN2A,0.0016766682287384614,-0.18699386408694532,0.021032184360501343,True
UBXN2B,0.0005789484356250001,0.05287633429787852,0.5756571359283859,False
UBXN4,-0.0007130208108750001,-0.24677318282639013,0.08262898966764468,False
UBXN6,0.013583815244189472,0.03639551629619648,0.5724399622070123,False
UBXN7,-0.000867451236838125,0.1815422088114652,0.09932550958779385,False
UBXN8,-0.001618454426011111,-0.06382694101349752,0.5756770943338871,False
UCHL1,-0.00238867657593,-0.11213848458320111,0.5826629225231634,False
UCHL3,0.0001803095735392306,0.3578242665453009,0.0010381304764245757,True
UCHL5,0.0016859408085839998,-0.19600385956849922,0.1286874414576746,False
UCK1,1.8686422639999783e-05,-0.07158738609274815,0.45581673451474713,False
UCK2,0.0013490505807681819,0.11536383362205362,0.2756930051480557,False
UCKL1,-0.004109368694246154,0.03296379308553643,0.7866390548807127,False
UCP2,0.004759914040283334,0.618694242436001,0.004307833833071989,True
UCP3,0.01988177500326667,0.14272584025010138,0.5750563055153326,False
UEVLD,0.0022228693853954544,-0.13091695514383167,0.19448222342547947,False
UFC1,0.0015690111508615385,-0.04220402482119963,0.542603299255288,False
UFD1L,0.0001293565664999999,-0.08254413604609406,0.3324049842199731,False
UFM1,0.0008269706563226666,-0.23473628081432743,0.04685710495975918,True
UFSP1,-0.0008980292473749998,0.3281069744661389,0.0744721869843423,False
UFSP2,-0.002155386882692857,-0.19581323467444794,0.0442387942047044,True
UGCG,0.00523606817237875,0.017302461609783517,0.8018473221275535,False
UGDH,0.00020686439251611102,0.09167327652093414,0.49075030918148543,False
UGGT1,0.005525630365728001,-0.24361991280422757,0.03160987028605192,True
UGP2,0.0008181523740838708,0.07444063325382455,0.4337312201594079,False
UGT3A1,0.00010618944034999976,-0.03213411442240946,0.7840003966159332,False
UHMK1,-0.0034651004378000003,-0.08245183170501136,0.410461054070418,False
UHRF1BP1,0.0010647428408423075,-0.06711622714705454,0.3463675389524059,False
UHRF1BP1L,0.0014940815415454547,-0.1389808177385781,0.35670728475412483,False
UHRF2,-0.0007111416157000001,-0.09274214773082436,0.3935117726727816,False
UIMC1,-0.0026217394182966665,-0.008314962308008848,0.9384207554506785,False
ULK1,0.0030201903512615,-0.2631534405929424,0.008250572968486556,True
ULK2,0.0020171485179437502,-0.19402741412678426,0.10489114354732909,False
ULK3,0.006491900963403332,-0.028707332918282334,0.7359408555467666,False
UMPS,0.003731186487886667,0.09651862058810544,0.3569788404570826,False
UNC119,-0.0039640660922875,0.3052036656726248,0.0025945183900981704,True
UNC119B,0.001473653585552381,0.005228899764550391,0.9163192541548337,False
UNC13B,-0.0008129540577742855,-0.3944155462206412,0.00183189073658326,True
UNC13D,-0.001873047674595001,-0.2208526272587264,0.3343576923861722,False
UNC45A,-0.0012780775330918919,0.25279436011550743,0.005960678349768166,True
UNC45B,0.02135307272385714,-0.05694399725253825,0.4374694379782277,False
UNC50,0.0009172225947000002,-0.0031501274099334383,0.9648693781094204,False
UNG,0.001804238142415238,0.1486798137959614,0.02073711057330952,True
UNK,0.006555011583313043,0.08750677346182152,0.45445258575130976,False
UNKL,0.0025946908521109376,-0.2585570822028179,0.10809686942404,False
UPF1,0.0014953873475759998,0.11930201453993684,0.0015003044569843833,True
UPF2,0.0001565459705125,-0.2899526826822527,0.07476525120462464,False
UPF3A,0.00150271808948,-0.4141768005755082,0.005601415401070622,True
UPK3A,0.003471117040783333,-0.025190292074727783,0.8369187564235481,False
UPP1,-0.0030030497915438095,0.09423167595321859,0.5626813926430709,False
UQCC,-0.00029742753782500004,0.2323759678129824,4.9189857882683484e-05,True
UQCRB,0.0013169153031750002,0.1406981425071774,0.02428563475089443,True
UQCRC1,0.005404009667318999,0.2784802687206437,7.459961023634177e-05,True
UQCRC2,-0.0003933134622,0.2779505680123833,6.178448917729277e-05,True
UQCRFS1,0.002284197849435714,0.3771475422066125,0.00043981264304749425,True
UQCRH,-0.00116604536806875,0.3624875455639129,0.0002961412847598287,True
UQCRQ,0.0006849862036692308,0.29399884739566495,0.0011686073611657766,True
URB1,0.0002926963520473686,0.00889721517232484,0.8601040662275883,False
URB2,0.0010373032657857145,0.03770129466105685,0.3787167716019981,False
URGCP,0.003646521581028929,0.07714920237263646,0.30107382282959244,False
URM1,-0.0003282989157,0.2597610129668421,0.0019683123942589916,True
UROD,0.0005638699093666665,0.007487064063673155,0.8619126308177189,False
UROS,-0.0006862390085635002,0.11299294583639986,0.17536539759904538,False
USE1,0.0036560053858307696,0.1526945392226393,0.06229759987159918,False
USF1,-0.0009807370569666664,-0.022557699800915456,0.7950493838505002,False
USF2,0.001484281326617647,0.08158313497479491,0.19561991224721592,False
USHBP1,-0.0147597274206,0.29906833652431347,0.0255010343088365,True
USMG5,0.0012657875135,0.27611636116509125,0.006652885666694786,True
USO1,-0.002276216563425,-0.7288359848749302,0.00010131568031196822,True
USP1,0.00048672338262450017,-0.3026357765373412,0.014865517993867176,True
USP10,0.001544974177171429,0.005356092148429611,0.932675043747933,False
USP12,0.007465879940156668,-0.1301704166198324,0.2400859003218356,False
USP13,0.002974875292042858,-0.15651209752299475,0.1684353608175882,False
USP14,0.00160331813608,-0.12043776439629732,0.19681207613474294,False
USP15,-0.0002095180773733333,-0.3892619171667068,0.07381712983061045,False
USP16,0.0032951755889600006,-0.43568578982528905,0.009975699306793661,True
USP18,0.0008483141508384615,0.24004933049671828,0.025320194030223574,True
USP19,0.0015079142601100001,-0.09038431808869235,0.014673105170104289,True
USP2,0.005784073918126471,-0.14499529930316787,0.29517848794526386,False
USP20,0.005036929150440909,0.00770233330328626,0.9032815433354409,False
USP21,0.0023834948535499997,-0.07760724209991517,0.29093122107883235,False
USP22,0.004681083603917392,0.06869854153445885,0.3164176094477022,False
USP24,0.0010292626433,-0.22943747161731334,0.11553111108847722,False
USP25,0.001503843827,-0.4140429323369823,0.004688377310737064,True
USP28,0.011396628901174,-0.10083165256984682,0.20142209298013602,False
USP3,0.0024168357112007146,-0.15779671911927118,0.29761644212214705,False
USP30,0.0034229446980307684,-0.1791714180105538,0.12988143732038498,False
USP31,-0.00029592565342380947,0.10781674522368466,0.09725080198345662,False
USP32,0.003474935982194375,-0.11163731888476186,0.20221089529366618,False
USP33,0.0019726926538,-0.11392912147917468,0.18148256451292283,False
USP34,0.003999444777238462,-0.3996744915606458,0.003933923432477007,True
USP35,-0.00033778389888774194,0.09852265117098166,0.3755908654808702,False
USP36,-0.0013385756102904764,-0.29163527487305035,0.00024743853136774424,True
USP38,0.004734011083172728,-0.47001926389909204,0.011784243028597248,True
USP39,-0.0014187826090153847,-0.11696827934745575,0.04601031278407287,True
USP4,-0.003329859696135,0.029932340636917368,0.7385494525918983,False
USP40,0.003555544117666667,-0.23103447244392905,0.09192440946628017,False
USP42,0.0009506051550595241,-0.08119794854421468,0.1590844121567734,False
USP45,0.0031733517092785712,0.012963244944771897,0.9023490674724249,False
USP46,0.010003324194777776,0.029877203616595457,0.7629523127220326,False
USP47,0.0016183674863157894,-0.41721919696123694,0.005427327076639943,True
USP48,0.0023884575358853635,-0.14383484723020648,0.08225989890876484,False
USP5,0.004056214423870417,-0.03541115431015845,0.7047864930918912,False
USP53,0.0014790284327333332,-0.30052743188281655,0.16196481945239535,False
USP54,0.022450578335333333,-0.45534458506967573,0.0043471154997143414,True
USP6,0.00158223493125,-0.8758335305068212,0.0019633540725612453,True
USP7,0.00505157281678421,-0.17991023549304952,0.05482153572498211,False
USP8,0.004057773180201667,-0.0715795185007158,0.620718317651393,False
USPL1,0.0031966353744507696,-0.18846774473188505,0.017623137916315545,True
UTP11L,0.006142438829606765,-0.36320869143192797,0.0014779151098017636,True
UTP14C,0.0012894734210714288,-0.0317098128769153,0.6816357139853181,False
UTP15,0.00064414634790625,0.046383866175287336,0.5689627619550452,False
UTP18,-0.0021407829801831247,-0.06378758154708059,0.1582520356826176,False
UTP23,-0.0009444569319558841,-0.20856244171896898,0.20668809467231034,False
UTP3,9.910087815384631e-06,-0.13225758275743005,0.010787450259296354,True
UTP6,-0.0005733242989300003,-0.04586297081344994,0.7033175283499393,False
UTRN,0.0027124203625526313,0.13091391172703146,0.4210136229503225,False
UTS2,0.010583657738411112,-0.19956296374303395,0.12900313373817798,False
UVRAG,-0.000470719776515625,-0.03744716186685213,0.718936878207539,False
UXS1,0.0016207289725800006,0.037484630530077515,0.6618960942226997,False
VAC14,0.011192191704576087,0.066163866266723,0.38836662084451623,False
VAMP1,0.0017102308144394116,-0.1195140971726015,0.3547589511872361,False
VAMP2,-0.0005543666987333332,-0.010679893395716096,0.8703522189509235,False
VAMP3,0.0033905485184111102,-0.027522064044444926,0.6525422821130957,False
VAMP4,-0.0015629390189354545,-0.10087714866907814,0.12767023268702202,False
VAMP5,-0.003033542266636364,0.14252166535667177,0.18415050677091443,False
VAMP8,-0.00038729481652222244,0.1792504429092528,0.18827757960323385,False
VAPA,0.0031187095618338094,-0.07773616601461229,0.3337678795734422,False
VAPB,0.0012051719787750002,0.18117719591894185,0.02619761870380391,True
VARS,0.0019219791940479167,0.053536532247245756,0.5719387945908183,False
VARS2,0.0026390963671094523,-0.029653384657278906,0.6600708610084338,False
VASH1,-0.0021331129730956526,0.8642994994422168,0.00010479162163151668,True
VASP,8.133538521818212e-05,0.3974987515612906,0.0029672034472677006,True
VAT1,-0.0025365296082153843,0.5036756531380708,0.0004526112719422761,True
VCAN,-0.0015275644381384614,0.2884516769995082,0.08357746688812516,False
VCL,0.00937090464194762,-0.11383040508592877,0.17924649858201036,False
VCP,0.00037990361499000007,0.050738274554929526,0.3125695455126008,False
VDAC1,0.0028440723362333333,-0.01906744726194922,0.5504264047283528,False
VDAC2,0.0014069105944513331,0.21117917372153513,0.005405174115347209,True
VDAC3,-0.0004678997385153845,0.18076098566849794,0.0012259191039155485,True
VEGFA,0.001326502656982353,0.1725317504427459,0.29526158535072006,False
VEGFB,0.00282939785642475,0.3166570479565325,0.0030910594252925717,True
VEZF1,0.0036336632226817646,-0.2730182020353928,0.00365010637792053,True
VEZT,0.0007080801463611111,-0.33124638409578744,0.0023332583001751664,True
VGLL2,-0.008768286423779411,-0.1979055662498201,0.3528126784896293,False
VGLL4,0.0037473037169313134,0.12137682169871745,0.16737490406669975,False
VHL,-0.0003294872107961542,0.04756757787983665,0.39601723717910187,False
VIM,-0.007196213680192856,0.7416391090842903,0.000822089025931176,True
VIPR1,0.002834295092313636,0.26066613992594556,0.03774334010551693,True
VIPR2,-0.0016341942419890907,-0.0006665778453007754,0.9936175343811866,False
VIT,-0.0001335883514733333,0.204805675777477,0.17925155396671624,False
VKORC1,0.0012022843360454546,0.1689150571155601,0.04167440335662118,True
VKORC1L1,-0.0012176624921642852,-0.19939147954324,0.05794749925570788,False
VLDLR,0.004101947241728571,0.02941630624757353,0.7529711507565353,False
VMO1,-0.00838963889446154,1.1393745487006781,0.07849144142220965,False
VOPP1,0.0025545072896911766,0.0731674855652487,0.2311852816199768,False
VPRBP,0.0033808089765230763,-0.10037793804188992,0.1455738932594312,False
VPS11,0.0010129611232416664,-0.06406520065962816,0.32715371194547804,False
VPS13A,0.001590849645775,-0.15487682242394693,0.339605944444911,False
VPS13B,0.003625005688117632,-0.06273242208920414,0.13717004434624025,False
VPS13C,-0.00014868054367081854,-0.39793950446415294,0.013970574817978318,True
VPS13D,0.0005463534811727271,-0.21837936488667606,0.022587481262541217,True
VPS16,-0.0003224719807285184,0.03899707220059212,0.47387178621481985,False
VPS18,-0.0005017159510588889,0.017939416427703258,0.8431862639944091,False
VPS25,0.000635704010858,0.21062337835291725,0.005868069039491984,True
VPS26A,0.002318533642,-0.12350132357837146,0.17244845773670656,False
VPS26B,0.00010563000373120009,0.041831305071601245,0.3837484996940391,False
VPS28,0.002477902787354546,0.18312590329503298,0.012621284589512456,True
VPS29,-0.0017857714343571432,-0.11115748593351604,0.11921421918940299,False
VPS33A,0.0016898804959818185,-0.10917115651806975,0.20552658642353663,False
VPS33B,0.005939190427139999,0.003653559407924495,0.9771919717940794,False
VPS35,0.0009731971325875,0.14706024345501054,0.24460920561603036,False
VPS36,-0.00017046835149846156,-0.0624083851613235,0.537787314883917,False
VPS37A,0.0013420154951285714,0.047013684415418554,0.5777544697344423,False
VPS37B,0.0005579447228378125,0.18574656505132311,0.048897046418829665,True
VPS37C,-0.0009522351238095238,0.025398536938435686,0.6908151926734105,False
VPS39,0.0013372607995538457,0.09116925774513242,0.12539221293703168,False
VPS41,-0.00010659032480000007,-0.005809944273929487,0.9666305572879963,False
VPS45,-0.001477929340752143,0.018206334756017295,0.8723949222649461,False
VPS4A,0.0008596289390619048,-0.025549509490408795,0.6978871103871821,False
VPS4B,0.001549385103028571,0.1622347955434451,0.2166039932525113,False
VPS52,0.0017453756358991731,-0.06059215769287351,0.4136767979976149,False
VPS53,0.001188986330505,0.03906789322708644,0.703300827579938,False
VPS54,-0.0014988797872747058,-0.1252756845929167,0.0885796949969655,False
VPS72,-0.0005256511315666668,-0.14155028808969972,0.3438567786454123,False
VPS8,0.003098060769378261,-0.302670108662722,0.003874520009142155,True
VRK1,0.0006336713780141182,-0.1348378303798502,0.2121084065593113,False
VRK2,6.0697548059375055e-05,-0.10147174262874467,0.4096486037332807,False
VRK3,0.001303479544380588,0.0915743938468798,0.26194922445895785,False
VSIG10,4.6740229000000125e-05,-0.11638193610910408,0.4045970080865826,False
VTA1,0.0014867751841466665,-0.15758507172169064,0.016930352174106628,True
VTI1A,0.0014892707319909095,0.15676587844450254,0.09906264671589225,False
VTI1B,0.0023817765352245296,0.01981385034502066,0.7956198151299584,False
VWA1,-0.0005872780669592593,0.7698802662508893,0.0009082496396472818,True
VWF,-0.00012986628021388906,0.4791249513974416,0.002975792184199891,True
WAC,0.00015943863511153829,-0.05293575787886049,0.5347001788685595,False
WAPAL,0.0012829995211506666,-0.22573598225361194,0.09245102598904027,False
WARS,-0.0022349272352429413,0.34808835267324356,0.001852470524379675,True
WARS2,-0.0011641206949711113,0.04000705358353654,0.6806530667652717,False
WASF2,-0.0002679382681181818,0.22518764385212708,0.008445872991138784,True
WASF3,0.003366852823254545,-0.13652306096238934,0.02365012519805407,True
WASH2P,0.001521694802925,-0.041858349423276445,0.4792312015888709,False
WASH3P,0.0041231054003875,-0.06210431936248631,0.43521457743506786,False
WASL,0.0029053360255624997,-0.20740494902448947,0.019283203463587317,True
WBP1,-0.0005309570908250001,0.003913912171950049,0.9670162954920665,False
WBP11,0.0013947157895466665,-0.1266311508800021,0.017499420429298217,True
WBP2,0.002046491310630615,-0.09592971107589579,0.08559533450308851,False
WBP4,9.739200153666667e-05,-0.3781161425267063,0.016571073124826887,True
WBSCR16,-0.0006725127444363637,0.15352797575245453,0.038029247958441294,True
WBSCR22,0.0007286470171842106,0.09738288286479432,0.1532336362085223,False
WDFY1,-0.0037229626711599998,-0.05588675302707494,0.6232032799368936,False
WDFY3,0.0012224910163130436,-0.027496895311218905,0.7696618329559866,False
WDR1,0.003668657509544193,0.05075674657690757,0.6846312212686784,False
WDR11,-1.3201841381818356e-05,0.07443806564423518,0.4832650185631029,False
WDR12,-0.0006934258560545453,0.2946397578459218,0.03047314114332727,True
WDR18,0.00027009210030588235,0.17108563661864098,0.09090403830480585,False
WDR19,0.00030244441932435716,-0.1917826819807772,0.16759816226636717,False
WDR20,0.006915091520995651,-0.12832717662485144,0.1601242452728507,False
WDR24,0.005132616287781764,0.012210713385381893,0.9015160864300578,False
WDR25,0.0003793769281825001,-0.10617195734513282,0.4095915636621923,False
WDR26,-0.0005990358707722221,-0.2145904493540038,0.09626866199602033,False
WDR27,0.000923463868500744,-0.11323694587073883,0.44359394574725786,False
WDR3,0.0007341628737950001,0.0528631686075846,0.5241725060022422,False
WDR33,-0.0005004960667555554,-0.1287427026657413,0.04682683920382354,True
WDR34,0.0060063532375625,0.18276993024259633,0.05865146073599896,False
WDR36,0.0023245318024625,-0.09969123477480527,0.18418206059098152,False
WDR37,0.0016313616021105635,0.06017977189519386,0.36726220171591006,False
WDR4,-0.0006011975905931249,0.050444919222737056,0.6509751050163759,False
WDR41,0.0012181585682555555,0.15299950157715755,0.1006707527058259,False
WDR43,0.00244068552516875,-0.13793427508005618,0.09178480986459249,False
WDR46,0.0018873970702078216,-0.03383530005070307,0.7513568708213616,False
WDR47,0.0008710048267242104,-0.14423460950551614,0.058831572495992725,False
WDR48,0.0027715638513,0.008673271364762753,0.9310036898026903,False
WDR5,0.004402263378864706,0.027921968923589283,0.7183099205074266,False
WDR53,-0.0008861183382933332,-0.23900418907481133,0.10576508406840171,False
WDR55,0.001121162608975,0.037305565411583336,0.2986223715486865,False
WDR59,0.0023027994154277776,-0.1710851043376385,0.08914063076065425,False
WDR6,-0.002425599770422222,-0.00693241203724402,0.9205948195143552,False
WDR60,0.0009614234520970588,-0.3694685296164024,0.04285177228456234,True
WDR61,0.00196076361652,0.05232231950125579,0.5784542664521997,False
WDR62,0.0033707265541333335,0.13835501194900066,0.24598156940803703,False
WDR67,-0.004916966779827273,0.07108027354446285,0.4384873867396426,False
WDR7,-0.002105208698923077,0.04966700364466547,0.41692775203165333,False
WDR70,0.00688021721593,-0.20290319410028124,0.03731973553835089,True
WDR73,-0.0005309362831129412,-0.042007607689510416,0.6643430545031157,False
WDR74,2.0541738133000105e-05,-0.1334322146003652,0.08860074538829356,False
WDR75,-0.0004955412557235294,-0.022005468615367917,0.8105664321079461,False
WDR77,0.0029342859292764705,0.14960933325002151,0.03931431850539962,True
WDR81,0.0016005897533489797,0.014845657650254009,0.86734761388423,False
WDR82,-0.0007314718620750001,0.06841412386991715,0.33322360589406785,False
WDR85,0.0010837031522444441,-0.13492506926185552,0.046430841401432846,True
WDR89,0.0024510836937790483,-0.0749866254487931,0.3035586986120717,False
WDR90,0.003148843379932076,-0.032615611608942545,0.7830232043171931,False
WDR91,0.004307358187514286,-0.21466188170081235,0.16179051385295193,False
WDR92,0.0012953975311538464,-0.024485646196366527,0.8080855181146371,False
WDSUB1,0.0034135220164624998,-0.02959335885334727,0.6554593084959068,False
WDTC1,0.0028672509039687497,0.028211601769829366,0.5790263519178329,False
WDYHV1,0.0020745356608545453,0.06330117881665717,0.7179020033675608,False
WEE1,-0.0005752965499552633,-0.1043888542746915,0.5167028289698559,False
WFS1,-0.0005006562966375998,0.26950072017232923,0.02858010521547401,True
WHAMM,0.0051730580551625,-0.16090419674043502,0.057760093582684385,False
WHSC1,0.0008426275288822583,-0.1204990491257342,0.10953720446761438,False
WHSC1L1,0.0015033618733680954,-0.014149190610959489,0.8894815711660413,False
WIBG,-0.0003217095208139131,-0.04463525820704752,0.6647825737106765,False
WIPF1,-0.004594989555941177,0.296700778005819,0.03765089420997575,True
WIPF2,-0.002935011560101072,-0.0040841479545882945,0.9447729742094864,False
WIPF3,-0.0005306533607222218,-0.4516504825576045,0.002386586177095152,True
WIPI1,0.005780053902117647,0.11023316203892017,0.3034855408080902,False
WIPI2,-0.002184691490044,-0.030475383489968498,0.6268083281554253,False
WISP2,0.0048418983062857145,0.036179834384385566,0.7730793623007958,False
WIZ,0.004765785779857895,0.08579870527972924,0.39973912651954846,False
WNK1,0.000657702226057895,-0.06478774356379156,0.4321642562827416,False
WNK2,0.00544785942148718,0.050694269236546005,0.7275665311041846,False
WNT11,-0.0005731969253205553,0.2918435605998856,0.07809087299537325,False
WNT4,-0.0003652159951796293,-0.23898130190413527,0.03416574713565626,True
WNT9A,0.002558277409415385,-0.20680801544006605,0.40879808663905903,False
WRAP53,4.709806566966662e-05,-0.037525921849473336,0.6727929806092572,False
WRB,0.0026893600033757576,-0.07834587679098166,0.4648032365427601,False
WRNIP1,0.0031612873269971425,0.1644570620839949,0.0016683223224360053,True
WSB1,0.0003453941428510527,-0.3018208811101839,0.07830706135076304,False
WSB2,0.0027236434960383332,0.15579297927703903,0.04062553958866674,True
WSCD1,-0.0006998726596900001,0.18714278251878919,0.06792449044118465,False
WTAP,0.001470407614989231,-0.19173304436132899,0.020720873727148936,True
WTIP,-0.0018637024500375,0.36151884427125336,0.022748687310753288,True
WWC2,0.0023578148015041666,0.0032670269735727894,0.9633867968790788,False
WWOX,0.0033119400485885505,-0.007363734709557726,0.9545219959204743,False
WWP1,0.005031494735927778,-0.36377370310611906,0.002893274242222444,True
WWP2,0.001333239290046154,0.1683806116647277,0.056339455265289176,False
WWTR1,0.0023755301468070004,-0.005999171633059933,0.9647329883521621,False
XAB2,0.0019064608156180766,-0.08599742812708291,0.11548251435066967,False
XAF1,-0.008554589775892858,0.14703123216422032,0.6632089967438572,False
XBP1,-0.0010803798942350003,-0.022945850270794654,0.8090657648588196,False
XIRP1,0.0200892484364,-0.21547255490586634,0.2837677683109364,False
XIRP2,0.010650321829,-0.942993594013132,0.01853604951064811,True
XKR8,0.0012980314971435714,0.061650807783821954,0.6726347754279638,False
XPA,0.0024705205907166665,-0.2236279747491534,0.059435286425157156,False
XPC,0.0003847399042559999,-0.07148286597120847,0.18424413449779983,False
XPNPEP1,0.0005272974437464708,0.2592076641360254,0.012739449675526204,True
XPNPEP3,-0.00014605956795949986,0.04020410810265092,0.777078723732112,False
XPO1,0.0029486194082235296,-0.22355120956341432,0.04257521391369379,True
XPO4,0.006185102071523529,-0.04358835691870116,0.8255434223129203,False
XPO5,-0.000545402666480588,-0.15850430150126507,0.32908292999935707,False
XPO6,0.0005239761905117648,-0.0026784469027126933,0.9827362637405093,False
XPO7,0.002194559952478571,-0.0813459759542877,0.2632207596618243,False
XPOT,0.003304771966875,-0.10442975018987233,0.4774893672545849,False
XRCC1,0.0011116097262,0.01772338717774271,0.7997253321766948,False
XRCC3,8.649683170270192e-06,0.11840326420286251,0.24468374733052992,False
XRCC5,0.0022561499397736845,-0.03563675581652684,0.5665261315105208,False
XRCC6,0.001839411708285263,-0.04308032740990923,0.4447360460652743,False
XRCC6BP1,-0.00127907182998,-0.4152431104782606,0.00048034417727011044,True
XRN1,0.0032552796968199995,-0.03414188140476279,0.7277914586052219,False
XRN2,-0.0006505247577916667,-0.06054219575813802,0.26402030057614245,False
XRRA1,-7.620954532631513e-06,0.0592016344787845,0.4951131015152974,False
XYLT2,0.0022339892861307697,0.22773947173806244,0.01195916463355706,True
YAF2,0.0006758314087636364,-0.26054939358907275,0.023738530081615056,True
YAP1,0.004578877421070833,-0.08868922547868463,0.41267373732803436,False
YARS,0.0017884429161938889,-0.07906016270587274,0.2945284230541634,False
YARS2,0.005522377098583077,0.20312478007228574,0.16690236538869524,False
YBX1,0.0025370351611933334,-0.020025210091908396,0.6724803831308633,False
YEATS2,0.0043613601294,0.21394498906163673,0.015171681489920633,True
YEATS4,-0.005931801081,0.05331777043785743,0.4409660527484708,False
YES1,0.00031549450470000026,0.048063644803928746,0.676477149471415,False
YIF1A,0.0027603639799618756,0.12773117484320806,0.09685358600622357,False
YIF1B,-0.0063091532832900005,0.21317896212480106,0.038477141683223144,True
YIPF1,0.0017707436951416662,0.12484635008324516,0.17152150984348066,False
YIPF2,0.0017082118159019999,0.13410611314255802,0.1463831749202225,False
YIPF3,0.005971104723733334,0.04379845144092822,0.29085429522007517,False
YIPF4,-0.004521737661006668,-0.012106267328233862,0.8644544261020825,False
YIPF5,0.0019427341883909092,0.07690425246360189,0.5527339126122934,False
YIPF7,0.0041194838283333335,-0.23936764547140463,0.008512203929943766,True
YJEFN3,0.004686619470952941,-0.07685745280089974,0.49534158908461,False
YKT6,-0.0008989490558338464,0.10789899232896087,0.1329777937066855,False
YLPM1,-0.002793460722937648,-0.12972018985993397,0.08487153461253558,False
YME1L1,0.0005644296083142859,-0.14957884123831755,0.07279528267259879,False
YPEL1,0.00019386132186500004,-0.23579894470886897,0.006171920994757428,True
YPEL2,0.008996301986122725,-0.17812849252066137,0.021409848175099437,True
YPEL3,-0.0010156404239488235,-0.1193888211643555,0.33584532356523444,False
YPEL5,-0.0027301125276611112,0.05261625806878601,0.5395491990611503,False
YRDC,0.0007532660032673333,-0.04955709803351655,0.5578414471572073,False
YTHDC1,0.004436426188447827,-0.20449986333524375,0.05569684726052953,False
YTHDC2,0.0018198772621369232,-0.22360423913778182,0.11329710604472665,False
YTHDF1,0.0018049410405384615,-0.07519478977839537,0.25036126061500796,False
YTHDF2,0.002783534954857895,-0.1364003201560717,0.03330107354065137,True
YTHDF3,-0.0005596191527982351,-0.13460872759911516,0.14886939252288342,False
YWHAB,0.00310733859798,0.02252831218236788,0.6086955311925076,False
YWHAE,-0.0009629829560583334,-0.12021255425684627,0.010132503764039508,True
YWHAG,0.00424603375826875,-0.07590208429606497,0.26142518751882804,False
YWHAH,-0.0024161030798790003,0.21122203467587478,0.05182036626740147,False
YWHAQ,0.0018845213360562498,0.23002154024599414,0.02120349361306026,True
YWHAZ,-0.0017615700494800002,0.0458748722108111,0.6682419263880203,False
YY1,-0.001006223876917647,-0.14466786771356796,0.2401482597506245,False
YY1AP1,0.0014846689697737502,-0.19558230094876236,0.009556006120266091,True
ZADH2,-0.0024455853777522723,0.05159199177675475,0.5015355198122433,False
ZBED4,-0.000914657391031579,0.061447308021686894,0.3276440299741128,False
ZBED5,-0.001004789418366667,-0.07711764102708907,0.6202879496967628,False
ZBTB1,0.0024008329675952378,-0.3516520168705548,0.013585779486027579,True
ZBTB10,0.0025914061456428572,-0.0012576553164588985,0.9873499985809367,False
ZBTB11,0.0016530909827882354,-0.2453828362569361,0.033037048347106336,True
ZBTB16,0.010293524916298003,-0.28406547140996913,0.24030124885601112,False
ZBTB17,0.0022581062610363633,0.17862417016061302,0.04120472743428297,True
ZBTB2,-0.00011417432419529399,-0.14245236816233842,0.11313852969407305,False
ZBTB20,0.008263670685321666,-0.13980823292611747,0.19554577536967474,False
ZBTB22,0.004985696869880281,0.08294284905016562,0.17667263755670923,False
ZBTB25,0.0017724271857187499,0.16454555249735517,0.09399244068799176,False
ZBTB26,-0.0033801311477466667,-0.12402062375536248,0.037196498729024224,True
ZBTB3,-0.0003955891516307692,0.11887906485357798,0.2790204378064893,False
ZBTB38,0.0014916822670532433,-0.05077053367932671,0.6757708645098579,False
ZBTB4,0.002032028196922791,-0.08484278043163682,0.14195585992946297,False
ZBTB40,0.007099009620336875,-0.16547462024912205,0.051488789967570774,False
ZBTB43,-0.00010403222835454532,-0.11388466075114122,0.28704738941811564,False
ZBTB44,-0.003254715656371428,-0.3093409117396873,0.0016611878041931556,True
ZBTB45,-0.00043015490656160007,0.03599650928673583,0.6347501680400427,False
ZBTB46,0.0036932642213761547,0.19378375024468628,0.10669652798305493,False
ZBTB47,0.010705170328292594,-0.2101132388713011,0.029732629985763884,True
ZBTB48,0.006230093100792857,-0.03150365473196168,0.8026781652150362,False
ZBTB5,0.004057770444141667,0.06296363680145858,0.17812277163829535,False
ZBTB6,-0.0004536357434200003,-0.17036926147945364,0.03703352056348555,True
ZBTB7A,0.00018321328580395347,-0.207755988076389,0.05667598220324316,False
ZBTB7B,0.002529399147840909,-0.04277804566645333,0.7518168820514592,False
ZBTB8OS,-0.00020073820276666674,-0.07000151145096757,0.25549519008306154,False
ZC3H10,0.0021820675282571878,0.1407289262536947,0.07366685645599245,False
ZC3H11A,0.00525571104903,-0.20646229739246735,0.07051685209372299,False
ZC3H12C,0.0007866532613400001,-0.10243908964353797,0.1835830696688049,False
ZC3H13,0.0007772523585962963,-0.2786039044930955,0.06359852675979848,False
ZC3H14,-0.0010613755043714288,0.07625468462353754,0.45005325373864735,False
ZC3H15,0.0003191781614093846,-0.30397328175990956,0.007880805403606743,True
ZC3H18,0.0015020252520208334,-0.10276935349864504,0.09398043794702843,False
ZC3H3,0.008047173638986365,-0.11679561838339002,0.1681118553906465,False
ZC3H4,-0.0007070296317664706,0.08255517731551715,0.3972069841003001,False
ZC3H6,0.001278407953681818,-0.2865395682936745,0.06156746528214664,False
ZC3H7A,0.005892949312383333,-0.22374389210132256,0.025800482151846594,True
ZC3H7B,-0.00032910702048136365,0.17764031037663985,0.014744541218088639,True
ZC3H8,0.0017634940756666672,0.017363811225640378,0.8717741632846622,False
ZC3HC1,-0.0013501824871999994,0.019247146572774456,0.7546479713995672,False
ZCCHC10,0.0005579132705379999,0.05029607865993749,0.6852177170850917,False
ZCCHC11,-0.0008641046688000001,-0.3515503037384961,0.005303249825462331,True
ZCCHC14,-0.004000233423201389,-0.09144366232517656,0.22938557184853692,False
ZCCHC17,-0.0005283912762826668,0.02495097280123394,0.6001290974019529,False
ZCCHC2,-0.0029821511543149997,-0.32271037737034197,0.028962333150972987,True
ZCCHC24,0.004597424800996856,-0.2009192511401874,0.006236273322976552,True
ZCCHC4,-0.00011086849828000006,0.011667940921530662,0.8832312820921329,False
ZCCHC6,-0.0005268921432285715,0.0070891345850926275,0.9188698004019071,False
ZCCHC7,-0.0016519446295000003,-0.13658278969278342,0.14830344800594375,False
ZCCHC8,-0.0004857830734583332,-0.1944490227278389,0.1536623209317263,False
ZCCHC9,0.0003330811967,-0.3165048319729723,0.0005814635979135572,True
ZCRB1,-0.00035944786152307704,-0.1718261473446493,0.0578016569858205,False
ZCWPW1,-0.002228861031128236,-0.2358661945061239,0.036101978548926425,True
ZCWPW2,0.00220260571525,-0.18130223656604524,0.09432890490687572,False
ZDHHC1,-0.008657207785486364,0.06790296738935696,0.48438652538080473,False
ZDHHC11,0.008452215217512693,-0.23996079571386347,0.11365805467836713,False
ZDHHC12,0.0006611937714099998,0.07200011527391087,0.6280429809035577,False
ZDHHC14,0.0016297438494640667,0.40757237174752087,0.0009476939752074478,True
ZDHHC16,-0.0012978107747019998,0.15004817980178836,0.056855357427244235,False
ZDHHC17,0.0005945763872642854,-0.32573541557611746,0.04035674845845568,True
ZDHHC18,-0.00049185166407,0.1690928137713719,0.05960691633075084,False
ZDHHC2,0.002785167969607693,-0.30765122918733195,0.03742878438329583,True
ZDHHC20,5.637719887333343e-05,-0.11821588658604859,0.3831081518683481,False
ZDHHC24,-0.0013772561806695003,0.06554521395063218,0.5053261583899264,False
ZDHHC3,-0.0004323132736150002,0.03840092329253173,0.602628152909438,False
ZDHHC4,0.0022858060252000005,0.09376374748280192,0.2696941464736723,False
ZDHHC5,0.0009094463966341175,0.1005282762987101,0.06534711289750919,False
ZDHHC6,0.0004756025284882354,-0.18384726087520595,0.03233446458379379,True
ZDHHC7,0.005970103269279168,0.06038877906073292,0.38122016908495404,False
ZDHHC8,0.0009537506101272728,-0.05224607595162749,0.7117365863851208,False
ZEB1,0.00219799931674,-0.36166367334108246,0.030877445181043902,True
ZEB2,0.004911172540606667,0.0942247273337991,0.2607166254203791,False
ZER1,0.00117892816054875,0.1144315325645651,0.01650057370572077,True
ZFAND1,-0.002037888175883333,-0.23717135425044314,0.0292766670095594,True
ZFAND2A,0.00079010707562,-0.1221187869079185,0.25913354190013105,False
ZFAND2B,-0.004766012117522223,0.10312243255960472,0.1607242282462246,False
ZFAND3,0.00414808503247175,-0.17119370850387436,0.07845613755276756,False
ZFAND5,0.002128856389346666,-0.35349625795600104,0.0298615832849484,True
ZFAND6,0.0029187249469499995,-0.021517062670042397,0.7281866550171529,False
ZFAT,0.005051857506813333,0.16034190347889166,0.1379604127906998,False
ZFC3H1,-0.0019655527936631575,-0.471430678885856,0.021548649506290367,True
ZFHX3,0.0035309504953418367,-0.1541847210006498,0.0954544492461569,False
ZFP1,0.0026609668356745455,-0.2779900618077576,0.04977650573255607,True
ZFP3,0.0005514826350099999,-0.11182098419161993,0.20873988248346428,False
ZFP30,0.00022939981288222229,-0.08403673559467027,0.5679158589890809,False
ZFP36,-0.0016510057997545457,-0.22827318445576125,0.16870063164255886,False
ZFP36L1,-0.004701494472639999,0.13220673855166487,0.255760362246896,False
ZFP36L2,-0.003812378550049285,0.29706629086096903,0.014223535896781691,True
ZFP62,-0.00016473809567999997,-0.0794167107333149,0.4610580751599346,False
ZFP64,-0.003177840865681952,0.04330425074635187,0.7140755347912182,False
ZFP90,-0.00087658692334,0.013244325808865113,0.9285488870532536,False
ZFP91,0.005273307190132857,-0.182750526325694,0.041989151910007544,True
ZFPL1,0.0018860364382539997,0.031995158342172966,0.6978725649749341,False
ZFPM2,0.00714066419654,-0.32374950620429527,0.0023742030721985814,True
ZFR,-0.00018987695310000008,-0.16398059600759235,0.09644654905414105,False
ZFYVE1,0.0009399388215299999,-0.06969652374791528,0.19759653815195546,False
ZFYVE16,-0.0002870243272066668,-0.22791993588943749,0.1956528053924761,False
ZFYVE19,-0.0022950471136,0.2419304039193636,0.009660967925481252,True
ZFYVE20,0.0010931858015055555,-0.11422860992512054,0.1925546719607431,False
ZFYVE21,0.003157020987457501,0.024842744933371384,0.7585312812850045,False
ZFYVE26,0.0031279721119333334,-0.036704884495307184,0.7203543819334638,False
ZFYVE27,-0.001931977759235714,0.08114386715597606,0.38099230569747655,False
ZFYVE28,-0.0020163457636361115,0.14344472374684258,0.24249101109622637,False
ZFYVE9,0.0007409802863769231,-0.11687925715971904,0.09011809076050477,False
ZGPAT,-0.0004789524774173912,-0.09130287661862563,0.18342156489132783,False
ZHX1,0.00020197939728466678,-0.19947973554817616,0.08802668430432174,False
ZHX2,0.0051846143913986354,-0.188842271234006,0.0407319742657357,True
ZHX3,0.006793659550878333,-0.06825705503857464,0.42034995387441765,False
ZIC1,-0.011312858697957999,-0.011079745947313696,0.9245959584910417,False
ZKSCAN1,-0.0016902051143944446,0.06556263027321198,0.43407445876996786,False
ZKSCAN5,0.0006926365672999999,-0.05810076494688801,0.25263351247558974,False
ZMAT2,-0.0018144058825307688,-0.08049675176032901,0.0959481904337542,False
ZMAT5,0.0021047353470941173,0.05667466879626773,0.4682895205986871,False
ZMIZ1,-0.000729246331822841,0.20594936902385272,0.054762110087631724,False
ZMIZ2,0.0066687786549947375,-0.0468946183576102,0.5384087002744262,False
ZMPSTE24,0.0032447874958529415,0.09735700726130374,0.2669283392996471,False
ZMYM2,0.0015907282072285711,-0.3927370065694884,0.013900622466205019,True
ZMYM4,0.0031537282474733337,-0.18862283651460088,0.1468130363989058,False
ZMYM5,-0.003929471422753846,-0.17964033320128447,0.14228707808792715,False
ZMYM6,0.0028011580508181815,-0.02170540788571327,0.8267759983930705,False
ZMYND11,0.004926975874929644,-0.2251201837606631,0.07035641367384517,False
ZMYND12,0.0011018186440249998,0.17711057477297387,0.14899511445332958,False
ZMYND19,0.005086493536588891,0.06175537032300897,0.3036208402802955,False
ZMYND8,0.0007200215052782607,0.041579287983495486,0.7547647466256577,False
ZNF10,0.001619807579925,-0.21922629043110772,0.08285573417256599,False
ZNF12,-0.001836376380717333,0.14700498079585125,0.33101377686262023,False
ZNF121,0.0012340333042285714,0.037080772854472886,0.6615069628114468,False
ZNF131,0.0015190343625435716,-0.2631273415227799,0.134994071036297,False
ZNF133,-0.0006229555256687502,-0.1281818576431529,0.1763571510931527,False
ZNF134,-0.000575221158514286,-0.08018659687968226,0.4208936378778453,False
ZNF138,0.0005429887714454545,-0.19581952147821607,0.1245512137699003,False
ZNF140,0.0006508964491312501,0.05482704589631384,0.6285184255870422,False
ZNF142,0.0019432551063733336,0.043814679902737644,0.558186180861167,False
ZNF143,-0.0017267461243862105,0.0585487655850107,0.5491426073857619,False
ZNF146,0.002466002576372,-0.3017537892439363,0.06511065239560537,False
ZNF148,-0.00022268558216023986,-0.10289075546930813,0.2329492032792145,False
ZNF154,-0.005011402209454546,0.03639150417079431,0.6260934188265337,False
ZNF16,0.0002864619772254546,0.019125720952132223,0.6761171138391429,False
ZNF160,0.001144744036033333,-0.023455484195067842,0.8516393877181171,False
ZNF169,0.008082397222616666,0.17043285828556096,0.0984215271148476,False
ZNF17,0.0019001441432777775,-0.04147051465932235,0.7381374828094022,False
ZNF174,0.0010717237451931248,0.022873929121291544,0.7626744983119763,False
ZNF175,0.001692438593487778,-0.19209785334065768,0.037173564514785956,True
ZNF18,0.0008123583410545455,-0.03185652285703144,0.726154769924489,False
ZNF181,0.0028820745200923074,-0.12114685039019525,0.46861546468252246,False
ZNF189,6.563606591428581e-05,-0.10932501362245328,0.20743196883774076,False
ZNF195,-0.0013997074614230769,-0.2866393766021034,0.13487180674200247,False
ZNF197,0.002301778439445625,-0.3354416224002597,0.02450698256335577,True
ZNF2,-0.0005650307717988888,0.10300213219065218,0.29898731873920964,False
ZNF202,0.0032682712038812497,0.02026191017821262,0.8437797227402339,False
ZNF204P,0.0007165426716363637,-0.3024407069373242,0.017713711627090067,True
ZNF205,-0.0007402965944421052,0.1383264575004911,0.34242990650254657,False
ZNF207,-0.0049335433519875,-0.11831918678375568,0.1353284495773413,False
ZNF211,0.0021895935116066664,-0.11665431870122416,0.23157493720842626,False
ZNF212,0.005037344782107694,-0.10672417355244891,0.11169263403005712,False
ZNF213,0.005235857939968182,0.0672054642909246,0.4094733657962969,False
ZNF219,0.0024589050802912124,0.06365315287649055,0.4638062442767453,False
ZNF22,-0.005347340660635,-0.07678939232842846,0.26806569651447276,False
ZNF224,-0.0014361561533600001,-0.04724714296034913,0.7324870056855421,False
ZNF226,0.00016300027320714284,-0.10077366558812116,0.31793652208371237,False
ZNF227,-2.3330746769999884e-05,-0.024081498100614086,0.7317027640732263,False
ZNF23,0.0001436097455692307,-0.17428161036454715,0.251778119482936,False
ZNF232,-0.002905988952845833,-0.028052721874915608,0.8215084611008767,False
ZNF234,-0.0014378752717200001,-0.20387133981111702,0.0033899598604046036,True
ZNF235,0.0019534085727281815,-0.041875161680552477,0.5530845806508653,False
ZNF24,0.002439296093798,-0.07637855486238854,0.5237356219181005,False
ZNF248,0.0005033122583105264,-0.2816873337615851,0.0706232518647343,False
ZNF25,0.0006286154963583334,-0.4700481527003466,0.0018888168559676652,True
ZNF250,0.001362290118644118,-0.03856449028259889,0.5922583394088174,False
ZNF251,0.005937743406518183,-0.06234744335083866,0.5835514959555955,False
ZNF253,-0.005383420100683333,0.0545677667788931,0.7181788602946331,False
ZNF259,0.004790665709692307,-0.1144852604195203,0.21315707015969954,False
ZNF263,-0.0015868726377454546,-0.0637849650227229,0.45567261527274605,False
ZNF266,-0.002586274563782353,-0.21178994371642423,0.0636081096981183,False
ZNF267,-0.004503656353615384,-0.234105800931434,0.12761274882664558,False
ZNF271,0.00018553404952705873,-0.051067421319213005,0.40432979949417946,False
ZNF273,-0.0050315960264,-0.38646483161166506,0.012542764621912691,True
ZNF274,0.0039028189563347824,-0.10223521707635425,0.3546893797183398,False
ZNF276,-0.00031163077038571423,-0.18101745643106176,0.10163150646955568,False
ZNF277,0.0033163280671500003,-0.13607950761142248,0.3778363195514638,False
ZNF280D,0.0047257768080125,-0.49255676812799754,0.012429611255934035,True
ZNF281,-0.0006691773723000003,-0.13817711082335313,0.19976717414369358,False
ZNF282,0.0007614014563562068,-0.08820457456380396,0.509869302639003,False
ZNF283,0.002333767245675834,-0.2650316392828734,0.05960741564095975,False
ZNF286A,0.0009624175921818183,0.16819795793399342,0.25298472158480967,False
ZNF287,-0.0037242334415036357,-0.21037685160568403,0.1624026856462893,False
ZNF292,-0.0019351543151666665,-0.09181571745899832,0.5031456675875212,False
ZNF3,-0.00045112890900555553,-0.025017362896271808,0.6205920624463728,False
ZNF30,-0.0006043969058375,0.07565960016285876,0.5970441602006464,False
ZNF302,0.00032596185693799994,-0.23981827505988135,0.07455995414226772,False
ZNF304,0.0017007761342076925,0.06490565152642168,0.4206957862258912,False
ZNF317,-0.0011280856346422223,-0.0723135233782199,0.2258766301759181,False
ZNF318,-0.0016918064602335719,0.015903788018286017,0.8326666165877077,False
ZNF319,-0.00161748891810625,0.02850292135803327,0.7194907330635663,False
ZNF32,-0.0004913855846846153,-0.05614547537074734,0.47692982914261506,False
ZNF320,0.011262805359945,-0.15084181644846936,0.25470291246717186,False
ZNF326,0.0001626705414235294,-0.18335261762594318,0.07729882995279447,False
ZNF330,0.0005631286775583332,-0.14265012659673493,0.13139719230514416,False
ZNF331,-0.0021868914247627903,-0.038739530406022495,0.729004547268929,False
ZNF333,8.791366334000005e-05,-0.17761293553910837,0.07693447423546362,False
ZNF335,0.0024959772475588236,-0.13735652887534133,0.0025230054236333416,True
ZNF337,0.0002024810671006667,-0.06239898856587622,0.4987759196609548,False
ZNF33A,0.0017793833870507144,-0.1981283147355639,0.18551595403399168,False
ZNF33B,-0.000997226354511111,-0.08603651204014834,0.5168886234567001,False
ZNF34,0.00391534054106,-0.2027647967131891,0.0017021097192373438,True
ZNF341,0.0011735801311750001,-0.1370509133990735,0.1312561464875261,False
ZNF343,0.003315669610555556,-0.07158606418019575,0.5566474112676412,False
ZNF346,-0.0007212324932142857,0.17361667048789878,0.027108508376901812,True
ZNF350,0.00023479068194375013,-0.05284534054361132,0.5072271572147877,False
ZNF354A,0.0017477069013692305,0.06095623443744096,0.4712435465282585,False
ZNF354B,-0.0014525093033750003,-0.14270650766539864,0.30283395710947747,False
ZNF358,0.002664106923146154,0.05597927917584844,0.5056594970266788,False
ZNF362,-0.001269904712769565,0.2739782605623289,0.040259164673355136,True
ZNF366,0.0010797048569888895,0.21179286727453886,0.04070179733257473,True
ZNF37A,0.003502903272679444,-0.10865518691631885,0.35092650331593667,False
ZNF383,0.001228497378,-0.12348480469100517,0.19791645458570337,False
ZNF384,0.0004969565872409088,-0.04962602135007172,0.5324513745159354,False
ZNF385A,0.0028272962154593743,0.21923250948211973,0.11193302676285521,False
ZNF385B,0.00022819795882647053,0.04073840868342964,0.82736569327459,False
ZNF394,0.0010345700919076922,-0.03624085044344449,0.7009998033768469,False
ZNF395,0.002130020625568421,0.09111751079651298,0.48330496251752153,False
ZNF397,0.0010995177871237498,0.007458095881183463,0.9377557937134446,False
ZNF398,0.0009331896359376921,0.010282458686040235,0.9109128963194645,False
ZNF407,0.0018599993456514285,-0.057770252268352744,0.25533313802403623,False
ZNF408,0.00305113580249,-0.05977314463431935,0.5777023742421867,False
ZNF410,0.0018858839797049997,-0.06573447121687356,0.5177341623175025,False
ZNF414,0.0010354164636642857,-0.09327979255346412,0.41275098147356015,False
ZNF415,-0.0011060653614461539,0.3432480525325556,0.029035072876303778,True
ZNF417,0.001906426085711818,0.08572753752084099,0.3722505356786274,False
ZNF418,-0.00168198404073125,0.13523030043694695,0.44223435845930126,False
ZNF419,-0.0007935969477857142,-0.05190320079522797,0.6379327805687913,False
ZNF420,-0.0010863068456266668,-0.18070724397382712,0.19632036689194657,False
ZNF423,0.006065280888883066,-0.026197266823963374,0.7735096728383701,False
ZNF428,0.0009838902959536842,0.11525011242033646,0.17431176121282807,False
ZNF429,-0.0022212896549750004,-0.017384896461799505,0.8046874449582457,False
ZNF431,-0.00685371291542182,-0.21238454320276673,0.14626435497499224,False
ZNF432,0.0006996933202663636,0.04053899917598973,0.4968360031900585,False
ZNF433,0.000566750474831875,-0.010047493857965974,0.9486019953938014,False
ZNF436,0.00282396632851,0.1003606854519373,0.3124788982737868,False
ZNF438,0.0009472989336448277,-0.15192150117893066,0.058233141981399526,False
ZNF44,0.0021453982604000004,-0.09420350050974471,0.27549549093013564,False
ZNF440,-5.899092360769235e-05,-0.027491339528534654,0.7287802980188375,False
ZNF441,-0.0018527670314625003,-0.33966210204911407,0.11450683097294773,False
ZNF444,0.005413529228710435,0.04199875637853385,0.5790332263370823,False
ZNF445,-0.0035329686217725714,-0.08915311278294288,0.16230129623340953,False
ZNF446,0.0008487050469142858,0.08539909885084203,0.4835221138172243,False
ZNF45,0.0010045890985777778,0.02473533129575792,0.7654580974375659,False
ZNF451,0.0006820659610000005,-0.28237072935216984,0.12205870934687169,False
ZNF461,0.001490338252798462,0.17413235278754172,0.2933250177031048,False
ZNF462,-0.0007693803616454542,-0.10153167557096579,0.3541855173238345,False
ZNF471,0.00229189655863,-0.03433283334544645,0.791434305148915,False
ZNF480,-0.00221511142998,0.08401020890809763,0.3884820271068611,False
ZNF493,-0.0011936460129583332,0.021694226528621356,0.872603044489197,False
ZNF496,0.004327690548549999,-0.1005208226027011,0.06963744572353886,False
ZNF500,-0.0020088321309631577,0.025812754194553353,0.7129221174419376,False
ZNF506,-0.0023589605965900003,-0.06436096741963385,0.45782584889528777,False
ZNF507,0.004505735307688235,-0.01890867123785407,0.8606196226368266,False
ZNF510,0.0012597153682666667,0.04705355376158178,0.6751035805224357,False
ZNF511,-0.00019470379195148124,-0.04923719318569273,0.4768893546811338,False
ZNF512,-0.0006502861922052631,-0.0068928503089994535,0.9519005075621816,False
ZNF512B,0.0013150968696266667,0.018215451297907703,0.7173719431849357,False
ZNF513,0.006388876415505264,0.16633645092927216,0.08034128333317471,False
ZNF514,0.0011302160201666666,0.07676178128155747,0.44768104950948073,False
ZNF516,0.0029081283576114286,-0.24533529992615521,0.04003165237305115,True
ZNF517,0.003638329178433333,0.027589089363274463,0.6864560517464123,False
ZNF518A,-0.003615660357503846,-0.10682780479602885,0.3304412474171131,False
ZNF518B,-0.005954439254958451,-0.050939474068022565,0.6306032327618905,False
ZNF524,0.0005257870028692308,-0.01610897343346407,0.8945112614238748,False
ZNF526,0.004091355604836843,0.014148599897262703,0.8495588587552945,False
ZNF527,0.001716266838948333,-0.08336955229369054,0.25518678076978535,False
ZNF528,-0.001969135713931625,-0.015822074157615548,0.9098179433813659,False
ZNF529,-0.000918299600214889,-0.07022914597480652,0.3969327968393481,False
ZNF530,-0.001265685388697143,0.027677410941550032,0.8390968850939191,False
ZNF532,0.005815896382194445,-0.3545806663648096,0.0055578964310053275,True
ZNF542,0.0035813973922800006,0.6251438642788919,0.0042417735396525335,True
ZNF544,8.894732882437498e-05,0.14979031059550804,0.23059815853912063,False
ZNF546,0.0018576766937066667,-0.2325420779859121,0.02852608278236881,True
ZNF547,0.00135598194063125,-0.11640289904133025,0.215501853799017,False
ZNF548,0.0007113788676500001,0.005610915839106506,0.9363471201616507,False
ZNF550,0.0048642549095,-0.013188706092771361,0.8712633619831913,False
ZNF552,-0.0013557804934375003,0.27252196401571865,0.06020720076084023,False
ZNF554,-0.0013720774948700002,0.034272443659014454,0.5791518979709731,False
ZNF558,-0.0031871740115666665,-0.02725152158442272,0.8101461509618934,False
ZNF559,-0.002345937715469231,-0.07261927830962696,0.5434705925356991,False
ZNF561,-0.0012923057164454547,-0.2604646811738929,0.07211955300557644,False
ZNF562,-0.001330332620169231,0.25355782935222115,0.05352777410628347,False
ZNF564,-0.0003709984712207693,-0.07164801210109256,0.3488041838722563,False
ZNF565,0.0018189208893947372,-0.05425914996214282,0.5489943376348733,False
ZNF566,0.0008133957586666667,-0.01891917283499167,0.8530224714944664,False
ZNF568,-0.0016415706997266665,-0.058610691446114596,0.5805157645082464,False
ZNF574,0.0021890674634333336,0.013143023004533799,0.8580140701930359,False
ZNF575,0.00262309540043125,0.07797506527784571,0.3965051621713529,False
ZNF576,-0.00022404081939500029,0.21438750291811146,0.03625546705119758,True
ZNF577,0.0051908659225,-0.09903597335383806,0.527376878367583,False
ZNF579,-0.00091738617635,-0.10445449273569399,0.4161683826187681,False
ZNF580,0.0044896808554933335,-0.12027149531524778,0.018770161027478784,True
ZNF581,0.003104169026664285,-0.10684088835487021,0.39856938869404324,False
ZNF584,0.0004090589546657144,0.05414256749577637,0.5835540046210198,False
ZNF585A,0.0018070835886166666,0.19241546703303375,0.22270759400191192,False
ZNF585B,-0.0014286957111727275,0.0960826422319271,0.3110439901597029,False
ZNF586,9.493888161818177e-05,0.06793177506893766,0.2933340615254418,False
ZNF587,-0.00031882085727125,0.062463197189305604,0.6466247044093645,False
ZNF589,0.003704140384134117,0.006251127573585863,0.9431088802256906,False
ZNF592,0.0072571276199769235,-0.18648015998397866,0.01443691972154297,True
ZNF593,0.001853486841806667,-0.008706920883754415,0.8799965815673443,False
ZNF596,0.00211041624022,-0.1383963952122669,0.19593601835763727,False
ZNF598,0.0043319059452684204,0.012542734466959122,0.8670435313944017,False
ZNF599,0.0013303854748684207,-0.1497779486247811,0.12437214915566512,False
ZNF605,-0.00014409341980769228,0.04230329006400436,0.6138642453920083,False
ZNF606,-0.007395773506854544,-0.06031302082703886,0.5950120733262472,False
ZNF608,0.010780917910182335,0.3967463824023368,0.003104123527191974,True
ZNF609,0.009512592846968182,0.07518123178522251,0.16850061969114957,False
ZNF615,0.002460116539673333,-0.03041490960713942,0.6764997564334099,False
ZNF621,9.885111053636364e-05,-0.09737079190001605,0.39676314507864563,False
ZNF622,0.0018145873921293328,-0.02016845769103889,0.776901530558737,False
ZNF623,-0.0048393281118166665,-0.030226650295494793,0.5468824939242682,False
ZNF627,-0.0010479045271584617,-0.001156131223229369,0.9879751210426393,False
ZNF628,0.0010158903035886362,0.13865971112498449,0.10217611356675711,False
ZNF629,0.004130502618518823,0.13841390739575388,0.12597980843372233,False
ZNF638,0.0026200326877875,-0.470899801883718,0.018611058159855774,True
ZNF639,-3.490503825307676e-05,-0.2692096729585193,0.01780308924271948,True
ZNF641,-0.0015235511468999997,-0.12090842104169114,0.35149258815333917,False
ZNF644,0.001986927557283333,-0.5008806775115578,0.0012057012826045205,True
ZNF646,0.00033772547537500003,-0.041406320074203154,0.5923836434738919,False
ZNF649,0.0014588750953216667,0.03956000204065186,0.5453038360389992,False
ZNF652,-0.00712105226743125,-0.12382961345343672,0.2976799600974329,False
ZNF653,0.00018602396124105255,-0.20458890071474964,0.02292048044492968,True
ZNF655,0.0005333590787944445,-0.006278775532449336,0.9561475955127361,False
ZNF662,0.004246131270363158,0.05734284567038329,0.49601362021687234,False
ZNF664,0.0017696058687333334,-0.16093468000685976,0.0735992890699233,False
ZNF668,0.0006551639563448275,0.1534137228942198,0.31872699454251824,False
ZNF671,-0.0006801940405519999,0.03591701942653402,0.7258571623400119,False
ZNF672,0.004250424544847826,0.20541492654178847,0.05441600422661893,False
ZNF677,-0.0004978241357090909,0.11439821698829249,0.20788050436542624,False
ZNF680,-0.0015775684934272727,-0.2714895617834083,0.02053341121197659,True
ZNF684,0.0032207480512666665,-0.11996016099448155,0.1924517470494375,False
ZNF687,0.003594061476720714,-0.037376636562234354,0.6398640297468549,False
ZNF688,0.0013143513053304546,0.22359031093494977,0.05140663216539224,False
ZNF689,0.0010114634264973337,-0.09475559458529904,0.16369907325099264,False
ZNF691,0.0002527938669937499,-0.015451254571438961,0.836046482287621,False
ZNF692,0.0016114645641178945,-0.3008977397990631,0.06983212342978252,False
ZNF696,-0.0009064651872452631,0.08285287902561776,0.3735411017034056,False
ZNF7,-0.0018617551365,-0.16538560206769423,0.03546864476814691,True
ZNF700,0.0005256893638123332,0.05127186059540219,0.36858233729438905,False
ZNF703,0.0025640944392277777,0.11669833026365026,0.22835589199228604,False
ZNF704,0.0002958029365091426,-0.08240938407275586,0.3060067236423559,False
ZNF706,-0.0006331889287461539,-0.005419869310747227,0.9530772711739868,False
ZNF707,0.0009479030368833337,0.03186145081937311,0.7589893500685337,False
ZNF710,-0.0031469787577,0.015080786833330978,0.8554625471479248,False
ZNF717,-0.0025717457853823527,0.16146986042551922,0.17160109656205655,False
ZNF720,-0.0019349294473499999,-0.0268685474466232,0.8761650965383793,False
ZNF721,0.0038040103288830437,-0.19472154371996364,0.23802832246837125,False
ZNF74,0.0006089073331933333,0.07455323887464338,0.44791056134518814,False
ZNF740,0.0001508276376352941,0.010740367320954413,0.8716479525835718,False
ZNF746,0.00025980150715625004,0.05566280117547562,0.5089427168119606,False
ZNF747,0.0008096076097099999,0.13349952941227575,0.11538422370310424,False
ZNF749,0.00100332746388,-0.05568513778247712,0.6441496777223342,False
ZNF75A,-0.00028504163182000017,-0.1664670788231776,0.1384436939988927,False
ZNF76,0.005043029943103333,-0.17408922303117286,0.003413487253925532,True
ZNF764,0.0027619325165211114,0.10527525568635875,0.10256880502650846,False
ZNF766,0.002465447354564706,-0.12493817544179266,0.16114331277366134,False
ZNF767,-0.00217600858724375,0.1075058339789715,0.32602272358667894,False
ZNF768,7.683591385384627e-05,0.08442205108566482,0.40328446029737886,False
ZNF770,0.0050760747777785714,-0.12805418419073275,0.37089375376232425,False
ZNF771,0.0032612797681999994,0.19282870006594852,0.15155647198218444,False
ZNF772,0.0014012594786609095,-0.06865503187406718,0.6233175923698961,False
ZNF773,0.0007941661688454546,-0.013966472264348611,0.8558777492721261,False
ZNF774,0.0025118458454764705,0.01846566398849866,0.8872084594314948,False
ZNF775,0.003665639304088333,-0.07574044452809962,0.4850843146402206,False
ZNF776,0.0035305537407,-0.01451260072905559,0.9191504687768617,False
ZNF777,0.003482356936612917,-0.0260728045648709,0.6486505645223073,False
ZNF778,0.00044743981910789495,0.04129105750605384,0.8057962163010076,False
ZNF780A,0.002039733401984615,-0.16904412878809544,0.5137155971016856,False
ZNF780B,0.0007503402974727273,0.0468074298003053,0.7092855476148459,False
ZNF783,0.0013854669372595236,-0.2704337447373328,0.024700850523856694,True
ZNF784,0.004498455354428571,-0.04554840565782226,0.5671307629300467,False
ZNF785,0.00015762795582499996,0.12883832699306125,0.3454950031739744,False
ZNF787,-0.005054748078319697,0.23175361244563827,0.08198393653987923,False
ZNF789,-0.0006894514661495002,0.14888771936923967,0.3574231988452635,False
ZNF79,0.0019498142697166666,0.03832745101767355,0.4872312603601521,False
ZNF790,0.002131545574011764,-0.18091070371325305,0.053070623359436894,False
ZNF791,0.0012963064708688234,-0.0677824942292101,0.554351234539449,False
ZNF800,-0.0025455904785,-0.15217237495104283,0.13927374826652786,False
ZNF808,-0.001990409598165,0.11784973694587837,0.3786335991962575,False
ZNF814,-0.0024698270872166666,0.002047702431762464,0.9803936575759222,False
ZNF821,0.0009699787577799999,-0.0008540258375461947,0.9931308996969774,False
ZNF827,0.002294223928133778,0.15129830270514108,0.1520198979422278,False
ZNF83,7.848988807727249e-05,-0.1440604598041232,0.41976652624806565,False
ZNF830,-0.001808602870888889,0.025134215492645436,0.7807841105129342,False
ZNF836,0.004154179363955385,0.041490778251172644,0.7698185781234435,False
ZNF839,-0.0019855704544,0.017210981709908143,0.8256006652101924,False
ZNF84,0.00160292472848,-0.19824927829455727,0.09924150261307009,False
ZNF846,0.0012276257985199999,0.27985910087882393,0.034713039252561646,True
ZNF853,0.0010017970859912144,-0.30891203715230936,0.0013972175107526863,True
ZNF862,0.0011106443071116667,0.04102685018705137,0.6229818127585188,False
ZNF880,-0.0008018059546454545,0.13683377031999808,0.12585552923218313,False
ZNF91,-0.0008408106391777776,-0.15800390952069412,0.194441686081141,False
ZNFX1,-0.0024729733006391666,0.05282003287426439,0.2734519238944304,False
ZNHIT1,-0.0020091265464083335,0.09471742843941114,0.19886307592318486,False
ZNHIT2,0.003215681556241667,0.07101719031259668,0.4084760046046725,False
ZNHIT3,0.0019193382048874998,-0.031345920144871524,0.6759265936227097,False
ZNHIT6,0.00447589308193125,-0.045085748525788144,0.6027162647986932,False
ZNRD1,0.002221571389866939,0.011960831642275157,0.9219154505516665,False
ZNRF1,0.0072646326523,-0.07053270347569494,0.3084245692441145,False
ZNRF2,-0.00099187589921,0.011825583602602168,0.8854902595993099,False
ZP3,0.002837978744995652,-0.05221695693327771,0.6845466334087155,False
ZRANB1,0.015506514734482224,-0.3410839045283536,0.006434647270986428,True
ZRANB2,0.0031192699001,-0.5127274296142204,0.007392935358354294,True
ZSCAN18,0.0028043869488210524,0.07795239334921109,0.4942914178712101,False
ZSCAN2,0.00035279695014210524,-0.06617209838904253,0.439502851510142,False
ZSCAN21,0.003279415787366667,-0.1752654297056152,0.17321625244264868,False
ZSCAN29,0.0004655647348642855,-0.12748260802959946,0.23196447908708567,False
ZSCAN5A,0.0025108570730859167,0.01883258834441577,0.9212374651369805,False
ZSWIM1,0.0023811241325508332,0.054730489494213976,0.31358373205458023,False
ZSWIM7,0.00026841624490699995,0.016705916802219,0.8685457329106734,False
ZW10,4.733125153076919e-05,0.015477065113685719,0.7759434346581198,False
ZXDC,-0.0009231009425072728,-0.2303197598863207,0.00024612961109829636,True
ZYG11B,0.0022310097920818176,-0.1107986368187882,0.3167148212817623,False
ZYX,0.0010809318054999999,0.12361173677624239,0.3126304273580581,False
ZZEF1,0.0037644316379358968,-0.006192080472418643,0.9074797766506602,False
ZZZ3,0.0010966339622882353,-0.1592622171595053,0.09213630017178519,False
