R_restoration,layer
3.3298321103009765,proteome
4.18002512090891,proteome
1.948648474725732,proteome
-2.44240013202284,proteome
2.5991069943857905,proteome
2.4218852823758765,proteome
1.902856149339846,proteome
2.207146602108028,proteome
-1.6370059605586376,proteome
-1.717544091932779,proteome
2.1460511961403004,proteome
-1.6448896741663397,proteome
2.096154618759249,proteome
2.2271491597903457,proteome
1.662664354215703,proteome
2.8272421452197585,proteome
1.83631821250077,proteome
0.4440338026059888,proteome
0.8030831584147504,proteome
2.24604982585851,proteome
2.223213908857551,proteome
3.175699188933307,proteome
-1.1889137311977758,proteome
3.4317393121279363,proteome
-3.5567562094926486,proteome
-2.0935421991764,proteome
2.4709807470952976,proteome
1.1861398163668089,proteome
0.7070588098175655,proteome
1.6575427399137712,proteome
2.0443807780082897,proteome
-1.5558667424665222,proteome
-1.0882127090887248,proteome
3.0716118901846,proteome
1.3328973530292578,proteome
1.6390492042005949,proteome
2.4402688932238927,proteome
1.2110111400682744,proteome
1.5662943240482616,proteome
2.1125456882145075,proteome
-1.0177765045441711,proteome
-1.551228337060378,proteome
1.0711766271072238,proteome
1.7803420273524104,proteome
-3.4058306358266552,proteome
-2.0592052485284738,proteome
-1.2234499740153069,proteome
0.301626597766138,proteome
2.537052029395158,proteome
0.8808401067877747,proteome
1.372011168111713,proteome
-1.544808146394498,proteome
-2.3549437087374034,proteome
2.105986006144067,proteome
2.263123518736012,proteome
1.4952957127700786,proteome
0.4452636133609984,proteome
2.14337440669787,proteome
1.2403890516747278,proteome
1.9311656721932997,proteome
1.7861713442736045,proteome
0.7494387056867841,proteome
-1.0070195495331034,proteome
1.836743166783855,proteome
2.9069997171369173,proteome
1.2298299855441988,proteome
1.0132021504471973,proteome
-1.8868346449853617,proteome
-1.2307308576687672,proteome
0.6744887305556281,proteome
2.707808855307452,proteome
2.019535537379693,proteome
0.3099975304347048,proteome
2.648764077556201,proteome
0.9155241092360236,proteome
0.9296022356532576,proteome
-1.1661271236643458,proteome
2.3165152556106032,proteome
1.1775291941526416,proteome
-0.9875541702005772,proteome
-1.2273499881336676,proteome
2.065453135540724,proteome
1.7027249693200888,proteome
2.122011870978897,proteome
0.9702532290538576,proteome
1.892431415386978,proteome
1.373980090418642,proteome
1.7494028267955162,proteome
-0.3580007084605149,proteome
1.8571276520278732,proteome
0.4799159511897181,proteome
-1.3168254338690184,proteome
0.8506918990774378,proteome
1.3187553652026598,proteome
-1.5034100400680508,proteome
2.586909715255942,proteome
0.8303463640890437,proteome
-2.7039825129363724,proteome
1.829448956825987,proteome
-1.688397453483423,proteome
0.8212573058446403,proteome
1.939426730954328,proteome
1.7640854465315312,proteome
0.9493144681305794,proteome
2.092690787511129,proteome
1.4701950809987177,proteome
-0.3690728295038822,proteome
-0.2272956229420944,proteome
-1.2744304767703938,proteome
-0.9303377421014832,proteome
1.4625338707582225,proteome
-1.259217707244508,proteome
-2.363521481296182,proteome
2.089330753691372,proteome
-1.2036740271219426,proteome
0.7537861627210313,proteome
-0.7923324574196475,proteome
0.7892391866867245,proteome
0.4009740024273125,proteome
1.5268207707494847,proteome
1.6525886802914926,proteome
-2.240557740655676,proteome
1.817704796367396,proteome
1.097916604521259,proteome
2.5272518063691525,proteome
0.993226427014222,proteome
-1.323033437431716,proteome
1.1680815682367385,proteome
2.5893695735786912,proteome
-0.8897427658291498,proteome
1.164225404283512,proteome
1.6347893053732354,proteome
1.0823996432626897,proteome
1.3545348341072223,proteome
-0.7305718227567456,proteome
1.9964063589334984,proteome
1.3117186835281742,proteome
0.6992241611643373,proteome
-0.9075908015112094,proteome
1.3927899764525586,proteome
-0.4220072530255982,proteome
1.9990031538968087,proteome
1.988152450500298,proteome
-0.9006453974170412,proteome
-0.340166398410297,proteome
2.1983412871042214,proteome
2.384375395474359,proteome
0.1879490845389581,proteome
1.8086896140060011,proteome
-1.3281583829142496,proteome
-1.4903155609320529,proteome
2.3257684692815603,proteome
1.5835980147467283,proteome
0.6170817952485314,proteome
-1.549788596626306,proteome
1.0364960081273176,proteome
-0.4902711874958422,proteome
-1.1615611068444325,proteome
-0.9804264388700756,proteome
0.1671125073407043,proteome
1.7732756367660871,proteome
-0.8427206783572497,proteome
0.5007960929095905,proteome
1.924663342344034,proteome
0.5268006718237022,proteome
0.2073682001420502,proteome
1.90702856402814,proteome
1.8894500870031048,proteome
1.3607800922735045,proteome
1.2770747009860688,proteome
2.298346763318975,proteome
1.8105747328202129,proteome
1.975318515757693,proteome
1.2320431360949122,proteome
0.881101411117532,proteome
-1.2718664551451415,proteome
-1.277653466266998,proteome
-1.4061194086814868,proteome
0.2411745790516639,proteome
-0.5145356330949793,proteome
0.8426405115771681,proteome
-1.9245234032012184,proteome
-0.5550635224373616,proteome
-0.0206401825551525,proteome
1.3346798766793215,proteome
1.5552477320023717,proteome
1.4568704973980922,proteome
1.5685642411669038,proteome
0.8389512268455351,proteome
0.9973721316659372,proteome
2.03145514685387,proteome
0.7898596096910623,proteome
0.3747219834097927,proteome
0.8354148596725872,proteome
0.9414060236801256,proteome
0.7386507160040795,proteome
0.5298121974162115,proteome
-0.0318403306441605,proteome
-0.3619432007568947,proteome
1.1605995360033028,proteome
-0.1970285924416993,proteome
-0.0330093067019919,proteome
-0.6522328530145893,proteome
-1.4797638248993807,proteome
-1.1854631640582818,proteome
0.2281252754381341,proteome
0.8921880454591188,proteome
0.1913337892197665,proteome
2.351308118278149,proteome
1.7926906624737258,proteome
-0.8226851052704875,proteome
1.4388643213843113,proteome
1.8000290524582412,proteome
-1.339565101170509,proteome
0.0137003265644847,proteome
1.6647999668767486,proteome
-1.4719687110890516,proteome
-0.844006462404836,proteome
1.1224373253275506,proteome
-0.1453159753782498,proteome
1.0859883278392095,proteome
1.200019230047049,proteome
-0.4712851752224957,proteome
-0.9584615682873224,proteome
0.6662468149766284,proteome
0.6121416578660732,proteome
0.4805260162554283,proteome
-0.1618688635319777,proteome
0.7306793436880766,proteome
0.8152980354947384,proteome
-1.2818499393313454,proteome
-0.3177600810070086,proteome
-0.5314714355461897,proteome
0.4277182021196399,proteome
1.222320560804072,proteome
1.0884397218795172,proteome
-1.229726094390286,proteome
0.975455802738226,proteome
-0.7168897585358773,proteome
0.3022059254330635,proteome
-0.1227329701999815,proteome
-0.9087842261758718,proteome
0.5344352754833601,proteome
0.3354645242531299,proteome
0.3137244626509671,proteome
-1.391604397275169,proteome
-0.0164632499894942,proteome
-0.029703441635247,proteome
0.9042416994147784,proteome
1.0720158602955594,proteome
1.2604851067275928,proteome
-0.0736206641175507,proteome
1.4910500563441225,proteome
1.1358647052090096,proteome
-0.4007516116504562,proteome
-1.7456024602027584,proteome
-1.24112127261967,proteome
-0.1519197640266059,proteome
0.8250342785495721,proteome
1.460631645646822,proteome
-0.1795396550282783,proteome
0.6473233202007416,proteome
0.8492955561369809,proteome
-0.7633511917015946,proteome
2.1330851212966957,proteome
0.6711187662257196,proteome
0.8108542921559004,proteome
-0.623887169419872,proteome
1.6624542828170774,proteome
-1.8086186468008532,proteome
-1.109962920368032,proteome
-1.42010127773992,proteome
1.2648168462896552,proteome
-1.1394238283213236,proteome
0.8754352189921261,proteome
-1.7098739333016293,proteome
-0.3731387118787708,proteome
-1.39502999560051,proteome
2.195498831987777,proteome
-0.0610885343519019,proteome
0.8925467234160436,proteome
0.6699175623403263,proteome
1.2853152514540125,proteome
1.0959808429161515,proteome
1.3486860174021955,proteome
0.1401622811446689,proteome
0.9973571152517005,proteome
0.4432910134941398,proteome
-1.2852786687713689,proteome
0.2723877100218831,proteome
-0.1336279661124239,proteome
1.52565022905623,proteome
0.0927560634204852,proteome
0.228945458607042,proteome
0.302598043267111,proteome
0.0728199435437633,proteome
1.7510493409580934,proteome
1.3931085699175725,proteome
1.0064669818175798,proteome
-1.384651711979923,proteome
0.7790139408404096,proteome
-1.4025369693610852,proteome
-0.2363109375023111,proteome
0.9845164056938772,proteome
0.1751410813235838,proteome
1.457176462690033,proteome
0.75774413261757,proteome
-0.0471908184802799,proteome
1.0609894776424231,proteome
0.8263117990022629,proteome
-1.5508747777479843,proteome
-1.0355439845645535,proteome
-2.0475145403467447,proteome
-0.4132160942197764,proteome
0.8536162929547263,proteome
0.2391376127111402,proteome
-0.0556359993054641,proteome
0.9871395523615524,proteome
0.5978962420614993,proteome
1.0205176832709106,proteome
0.0068284011793924,proteome
1.3567601330841812,proteome
0.838000050279073,proteome
0.5437739335409983,proteome
1.648693670852323,proteome
-0.4417364562860724,proteome
-1.354454669567965,proteome
0.2616212259767085,proteome
-0.5834821711220645,proteome
0.8859386407082208,proteome
-0.1364327704211617,proteome
0.0439118886665232,proteome
-0.5811809489826779,proteome
-0.3281931709028677,proteome
1.068103543821781,proteome
0.9314728242200284,proteome
-0.0152749247863076,proteome
-0.4478817277347953,proteome
-1.1023000662275224,proteome
0.8085789270215493,proteome
1.6053851880400256,proteome
-1.0093049199641408,proteome
-1.0387971859378446,proteome
0.1286607830475644,proteome
-0.736136197646098,proteome
-0.9555124061621718,proteome
-0.1991423841666318,proteome
-0.4181151582464903,proteome
2.0988521312203443,proteome
0.1784346483339312,proteome
0.769088322444073,proteome
1.1346700895088169,proteome
0.8832418501501852,proteome
1.0799061337142286,proteome
-0.1731072001971837,proteome
0.1241271363197294,proteome
0.4611652096716822,proteome
-0.7691974524255661,proteome
1.3867686012588745,proteome
0.8855936887431988,proteome
-1.08540815203105,proteome
0.4347584536962215,proteome
-0.4991987087399472,proteome
-0.4742478940713587,proteome
-0.7459999811161421,proteome
1.349611410503995,proteome
0.2537215169846982,proteome
1.4670821261073803,proteome
-0.8891662010875953,proteome
1.707914609379038,proteome
0.6099959463379206,proteome
1.275912639135609,proteome
0.1985454981903903,proteome
1.4722971055735377,proteome
-0.3738644920747238,proteome
-0.8686251014276429,proteome
1.244382323548773,proteome
-0.8206205960654159,proteome
0.0324252610048511,proteome
-0.1221517210182795,proteome
-0.3227397236927354,proteome
-0.7637201532568585,proteome
0.3024555126253887,proteome
-0.9305492442776224,proteome
0.9991295851172456,proteome
0.3889295802201621,proteome
0.6623904491297773,proteome
-0.8939877159785793,proteome
0.0021568485476769,proteome
-0.6314356177673721,proteome
1.6907772205698357,proteome
-0.0431031659468954,proteome
0.6795897678392451,proteome
-1.466270822129617,proteome
-0.1990259506152681,proteome
-0.310467263071661,proteome
1.2406279495867143,proteome
-0.5704457946736057,proteome
-0.6005475587606568,proteome
-1.1341242747207825,proteome
-0.9097690907846664,proteome
1.2048303082806386,proteome
0.397525311311393,proteome
0.4743733173671831,proteome
0.8362902303322182,proteome
0.486614276579378,proteome
-0.4858222790847598,proteome
-1.4166428297085545,proteome
-0.334162198721755,proteome
1.239128769804865,proteome
0.2812222543489838,proteome
-0.9496352607356257,proteome
0.1041004237460761,proteome
1.4543422423836234,proteome
0.8552788837056229,proteome
-0.9992439338341824,proteome
-0.2669676040634232,proteome
2.0303334031353324,proteome
-0.375232572260784,proteome
0.6644141944620147,proteome
1.052246872876022,proteome
1.6140596067776252,proteome
-0.1976469246781343,proteome
-0.1692948371338322,proteome
-0.8932441113497241,proteome
0.6248140804534132,proteome
-0.8781429344131466,proteome
-0.0350173573492402,proteome
-0.326673593409892,proteome
-0.1018672019009589,proteome
0.1867286086245333,proteome
0.8350946912519572,proteome
0.0914502215649361,proteome
0.5916001214674191,proteome
0.3673259567954802,proteome
1.7720947335311972,proteome
0.011171773246196,proteome
1.745466242482434,proteome
1.2835511575605822,proteome
1.9005154623027396,proteome
0.7423709428756781,proteome
0.3050479787304488,proteome
-0.0882744157798927,proteome
0.0353253600685754,proteome
-0.5340019052944717,proteome
-0.7007539327290329,proteome
1.1667448270197178,proteome
0.1642226352782316,proteome
0.6476591304986256,proteome
0.2589945646499625,proteome
0.309879885059279,proteome
-0.588383307749594,proteome
1.09014658012725,proteome
1.626786269624631,proteome
-0.7826211945121586,proteome
-0.4536001572981494,proteome
1.3421291814825071,proteome
-0.1773443545477868,proteome
-1.4621392000008464,proteome
-0.328935550099002,proteome
-0.191630755424391,proteome
-0.0272354353810785,proteome
0.1043737550716654,proteome
0.0054038991015388,proteome
-0.3845698132330682,proteome
0.738553406987858,proteome
1.290897787984595,proteome
0.7562011058884116,proteome
-0.7280636475113594,proteome
-0.4966544425337625,proteome
-0.3190772875939291,proteome
1.6402598495988563,proteome
0.9321836570347866,proteome
-0.3632284822315028,proteome
-0.3392789491853299,proteome
-1.1687390473334818,proteome
0.5192028482738575,proteome
-0.049965806818221,proteome
0.440008490713103,proteome
-0.1637554770470324,proteome
-0.3802639865183821,proteome
-1.0197855787030894,proteome
-0.593986321420732,proteome
-0.4002403924196154,proteome
1.2292340394437828,proteome
0.4396698147829975,proteome
-0.8910276891322942,proteome
1.7461390733317952,proteome
0.05015919389314,proteome
-0.1142317636228684,proteome
1.0890316837960707,proteome
1.085311500538165,proteome
1.757981079008314,proteome
0.5685958275613956,proteome
-0.1690490983798411,proteome
0.3577272307590355,proteome
0.5907598111800983,proteome
1.1495746753964955,proteome
0.4414698797977136,proteome
1.2728719841379506,proteome
-0.3912664157492208,proteome
0.8480557917420014,proteome
0.8715380573908056,proteome
0.5119826098098781,proteome
0.7126831307415515,proteome
1.0326689991792986,proteome
0.9349138168694728,proteome
-1.0821836499231576,proteome
0.3381247108147529,proteome
0.5588877325485717,proteome
0.3811495830804714,proteome
1.1257060335696307,proteome
0.2377686112805715,proteome
-0.2145223799400303,proteome
1.906743320973606,proteome
1.4385655975747746,proteome
1.7048830349548034,proteome
1.5613121513485115,proteome
-1.058246610134787,proteome
2.082103923636269,proteome
0.0664942078803094,proteome
0.1730090143013129,proteome
-0.309486429793504,proteome
0.4809815811130993,proteome
0.1395834124903911,proteome
0.597775378815444,proteome
0.6836372974272288,proteome
-0.5780856480218379,proteome
0.1040758577550769,proteome
-1.0160432628840672,proteome
-1.5866759718760406,proteome
1.0496169482882756,proteome
0.1701204767045596,proteome
0.2402233369041313,proteome
0.7109902080011825,proteome
-0.444821414011783,proteome
-0.1528068124227703,proteome
0.8353432206813214,proteome
2.4872915322177187,proteome
1.3919740775241574,proteome
-0.4503342482488737,proteome
-0.996093359092494,proteome
-0.427156333260741,proteome
1.72380043187655,proteome
-0.7200973602324858,proteome
1.4141426590126422,proteome
0.8411120475709827,proteome
0.153220022816663,proteome
1.3860631553533915,proteome
-0.3374322669004949,proteome
1.5033345565110714,proteome
0.6921423521762659,proteome
1.374021820499882,proteome
0.2399506030226195,proteome
-0.3749067593091671,proteome
1.5063515190863224,proteome
1.450754698573012,proteome
-0.1391676220626709,proteome
-0.6065923470904306,proteome
0.1470433768698381,proteome
0.5581586761018345,proteome
0.4144347057130366,proteome
0.2749034470370547,proteome
0.9325324384306232,proteome
0.299104892161591,proteome
-0.1234613818113704,proteome
0.4640835479618829,proteome
0.1935201337965949,proteome
-1.3051552465958036,proteome
0.6584590337866412,proteome
-0.7006636600032669,proteome
1.242864227069632,proteome
-1.1125356315877395,proteome
0.9579915871267868,proteome
-0.9387429257710408,proteome
0.6322516478603222,proteome
-0.0662524812342646,proteome
-0.0131225355106912,proteome
-0.0919811981368651,proteome
0.6309930568840477,proteome
0.2642042090994909,proteome
-0.5215634410064937,proteome
0.5511763627967711,proteome
-0.1574643149543657,proteome
0.0399245451361557,proteome
1.2875270586167908,proteome
-0.7004057312169228,proteome
0.6784937901690106,proteome
0.7221480708899585,proteome
-0.5615190824850849,proteome
-0.0850989215263856,proteome
0.1633251735021858,proteome
-0.7879897665723439,proteome
0.6832726047946522,proteome
0.1837697338170572,proteome
0.2598932105543386,proteome
0.8053818123720603,proteome
-0.6733238303936105,proteome
-0.54555625089128,proteome
0.7178269432015011,proteome
0.111126637349612,proteome
1.6601666808754765,proteome
0.4968223448098569,proteome
1.031514820321269,proteome
1.3442723877995577,proteome
-1.091808889675143,proteome
-0.932617986628177,proteome
0.121140242641242,proteome
0.8981056803664368,proteome
0.8781420747606675,proteome
0.6407379228605123,proteome
-0.5335478621990194,proteome
0.1435598114764117,proteome
2.177875256359337,proteome
-0.6604842354885514,proteome
0.5970859024478898,proteome
-0.5345353059056891,proteome
-0.2693282076629457,proteome
-0.2031198025137255,proteome
1.2384023613529709,proteome
0.3897460621837696,proteome
-0.4880285078593774,proteome
0.0508053180828065,proteome
-1.192640177004909,proteome
0.9796408803348748,proteome
1.2172697793826657,proteome
-0.0455072989466226,proteome
-0.8387384306702409,proteome
-0.2119346703345405,proteome
-0.7385323625832876,proteome
0.7246326640872145,proteome
0.3750305984799893,proteome
-0.2674966889981329,proteome
0.4093088676392122,proteome
-0.1544732396588388,proteome
0.3352197542784524,proteome
-0.1089505639424695,proteome
-0.1682380781640427,proteome
-0.2766769229620523,proteome
0.2656759717212837,proteome
-1.260803417311504,proteome
1.006847324942398,proteome
1.8247134197338404,proteome
-0.3450445144519656,proteome
0.7281662280664497,proteome
-0.8105542319285686,proteome
0.1646915489425945,proteome
1.1377556475239632,proteome
0.4189795647666729,proteome
-0.3769262214758009,proteome
0.3235469562082557,proteome
-0.0511527267303202,proteome
-0.4819561170512138,proteome
-1.0043338344448165,proteome
0.3313145540456937,proteome
-0.0458438643145593,proteome
0.4126281156984633,proteome
0.3530062137504161,proteome
1.5253327526277836,proteome
0.4180323275676427,proteome
0.1741102336693994,proteome
-1.194669272705722,proteome
1.0079675308013596,proteome
-0.9269577140033914,proteome
0.6873477952753775,proteome
1.1180224401380587,proteome
0.5107457323345928,proteome
-0.5071897879186072,proteome
-0.3343774498700869,proteome
0.4988684153433945,proteome
0.5818196585371297,proteome
0.2350746972905642,proteome
0.9698917649168898,proteome
0.5484634510496867,proteome
-0.2251394536858526,proteome
-0.7991932614259393,proteome
-0.0740577323498857,proteome
0.7331648464080853,proteome
1.0715081019260575,proteome
0.9127859925465414,proteome
1.3771568285995304,proteome
0.0147511471335826,proteome
0.8249725982768288,proteome
0.3939665162507701,proteome
-0.4445598458421325,proteome
0.7669228805905508,proteome
1.033966061123555,proteome
0.7336738314385075,proteome
0.423201059413937,proteome
0.5329055890494457,proteome
-0.0419097770985733,proteome
-0.3643859321220947,proteome
0.9967302814536808,proteome
-2.620083749235348,proteome
0.7711918665334984,proteome
0.5586232864376657,proteome
-0.029828401040746,proteome
-1.1763372972894297,proteome
-0.5839021395806654,proteome
0.4236619283729873,proteome
-0.4248223299004115,proteome
-0.854530810229106,proteome
-1.1326752953212005,proteome
-1.132752359149854,proteome
0.6111258215031408,proteome
0.0763496164488623,proteome
0.633671599110041,proteome
1.2179762963112233,proteome
0.0287470624066104,proteome
-1.4926155483856711,proteome
-0.9849050953592524,proteome
0.0956253422198483,proteome
0.6185913885039359,proteome
-0.4347986223795977,proteome
-0.928405331770832,proteome
-0.1055836295014777,proteome
0.2149181141978066,proteome
-0.0762215491111845,proteome
-0.5420276671925327,proteome
1.0127592936104857,proteome
-0.6669313734077948,proteome
0.6496886308258698,proteome
-0.8207185068490105,proteome
-0.5205489506444521,proteome
0.5197688900053439,proteome
-0.2649876525466043,proteome
0.7704766233282481,proteome
0.4943045643081045,proteome
1.228418849806702,proteome
0.5598352850541253,proteome
-0.1123810869360786,proteome
0.6663523825940538,proteome
1.432903312147323,proteome
0.4990235188803683,proteome
-0.9437558681686512,proteome
-0.572788022456826,proteome
0.5069730895942951,proteome
-0.4861457914460156,proteome
0.9620931585614064,proteome
0.1510666284240417,proteome
-0.1212706005896733,proteome
0.9896235298069598,proteome
-0.8424091141171189,proteome
0.3378185215297472,proteome
0.640793863799432,proteome
0.869438143219352,proteome
0.3017524932521562,proteome
2.076378332262672,proteome
0.1859410419004301,proteome
0.7174614837502205,proteome
0.7194906163643523,proteome
-1.2273220325010092,proteome
-0.7787521752086108,proteome
-0.4813267775342865,proteome
-0.5540492092908478,proteome
0.0945067684403853,proteome
-0.3037517354364916,proteome
-0.1542195406531578,proteome
0.3468923474094674,proteome
0.7827522793493888,proteome
0.1787937971291865,proteome
0.6970118751929759,proteome
0.5750781581458401,proteome
-0.6249543035025323,proteome
0.7476701148424979,proteome
0.1238472967772296,proteome
0.0955527501949332,proteome
-0.9637584232750198,proteome
-0.9686558732801752,proteome
0.4630686567747056,proteome
-1.0285803009487136,proteome
0.6447139199977071,proteome
0.2286474604326641,proteome
-0.4044130331520055,proteome
0.97009710430633,proteome
0.2574871818132501,proteome
1.387436197508122,proteome
0.2787857077668894,proteome
0.8787578146113424,proteome
-0.5617919759699055,proteome
-0.6586034431407465,proteome
0.2210826631940822,proteome
0.2712793686750163,proteome
-0.3339856499159654,proteome
0.3391985019843597,proteome
0.2488749243340169,proteome
0.620762930477013,proteome
0.5529379267669209,proteome
-0.4731215363107366,proteome
1.0340133066303396,proteome
0.9891193151681058,proteome
0.9266351821034408,proteome
0.7227527828766755,proteome
0.0339027456459809,proteome
0.1570620587600253,proteome
-0.002809208202576,proteome
0.3952046562388845,proteome
-0.0536697260780222,proteome
0.1848105237685367,proteome
-0.5356172955359043,proteome
0.105540312524822,proteome
-0.6909168868662797,proteome
-0.0271785450653031,proteome
-0.2259111870894394,proteome
1.3828485638278114,proteome
-0.6131878222632562,proteome
1.5856631430064496,proteome
1.8990814101822664,proteome
-0.4100507854860568,proteome
-0.259537098918092,proteome
0.5507840228068723,proteome
-0.5634214956267062,proteome
0.3493503462553379,proteome
0.090340894312245,proteome
-0.9777184586102078,proteome
-0.6590193585769029,proteome
0.8390010297039414,proteome
1.109964466541428,proteome
0.9718490053640132,proteome
0.8245871727146378,proteome
0.7395921755765441,proteome
0.4316822882206764,proteome
-0.6634593928011928,proteome
0.2722114129226556,proteome
1.449496459454695,proteome
0.346655348222475,proteome
0.12328412542398,proteome
-0.998338072252252,proteome
0.1962014656237283,proteome
0.468615641988542,proteome
-0.4831013297043718,proteome
-0.9357432069539988,proteome
0.0007443460425179,proteome
-0.2769160111295594,proteome
1.1046980626592249,proteome
-0.7045217776971489,proteome
-0.4920890168374692,proteome
0.4457130764092411,proteome
-0.2682732530476823,proteome
0.9904156418471312,proteome
0.825564990641109,proteome
0.1540166808001521,proteome
1.4252177896879346,proteome
0.0661812465954914,proteome
0.0493595609237098,proteome
-1.1696462015943894,proteome
0.843281792210626,proteome
-0.7141151470472061,proteome
1.1013704642706077,proteome
-0.469445458171113,proteome
0.0077458161717352,proteome
-0.1374340290022416,proteome
0.1276612393496867,proteome
-0.3994157598156537,proteome
-1.4673669553197295,proteome
0.1366910988765556,proteome
1.2091400421572145,proteome
0.905280005133652,proteome
0.6398867879623886,proteome
-0.03825741271794,proteome
0.8107935645369319,proteome
-0.7538686676210872,proteome
-0.1269886293805591,proteome
0.176002999797652,proteome
0.6767724182346774,proteome
-0.4654641292576451,proteome
-0.0989445233992017,proteome
-2.3457515923156325,proteome
-0.6575801991787192,proteome
-0.4270015543066822,proteome
0.1223511769710108,proteome
0.816593145869215,proteome
1.3945047520774694,proteome
-0.0808662027174771,proteome
-0.473112712877499,proteome
0.2891967863486563,proteome
0.0318251986209439,proteome
0.931494875345146,proteome
0.1227119060934012,proteome
0.1846967994062572,proteome
-0.155804094805382,proteome
-0.2717035044858962,proteome
-0.3619032401788493,proteome
0.7784949983186079,proteome
-0.8226600941051849,proteome
0.9153667504361048,proteome
0.9482308342336166,proteome
-0.1515656930333043,proteome
0.196590282747971,proteome
0.2485501181288544,proteome
2.0066947831822657,proteome
-0.5800779127707518,proteome
1.129251598654874,proteome
-0.668394266227559,proteome
0.0178894723931516,proteome
1.05319437176171,proteome
1.0405528182327173,proteome
0.3229274626150736,proteome
-0.7913655951411692,proteome
0.634767379264847,proteome
-1.8188775481829584,proteome
-0.3438199819756865,proteome
0.8406640728228532,proteome
1.0735643640587196,proteome
0.7863640470681361,proteome
0.0162746875793723,proteome
5.419234348013986,proteome
-4.466953737570879,proteome
5.014960681830496,proteome
5.338636305517071,proteome
4.792285774003994,proteome
3.5727889186028943,proteome
4.760496124418856,proteome
4.004048705656418,proteome
-4.426307402437075,proteome
-2.3212186055017683,proteome
-3.417901256314361,proteome
2.627136223241901,proteome
3.792143274178292,proteome
4.161237258914703,proteome
3.515505967656807,proteome
2.425306025935803,proteome
2.831296206506596,proteome
2.8290802218248023,proteome
2.726399741989473,proteome
2.866068014400709,proteome
1.607729845838005,proteome
4.2350661453551846,proteome
3.103564970333832,proteome
-3.548326160274934,proteome
3.5819121005517167,proteome
3.1371588956608454,proteome
1.909854117787138,proteome
2.6953898147214463,proteome
2.8593491625202656,proteome
1.5988761873711386,proteome
2.90073417260488,proteome
2.9537213893940244,proteome
3.357104218199475,proteome
2.326028434730613,proteome
3.954273526608992,proteome
3.0407806150584227,proteome
-3.1709537776357277,proteome
2.235797821632903,proteome
-3.6630423249308377,proteome
3.526019579860767,proteome
-3.0095777559183183,proteome
3.387016065068732,proteome
3.392860711585783,proteome
2.600364711252544,proteome
-3.575339206287365,proteome
-2.311584059220194,proteome
2.582398239554028,proteome
2.3496272650542136,proteome
2.294633785190983,proteome
2.1903626910348857,proteome
2.934973353395334,proteome
-3.238253542037964,proteome
2.1825051078890363,proteome
-2.825240363992884,proteome
3.068966597756857,proteome
2.5808416624805024,proteome
2.4978649358373257,proteome
-2.674926949780033,proteome
3.307286436527749,proteome
3.099645072768527,proteome
2.269342376631141,proteome
2.830159492678727,proteome
2.4097831835017627,proteome
2.849118483313126,proteome
2.711090594789896,proteome
2.773811461856267,proteome
2.636773155906861,proteome
3.118443148546984,proteome
-2.699933269561127,proteome
3.4485951447515286,proteome
3.6997331355613055,proteome
-2.9986260305636434,proteome
1.8915072601906255,proteome
4.120103200552132,proteome
-3.043471780421591,proteome
3.083842180722228,proteome
2.853788369768444,proteome
2.6807281219785897,proteome
3.7433010511203912,proteome
2.13335079824088,proteome
-1.1556293091107084,proteome
1.57360740513765,proteome
1.461513166600982,proteome
2.0748391817234664,proteome
1.1623683770056468,proteome
2.430456349002293,proteome
2.708277944746693,proteome
2.31988670971923,proteome
2.092650125698576,proteome
-3.540741962266615,proteome
2.988076025052172,proteome
-1.417993492013499,proteome
2.8342455658522088,proteome
1.8339435537677324,proteome
3.25697323573731,proteome
2.384000450039744,proteome
-2.586859840827167,proteome
-3.1714615582479966,proteome
1.7851304951718208,proteome
-3.185034642455689,proteome
-1.5935061297463535,proteome
3.702643597055759,proteome
1.9077012503701385,proteome
-1.638424072993099,proteome
1.950995469539569,proteome
-2.6095558269281494,proteome
1.6631643371319222,proteome
2.5702019927432684,proteome
-2.877680947140335,proteome
2.513109684585374,proteome
2.265027333696104,proteome
2.3261782886755773,proteome
-1.518939924721178,proteome
-2.080356770578607,proteome
2.3397352204654567,proteome
2.1272216795427727,proteome
2.400978629934984,proteome
3.248400839295672,proteome
-2.4434375508114567,proteome
-2.546905666164273,proteome
-1.5532259680423115,proteome
-1.824159047234538,proteome
2.524478953145408,proteome
3.1650330455672546,proteome
-2.230030634291205,proteome
2.376312727188092,proteome
2.035988135257557,proteome
2.358493558616729,proteome
2.5160735369169878,proteome
-2.4829898103701686,proteome
3.055869989681095,proteome
3.469783283842985,proteome
1.4876140701716218,proteome
-3.2709272807088703,proteome
2.419024216089987,proteome
3.0511470994034107,proteome
2.706475263165756,proteome
-2.3689520501926173,proteome
3.3460713642457662,proteome
-2.636625068231914,proteome
1.644729829120944,proteome
1.4835459288871342,proteome
3.266098628956229,proteome
3.4126230245424374,proteome
2.46961347810762,proteome
1.4285746188318218,proteome
3.242063008343563,proteome
-2.8959488246707874,proteome
-2.405244611989004,proteome
2.580484000339812,proteome
2.320789152444316,proteome
-2.207999642525868,proteome
1.196670611326376,proteome
-3.3152000785159346,proteome
2.607979258993723,proteome
1.821238524280642,proteome
2.1018326984082583,proteome
-1.5529843644954506,proteome
3.2894262115374158,proteome
-1.4567125635495666,proteome
-2.239494974241645,proteome
-2.126493074592948,proteome
3.188133708106337,proteome
1.9548612813351576,proteome
-2.2703277915788567,proteome
-1.9513133432271816,proteome
2.2482583914821377,proteome
1.8519008484103157,proteome
1.6923712912107711,proteome
-2.6179751679921086,proteome
2.065035359250318,proteome
2.985163223105521,proteome
-1.8153198339564085,proteome
2.6803600142598354,proteome
-2.8419544405174277,proteome
2.0144005953955344,proteome
2.4715238261637005,proteome
1.9712070176314629,proteome
2.300138255762815,proteome
2.087014738606024,proteome
3.038482958440756,proteome
2.351805960774928,proteome
2.99624979916106,proteome
-2.5038757863074683,proteome
-2.037126613763616,proteome
-2.9006725754301685,proteome
2.703221836077894,proteome
2.2937685197687343,proteome
2.281598551681688,proteome
2.0537116722706754,proteome
1.191394968429953,proteome
2.012652857913923,proteome
3.0447302347477443,proteome
-1.809943921920922,proteome
2.457722049408324,proteome
2.3899660659598245,proteome
2.6206980568338896,proteome
2.9556374815555606,proteome
2.772010933887286,proteome
2.121165528052005,proteome
1.9392029384059628,proteome
-2.6719472076395325,proteome
-1.904349180509758,proteome
1.616128991546174,proteome
-2.475760924991137,proteome
2.20918406542963,proteome
2.5240695262923083,proteome
-1.901291047062464,proteome
2.057539154771063,proteome
2.893923300126436,proteome
2.0973768116194926,proteome
1.6338579726802742,proteome
2.859516658650571,proteome
-1.7878392506824807,proteome
-2.7852956946108205,proteome
-1.977851338333935,proteome
-2.9395722375400424,proteome
2.094970013943983,proteome
-2.08491228840692,proteome
2.319171865189203,proteome
-2.432935945822326,proteome
2.104832226259423,proteome
2.497473293180915,proteome
1.7120260181044975,proteome
2.639205548950206,proteome
2.183240342389864,proteome
1.6930964845588756,proteome
2.1886412674175277,proteome
-2.044442251268515,proteome
-2.2407206414566323,proteome
1.189462947271015,proteome
-2.64112464963768,proteome
1.8147551865150997,proteome
-1.950904608014408,proteome
-2.375538857764225,proteome
2.1579697269635263,proteome
1.0911801422339893,proteome
-2.7401145892625056,proteome
2.0638162956653248,proteome
1.4366057475312266,proteome
-1.740092570152542,proteome
-1.674429483492328,proteome
-0.8621942444373025,proteome
-1.8456960497415795,proteome
1.2715846214978537,proteome
-2.190009929188381,proteome
-2.188993345291279,proteome
2.7261639036672323,proteome
2.399428677719674,proteome
-2.0405927235203225,proteome
2.747017536909369,proteome
-1.6470167226003198,proteome
2.4126410032973173,proteome
-2.4764212941725154,proteome
1.858236137380716,proteome
2.826935434687868,proteome
1.63971745335553,proteome
1.7505749409049074,proteome
2.400744016610264,proteome
-2.685282253834794,proteome
2.5274851251155788,proteome
1.3386055791516658,proteome
1.8476673819431595,proteome
2.742424282387105,proteome
-2.379834727712802,proteome
2.7170796556438908,proteome
1.7011806366466298,proteome
-1.9646695310095152,proteome
2.194685790043508,proteome
1.7548612636074965,proteome
2.5172500276846472,proteome
1.9280771717678664,proteome
2.689025794972797,proteome
1.9865742010975476,proteome
-1.8351712403365308,proteome
1.5556019617990282,proteome
-2.217492771368594,proteome
-1.591760667734775,proteome
2.091180583530344,proteome
1.2827723237438662,proteome
1.5110359775343405,proteome
2.523022792759508,proteome
1.8574909977948204,proteome
1.8426070801887973,proteome
2.570026263019433,proteome
2.605965856339313,proteome
2.010210234186162,proteome
2.06007061018123,proteome
-2.58241370567012,proteome
-2.0639477638479544,proteome
1.6870938178482024,proteome
-1.6970198504225695,proteome
1.9365912330930724,proteome
1.894689684077321,proteome
1.8534866787884807,proteome
-2.181748984985898,proteome
1.983044451058152,proteome
2.3671581997473528,proteome
2.482133123712744,proteome
2.1000083640630938,proteome
2.326227590744823,proteome
-2.585571730893573,proteome
1.7264517823460823,proteome
2.548285334896475,proteome
2.0516598994261006,proteome
-2.653943964970637,proteome
2.340807448838669,proteome
-2.4627119986238872,proteome
2.3272783729765654,proteome
1.60538404697783,proteome
2.2151456649815118,proteome
-1.5322514878469085,proteome
-1.3509075527682737,proteome
-1.618868766916882,proteome
2.560199987277596,proteome
1.8976079606134797,proteome
2.5450690276617483,proteome
2.458082809658324,proteome
2.222227438270657,proteome
1.7579347051880625,proteome
1.81474572875183,proteome
1.978283938236908,proteome
2.530029157535345,proteome
1.9875367875807983,proteome
1.5012489418097217,proteome
1.917124769167376,proteome
2.111922000793788,proteome
2.1584512415001043,proteome
2.022629995651296,proteome
-1.973048166058873,proteome
-1.8966214914537904,proteome
-1.7712904963414444,proteome
-1.623327098140884,proteome
-1.8466269314900576,proteome
2.0790968057712216,proteome
2.459221038886781,proteome
2.4909508074578075,proteome
2.2161714430195474,proteome
-2.309160103030563,proteome
2.2296215706814206,proteome
2.340951738607449,proteome
2.427930791056044,proteome
-1.6501202727914748,proteome
1.967138166644665,proteome
1.8892073944851655,proteome
-1.9520292826368983,proteome
1.78177628588517,proteome
-1.4978909107089242,proteome
2.2847669085815348,proteome
1.655957593787542,proteome
-1.3721480589137869,proteome
-1.7566523319684275,proteome
1.792601253804079,proteome
2.384421015577757,proteome
2.503611969490429,proteome
-1.7559864574598223,proteome
2.144418327215135,proteome
-1.874649208092381,proteome
-1.4659632267861578,proteome
2.35904405510822,proteome
-2.127692941879288,proteome
-2.4098682084796432,proteome
2.23056753883883,proteome
1.3971562495239886,proteome
2.379802642181866,proteome
-1.7473974137855317,proteome
-1.6629891876061154,proteome
1.949826298275188,proteome
1.815612986372267,proteome
-2.0695039892635827,proteome
1.8705103844397748,proteome
-1.995272378495468,proteome
2.4533514372627043,proteome
2.2365003690331604,proteome
2.3400615834554435,proteome
2.1807103358835294,proteome
-1.6243338929164282,proteome
2.2817991821137995,proteome
-1.7265295011742186,proteome
-2.347674009778437,proteome
1.8025761464353816,proteome
1.636106277944119,proteome
1.3264332384138158,proteome
-1.1764148458127028,proteome
2.3466323952011883,proteome
2.2444149041404917,proteome
-2.372367468878039,proteome
-2.293033828904503,proteome
2.057844114019053,proteome
1.865845021004056,proteome
2.359747927995027,proteome
-1.224684797315445,proteome
-2.052005297163994,proteome
1.6359145726071742,proteome
2.399016791271704,proteome
2.272379486014932,proteome
2.335206980939899,proteome
2.358132534753459,proteome
2.3812796562830623,proteome
1.5049421101747733,proteome
1.6647170151923891,proteome
-2.3825338123847906,proteome
1.9276082122716716,proteome
-1.7945087866500031,proteome
2.273473443260228,proteome
1.538183545481507,proteome
2.3597082208131988,proteome
1.7818074280537282,proteome
1.5058099011080974,proteome
-2.2994662014713128,proteome
2.367079469608089,proteome
2.2455089324409943,proteome
-1.9766463967210717,proteome
2.37458211332686,proteome
2.174444109025516,proteome
1.762134663692714,proteome
1.8963502742474965,proteome
1.74889493315801,proteome
0.9158469139632484,proteome
2.2465445376013813,proteome
-1.7165568699781428,proteome
2.1578055397545888,proteome
-2.06613395574524,proteome
-1.7455223148649537,proteome
2.312593376230616,proteome
2.32631945199567,proteome
2.182418388636802,proteome
-2.2318049105105584,proteome
-2.1733446568306194,proteome
-2.144433870021776,proteome
2.2735750206004077,proteome
1.563457653163188,proteome
1.9178308301626843,proteome
1.8942745152171208,proteome
1.8378785245024185,proteome
2.217816196716338,proteome
2.0213248289556613,proteome
2.065448596935618,proteome
-2.0445834017440525,proteome
1.5416247300495354,proteome
1.9771684356379815,proteome
-1.5930201158868862,proteome
-1.9601549536202545,proteome
-2.186916565568061,proteome
-2.1564848165870734,proteome
1.0725188141499051,proteome
1.601565039818854,proteome
-2.2672303595211845,proteome
1.2520215597852544,proteome
2.160628775405636,proteome
2.124121960550616,proteome
1.5983717938172108,proteome
1.7376394427639554,proteome
2.2307616976731164,proteome
1.9038600675837,proteome
2.0635900768348217,proteome
-1.732804860311724,proteome
1.3590582593729772,proteome
1.7061115389475194,proteome
1.8801510718638408,proteome
2.1729917162725942,proteome
2.196681578914045,proteome
1.577883015562185,proteome
1.8879189230137252,proteome
2.267352846032374,proteome
-2.0970360832649613,proteome
1.5933924942004916,proteome
1.0088014703449446,proteome
1.996288134400933,proteome
2.328849369537241,proteome
2.0845484459457087,proteome
-2.178369441095553,proteome
1.89095181549514,proteome
0.7894158526298451,proteome
2.126329443207047,proteome
1.3878624911887942,proteome
-1.279223635549603,proteome
2.127771280777,proteome
1.580805901130214,proteome
2.14721616214323,proteome
-1.4427873794199335,proteome
-1.3943867577152422,proteome
1.6769722172506858,proteome
-2.2062640048449738,proteome
1.584076327311969,proteome
2.0562754940119814,proteome
1.7490637552756598,proteome
2.1578265607126053,proteome
1.4846658621216335,proteome
2.2004385790392824,proteome
2.212778126330037,proteome
2.1151935922073397,proteome
2.1544249538898907,proteome
1.4492390409904852,proteome
1.834660752378615,proteome
-1.9178222274736505,proteome
1.722209581059651,proteome
-2.202280891731497,proteome
1.7407945426494829,proteome
2.0618231486241347,proteome
2.161542636763503,proteome
2.1992385237614323,proteome
1.6995866479501505,proteome
2.144792585302458,proteome
2.1524828748353846,proteome
-1.47805102519696,proteome
1.9037939066408676,proteome
-1.7298354092742596,proteome
2.055650134784062,proteome
-1.3476961189535777,proteome
1.5236481056787108,proteome
1.8653521363885504,proteome
-2.023025063112082,proteome
-1.4880790342289516,proteome
1.9963212860442825,proteome
2.0947529194816124,proteome
2.088500767445169,proteome
2.129730382664368,proteome
2.0585688376421847,proteome
-1.730230666897672,proteome
-1.896353534775405,proteome
1.829267082648812,proteome
2.110661794610808,proteome
-1.8973730152829649,proteome
-1.804669477013456,proteome
1.4579169969030406,proteome
2.07433827208319,proteome
1.9804097384740809,proteome
-1.7608213012941802,proteome
0.9025977055530352,proteome
-1.5414324851948735,proteome
2.095415426314812,proteome
2.11414230277872,proteome
1.9330153518865223,proteome
2.075155091582781,proteome
-1.5314322935402862,proteome
1.9506248558109056,proteome
-1.8463341372177644,proteome
2.051372011696861,proteome
-1.1890683826061816,proteome
-1.9588673420744804,proteome
1.997995175293915,proteome
2.159667417113603,proteome
1.2394505943970515,proteome
1.7985007462720193,proteome
2.1087865972375552,proteome
1.987370474263176,proteome
2.0835320825738544,proteome
-1.986564072072788,proteome
2.07547958161082,proteome
1.6629459490440404,proteome
2.0536461867912554,proteome
1.9727097597816217,proteome
-2.038560950161879,proteome
2.0560310074858337,proteome
1.7518775927943264,proteome
1.9253099677376493,proteome
1.948569138938128,proteome
1.7587382552012567,proteome
1.9651768092190995,proteome
1.5277417190344766,proteome
1.9599995889785704,proteome
0.9389852544221112,proteome
2.0780433824152404,proteome
1.6596865631430224,proteome
-1.6324354251901234,proteome
1.9872802141845616,proteome
1.6759798157531625,proteome
-2.007650166787569,proteome
2.0697204038815937,proteome
-1.440571627062311,proteome
2.0487530094154582,proteome
1.1193485873554505,proteome
1.2534455038468553,proteome
1.924379489973811,proteome
-2.0186970540502456,proteome
-1.8299675018342485,proteome
2.0450801783312973,proteome
1.3083545509006025,proteome
1.545989301850941,proteome
1.5599957791521004,proteome
0.7515395914671779,proteome
1.9932868051112955,proteome
1.475744597704995,proteome
-1.9345641039786616,proteome
-1.9150692268121503,proteome
2.034773873306608,proteome
1.993996652508841,proteome
1.564038019734763,proteome
-1.4417073273568517,proteome
1.4226666343277583,proteome
1.819187776380211,proteome
1.3638827341721678,proteome
1.4084410774775218,proteome
1.9276561998676789,proteome
1.881064438617858,proteome
0.9259651188126063,proteome
1.4970682615212887,proteome
1.3773795245502083,proteome
1.413717278448096,proteome
1.6910914136986437,proteome
1.2274092337052622,proteome
-1.4502095283884018,proteome
1.9228842021281911,proteome
1.443120842420602,proteome
-1.8673454186093696,proteome
-1.4795635287369626,proteome
1.3239966755829118,proteome
1.3302127302892512,proteome
1.9025174443998416,proteome
1.9196969859635404,proteome
1.7000261960460974,proteome
1.7283811172656796,proteome
1.0550848717396395,proteome
1.900227925474041,proteome
-1.5822489277250973,proteome
-1.4393744070881764,proteome
1.4881336941892804,proteome
0.5720606639587571,proteome
-1.2478140643430944,proteome
1.9778913470119548,proteome
1.589321982904618,proteome
1.7150182692640643,proteome
-1.371196556676723,proteome
1.8284771430892928,proteome
1.764316451809457,proteome
1.832414309434432,proteome
-1.906603674586706,proteome
-1.531752878276144,proteome
1.876502827543966,proteome
1.8428203208322051,proteome
-1.9612901851853743,proteome
-0.66165596638808,proteome
-1.906666178340899,proteome
-1.6215881610633682,proteome
-1.5788075712243714,proteome
1.3651169060987325,proteome
1.6481194090590514,proteome
1.471008389357305,proteome
1.7815534849517796,proteome
1.9292173273933948,proteome
1.9329590918595243,proteome
1.8879997609003596,proteome
-1.18628550304165,proteome
1.8014125386934294,proteome
-1.409680437093141,proteome
-1.3799324973731362,proteome
1.689644292807345,proteome
1.3610007039046843,proteome
1.4929371215583025,proteome
1.857643484250025,proteome
-1.4922866600093905,proteome
1.906499513572702,proteome
0.98590138465859,proteome
1.4965782917579296,proteome
1.9222932115884823,proteome
1.726317740342635,proteome
-1.4571101434341307,proteome
1.7758176148430505,proteome
1.5580160226951238,proteome
1.9162988042772824,proteome
1.9433573766432763,proteome
1.6036717287650673,proteome
1.865129385531469,proteome
-1.468223151672521,proteome
1.824339173352502,proteome
-1.6145483618173289,proteome
1.8399457665539412,proteome
1.6152623512213462,proteome
-1.786133730036705,proteome
-1.4979179593687877,proteome
-1.2971696223578717,proteome
1.7976952388639853,proteome
1.3441278120718818,proteome
-1.3529407551537869,proteome
1.6751539067791184,proteome
1.7742879561611553,proteome
-1.6252534905750762,proteome
1.8850719793021185,proteome
1.6804960760629808,proteome
-1.3079085077748651,proteome
-1.2318464516640335,proteome
1.7855913168040198,proteome
1.4537822542456396,proteome
-1.6553885708004652,proteome
1.8824352761110024,proteome
-1.754139755955343,proteome
-0.7677293975204912,proteome
1.885324797239027,proteome
1.8476154938983516,proteome
-1.798193269447426,proteome
-1.1554403908770134,proteome
1.8269956959367408,proteome
1.2029508982545,proteome
1.462895981456278,proteome
1.8831209873200037,proteome
-1.129532697454656,proteome
1.2902284165917572,proteome
1.3009867960496102,proteome
1.7721066194882702,proteome
1.3453021560587837,proteome
1.275062083553902,proteome
1.5877377367876933,proteome
1.2962133645670348,proteome
1.8551766032186845,proteome
1.5457128576497627,proteome
1.6798657044500462,proteome
1.4403546921773092,proteome
1.1255849182197937,proteome
1.2552461854810002,proteome
-1.5168347612054465,proteome
1.522514619478324,proteome
-1.27749010245014,proteome
-1.5164738125060468,proteome
1.6821203087284389,proteome
1.465137281709895,proteome
1.7921736937648272,proteome
1.3740946358066,proteome
1.430803161868763,proteome
1.6887524663865388,proteome
1.5856719999991815,proteome
1.703780154437254,proteome
1.908194701333192,proteome
1.772169298851088,proteome
-1.4474523171374816,proteome
1.82877974998667,proteome
1.765700259997563,proteome
1.26961512934846,proteome
-1.781028500187059,proteome
1.3909490147804964,proteome
-1.6543699168010988,proteome
1.1771117310955597,proteome
0.855416347276099,proteome
0.7012804547106528,proteome
-1.3328435170296926,proteome
-1.318996905254327,proteome
1.2279951454641227,proteome
1.3032789090892611,proteome
1.6544260349990998,proteome
1.6636020607538806,proteome
0.9803056227478844,proteome
1.6436633582894409,proteome
1.691407307399715,proteome
-1.1418064622364488,proteome
1.6488323057621477,proteome
1.569415271161342,proteome
-1.3160017299694182,proteome
1.278282883705633,proteome
-1.4984761750454525,proteome
1.369009108835945,proteome
1.3107953960022654,proteome
1.5444584517114854,proteome
1.7091734229770734,proteome
1.546237985085012,proteome
1.2306981621148567,proteome
1.194401861391884,proteome
-1.4333680881251447,proteome
1.7182226751413172,proteome
1.0585191789673885,proteome
1.694060571483659,proteome
-1.5190655821485344,proteome
-1.6684305164369195,proteome
1.6312629069585725,proteome
1.4411922046154884,proteome
1.0917923690859104,proteome
-1.600788458030985,proteome
-1.0285537494559371,proteome
1.6153493218669963,proteome
1.148365505737835,proteome
1.2954466289190885,proteome
1.6059921600196934,proteome
-1.6533296585264117,proteome
0.8294244021424292,proteome
1.5782066937234065,proteome
0.9398712593587124,proteome
1.1942933420179351,proteome
1.271166143179907,proteome
1.224061087659787,proteome
-1.4512753899339583,proteome
1.5451325400857905,proteome
1.1748469865237146,proteome
1.6036598147793075,proteome
-1.14725217318353,proteome
1.4124157890450335,proteome
1.1707369172013753,proteome
1.7153381415446538,proteome
-1.5622131478686123,proteome
-1.1424112098743684,proteome
-1.359605645110368,proteome
1.6866134570392006,proteome
1.1544699137283505,proteome
1.128387122261315,proteome
-1.0538868621276165,proteome
1.073557995495653,proteome
1.6837717318763727,proteome
1.5860930873062826,proteome
-1.1934434893831485,proteome
1.2670261434170498,proteome
1.4543389072127206,proteome
-1.1530886987795708,proteome
-1.3861468596870512,proteome
1.6235322125488223,proteome
1.2616240789157804,proteome
-1.4613477051782706,proteome
1.6427320043448592,proteome
1.5952649691479337,proteome
-1.4872462960446555,proteome
-1.6119742540073585,proteome
1.590710101431564,proteome
1.6262192349979592,proteome
0.687948464332114,proteome
1.6055428317535254,proteome
1.3703945627864969,proteome
-1.1989586569221955,proteome
1.6167793070762673,proteome
1.0303121129769752,proteome
1.233416107929046,proteome
1.3141865088662532,proteome
1.357445314451882,proteome
1.6302234538887233,proteome
-1.5010307734979746,proteome
1.0790092820947144,proteome
1.4956485407117774,proteome
1.156858083546085,proteome
-1.506148743051082,proteome
0.9944511075874672,proteome
-1.014896258648092,proteome
1.1615142594828949,proteome
1.6040128419230977,proteome
1.235581982878724,proteome
1.2103958830703745,proteome
1.5830932410805167,proteome
-1.26199704601273,proteome
1.114227888777665,proteome
1.2627450590598257,proteome
1.1876660682627125,proteome
1.2525954312446568,proteome
1.2126272477911937,proteome
1.132781103065693,proteome
1.3228035973164576,proteome
1.5490627415050626,proteome
1.3559209347524712,proteome
1.3202702294771549,proteome
1.1184647972048944,proteome
1.0278315462730896,proteome
0.8688991262835732,proteome
0.995404562687864,proteome
1.446532524047492,proteome
-1.1142694989459174,proteome
1.0226017590457577,proteome
1.2326217831265187,proteome
1.005394059062803,proteome
1.2455978615235397,proteome
-1.1183231213544145,proteome
1.6056462018680933,proteome
-1.1577424601305957,proteome
1.4949801010645656,proteome
1.1942688210915495,proteome
1.123981731023463,proteome
1.642736094475469,proteome
0.9898569867529609,proteome
1.560108492460572,proteome
-1.482437892448196,proteome
1.2057107376051928,proteome
-1.233367720648613,proteome
1.0146584456922467,proteome
1.104177962796287,proteome
1.567793069607525,proteome
1.47772916793066,proteome
1.2043918835648395,proteome
1.3575475948626192,proteome
1.527925545196935,proteome
1.5241215621346444,proteome
-1.1169414982542187,proteome
-0.9683736706136268,proteome
1.366393268894711,proteome
1.458460245053116,proteome
1.465895037877372,proteome
1.4762527117803648,proteome
-1.4354259291715517,proteome
1.496840134482366,proteome
1.4335419941830037,proteome
1.605997693917686,proteome
-1.392829899331351,proteome
-1.1571800720044867,proteome
1.337405820668048,proteome
1.2660898077390874,proteome
1.6128508970532158,proteome
-1.3537125425284149,proteome
1.5201988367203836,proteome
0.8102319115532474,proteome
1.535873383504882,proteome
1.5008854864928889,proteome
1.1797770332116178,proteome
1.1220462629449337,proteome
1.082882978159282,proteome
1.507396692318843,proteome
1.0673613636444224,proteome
-1.173880800319107,proteome
-1.5028092820781356,proteome
1.2587139650323482,proteome
-1.532735661470862,proteome
1.4582483515743572,proteome
-0.9782286601312452,proteome
1.146355108893711,proteome
0.9207351540732336,proteome
-1.2542791511194007,proteome
-1.115539599981547,proteome
1.3584960922790086,proteome
1.470075363598092,proteome
1.3802445732249515,proteome
-1.3111406128640295,proteome
-1.1531623505390187,proteome
1.4623747786975212,proteome
1.516555874078876,proteome
1.4132805917005948,proteome
-1.2160246388576263,proteome
1.3807630046447947,proteome
1.1339979074089426,proteome
1.2478690887620714,proteome
-1.1203649962587656,proteome
1.4858548345712834,proteome
1.4079505845041933,proteome
1.4250506143088115,proteome
-1.354143948732037,proteome
1.128057911664569,proteome
1.0953928858550706,proteome
1.4457631922658738,proteome
1.2474169078773023,proteome
1.0926911077498935,proteome
-1.423694796960863,proteome
-1.191321208402938,proteome
1.2611488167203626,proteome
1.5168765373883852,proteome
-1.2309165949111762,proteome
-1.5721160004714594,proteome
1.4728103394782543,proteome
-1.124281426910391,proteome
1.0403118116112715,proteome
0.7859759161348461,proteome
-1.2678165029261892,proteome
1.4004103433512078,proteome
1.164396623227313,proteome
-1.014021848876496,proteome
1.240181242178144,proteome
-0.8793413887250177,proteome
1.0306752009221845,proteome
1.3639743526351331,proteome
1.2160458007251862,proteome
1.3695261175522893,proteome
-1.4173299398481525,proteome
1.0815934589461167,proteome
1.488598158750523,proteome
0.5183905556921198,proteome
1.343553567066403,proteome
1.2530385902930608,proteome
-0.8634586400392414,proteome
1.1349425860431142,proteome
-0.7803522409917469,proteome
1.462297747756444,proteome
1.378998860375025,proteome
1.3926539628001844,proteome
1.2281819021732236,proteome
-1.227377312559385,proteome
-0.6036726033859341,proteome
1.4404123495109131,proteome
1.3874454329957575,proteome
1.4618255923636545,proteome
1.404450594054217,proteome
1.387418553411042,proteome
1.4634639150692044,proteome
-1.0013569781869467,proteome
-0.931574968816545,proteome
-1.2576819706093387,proteome
1.445863531220526,proteome
1.0699721008827918,proteome
-1.4504745327234616,proteome
-1.2614209272860868,proteome
-0.9262847582537124,proteome
1.346881348104502,proteome
-1.347237607957151,proteome
-0.7081664754964204,proteome
1.202972494842573,proteome
0.974260944273377,proteome
-1.4681752440124451,proteome
0.788723349319202,proteome
-1.085123871842686,proteome
1.3423921997458237,proteome
-1.0571220309217164,proteome
-0.9642736735467354,proteome
-0.987028595756156,proteome
1.1727506989602914,proteome
-1.1765976172308878,proteome
1.2628575474191068,proteome
1.0430639742774956,proteome
0.783552216661931,proteome
1.4190507794721798,proteome
1.261042772293334,proteome
-1.1506228928336186,proteome
0.9186790926850428,proteome
0.7176779374371814,proteome
-1.1653186941435916,proteome
0.9757744644641608,proteome
1.2403217262985495,proteome
-1.2087620103981778,proteome
-1.3563705447412575,proteome
0.9836148180766924,proteome
1.266816700950129,proteome
-1.1142054350834003,proteome
-0.956106519103592,proteome
-1.3098865333757197,proteome
-1.3866895774955867,proteome
-1.0378871333288893,proteome
-1.264525427933099,proteome
-1.4424612372648975,proteome
-0.7645620247970238,proteome
-1.3766556111685468,proteome
0.6520563453934346,proteome
1.099889955867252,proteome
0.988924909589992,proteome
0.6913373475696903,proteome
0.9445738141274862,proteome
1.2243310613967864,proteome
1.3328254463442697,proteome
-1.349552294071662,proteome
1.299634681607111,proteome
-0.9996788762295784,proteome
1.040853050238748,proteome
-1.2726916672093307,proteome
0.9895768024014702,proteome
1.424381279923727,proteome
-0.8169415310287444,proteome
-1.105338877816437,proteome
-1.375083611266929,proteome
1.1357976760387702,proteome
0.9165798426425014,proteome
1.200782319787587,proteome
1.368583324021711,proteome
0.7255633926068419,proteome
1.346691140321712,proteome
1.3245538728022472,proteome
-0.9222880193732476,proteome
-0.9077159277957246,proteome
-1.1447412713519085,proteome
0.754755941184192,proteome
1.3690107594259011,proteome
1.3349560366362776,proteome
0.982487390434466,proteome
1.051693247172008,proteome
1.1190887416151314,proteome
-1.266292254453976,proteome
1.119982641346407,proteome
0.910202278223633,proteome
-1.145954508500561,proteome
1.0318866689803234,proteome
1.0003447308072568,proteome
-1.2414889730920624,proteome
1.004683474658172,proteome
0.9452024831289972,proteome
0.9601473317987722,proteome
0.9662968922284312,proteome
-0.9037353928658872,proteome
0.8337898581939578,proteome
-1.2367033009249813,proteome
0.925228631563538,proteome
1.204948421261424,proteome
-0.9156959045247418,proteome
-1.360437553902919,proteome
0.984136524936141,proteome
-1.312061600563382,proteome
-1.2180307806787742,proteome
1.257447983604667,proteome
-1.0918568049876327,proteome
1.0730312795067694,proteome
-1.0914520814322746,proteome
-0.8609110803222201,proteome
-0.7092368197768506,proteome
1.1737322779375317,proteome
0.9231261432037736,proteome
1.2425420275527694,proteome
1.3107825049262454,proteome
1.2402802212583597,proteome
1.1435179677508762,proteome
-1.3837399035230071,proteome
0.8904965380203044,proteome
1.065440946986461,proteome
0.8467107098310295,proteome
0.6824338442522014,proteome
1.2775545378111306,proteome
0.940498969847339,proteome
0.7818845924905442,proteome
-1.150364643363718,proteome
-1.045151616281956,proteome
1.1514359919967887,proteome
1.1729014532259392,proteome
1.0455055595367782,proteome
-0.7219315983285174,proteome
-1.2098012231817774,proteome
-0.9614244766731476,proteome
1.2538337215519435,proteome
1.2510826282420957,proteome
1.1534087170710916,proteome
1.2470210616857094,proteome
1.1819429681745977,proteome
-0.9750982326801868,proteome
0.6795581459380878,proteome
0.9235943692503634,proteome
-0.8962759416347542,proteome
-0.8541393051426193,proteome
-1.07664631057449,proteome
0.8241885472582942,proteome
0.4856648817332055,proteome
1.012524115542109,proteome
-1.0117319994482878,proteome
-0.8483279193988906,proteome
1.12530821861668,proteome
1.2352714719285451,proteome
1.2649114917832365,proteome
-1.2213747086375066,proteome
-1.0411537423913657,proteome
-1.1343804992493585,proteome
1.0343140714006998,proteome
0.8834958358580619,proteome
0.7757453727605406,proteome
0.840796102392996,proteome
0.8860578903981776,proteome
1.186091081740953,proteome
-1.1291183297483518,proteome
-0.9024976388946652,proteome
-1.295360691935108,proteome
0.8586622975910773,proteome
1.2493801111820602,proteome
1.1168753018971769,proteome
0.7734970514346128,proteome
0.923153000940913,proteome
1.0593341950678024,proteome
1.0773506397780834,proteome
-1.221685989686934,proteome
0.9703148520385182,proteome
1.0976214218595912,proteome
1.0575807634241892,proteome
-1.1164103986647451,proteome
1.1242010339398594,proteome
-0.8582801211609211,proteome
1.204394825383951,proteome
1.0266078212556884,proteome
0.9066250743328248,proteome
0.96795966503469,proteome
-0.8034289831680186,proteome
0.8434245987491665,proteome
0.9608733959184872,proteome
0.6862476542792257,proteome
0.8263088180426837,proteome
1.176497848142522,proteome
-1.008069588524052,proteome
-0.7857049748535887,proteome
-1.1820601527978536,proteome
-0.8904556175204037,proteome
0.8224039198722036,proteome
0.9600687413217818,proteome
1.0600842294917283,proteome
0.9069253542537052,proteome
-1.0499134331669024,proteome
0.7930592292767195,proteome
0.9883739516813874,proteome
1.0239906954293785,proteome
-0.8747852863048601,proteome
1.0151146248020944,proteome
-0.6794596811180585,proteome
0.9779479675257056,proteome
-0.8722604514439872,proteome
-0.7898272799334314,proteome
-0.862773775970105,proteome
-1.082579883804028,proteome
1.1068599831482302,proteome
0.7564769492641976,proteome
-0.8014017967461011,proteome
1.0108187054692517,proteome
-0.9573868085876434,proteome
-0.9397139878610762,proteome
1.1609017443867198,proteome
0.9666001143965184,proteome
0.984118003089102,proteome
-0.4189402518509768,proteome
0.8813011649742235,proteome
0.9493470779214456,proteome
0.8420251510643162,proteome
1.0600190129069325,proteome
-1.1855961439138842,proteome
1.0958633746339008,proteome
-0.9813087339587068,proteome
-1.0055822846026914,proteome
-0.9124799623871366,proteome
0.8077097185237188,proteome
1.029253530962485,proteome
0.8658015921660138,proteome
-0.8307172150331964,proteome
-1.1189857509308956,proteome
0.7534815375746455,proteome
0.749727774962002,proteome
0.7223435941143935,proteome
-1.0115736596028937,proteome
0.9705198677469836,proteome
-0.8278577902001788,proteome
-0.7657361020505167,proteome
0.8822254794560251,proteome
1.0003211237704213,proteome
0.7881137160328423,proteome
-0.2011649452935221,proteome
1.1639011380123447,proteome
-0.8344079487112466,proteome
0.9235059209721844,proteome
-1.053441219669375,proteome
-0.7130962751112344,proteome
0.9940273939764772,proteome
0.9749361405639276,proteome
1.1715754233946922,proteome
0.7702882229574116,proteome
0.8984666460526025,proteome
0.865916535195183,proteome
-0.7653943345176468,proteome
-1.0156342786131334,proteome
-0.7421664713561474,proteome
0.8486842198232871,proteome
0.950962981697954,proteome
-0.5648568151863541,proteome
-0.8218319031346936,proteome
0.9702433029631444,proteome
-0.6866758335524468,proteome
-0.8231617406922673,proteome
-1.1251479967224485,proteome
0.8103419943381351,proteome
0.9494894881056358,proteome
-0.5717859001412351,proteome
1.1369650265710476,proteome
0.8745195649693314,proteome
0.7068217467492119,proteome
-0.9011981695553078,proteome
-0.8048796555924764,proteome
0.9071519319639054,proteome
0.924372906929186,proteome
-0.9527345422200152,proteome
0.9265022184083748,proteome
-1.0271654937088062,proteome
1.007884614429059,proteome
0.93686713121889,proteome
0.7701973680681827,proteome
0.7219752426379948,proteome
0.914301123805726,proteome
0.971308766408861,proteome
-0.6490511569052837,proteome
-0.8977532088022013,proteome
0.6321731325163666,proteome
-0.7881792970043443,proteome
0.9512409253943954,proteome
-0.8499145233437505,proteome
-0.696813743114429,proteome
0.7716156763562526,proteome
0.8511338845985202,proteome
-0.7381522233905092,proteome
1.0068120073340512,proteome
-0.7702530118339783,proteome
0.7547256909056173,proteome
-0.3477556234870723,proteome
1.0169697125127182,proteome
0.8738331231476417,proteome
0.8015482420660609,proteome
-0.86492645647179,proteome
-0.694576697600194,proteome
0.8487017684139311,proteome
-0.7370655276547656,proteome
-0.834085277675516,proteome
0.9941388332703612,proteome
1.0279012123478988,proteome
0.7301013353563702,proteome
0.6932849727012642,proteome
0.9810233906454108,proteome
-0.8861375619134043,proteome
0.6309172991871602,proteome
0.7905218179612055,proteome
0.6866519630176544,proteome
0.9992373873875862,proteome
0.553089885085187,proteome
-0.8075255841596573,proteome
-0.7592103487460481,proteome
0.9327831343206496,proteome
0.3978297418097214,proteome
0.6482708540383607,proteome
0.8593892014061679,proteome
0.766566520166174,proteome
-0.795484388154742,proteome
-0.7073289830768236,proteome
0.990502109117065,proteome
-1.0324243930403032,proteome
-0.7251378941789932,proteome
-0.7428216216869031,proteome
-0.396747615791109,proteome
0.9810277935151503,proteome
-0.7961542998752847,proteome
0.8721171944841082,proteome
0.7372470470854576,proteome
-0.7461004256594234,proteome
-0.843628789210302,proteome
0.945665131482445,proteome
-0.944227824799132,proteome
-0.8040223711059389,proteome
-0.8312311668981976,proteome
0.978721084780924,proteome
0.7193337810431188,proteome
0.7331610254108659,proteome
-1.0163711561016486,proteome
-0.7445994380708314,proteome
0.7398663704130137,proteome
0.9989273893617644,proteome
-0.7732630802003524,proteome
0.941687205500507,proteome
0.7646673844760056,proteome
1.0173103499718112,proteome
0.6014461836487824,proteome
0.993127653324704,proteome
0.655581129391108,proteome
-0.8199227286261059,proteome
0.7371032107241401,proteome
0.6911541491638539,proteome
0.7034579931381435,proteome
0.7972586277165192,proteome
0.5853226751801012,proteome
0.7426752726537413,proteome
0.8491020797379181,proteome
0.9537432121928464,proteome
0.9918593201652088,proteome
0.8741160286839276,proteome
0.8392528937082746,proteome
-0.8047723117386067,proteome
-0.9254194153614064,proteome
-0.7417604669080546,proteome
-0.9671779812781468,proteome
0.8841903205322529,proteome
0.9307574156420596,proteome
-0.9046072155822024,proteome
0.8659109082930803,proteome
0.8810460191336686,proteome
0.6903578082874209,proteome
0.8918506843039457,proteome
0.7941691764254798,proteome
-0.832911669659441,proteome
0.682880684493442,proteome
-0.7803037848028485,proteome
-0.8130669602856314,proteome
-0.7088253354444819,proteome
-0.673357908295702,proteome
-0.6827797520342274,proteome
-0.6878774489309976,proteome
0.6809205668544493,proteome
0.8151270263361121,proteome
0.8351457889162464,proteome
0.8128203314509969,proteome
-0.7093812191618908,proteome
0.7769241471793356,proteome
0.755187325531313,proteome
0.8424911564646496,proteome
-0.7824891677187084,proteome
0.6268263021888091,proteome
0.7748369247117611,proteome
0.6748993583739059,proteome
-0.6090137244487913,proteome
-0.4116343816366414,proteome
-0.8392629408499463,proteome
-0.7715489174951817,proteome
-0.8234097886007548,proteome
0.6722419183830852,proteome
-0.6726136059582921,proteome
-0.6723465548079385,proteome
0.9461441480375856,proteome
-0.824563925577198,proteome
-0.7557484074150352,proteome
-0.7859708568500415,proteome
0.5820387245573746,proteome
0.5706858353574349,proteome
-0.7727720307369645,proteome
0.6457639595894377,proteome
0.6184785128280909,proteome
-0.5886493699956163,proteome
0.4920751110254852,proteome
-0.624554431880977,proteome
0.7284297317394965,proteome
0.6973895282663105,proteome
-0.5601000678624535,proteome
-0.6432322050658809,proteome
0.5183117417114766,proteome
0.3693729962737261,proteome
-0.8374572576949681,proteome
0.5813616232931046,proteome
-0.8255216763381341,proteome
0.7879189717692756,proteome
-0.8511249663146021,proteome
0.4522576423222871,proteome
-0.5577874707290017,proteome
0.7575236764283516,proteome
0.6278683799889176,proteome
0.6911115939361199,proteome
-0.7382956084492328,proteome
-0.7177556205411301,proteome
0.8608010261630585,proteome
-0.8277580636946699,proteome
-0.5523361295954746,proteome
-0.6626724808353058,proteome
0.8199190191551523,proteome
-0.732113489460546,proteome
0.6599508851199983,proteome
0.5509918715880365,proteome
-0.8309720135878104,proteome
-0.651272134063931,proteome
-0.6989221521949347,proteome
0.6775778615477023,proteome
0.8798110621236112,proteome
0.6262141004904332,proteome
-0.6007598641520181,proteome
-0.7480235263774975,proteome
-0.6167089830440594,proteome
0.7098291173327429,proteome
0.6618478989410982,proteome
-0.5780840094314769,proteome
-0.9268071224974844,proteome
-0.5127073608578618,proteome
0.7786194537451152,proteome
0.7128008176328157,proteome
0.6561163095637982,proteome
0.5982149160632831,proteome
0.6571635637870902,proteome
-0.536208954943523,proteome
0.6762640382165018,proteome
-0.7390899339120843,proteome
-0.5385848952806367,proteome
-0.6178216024440015,proteome
0.8574154765868136,proteome
0.5431961821509028,proteome
0.8780731098847792,proteome
-0.5791633522257793,proteome
-0.6236442318202167,proteome
0.8015395410289888,proteome
0.7294913143688789,proteome
0.3235503664364117,proteome
0.821541399827261,proteome
0.6629963579643177,proteome
-0.8338234987585788,proteome
0.6992435236069657,proteome
-0.6932403040474472,proteome
-0.3916788058044824,proteome
-0.6364201159582566,proteome
-0.4965173320617752,proteome
-0.6537686561677957,proteome
0.6710410381747324,proteome
0.5509688419939646,proteome
-0.7879792769811844,proteome
-0.5815728366755724,proteome
0.6458242878982352,proteome
-0.5016758223901542,proteome
0.5726410500924891,proteome
-0.5547937285746006,proteome
0.6669292994258931,proteome
0.7058551512157788,proteome
-0.6045261544484787,proteome
0.6472731129480012,proteome
0.7617754423688605,proteome
0.7130615318868314,proteome
0.6226345496474798,proteome
0.7302594609692493,proteome
-0.6531715629772703,proteome
-0.5472965111071201,proteome
-0.5620279424407287,proteome
0.6885247832124056,proteome
-0.6688273493203836,proteome
0.6024193983180669,proteome
-0.679542369591959,proteome
0.7513031414233251,proteome
0.5668254361314421,proteome
-0.4855123908437397,proteome
-0.6787183804320123,proteome
0.5798344107739111,proteome
0.5041830746137672,proteome
0.5789605233230797,proteome
0.5292788832694917,proteome
0.5775188269254684,proteome
0.5575124336356476,proteome
0.6407631683659282,proteome
0.4659890137530824,proteome
0.7786473105674193,proteome
0.7632986839343483,proteome
-0.5591969436013329,proteome
-0.7645505013869599,proteome
0.6566050035306775,proteome
0.7647269499942317,proteome
0.5568836603987225,proteome
0.7172941301500211,proteome
0.5655301031068732,proteome
-0.5669750013837556,proteome
-0.5304370370035997,proteome
-0.6904621013227662,proteome
0.4292449396519117,proteome
-0.7123930285312705,proteome
0.6156719039687308,proteome
-0.5757714426194114,proteome
0.667925655560594,proteome
0.5183192552712579,proteome
0.6520003934808953,proteome
0.6319238898749632,proteome
0.6019256528575266,proteome
0.6034902916142011,proteome
-0.6827703347766764,proteome
0.6089482645947468,proteome
-0.4988623980630323,proteome
-0.5665194661987645,proteome
0.6608852792916325,proteome
0.6542959536466278,proteome
-0.6338626094303978,proteome
0.6081296465577266,proteome
0.515209050300699,proteome
0.5483859920753436,proteome
0.5638197512672879,proteome
-0.3798493605305601,proteome
0.5901044865689865,proteome
-0.5509490705180302,proteome
-0.5246826403112841,proteome
-0.4320456161587107,proteome
-0.5490890886474589,proteome
0.4134304351535893,proteome
-0.6653783768899291,proteome
-0.6614975807904839,proteome
0.6230489896549545,proteome
0.6157601484214391,proteome
0.5971864495862909,proteome
-0.5313160254448092,proteome
0.3744539644436743,proteome
0.5197956366778839,proteome
0.4555799377067025,proteome
0.4575501275625109,proteome
0.7048633683235176,proteome
0.6091143642808639,proteome
0.6501744283951163,proteome
-0.6651732655582381,proteome
0.4489998718296659,proteome
-0.4984453008943998,proteome
0.5384609114044661,proteome
-0.6827922827479652,proteome
0.5787170242515,proteome
-0.5254524956700592,proteome
0.5073892728104233,proteome
0.6953237883792518,proteome
-0.4979962652577762,proteome
0.6952893266046277,proteome
0.5543483551258439,proteome
0.5820832219262245,proteome
0.2995839280168229,proteome
0.5607205257632913,proteome
-0.5098373412695899,proteome
0.4996047548869127,proteome
0.5394561127846143,proteome
-0.6081468439292123,proteome
0.4271206491253946,proteome
0.5944797726384173,proteome
-0.5822379748578593,proteome
-0.5277609364401276,proteome
0.5141064038455354,proteome
0.6055992658558245,proteome
-0.5134634968269489,proteome
0.5577940161450605,proteome
-0.4596668715077301,proteome
-0.4579657109344797,proteome
0.5749380930567931,proteome
-0.7363432269335917,proteome
0.5399022935774107,proteome
-0.6018828178501845,proteome
0.7060558846063335,proteome
-0.5502666020246528,proteome
-0.4982704871499528,proteome
0.4040328506562679,proteome
0.456503329117754,proteome
0.4491726060322418,proteome
-0.554891286432594,proteome
0.5537426322672745,proteome
0.5733703283325683,proteome
0.4769277347740347,proteome
0.4232305426742795,proteome
-0.6884998711643475,proteome
0.4472917031634499,proteome
-0.5511028689218513,proteome
0.5155432469523962,proteome
-0.3898620644187976,proteome
-0.4463729128917297,proteome
0.5212132112951181,proteome
-0.4961574504337442,proteome
-0.6074830202120403,proteome
-0.434386633051952,proteome
-0.7233286519324073,proteome
-0.5630621884716185,proteome
0.6057191199379228,proteome
0.4387393975171727,proteome
0.5798641214731655,proteome
0.5958835476090704,proteome
0.4761376900575716,proteome
-0.4523915654447325,proteome
0.4244710728984441,proteome
0.5014774545489055,proteome
-0.5147060689882144,proteome
-0.6111403364033217,proteome
0.4186452492695617,proteome
0.5163829792901321,proteome
-0.5387942144566852,proteome
-0.6110027121450571,proteome
0.4590250811388745,proteome
-0.5021252943034498,proteome
-0.474505695821226,proteome
0.5019593626401997,proteome
-0.5058010920638554,proteome
-0.3834534939460527,proteome
0.5732040188511955,proteome
0.4210364659388628,proteome
0.4510059400522625,proteome
0.3839901509967462,proteome
0.5464000596413779,proteome
-0.4707465988942381,proteome
-0.4949494116067798,proteome
-0.5381697941850107,proteome
0.4949974200552273,proteome
0.482807500140923,proteome
0.351387153226171,proteome
0.5534736137828187,proteome
-0.4597173513268663,proteome
-0.4979122849072173,proteome
0.1633183832359775,proteome
-0.5117818390146829,proteome
-0.4587423704232057,proteome
-0.4818199324480716,proteome
-0.33630965236185,proteome
-0.4156076386440924,proteome
0.1886837050710515,proteome
0.4308794834547872,proteome
-0.4550138940285641,proteome
-0.443351552681602,proteome
0.4126771239903775,proteome
0.3960329545656063,proteome
0.5091125776792167,proteome
0.4171956136532157,proteome
-0.5185717095489173,proteome
0.531506656587374,proteome
-0.3892325974870473,proteome
-0.4726844221992398,proteome
-0.5177832177070174,proteome
0.4643718558193969,proteome
0.3857045717742766,proteome
0.4023475895073556,proteome
0.4326707350968366,proteome
-0.3717173509833201,proteome
-0.544024542674893,proteome
-0.4853406234112689,proteome
-0.4775514640750036,proteome
0.4152482833244287,proteome
0.3375634370329125,proteome
0.5554594637576742,proteome
0.4586594593265325,proteome
0.4606372521487852,proteome
-0.3723595072465771,proteome
-0.3906122731910761,proteome
0.3971160564360226,proteome
0.5328854820191052,proteome
-0.4059855038921452,proteome
0.389584833358401,proteome
-0.5358361453667767,proteome
-0.4400716698976288,proteome
-0.4761034340410133,proteome
0.4607158151699573,proteome
0.3377296642020794,proteome
0.4456175679570794,proteome
-0.4312967178814954,proteome
0.4182978270072139,proteome
-0.4374805888512063,proteome
0.3766543111459869,proteome
0.4698030729125405,proteome
-0.515507374029641,proteome
0.3697793825237346,proteome
0.5099925417883384,proteome
-0.4061125538970473,proteome
0.5160435103442088,proteome
-0.4077242519286436,proteome
0.3570575069674691,proteome
0.4579859080816641,proteome
0.4007743364325458,proteome
-0.3556608740596974,proteome
0.475249326538557,proteome
-0.3745524532281805,proteome
-0.4715905359231508,proteome
0.4666501500404109,proteome
0.4813444899822424,proteome
-0.390317761074586,proteome
0.3291210640372321,proteome
0.4349143203528153,proteome
0.4652823643930751,proteome
-0.3727246379301563,proteome
-0.4183781724960647,proteome
0.4559509212687234,proteome
-0.4871592700975008,proteome
-0.4173411119354623,proteome
-0.4716616304562838,proteome
0.430289482912747,proteome
-0.4466456229570832,proteome
0.4699303579923068,proteome
0.5416855649178416,proteome
0.3975381122416039,proteome
-0.3740098662057405,proteome
-0.495689409695955,proteome
0.4335056207054811,proteome
0.4392755885417189,proteome
0.3958275753698808,proteome
-0.3850595672453692,proteome
-0.3612808609991082,proteome
-0.4631361357979438,proteome
0.4163642484021608,proteome
0.3334999170565373,proteome
0.5047456564254116,proteome
-0.3360822608074905,proteome
0.348175226971655,proteome
0.4082012025297769,proteome
0.3105562443028571,proteome
-0.3898773599888721,proteome
0.4498266671034862,proteome
0.4362923797191855,proteome
-0.4861934194052584,proteome
0.3354991586069151,proteome
-0.4084738830703773,proteome
0.4587699251282311,proteome
0.336686801672507,proteome
-0.3807334280577923,proteome
0.4329587111580519,proteome
0.3256060839798654,proteome
-0.3240050833370135,proteome
0.3930660538515881,proteome
0.3663903968505827,proteome
0.3527552274674145,proteome
-0.4554317076893719,proteome
0.4269414662908871,proteome
0.3980634891418582,proteome
0.4720547230158553,proteome
-0.4088183748685557,proteome
0.2791875978452641,proteome
0.4888242576098501,proteome
0.457992434394472,proteome
0.3997914953067282,proteome
0.4163910574455426,proteome
0.2754164496853519,proteome
0.4312213817732614,proteome
0.3066867799246345,proteome
-0.3105833692679321,proteome
0.3991135032036306,proteome
-0.4024847901797082,proteome
0.2950199011681642,proteome
-0.3657375160906199,proteome
0.3148782593236792,proteome
-0.333378408150751,proteome
0.4068508468959599,proteome
-0.3341527524170856,proteome
0.4031072345094528,proteome
0.4286962678004896,proteome
0.3000527834989784,proteome
0.3205024305655791,proteome
0.4851796762811184,proteome
-0.3543362366237103,proteome
0.384357488443553,proteome
0.4947900717801339,proteome
-0.3862149758292499,proteome
0.439420535667552,proteome
0.3216600870449922,proteome
0.4215734291089705,proteome
-0.3655762030755914,proteome
0.2520720095424326,proteome
-0.4857908594395088,proteome
0.3513235914992798,proteome
0.4547426353357739,proteome
-0.3968592181371796,proteome
-0.2671590660098457,proteome
0.3594250679135759,proteome
0.3306624170429487,proteome
0.3392236065348478,proteome
-0.3297384525809305,proteome
0.3322906292993565,proteome
0.3876527351560377,proteome
-0.3210191624619233,proteome
0.3628856794678884,proteome
-0.4111953421993183,proteome
0.3270330546095643,proteome
-0.4706593939593398,proteome
-0.2276976926163646,proteome
0.3360693754484589,proteome
0.3782377718190798,proteome
0.3097976972089967,proteome
-0.4024085740768974,proteome
-0.418852650701667,proteome
0.3573451040535705,proteome
-0.3113302217597363,proteome
0.3575692070388664,proteome
0.2799268009204335,proteome
-0.330019372161573,proteome
0.356314346620898,proteome
0.3344593540734824,proteome
0.3595665183441799,proteome
0.3073868887795449,proteome
-0.2819856894017002,proteome
0.3630347334298701,proteome
0.1704653299761307,proteome
0.3534919077087236,proteome
0.3549545556371284,proteome
-0.3365728298355049,proteome
-0.36134545853214,proteome
0.2657147307911486,proteome
-0.2946992390459078,proteome
-0.2857992652781229,proteome
0.3211700060102491,proteome
0.1981660839067527,proteome
-0.3115093840416213,proteome
0.3150847311605482,proteome
0.2944244956720414,proteome
-0.3646477976776317,proteome
0.2479260845611467,proteome
0.353488745302153,proteome
-0.3248803670155194,proteome
-0.269393386268205,proteome
0.3568150039279424,proteome
-0.2945218334035679,proteome
-0.2821831258901716,proteome
0.2573146690714374,proteome
0.2624620191928404,proteome
0.3169662261843202,proteome
0.3282409742326009,proteome
0.3899577958521534,proteome
0.2499043658660161,proteome
0.2623135445361177,proteome
-0.3141066536175227,proteome
0.3429514410074767,proteome
0.2243791867703364,proteome
-0.2933952754525321,proteome
-0.3037619998474633,proteome
0.3632984272757195,proteome
0.2986832738976867,proteome
-0.0906251269378346,proteome
-0.3795903584796709,proteome
-0.312012637739142,proteome
-0.2450721465098774,proteome
-0.3234925595143665,proteome
-0.1961062854916146,proteome
-0.2740837443103311,proteome
-0.2642275795769266,proteome
0.1785133355160735,proteome
-0.2986898762346581,proteome
0.3220743594714466,proteome
-0.2963966804508017,proteome
0.227596198665908,proteome
0.3849383703715711,proteome
-0.2206694886597858,proteome
-0.2547316933052819,proteome
-0.3823097946301108,proteome
0.2419437569844118,proteome
0.2843596084205263,proteome
0.2605706574968924,proteome
0.2528452966301137,proteome
-0.2207973853375739,proteome
0.2308749416697876,proteome
0.2809405546937204,proteome
-0.1881348079251603,proteome
0.2033738339684691,proteome
0.2298455115916275,proteome
0.2246343383180831,proteome
-0.2287553770838068,proteome
0.318720940137513,proteome
0.2394824173546393,proteome
-0.2901556481542366,proteome
0.2108560404786932,proteome
-0.1259311310618119,proteome
-0.2626952569709737,proteome
0.2559086569310543,proteome
0.2745003130137134,proteome
-0.1807618134720276,proteome
-0.2848699951934699,proteome
-0.260655532929497,proteome
0.1125423038617498,proteome
0.2879455280900327,proteome
0.2662514437027003,proteome
0.2196732770836791,proteome
-0.2651560001879875,proteome
-0.204048879415932,proteome
-0.2694287502198593,proteome
0.3142326595328498,proteome
0.1676287696261141,proteome
0.3143307721635366,proteome
0.2810822207620471,proteome
-0.2233277864543129,proteome
0.2806045534802718,proteome
-0.2516818588772155,proteome
0.2153340795972501,proteome
-0.2131711619831467,proteome
-0.2251908825766783,proteome
-0.2345411168100575,proteome
0.2578763299702299,proteome
0.2522189952937614,proteome
0.238279102175452,proteome
0.1776772646849442,proteome
-0.2297749157286466,proteome
0.2715372695754867,proteome
-0.2276341448860023,proteome
-0.229231302421813,proteome
0.2787393600445137,proteome
-0.189459527338467,proteome
0.2406841752371494,proteome
0.2252919603645112,proteome
-0.2220854956720428,proteome
0.2566721287839791,proteome
0.2311853244526795,proteome
0.1774187714766153,proteome
-0.2881096216269989,proteome
0.2053927340136412,proteome
-0.2390260425102961,proteome
-0.2332721167851579,proteome
-0.2532521640049502,proteome
-0.2495795379662601,proteome
-0.2175408162019022,proteome
-0.2536440653228626,proteome
-0.2609024202134584,proteome
0.265224616183527,proteome
-0.2249359736811417,proteome
0.2444115649187301,proteome
-0.2558908983503904,proteome
0.1901764654309031,proteome
-0.2514287551844176,proteome
-0.199165445515371,proteome
0.2385031220275499,proteome
-0.210754624903238,proteome
0.2829458665718162,proteome
0.2645107234297307,proteome
0.2286301498462119,proteome
0.202154050543299,proteome
0.2013375217448824,proteome
-0.2472430354917291,proteome
-0.2533759660751833,proteome
0.2743946176107171,proteome
0.214429479291872,proteome
0.2892714551103641,proteome
-0.1426087452039933,proteome
-0.2555953257329446,proteome
-0.1982145393264121,proteome
0.2721670309452983,proteome
-0.2120287201653668,proteome
0.1624950429133931,proteome
-0.1770097363450501,proteome
-0.2208968501322634,proteome
-0.194382651444795,proteome
0.1556683947951158,proteome
0.1938806688445472,proteome
0.1853329273350223,proteome
-0.2570659631576268,proteome
-0.1638544986932964,proteome
0.1787970885197555,proteome
-0.2043941107787912,proteome
-0.2029389852737674,proteome
-0.21086347015832,proteome
0.1969358477787744,proteome
0.2349036306869072,proteome
-0.2042068129855541,proteome
0.1998452332179524,proteome
0.1977352299059794,proteome
-0.2103658723695518,proteome
-0.2038435997467688,proteome
-0.1859153961378903,proteome
0.1905711427109358,proteome
0.2195489149513805,proteome
-0.2444248679414713,proteome
-0.1835806342392659,proteome
-0.1686193325490809,proteome
0.1555884075177039,proteome
-0.2230441407720269,proteome
0.1872648206328759,proteome
-0.1924260016970543,proteome
0.1651195516003233,proteome
-0.2387899714510039,proteome
0.2029882185089238,proteome
0.1708418955658431,proteome
-0.1468931303012395,proteome
0.1680933335286711,proteome
-0.1352659869823216,proteome
-0.1930759269337491,proteome
-0.1846454133330105,proteome
0.1653359913193978,proteome
0.2047254767067379,proteome
0.1850524482525923,proteome
0.181817323669785,proteome
0.161622647503263,proteome
-0.1711681895883153,proteome
0.1635479024269173,proteome
0.1610717391536377,proteome
0.1948095947089259,proteome
-0.1361911893170877,proteome
0.1649575730192516,proteome
0.1238626058987468,proteome
0.1558848891026225,proteome
0.1753947092000878,proteome
-0.1770358268768168,proteome
-0.1929794036925285,proteome
0.1716187088583147,proteome
-0.0810803669918445,proteome
-0.188431960657347,proteome
0.155436277701702,proteome
0.143392055979299,proteome
-0.1846050152924801,proteome
0.1316310582250017,proteome
0.0858216670274197,proteome
0.1845848004177196,proteome
-0.1391142284832512,proteome
-0.1225790860280893,proteome
0.1351639736592413,proteome
-0.1323713541801884,proteome
0.0732188872240173,proteome
0.1206269097843891,proteome
0.1212496947911396,proteome
-0.1285479247279316,proteome
0.1398375707843184,proteome
-0.1463463296270303,proteome
0.1600357831176026,proteome
0.1011506834239412,proteome
0.1295612498581752,proteome
0.1440364997318282,proteome
0.1327628454395613,proteome
-0.1541275229927316,proteome
0.0803662371564501,proteome
0.1618040426173855,proteome
0.1095004479356945,proteome
-0.1306915247872633,proteome
-0.1549383795785404,proteome
-0.1284447272698635,proteome
-0.1367721476603814,proteome
-0.1115066563868821,proteome
-0.1573394803018251,proteome
0.0975925714609623,proteome
0.1466246980394478,proteome
-0.1144915811373592,proteome
-0.1203834756392654,proteome
0.1490657141367416,proteome
0.1513552466472913,proteome
0.1175520818868056,proteome
0.1052552492767994,proteome
0.1025168831904473,proteome
-0.1197851054918864,proteome
0.1000741616908568,proteome
0.126910419208463,proteome
-0.1402231176028756,proteome
-0.1118347670031514,proteome
0.1153658772486272,proteome
0.112888499503572,proteome
-0.1089980837154243,proteome
-0.1150932388040851,proteome
0.0949654666360876,proteome
0.1273571446553224,proteome
-0.111154857587618,proteome
0.0942370273181547,proteome
0.1042661817359907,proteome
-0.1253718587375024,proteome
-0.083667671111892,proteome
-0.0836592947344406,proteome
0.1032473236955067,proteome
-0.0752792259611074,proteome
0.1131452356411333,proteome
-0.0925170042928924,proteome
-0.0888672972514557,proteome
0.0833572347131401,proteome
0.0665805503980928,proteome
0.0942518115493927,proteome
0.0549040215528316,proteome
0.1082372542559655,proteome
-0.0885443302452497,proteome
-0.0707332589788301,proteome
0.0984553217997622,proteome
0.0770638348130996,proteome
-0.0817185880965153,proteome
-0.0585461760487776,proteome
0.0980712130096353,proteome
-0.0797937023883303,proteome
-0.0928716906033187,proteome
0.0658471222471656,proteome
-0.0725672608671336,proteome
-0.0837308706395635,proteome
0.0730309665802629,proteome
0.0795307874919954,proteome
-0.0725494396973096,proteome
0.066356614837039,proteome
-0.0732036355397809,proteome
0.0623271904666273,proteome
0.0614062811808993,proteome
-0.0814459595194673,proteome
-0.0734299241733518,proteome
0.0643674843429986,proteome
0.0601497781107773,proteome
-0.0741893121330865,proteome
-0.0670788535404545,proteome
-0.0565225926596936,proteome
0.0539604972491963,proteome
-0.0572872945082076,proteome
0.0636230920777493,proteome
-0.0618775855825704,proteome
0.062329471181816,proteome
0.0612798005234677,proteome
-0.0802469380585526,proteome
-0.0677623332453107,proteome
0.0523226255187845,proteome
0.0493710732436737,proteome
0.0516175940718348,proteome
0.0708976946323364,proteome
-0.0568809030683616,proteome
-0.0721746950840715,proteome
-0.0668297729090825,proteome
-0.0584652814329882,proteome
-0.0430088486563936,proteome
-0.0390159486073888,proteome
-0.0493084186934259,proteome
-0.0381874152822858,proteome
0.0477420264845965,proteome
-0.0422203261178223,proteome
0.0480395166965748,proteome
0.0342460039780086,proteome
-0.0456774735987559,proteome
-0.0429675611951105,proteome
-0.0414386999127806,proteome
-0.0378420291598551,proteome
-0.0404427227448695,proteome
0.04195749007296,proteome
0.028668886323624,proteome
0.0425707261751234,proteome
0.038875258560775,proteome
-0.0199761268197585,proteome
0.0386695590564133,proteome
0.0271395305691028,proteome
-0.029245441033546,proteome
0.0239870728956399,proteome
0.0350808981674931,proteome
-0.0396227925205089,proteome
0.0193200136510492,proteome
0.0285583818660667,proteome
-0.0313948951833885,proteome
-0.0340992884264281,proteome
0.0306277007113778,proteome
0.0200203661164023,proteome
0.0203394008889155,proteome
-0.0193967034123664,proteome
0.0218640117379437,proteome
0.0210174594462657,proteome
0.0201863538954098,proteome
0.0147392416631102,proteome
0.0185378497659259,proteome
-0.0193684362997562,proteome
0.0208452511580167,proteome
-0.0187870748704055,proteome
-0.0181723554310484,proteome
-0.016099862931282,proteome
-0.0170021365559315,proteome
0.0131293100456928,proteome
-0.0137094158817841,proteome
-0.0089354541045428,proteome
-0.0076397333428249,proteome
0.0111519227977315,proteome
0.0080477027436093,proteome
0.008095007453542,proteome
-0.0063579005543716,proteome
0.0049897906232327,proteome
-0.0045078827315409,proteome
-0.0020626110881145,proteome
-0.0012295821434612,proteome
0.0003259856459247,proteome
1.5069171772876853,metabolome
0.8056052621376353,metabolome
0.7849270726919261,metabolome
2.0132167413701567,metabolome
3.956476444278292,metabolome
2.045628623487054,metabolome
1.5363168431815162,metabolome
2.4477451574701106,metabolome
1.9324237810220684,metabolome
0.8511483741552318,metabolome
2.107466238479156,metabolome
-1.397029217886702,metabolome
-1.4431642859512377,metabolome
2.317000679752001,metabolome
4.017888943840196,metabolome
1.2148821121378786,metabolome
1.1179286645490942,metabolome
0.9912997368827552,metabolome
0.6614588403889514,metabolome
2.068244764373553,metabolome
0.9491306659882128,metabolome
0.9515225622712976,metabolome
1.7661958594230722,metabolome
2.5151577374340053,metabolome
2.499269037451291,metabolome
1.091450865696297,metabolome
0.7725615516314324,metabolome
0.939812134473559,metabolome
1.8976546923399136,metabolome
-1.5549590164731193,metabolome
0.9916891988661858,metabolome
2.355249929039264,metabolome
1.8982473767747563,metabolome
1.970104238736172,metabolome
0.9036770042425656,metabolome
1.126975355895574,metabolome
2.055121786376143,metabolome
1.5580935395471696,metabolome
-1.7412446665118586,metabolome
-1.200330855471232,metabolome
1.0666157367872011,metabolome
0.9687931091925748,metabolome
1.3923712008418367,metabolome
-2.249027277658958,metabolome
-1.236929378758468,metabolome
-2.317769422712031,metabolome
1.2460879283532709,metabolome
2.220983023891064,metabolome
1.8117939351929373,metabolome
1.0966397782657853,metabolome
-1.5303793257071006,metabolome
-1.0729837833190845,metabolome
0.9368017075419612,metabolome
0.7304871152164497,metabolome
4.021165772518029,metabolome
1.290695012887596,metabolome
2.378423609449231,metabolome
0.8467948892687884,metabolome
0.9310346296422092,metabolome
0.9594756646368228,metabolome
1.6833716604681968,metabolome
1.2841825196387446,metabolome
1.0014545152149774,metabolome
2.134078219803981,metabolome
2.284397966258652,metabolome
2.4966285326285296,metabolome
-1.742311684681609,metabolome
1.2417377215769,metabolome
-1.1530149013234612,metabolome
0.8890075894052557,metabolome
1.7520532426300417,metabolome
1.1767459405262166,metabolome
2.234197567592407,metabolome
2.4714694492357574,metabolome
2.741903940015113,metabolome
2.7220550294634527,metabolome
1.532011361584116,metabolome
0.9019473964546456,metabolome
2.095705234730335,metabolome
1.0956598058156557,metabolome
2.3814800680357764,metabolome
0.8440542468923306,metabolome
0.9392323345608676,metabolome
1.802891439756156,metabolome
2.054540484320172,metabolome
2.561031838512793,metabolome
0.8799589552674723,metabolome
1.1981540687549028,metabolome
2.8457118172180955,metabolome
1.2688921388856418,metabolome
2.1702081795444346,metabolome
2.432697342965625,metabolome
1.2994110758869353,metabolome
2.0323646326461824,metabolome
0.6716110295495248,metabolome
2.4712473248980453,metabolome
1.430574129366994,metabolome
2.219853731746177,metabolome
2.4768559007821644,metabolome
1.0757469314380403,metabolome
1.3320326375653329,metabolome
1.3870338602190728,metabolome
0.8386846945361692,metabolome
2.059887218404412,metabolome
0.7398462315301948,metabolome
1.3360499929830698,metabolome
1.4575793213470252,metabolome
1.4533414237735771,metabolome
-1.0306558690841343,metabolome
2.7772105245167205,metabolome
-1.5099412107547063,metabolome
-2.5587298873487625,metabolome
1.0440168626957207,metabolome
0.8387551524263062,metabolome
1.3297500758405894,metabolome
1.300593214508703,metabolome
0.8849618607637713,metabolome
3.1509975393064105,metabolome
3.026368839233676,metabolome
0.7756579553700191,metabolome
-1.3807913594044836,metabolome
0.9688408778882428,metabolome
1.150243286193808,metabolome
2.1233093927361293,metabolome
1.0219991684507823,metabolome
1.2370702350539415,metabolome
-0.9673572325800788,metabolome
1.434610420712508,metabolome
1.0196354498582196,metabolome
-1.6901775914503705,metabolome
0.9772662820297268,metabolome
1.3590241513159973,metabolome
2.8246467122988435,metabolome
0.8234097912846827,metabolome
2.4247612493620947,metabolome
2.3012700804131123,metabolome
1.0231924805842318,metabolome
3.0369631917104,metabolome
1.890217516250038,metabolome
1.1263724305396,metabolome
1.5909015279686438,metabolome
1.4590298396354822,metabolome
1.719222183713038,metabolome
-1.3140640954553109,metabolome
0.9210512947355948,metabolome
1.3439905741674223,metabolome
-0.9311937262586892,metabolome
1.6607054029626644,metabolome
1.0952284524889695,metabolome
1.0135258046893303,metabolome
3.5853299479866405,metabolome
-1.3599783829138792,metabolome
3.2164601233072725,metabolome
0.9242478918385192,metabolome
2.18036968590463,metabolome
0.8020646771287857,metabolome
1.744826063679194,metabolome
0.8552764288746189,metabolome
1.885105642806982,metabolome
2.4965389330013754,metabolome
-1.6227639036543484,metabolome
2.082688174694966,metabolome
1.0209620632615029,metabolome
-1.7952140958036962,metabolome
-0.6616778235128423,metabolome
-1.4805172243991145,metabolome
0.8788951066077,metabolome
-1.5480921295448948,metabolome
-0.6541390666152633,metabolome
-1.5033284482919014,metabolome
0.8832439953208372,metabolome
-0.1027729510517413,metabolome
-1.6034796579153905,metabolome
0.7857520346046124,metabolome
1.6064968454920674,metabolome
1.5303656050748489,metabolome
-1.0788197437452414,metabolome
0.6946033921831549,metabolome
1.2280950891271267,metabolome
-0.9952529858679948,metabolome
-1.1234370788057997,metabolome
-0.8257775285498004,metabolome
1.4095412777347254,metabolome
-0.856046179867312,metabolome
-0.8114932174077089,metabolome
2.0266680728290782,metabolome
-0.9265443805365065,metabolome
-1.25726944977097,metabolome
-0.962587456115257,metabolome
1.2402186410624267,metabolome
1.9861287755766963,metabolome
0.316906353885555,metabolome
-0.8934784304350194,metabolome
-0.7753987359888592,metabolome
-0.6653991952878604,metabolome
-1.4428586449007563,metabolome
0.6232206918066735,metabolome
-0.2364537454941009,metabolome
0.2097848807751336,metabolome
0.9129861189535714,metabolome
-0.0848587513418719,metabolome
1.1645625508137336,metabolome
1.1227231444955448,metabolome
0.7792753090794703,metabolome
1.558969892308418,metabolome
1.1624304400820895,metabolome
0.5826755402211119,metabolome
0.3102273902412535,metabolome
-0.0687189898305466,metabolome
0.3428546209073715,metabolome
0.0363769002010698,metabolome
0.2302567956810868,metabolome
0.4992460420996245,metabolome
-0.3213622558939604,metabolome
-0.1687896476928888,metabolome
1.91869067043624,metabolome
0.2902190566807592,metabolome
-1.1357870243145638,metabolome
1.253511929409637,metabolome
1.212079160578735,metabolome
0.8789998169732041,metabolome
0.4018679550368498,metabolome
-0.059675908438141,metabolome
0.4630324814149918,metabolome
1.9595163104959583,metabolome
1.471188510244092,metabolome
0.3563748925312519,metabolome
2.388631832202237,metabolome
0.6056270138897002,metabolome
1.819957259419417,metabolome
0.2865957318843495,metabolome
0.7214502645234792,metabolome
-0.7106660825725716,metabolome
-0.8232264029995773,metabolome
0.6026994505301936,metabolome
0.5303217693627286,metabolome
0.7564623798587825,metabolome
-1.969423631257867,metabolome
1.2985422326759513,metabolome
-1.5279810473924225,metabolome
0.3409017725907205,metabolome
-1.205212827123331,metabolome
1.1860801317763203,metabolome
-1.4168570491248171,metabolome
0.329121553590289,metabolome
0.9488278327867914,metabolome
0.3379129406867702,metabolome
0.5574098842362706,metabolome
1.6532161442614608,metabolome
-1.2622511905872156,metabolome
-0.3257853601928401,metabolome
0.3066647010266741,metabolome
1.040572670508066,metabolome
-0.6092410682556861,metabolome
3.0607246563055326,metabolome
-0.2285295073377302,metabolome
-0.3215024406031221,metabolome
-0.8009713939071587,metabolome
1.0470941359166506,metabolome
0.7979526850746856,metabolome
-0.9201556859306592,metabolome
-0.7859213019392619,metabolome
-0.5625919190424453,metabolome
-0.4293148760477132,metabolome
2.171456983591581,metabolome
0.5791290581241729,metabolome
1.7040679505223475,metabolome
-1.7190703104143112,metabolome
0.4214249523070246,metabolome
-0.5283269918678011,metabolome
-1.0348227574764504,metabolome
1.267761808138718,metabolome
0.1527177088097279,metabolome
0.4827126727445745,metabolome
0.5465307768427402,metabolome
-0.4027485172882438,metabolome
1.0540397215742727,metabolome
1.5480583680832034,metabolome
-1.366212388101614,metabolome
-0.0451758914664124,metabolome
0.2894452505884277,metabolome
-0.2215414686787258,metabolome
-1.105635883982646,metabolome
0.0968439776612117,metabolome
-0.9114644469904626,metabolome
1.122598097819385,metabolome
0.6846927510625738,metabolome
-0.6219937797601163,metabolome
0.0330620815641824,metabolome
0.9036482908628956,metabolome
-0.0459773695804272,metabolome
-1.2354672180835666,metabolome
-1.157427274973314,metabolome
-0.2111116736048101,metabolome
-1.4743686417428037,metabolome
-0.8505375778180793,metabolome
-0.5527340006239353,metabolome
-0.2179540981560438,metabolome
0.5796393723089543,metabolome
-0.198981237373639,metabolome
-0.7732912414971505,metabolome
1.1319160222868656,metabolome
2.391968402111925,metabolome
1.4736562345663986,metabolome
2.0089026675951898,metabolome
1.9279524279286364,metabolome
2.250321089272349,metabolome
2.649619435454845,metabolome
1.7584689276845802,metabolome
-0.2512047712233651,metabolome
0.9828700178316716,metabolome
1.7401673528901047,metabolome
-1.1418208725344936,metabolome
0.9797363740906057,metabolome
1.0278317555385077,metabolome
1.3909185492054532,metabolome
2.238123612950081,metabolome
-0.1710765535504128,metabolome
0.4506721150671725,metabolome
1.0021559611698652,metabolome
1.793719236616242,metabolome
0.5233937233475403,metabolome
0.2786450997928725,metabolome
0.7726988227110577,metabolome
1.5018378066778113,metabolome
2.2406866052600827,metabolome
3.19666196208123,metabolome
0.90559062487425,metabolome
-1.1447456381858798,metabolome
-0.4592699418415422,metabolome
1.350707032945256,metabolome
1.4244900037343249,metabolome
0.8874512834391779,metabolome
0.6840455585281183,metabolome
1.280689435345702,metabolome
1.4026602490462488,metabolome
0.4964008624326468,metabolome
-1.5380305550774849,metabolome
-0.8605870281642718,metabolome
0.6175558410908797,metabolome
-1.934531114094725,metabolome
0.5935710947284655,metabolome
0.3264133627733881,metabolome
0.5442099711094582,metabolome
-1.3449603473913037,metabolome
1.5127288862581492,metabolome
1.1611123496799725,metabolome
1.486105263432439,metabolome
1.0249626915236958,metabolome
1.1501183544260412,metabolome
1.7498802537452345,metabolome
1.111073698390605,metabolome
0.7710715548234484,metabolome
0.2422136809717467,metabolome
-0.7279914531610019,metabolome
0.9072491159113456,metabolome
0.6023214547644731,metabolome
0.6625583083012276,metabolome
0.3666156528150429,metabolome
-0.2371810931156396,metabolome
0.054250353830171,metabolome
1.3598735168014704,metabolome
1.893974264615209,metabolome
0.7442922544246007,metabolome
0.9349142867774606,metabolome
1.4554507082563728,metabolome
1.447185952195824,metabolome
-0.1758247996548884,metabolome
-0.8987987298026903,metabolome
0.1239926495054166,metabolome
0.684372713261246,metabolome
0.3399965471540631,metabolome
1.3643473549049114,metabolome
0.6633560228420778,metabolome
0.8557186354595162,metabolome
-0.2776037941498059,metabolome
-0.3683849118420933,metabolome
-2.448893398527372,metabolome
2.0470251546035243,metabolome
1.1665205227320783,metabolome
1.063604391800029,metabolome
0.1576938969866347,metabolome
-1.3656427550595227,metabolome
0.8744171914996948,metabolome
0.1334946585901856,metabolome
-2.0357531349977163,metabolome
-2.356433391991735,metabolome
0.4834965282607824,metabolome
0.9765177303255868,metabolome
0.5171256398906685,metabolome
0.2705272045503001,metabolome
0.3385115289963449,metabolome
1.5142975159426948,metabolome
-0.0227717785661343,metabolome
1.6395354321271305,metabolome
1.5236797717251247,metabolome
-1.6787600828563278,metabolome
0.775906199579787,metabolome
1.1143372156044846,metabolome
0.4456798536824083,metabolome
1.3337132329238812,metabolome
1.465563486716711,metabolome
0.0449603377039093,metabolome
-1.1316905921198093,metabolome
0.4139494975849549,metabolome
1.1519563265216357,metabolome
0.2027680794424549,metabolome
-0.017879078566091,metabolome
0.9758058851132028,metabolome
1.9766003566141364,metabolome
1.5489332739686137,metabolome
1.353171793796733,metabolome
0.6794978255323275,metabolome
1.4579199352854662,metabolome
1.4629851203383468,metabolome
-0.4566961995448211,metabolome
-0.8302384799458817,metabolome
1.957334506781727,metabolome
2.127137811969713,metabolome
-2.334136833947966,metabolome
-1.1330739567241164,metabolome
1.580446079656978,metabolome
1.6876506860342,metabolome
0.8317196254484265,metabolome
1.778671710071709,metabolome
-0.0900362029598418,metabolome
-0.1857683036531369,metabolome
0.8306576386719747,metabolome
1.4587437251423043,metabolome
-0.7221178604209836,metabolome
0.7104895127026496,metabolome
0.5388110022312751,metabolome
-0.9770840031814508,metabolome
0.3290499005467871,metabolome
0.6505590797231134,metabolome
-0.1145167941147582,metabolome
1.961569359530849,metabolome
2.004278578223288,metabolome
0.560540233738223,metabolome
-1.006258391432442,metabolome
0.8781315741525542,metabolome
-1.7297511057882422,metabolome
0.2030325333374871,metabolome
-0.8044505273740498,metabolome
0.826680016456367,metabolome
-1.2757023090455288,metabolome
1.2519705899579272,metabolome
0.9243311841747156,metabolome
0.5315298895022926,metabolome
0.381622119329144,metabolome
-1.088936473655888,metabolome
1.0940653885944451,metabolome
1.7926520369731047,metabolome
-1.292053305364416,metabolome
-2.060698674901199,metabolome
-1.0574055107940377,metabolome
0.857141744517958,metabolome
1.5305596935943562,metabolome
0.5199281998427614,metabolome
-0.845537499507818,metabolome
-0.6264587375327099,metabolome
0.7042555244453271,metabolome
-0.2380105549779178,metabolome
0.82456457579105,metabolome
2.191626805334344,metabolome
1.282262107352355,metabolome
0.7700863254752964,metabolome
0.766030313218126,metabolome
3.15974924896274,metabolome
0.9755442883740774,metabolome
1.2666436044250082,metabolome
2.078701825118978,metabolome
0.4960792025743172,metabolome
0.9609434663544394,metabolome
1.139916846123791,metabolome
-0.6645860890115991,metabolome
-0.2286336119407893,metabolome
0.9807981525976176,metabolome
0.3286088189492877,metabolome
1.037422013493791,metabolome
0.805927818212421,metabolome
-0.2937510844229485,metabolome
-0.410270356106107,metabolome
-0.2865779051609662,metabolome
1.6444071900540729,metabolome
2.318385928657626,metabolome
0.6297330707785822,metabolome
-1.7575102644282878,metabolome
0.5521949585853196,metabolome
0.0624059067030643,metabolome
1.7709431331850949,metabolome
-1.031998023851452,metabolome
0.496526274725639,metabolome
0.896325271933252,metabolome
1.2753509651294224,metabolome
0.5186914492736692,metabolome
0.3172498577711216,metabolome
1.472007216098182,metabolome
1.0879601685231122,metabolome
0.2041651360347742,metabolome
1.216590618902005,metabolome
0.8902430684618188,metabolome
1.3651436500735352,metabolome
2.3507325615054406,metabolome
-0.9317232490338314,metabolome
0.5192943992502391,metabolome
0.5597716621732074,metabolome
-0.0071150693360021,metabolome
0.9785607784946092,metabolome
-0.0726986166103577,metabolome
0.9208615665317312,metabolome
0.9386109098098412,metabolome
1.5632053549987197,metabolome
0.7355394336207676,metabolome
1.046210501584285,metabolome
-0.4534080844190543,metabolome
0.8097175546062393,metabolome
0.083520319219501,metabolome
2.3951784350801795,metabolome
2.2649104062665546,metabolome
0.1323779558147398,metabolome
-0.273659927179725,metabolome
0.6606685313084544,metabolome
-0.8065975751329324,metabolome
-0.901857743612776,metabolome
-1.033440453022265,metabolome
-0.5147808522308494,metabolome
-1.2365445338392265,metabolome
-0.8655558281486557,metabolome
-0.1921829696051166,metabolome
-0.4720269287368078,metabolome
0.8791131810879234,metabolome
0.7137309471485247,metabolome
-0.2159777976601408,metabolome
-0.3531441091067507,metabolome
0.7532932984073425,metabolome
-0.3649991324616411,metabolome
0.7202624955381158,metabolome
0.503268617189209,metabolome
-0.5815068081208513,metabolome
0.0754169917231215,metabolome
0.8098795095228019,metabolome
-0.9490420083275029,metabolome
-0.7548769285420985,metabolome
-0.3328586751888789,metabolome
1.834169778154624,metabolome
1.777918738692551,metabolome
-1.1663525357391529,metabolome
-0.0337574103136248,metabolome
0.556265162991203,metabolome
0.6851350655543137,metabolome
0.2164077681245205,metabolome
0.3803374261025296,metabolome
0.4738650283388652,metabolome
0.6698741788132855,metabolome
0.8029876816733375,metabolome
0.4289236856144833,metabolome
0.1457812756232105,metabolome
-0.4329640844495782,metabolome
0.0082863975610273,metabolome
0.8079776317890285,metabolome
0.6083326085818366,metabolome
0.6001398120181344,metabolome
0.0602847429641773,metabolome
-2.0629634361222204,metabolome
0.6443109170940536,metabolome
1.718044254433118,metabolome
1.1043374965078585,metabolome
1.236742282195705,metabolome
0.5743228894028145,metabolome
2.5615480548960274,metabolome
0.8069679516779436,metabolome
-0.1292177832815622,metabolome
-0.7851662153222712,metabolome
-0.2713313836436351,metabolome
-0.0618906581317597,metabolome
-0.0599444586320118,metabolome
-0.0812197598631442,metabolome
-0.0899015975458867,metabolome
-0.3300250839008094,metabolome
0.6064985138525913,metabolome
0.7498359302641354,metabolome
-0.3594590022140617,metabolome
-0.1719554920370363,metabolome
0.7233348780275682,metabolome
-1.7338989403407885,metabolome
0.2338610822292231,metabolome
-0.0574213948355594,metabolome
-0.3475038476732448,metabolome
1.94908912799198,metabolome
2.1095937706172143,metabolome
0.4837280171545549,metabolome
-1.2063313425383262,metabolome
-1.036241256242128,metabolome
-1.3699538676439702,metabolome
0.7367315308439093,metabolome
1.8978651862804368,metabolome
0.7340874739600298,metabolome
-0.9903496959565096,metabolome
2.6952832307215018,metabolome
0.2432140543810254,metabolome
-0.2417753685739962,metabolome
1.2546807047786437,metabolome
0.8733904567319029,metabolome
1.1003575296488266,metabolome
-1.522461610946687,metabolome
1.17934877752656,metabolome
0.0438398935242696,metabolome
-0.897319179707781,metabolome
1.1087124656692742,metabolome
0.7302581802809613,metabolome
-0.2195085362745696,metabolome
1.2726874261456589,metabolome
0.7848176027643536,metabolome
-0.0215161628237529,metabolome
0.8279939461522529,metabolome
-0.0636941903487331,metabolome
2.7600057423188207,metabolome
0.0291083566227359,metabolome
1.6266672427897466,metabolome
1.480864916272813,metabolome
2.078742227376959,metabolome
1.3897353393773488,metabolome
0.6304433705141669,metabolome
-0.2736717901188895,metabolome
-1.177925195848101,metabolome
1.93083558306503,metabolome
-0.2897524032543289,metabolome
0.0213736788429244,metabolome
0.6664758923663154,metabolome
0.4329777940468263,metabolome
0.3703480148515644,metabolome
0.1089818561167079,metabolome
1.5649644741960342,metabolome
1.8800485605726915,metabolome
3.618901585240444,metabolome
1.292142463181048,metabolome
-0.9474950641177912,metabolome
2.0636061495956697,metabolome
2.809945760922872,metabolome
-1.195591109730516,metabolome
1.6920854524740516,metabolome
1.6492677413757817,metabolome
-0.0659456795508011,metabolome
0.2357068836680819,metabolome
1.948215532008704,metabolome
-0.6972463769997191,metabolome
0.753705850690487,metabolome
-1.1258843529324207,metabolome
-0.114219754172946,metabolome
0.9660313656952773,metabolome
0.8730252685150209,metabolome
-0.0510463031832383,metabolome
-0.3173524023611179,metabolome
-1.0779846023840214,metabolome
-0.840368798539089,metabolome
0.5882814170125319,metabolome
-0.0675645796852371,metabolome
-0.1658536911094445,metabolome
-0.563380288595035,metabolome
1.6212209595338742,metabolome
-0.1926271278875828,metabolome
1.00605342738228,metabolome
-0.0710533386813503,metabolome
-1.2284141764458627,metabolome
-0.7786972665940707,metabolome
1.137668169390218,metabolome
0.9490589926365864,metabolome
3.75000316397276,metabolome
-0.5237569213767942,metabolome
0.3956479429821772,metabolome
0.1870045743831007,metabolome
-0.1908458910051632,metabolome
0.6737365207480426,metabolome
-0.998742567195768,metabolome
1.0318361978466153,metabolome
-0.2413335081390674,metabolome
1.6543997585938912,metabolome
-0.7675960551913142,metabolome
0.5570976370500205,metabolome
0.5290624917518952,metabolome
0.8163622494036484,metabolome
1.306655987940135,metabolome
-0.587330124270054,metabolome
0.4260552273621166,metabolome
0.2974228702149634,metabolome
0.2782617387026385,metabolome
0.885770077671726,metabolome
1.0274368433474448,metabolome
-2.146885799979715,metabolome
-1.2197234521363294,metabolome
0.4609043081392405,metabolome
-0.9220928919402008,metabolome
-0.4743371071831346,metabolome
-0.1162579284568591,metabolome
-0.5360227887831833,metabolome
-1.5453687946668675,metabolome
1.3919724360779997,metabolome
0.1290018722386427,metabolome
-0.2094423653811954,metabolome
-0.6613230716666438,metabolome
-0.9525228159103512,metabolome
0.7966592522764356,metabolome
-0.379611210770961,metabolome
0.2875433174234154,metabolome
1.704369321247507,metabolome
1.1763461084904536,metabolome
0.5158574777676815,metabolome
2.1944672310731117,metabolome
0.2520300613940238,metabolome
0.2573219155766187,metabolome
0.1537596024031191,metabolome
-1.241089730053613,metabolome
-2.040607958252453,metabolome
2.141177232218593,metabolome
-0.0568837869960534,metabolome
2.014388140504385,metabolome
1.231852496045573,metabolome
0.4431920509102727,metabolome
-0.208503032718911,metabolome
-0.3298969295199722,metabolome
-2.6855158305197837,metabolome
1.5500109738582055,metabolome
-0.0174671601034469,metabolome
-0.0232496818665444,metabolome
0.2724523207497344,metabolome
-0.067930532890528,metabolome
0.2298035804598506,metabolome
0.3356275312092333,metabolome
-0.3835795974016252,metabolome
1.3263713920896942,metabolome
0.1364107796292474,metabolome
-0.5775655013095286,metabolome
0.7608891208093679,metabolome
-0.1213099872487005,metabolome
-0.5701557285440023,metabolome
1.3814455954587437,metabolome
-0.8087456610708433,metabolome
1.044486328590646,metabolome
-0.983723518771115,metabolome
1.531537507296192,metabolome
1.4135425257857863,metabolome
2.6388617377507257,metabolome
0.8326985375596513,metabolome
-0.7891547753335263,metabolome
-0.7708192980338249,metabolome
1.2210489719584237,metabolome
1.6751443974202302,metabolome
-0.8265040973339096,metabolome
-0.5670212802088597,metabolome
-0.9370472987445398,metabolome
-0.686320128101331,metabolome
-1.089174955249408,metabolome
0.9891226699239378,metabolome
1.0467818221074736,metabolome
-0.8921699579038369,metabolome
-1.207873907660285,metabolome
1.222370634021263,metabolome
1.5869153884642753,metabolome
-1.3086059805195451,metabolome
0.1494346721981431,metabolome
-0.7488937263347002,metabolome
-0.2686971478747979,metabolome
-2.0127517321560773,metabolome
0.6624857529328559,metabolome
-0.6716743329049296,metabolome
1.922278164792836,metabolome
-1.4168584553836487,metabolome
0.5058401990016169,metabolome
1.7824827029015693,metabolome
1.29284431115617,metabolome
1.0875014982011246,metabolome
-1.107756052540373,metabolome
0.4025674506925051,metabolome
-0.89882023436949,metabolome
-0.3346467564886871,metabolome
-0.702541636325242,metabolome
0.4778403443846037,metabolome
-0.2015099061630703,metabolome
0.3327573653238334,metabolome
-0.8825696183307177,metabolome
-0.7047136830326641,metabolome
-0.6522257697525428,metabolome
-0.6031941853728273,metabolome
-1.498380713849479,metabolome
1.8373147070035225,metabolome
-0.745335607538627,metabolome
1.011445792393738,metabolome
0.6130718343395479,metabolome
0.6920991702352565,metabolome
-0.4396232945266971,metabolome
1.198757621887852,metabolome
-1.2999392785379669,metabolome
-0.584555314387285,metabolome
1.7627898394413417,metabolome
-2.508012514209621,metabolome
0.4974347597454495,metabolome
-0.9210817394137646,metabolome
0.0708313700139801,metabolome
-1.285253707346139,metabolome
-1.6056950945705248,metabolome
1.5019317082988333,metabolome
-0.5881062587340874,metabolome
-1.478690640556367,metabolome
-0.4894499547192572,metabolome
-1.094916917517222,metabolome
-0.3039538352522441,metabolome
0.811410271221481,metabolome
-1.7783577953189271,metabolome
0.2033540201208323,metabolome
1.7362656566541506,metabolome
1.5133300189473835,metabolome
2.168816230876554,metabolome
-0.5847649879691251,metabolome
-0.2555080032036179,metabolome
0.3209837109249846,metabolome
0.9246257145292556,metabolome
-1.1394971392868531,metabolome
1.7085798029281691,metabolome
2.624845767303567,metabolome
0.6026577827277223,metabolome
1.2972267540955404,metabolome
-0.2278125874839959,metabolome
-0.5791506085532792,metabolome
0.6250195033872937,metabolome
-1.697864135116844,metabolome
-0.4952130055466205,metabolome
2.728634548336723,metabolome
1.2694337696107274,metabolome
