gene,rev2,rev5
ZDHHC20,-0.8562162162162162,-0.9462162162162164
MTRF1,-0.1954054054054054,-0.287027027027027
RING1,0.2035135135135134,0.2394594594594594
CASP1,-0.5659459459459463,-0.6597297297297298
TMEM260,0.2240540540540541,0.0170270270270271
CHMP4B,-0.1870270270270268,-0.1527027027027026
ABCC6,-0.4602702702702704,-0.2294594594594594
FTLP14,-0.2483783783783785,-0.2
NAPRT,0.2743243243243243,0.1629729729729728
ANPEP,-0.9810810810810808,-0.9254054054054048
GCOM1,-0.5448648648648646,-0.3094594594594594
WWC2,-0.4737837837837835,-0.3375675675675673
TMSB4XP6,-0.6640540540540543,-0.7721621621621624
HLA-G,-0.2670270270270269,-0.3378378378378376
CKS1BP3,0.5624324324324327,0.5775675675675679
TMEM205,-0.3137837837837837,-0.3837837837837837
DCAF8,0.1608108108108108,0.2248648648648649
NBPF15,0.2867567567567566,0.3175675675675677
SLC18B1,-0.6697297297297296,-0.9972972972972972
EBF1,0.6640540540540543,0.7662162162162165
SERINC1,-0.1718918918918918,-0.1537837837837837
GOLGA6L5P,0.3894594594594595,0.3956756756756756
YBX2,0.2567567567567567,0.2167567567567568
ENO1P3,-0.4375675675675675,-0.2556756756756755
TAF3,0.1764864864864866,0.0497297297297298
EIF4BP7,0.7370270270270275,0.6464864864864868
HAUS4,0.3310810810810809,0.1486486486486487
NUAK2,-0.1927027027027026,-0.2637837837837837
MED8,-0.2213513513513514,-0.302972972972973
GNB1,-0.4464864864864862,-0.4043243243243242
BBS5,-0.2291891891891892,-0.165135135135135
HNRNPA1P41,0.2627027027027027,0.1786486486486485
RBMS1P1,-0.385945945945946,-0.1018918918918917
PLVAP,-0.5181081081081079,-0.5656756756756757
RORC,0.2089189189189189,0.1062162162162162
ARHGAP20,-0.5718918918918918,0.1937837837837838
MAFTRR,0.5905405405405407,0.573243243243243
RENBP,-0.6283783783783784,-0.6140540540540542
ZCRB1,-0.3156756756756758,-0.3024324324324324
YWHAH,-1.217297297297297,-0.9967567567567568
FAM72A,-0.7418918918918918,-0.8972972972972973
RUNX1T1,0.3516216216216213,0.4443243243243243
RYR1,-0.2462162162162162,-0.2435135135135135
RLIMP1,0.3027027027027026,0.3386486486486487
NDUFS5P4,0.1567567567567567,0.0205405405405405
EEF1DP7,0.1929729729729729,0.1491891891891892
TPBG,-0.3748648648648648,-0.5851351351351352
TET1,0.7099999999999999,0.6164864864864864
EIF3H,0.4843243243243242,0.0813513513513514
CCDC173,0.2710810810810811,0.2575675675675676
YTHDF2,-0.2818918918918918,-0.188918918918919
NR4A1,-0.8213513513513513,-0.9824324324324324
GGNBP2,0.3929729729729731,0.2710810810810811
AP3S2,0.1610810810810812,0.2243243243243244
SPDYE1,0.1489189189189188,0.1591891891891891
TRAV21,-0.2105405405405405,0.0532432432432432
FAM83D,-0.2502702702702702,-0.2405405405405405
TXNL4A,-0.5962162162162162,-0.4051351351351352
LCP1,-3.4645945945945944,-4.392162162162162
SNAR-A4,-0.4116216216216215,-0.3940540540540541
RPP40,-0.5281081081081083,-0.3456756756756755
CTSO,-0.2675675675675676,-0.388108108108108
CXCL2,-0.4259459459459461,-0.3008108108108108
DDX50,0.3613513513513512,0.1551351351351349
NDOR1,-0.2537837837837837,-0.0832432432432432
ZMYM2,0.2340540540540541,0.2075675675675676
EIF4A2P1,0.362972972972973,0.1867567567567567
URAD,-0.6305405405405407,-0.3089189189189188
UTP6,-0.3375675675675675,-0.1902702702702703
LYZ,-3.774324324324326,-4.819999999999999
LIN28B,0.2194594594594594,0.0372972972972972
ZNF654,0.2121621621621623,-0.0799999999999998
LYNX1,-0.4097297297297297,-0.217027027027027
FXYD6,-0.2691891891891892,-0.2075675675675676
IBTK,0.1002702702702699,0.079189189189189
KIAA1586,0.2856756756756757,0.19
EFNB2,-0.3781081081081079,-0.2197297297297296
MRPL15,-0.2564864864864864,-0.1162162162162161
PAN3,0.1986486486486486,0.0910810810810811
RUNX2,-0.2700000000000001,-0.6086486486486485
DCUN1D5,-0.1897297297297297,-0.2762162162162161
PLEC,-0.4564864864864865,-0.3335135135135135
SLC47A1,-0.2202702702702701,-0.1989189189189189
KDM1B,-0.2602702702702702,-0.4443243243243244
SEPHS2,-0.178108108108108,-0.2108108108108108
CNN2P7,0.1727027027027027,0.108108108108108
HPGDS,-1.6154054054054052,-1.8440540540540544
RN7SL138P,-0.2740540540540541,-0.3040540540540539
TYRO3,0.616756756756757,0.7864864864864866
FTH1P5,-0.5810810810810808,-0.4418918918918919
DPP8,-0.3118918918918917,-0.1859459459459458
KCNE4,-0.2321621621621621,-0.1291891891891891
SAA2,-0.6227027027027029,-0.0686486486486485
ZBED6,0.1799999999999999,0.1218918918918917
SEC23A,-0.2932432432432433,-0.0843243243243243
MAT2B,0.3424324324324323,0.0245945945945944
AASS,1.6943243243243242,1.4705405405405407
CDC14B,0.2645945945945945,0.2654054054054052
EFNA1,0.3054054054054054,-0.0105405405405405
CSF2RB,-0.4570270270270269,-0.7229729729729731
NCBP2L,-0.1159459459459459,-0.0602702702702702
LAMP3,-0.3694594594594595,-0.4662162162162162
PLEKHG2,-0.1905405405405404,-0.0862162162162162
FASTKD1,-0.242972972972973,-0.2954054054054055
FLVCR2,-0.667837837837838,-0.790810810810811
THSD1,0.2991891891891894,-0.208108108108108
THAP3,0.2767567567567567,0.1508108108108107
CCKAR,-0.1875675675675676,-0.0616216216216216
FAM72D,-0.5318918918918919,-0.5299999999999996
AKR1B1P4,-0.1645945945945947,-0.1829729729729729
ATP6V0D1,-0.9081081081081076,-0.8016216216216214
ACVR2A,0.6327027027027028,0.2310810810810811
ARFIP2,-0.1445945945945948,-0.1802702702702704
POMP,-0.6564864864864867,-0.3845945945945946
WHAMMP3,0.4408108108108107,0.3864864864864863
AQP7,0.8391891891891892,1.0340540540540544
PPARG,0.6440540540540542,0.5764864864864865
CHN1,-0.724054054054054,-0.847027027027027
RASSF5,-0.7791891891891893,-1.1216216216216215
PRKRIP1,0.2751351351351352,0.2262162162162161
NSA2,0.4597297297297298,0.3721621621621622
KIAA1328,0.1305405405405405,0.1529729729729728
ZKSCAN3,0.4916216216216215,0.2408108108108109
XCR1,-0.2002702702702702,-0.0189189189189189
ACAT2,-0.3029729729729729,0.0718918918918919
MGP,-0.9410810810810804,-1.4697297297297292
SCFD1,-0.3756756756756756,-0.3613513513513512
EEA1,-0.8221621621621621,-0.4983783783783787
USP9YP1,-0.2378378378378379,-0.1343243243243243
SLC2A3P2,0.5151351351351352,0.3224324324324323
SNRPEP6,-0.174054054054054,-0.2278378378378378
SNRNP70,0.3237837837837837,0.2627027027027028
AKAP9,0.3905405405405405,0.5056756756756757
EIF1AXP1,-0.1475675675675675,0.0829729729729729
MIRLET7A1,0.3048648648648649,0.3129729729729729
RN7SL688P,0.2256756756756756,0.102972972972973
PRPF4B,0.3105405405405405,0.2729729729729729
ENO1,-0.3572972972972973,-0.5021621621621621
PRR12,0.2062162162162162,0.1005405405405405
HVCN1,-0.1729729729729729,-0.2859459459459459
VWFP1,-0.2527027027027026,-0.0891891891891891
RTKN2,-0.2432432432432431,-0.1713513513513512
CD83,-1.599189189189189,-1.9905405405405407
CARD6,-0.5440540540540539,-0.6356756756756756
DPY19L1,-0.2381081081081079,-0.2632432432432431
MRTO4,-0.3356756756756757,-0.3251351351351351
ATP5LP6,0.1854054054054054,0.3151351351351352
MRPL17,-0.4002702702702702,-0.3310810810810812
AK4P6,0.2562162162162163,0.2194594594594595
AIDA,0.1737837837837837,0.3908108108108108
MRPS23,-0.4932432432432432,-0.4451351351351353
TUBD1,0.5375675675675674,0.352162162162162
CACNA2D1,-1.804054054054054,-1.3154054054054052
MYSM1,0.3099999999999999,0.2091891891891892
TCEB1P2,-0.2097297297297298,-0.0240540540540541
PLIN5,0.4710810810810811,0.3913513513513513
MTCYBP23,-0.7686486486486487,-1.5137837837837838
ZFYVE21,0.2424324324324322,0.2872972972972972
DDX43P1,0.2008108108108108,0.2354054054054053
VPRBP,-0.2897297297297297,-0.1167567567567568
DMXL2,-0.7854054054054055,-0.8727027027027024
PARD6B,-0.287027027027027,-0.2651351351351352
PGDP1,-0.3143243243243243,0.0697297297297297
RASGRP4,-0.3672972972972974,-0.5475675675675676
RAI2,0.7970270270270274,0.8605405405405406
DNASE2B,-1.3659459459459462,-1.4267567567567567
IGF2BP2,0.2954054054054054,0.4205405405405407
RN7SKP74,0.2443243243243242,0.1821621621621619
REL,-0.670810810810811,-0.822972972972973
NPC2,-1.1864864864864864,-1.6972972972972968
EXOSC2,0.3018918918918918,-0.1148648648648648
PEG3,0.3124324324324324,0.2118918918918917
FHOD3,0.7410810810810812,0.8521621621621623
PSMA3,-0.4370270270270273,-0.2959459459459461
IRS2,0.9364864864864868,1.1294594594594591
SLC39A14,-0.4254054054054053,-0.4872972972972971
ST13P2,0.3527027027027028,0.3902702702702704
TRMT1L,0.2916216216216217,0.1735135135135135
ETV5,-1.035135135135135,-0.8294594594594594
PRKXP1,-0.1999999999999998,-0.1267567567567566
PNKD,-0.3067567567567568,-0.2483783783783782
SSH2,0.1875675675675673,-0.0900000000000001
TOX,-0.2681081081081081,-0.3194594594594594
MYOG,-0.2456756756756756,-0.0781081081081081
PPM1L,-0.3440540540540541,-0.1929729729729729
ZMYND10,-0.1899999999999999,-0.0686486486486486
ANTXRL,-0.1883783783783784,-0.2245945945945946
RNA5SP263,0.5394594594594597,0.6164864864864869
MTCO2P20,0.2164864864864864,0.0918918918918919
TNRC6A,0.211081081081081,0.2632432432432433
MT1E,-0.3378378378378378,-0.7972972972972971
FECHP1,0.1443243243243244,0.0294594594594594
RNF103,0.2659459459459461,0.1902702702702703
ALDH3A1,-0.1754054054054054,-0.1845945945945945
SNAP29,-0.2627027027027026,-0.0713513513513514
NUTM2HP,-0.2164864864864863,-0.0851351351351351
SNRPGP6,0.1994594594594594,-0.1127027027027027
LPIN2,0.361081081081081,0.2391891891891892
ANXA4,-0.5486486486486488,-0.7932432432432432
ST13P18,0.4256756756756756,0.5424324324324326
RHOXF1,-0.5327027027027026,-0.4527027027027027
TROVE2,0.2267567567567567,0.1289189189189189
S100PBP,0.2716216216216215,0.2643243243243245
ST3GAL6,0.7232432432432433,0.724864864864865
USP51,0.1859459459459459,0.0986486486486485
CPSF7,0.2927027027027026,0.4535135135135134
PDE8B,0.7078378378378377,0.8337837837837838
SF3B3,0.3535135135135134,0.1986486486486486
LOX,-2.348918918918919,-1.855945945945946
MFNG,-0.271081081081081,-0.2391891891891889
TM6SF1,-0.9513513513513514,-1.1029729729729731
TAS2R19,0.228918918918919,0.1735135135135135
HSPB11,0.2175675675675676,0.2037837837837835
RNA5SP440,0.4594594594594596,0.7110810810810809
RNF146,0.2083783783783782,-0.0113513513513514
HCCS,-0.3875675675675676,-0.1532432432432434
GDF10,-0.3383783783783784,-0.2908108108108108
TUBA3C,-0.4210810810810811,-0.1986486486486486
CHAT,-0.1689189189189189,0.0337837837837838
UBE2Q2P12,0.3578378378378378,0.6154054054054054
SOGA1,-0.235135135135135,-0.1813513513513513
HMGCR,-0.3683783783783783,-0.4340540540540541
PDF,0.2316216216216216,0.0624324324324324
RN7SL223P,-0.1583783783783783,0.0435135135135135
MRGPRX3,0.1648648648648648,0.0362162162162162
FTLP17,-0.3002702702702702,-0.2875675675675674
WDR86,0.1118918918918919,0.1889189189189189
WBP1L,-0.4997297297297298,-0.3072972972972972
MACSL1,-0.3621621621621621,-0.4018918918918919
CEACAMP6,0.2610810810810811,0.2227027027027026
PODN,0.6937837837837841,0.3067567567567568
RBM47,-0.7972972972972973,-0.9121621621621616
BAZ2A,0.3621621621621623,0.5016216216216218
PYGM,1.2481081081081082,1.054054054054054
XPO7,-0.1267567567567567,-0.1883783783783784
CFL1P2,-0.2713513513513513,-0.0127027027027027
EIF4G1,-0.5445945945945947,-0.0799999999999997
NXT1P1,-0.2054054054054053,-0.1510810810810811
TMTC2,-0.4251351351351351,-0.5475675675675674
RN7SL285P,-0.1902702702702703,-0.0262162162162163
NAALAD2,1.4297297297297298,1.3062162162162163
PPARGC1B,-0.1805405405405405,-0.0651351351351351
THAP7,0.1891891891891892,0.1194594594594595
OSBPL11,-0.9732432432432434,-1.0016216216216214
ZNF141,0.4486486486486486,0.3378378378378378
DOLK,-0.1962162162162161,-0.1102702702702702
ADAM21P1,0.1383783783783783,0.1583783783783783
PPIAP26,-0.1881081081081081,-0.0108108108108108
FBXO18,0.1802702702702704,0.2010810810810811
NLRC4,-0.6310810810810811,-0.8002702702702701
FUT10,0.2494594594594595,0.1475675675675677
MTCO1P19,0.2281081081081081,0.2962162162162162
GNAI1,1.0194594594594593,0.9672972972972976
GAPDHP32,0.2043243243243242,0.084054054054054
WDR48,0.3754054054054057,0.2394594594594596
RNA5SP338,0.3335135135135134,0.4051351351351351
ANKHD1,0.2578378378378377,0.1891891891891891
VWA1,-0.3164864864864864,-0.2662162162162163
MTCO1P28,0.1902702702702703,0.2045945945945946
GPSM3,-0.3462162162162162,-0.3781081081081081
MYLIP,0.5456756756756758,0.0281081081081081
DEXI,-0.3218918918918918,-0.5667567567567567
SPINK5,-0.204054054054054,-0.3156756756756757
UBALD1,-0.2351351351351351,0.05
SELT,-0.3327027027027026,-0.3872972972972971
GATSL2,-0.5381081081081082,-0.3672972972972972
RBM10,0.2408108108108108,0.2021621621621622
HEATR3,-0.6375675675675675,-0.571081081081081
ZNF808,0.2908108108108106,0.1878378378378378
LRP3,-0.1294594594594593,0.012972972972973
BCRP3,-0.3543243243243244,-0.0359459459459459
YAP1,-0.5110810810810809,-0.2129729729729728
UBP1,-0.5054054054054057,-0.5602702702702703
RAB38,-0.2102702702702702,-0.3843243243243245
SFT2D3,0.1986486486486485,0.0383783783783783
SNHG23,0.4416216216216215,0.1764864864864865
G6PD,-0.2318918918918917,0.0718918918918918
RNA5SP38,0.2432432432432431,0.394324324324324
MPRIPP1,-0.1821621621621621,0.025945945945946
SLC27A1,0.2237837837837837,0.2118918918918919
MAP1LC3C,0.5681081081081082,0.4094594594594593
ADAMTS6,-0.3435135135135135,-0.3735135135135136
HAVCR2,-1.502972972972973,-1.6397297297297293
ANKRA2,0.3424324324324325,0.0127027027027027
SPTBN1,-0.4251351351351351,-0.2089189189189189
RPP25L,0.2113513513513514,0.2094594594594595
PRDX4,-0.3583783783783787,-0.4970270270270271
PARL,-0.2040540540540541,-0.1783783783783785
RARG,0.3202702702702702,0.0664864864864864
SVBP,-0.2094594594594593,-0.192162162162162
DBP,0.9051351351351352,0.9475675675675675
ABLIM2,-0.1856756756756757,-0.1386486486486487
RN7SKP2,0.3194594594594596,0.1302702702702702
PDZD11,-0.1662162162162162,-0.099189189189189
NUBP1,-0.4172972972972973,-0.6459459459459461
OSTCP2,-0.2791891891891891,-0.4067567567567569
MTND1P36,0.2691891891891891,0.1362162162162163
AGO1,-0.4029729729729728,-0.3699999999999999
EIF4A1P7,-0.2494594594594593,-0.3394594594594594
EWSR1,-0.193243243243243,-0.037297297297297
NCKAP1L,-2.4962162162162165,-2.9259459459459456
UBAC2,-0.1975675675675675,-0.3908108108108106
CPSF3L,0.2227027027027027,0.1448648648648648
VKORC1L1,-0.8916216216216218,-0.364054054054054
SHISA5,-0.484864864864865,-0.2645945945945946
RNA5SP359,0.4151351351351353,0.3805405405405405
TM2D3,-0.5540540540540542,-0.4983783783783783
OR7E136P,0.199189189189189,0.1816216216216216
EEF1A1P11,0.1699999999999998,0.1721621621621624
TM9SF2,-0.4408108108108109,-0.4143243243243244
IRAK1,-0.8148648648648648,-0.6967567567567567
LSM3,-0.2462162162162163,-0.2113513513513516
ACBD4,-0.2075675675675674,-0.1345945945945945
FNTB,-0.3300000000000001,-0.2656756756756756
PER2,0.6481081081081081,0.5383783783783784
LIG4,-0.3032432432432432,-0.1613513513513513
CYCSP4,0.3010810810810811,0.4137837837837838
CNRIP1,0.3862162162162161,0.118108108108108
ZNF568,0.2205405405405404,0.1437837837837836
CADM3,-1.5827027027027032,-1.6394594594594596
DPF2,0.5827027027027025,0.3751351351351349
SLC26A2,-0.4172972972972974,-0.3678378378378378
ANKMY2,0.465945945945946,0.3699999999999999
OFD1P7Y,0.2232432432432431,0.1016216216216215
AOAH,-1.5951351351351355,-2.1767567567567574
OR7E5P,0.1916216216216217,0.2397297297297298
CNDP2,-0.5586486486486489,-0.5978378378378378
PPIAP2,-0.3191891891891895,-0.0556756756756758
NME5,-0.4862162162162162,-0.4224324324324324
PVRL1,-0.7748648648648649,-0.494054054054054
RGS7BP,0.4691891891891893,0.9451351351351348
KLF9,0.4700000000000002,0.3118918918918921
PTPN7,-0.1572972972972972,-0.1529729729729729
NUDT5,-0.6567567567567567,-0.5640540540540541
DMTN,-0.6629729729729729,-0.2081081081081081
LRRC8B,0.4248648648648649,0.5248648648648649
OR10J4,0.2062162162162162,0.1651351351351351
CC2D1B,0.2232432432432431,0.2416216216216215
FUNDC2,-0.2918918918918918,-0.1262162162162163
GBA,-0.8837837837837841,-0.9110810810810812
FAM171A2,-0.254054054054054,-0.2697297297297297
HMGXB3,-0.1872972972972971,-0.1316216216216215
TMEM106A,-0.8170270270270268,-0.8129729729729731
ZNF782,0.2643243243243243,0.1962162162162162
HIST1H1E,0.4481081081081078,0.1454054054054054
UBL5,-0.1535135135135137,-0.2337837837837838
TTC17,0.3162162162162162,0.1799999999999998
GCOM2,0.3194594594594594,0.1497297297297299
MOSPD1,-0.2527027027027028,-0.3551351351351351
ADAMTSL3,0.4832432432432431,0.4935135135135134
RNF6,-0.3218918918918918,-0.0883783783783784
INTS6P1,0.268108108108108,0.1451351351351351
FAR1,-0.4035135135135135,-0.3878378378378379
TIGD7,0.1929729729729729,0.1691891891891892
HTATSF1P2,-0.3354054054054054,-0.1299999999999999
ANKRD20A17P,0.7562162162162159,0.4481081081081079
ANGPT1,-0.6408108108108108,-0.4570270270270271
RNA5SP517,0.2018918918918918,0.0481081081081081
SCARB2,-0.8348648648648647,-0.8083783783783786
TRAPPC2P10,0.1989189189189189,0.164054054054054
PRH1-PRR4,0.4818918918918916,0.2505405405405403
TCIRG1,-0.6645945945945941,-0.6486486486486488
CFAP20,0.4094594594594594,0.2127027027027027
YIPF2,-0.1416216216216216,-0.0894594594594594
ZC3H18,0.1291891891891891,0.024054054054054
ZNF676,0.402162162162162,0.3702702702702701
STK40,-0.5775675675675677,-0.3643243243243243
BAK1,-0.2213513513513514,-0.2632432432432433
TADA2A,0.2599999999999999,0.3086486486486487
PKD2,-0.5667567567567571,-0.5362162162162163
PSMA5,-0.5943243243243244,-0.4135135135135135
HLA-DQA2,-0.9089189189189189,-0.9972972972972972
HMGN2P31,0.1721621621621623,0.0316216216216216
SLC35G2,0.4372972972972974,0.3218918918918919
SAP30BP,0.2537837837837838,0.1775675675675675
TMEM243,0.5645945945945946,0.1389189189189189
MGAT5,-0.4418918918918918,-0.5754054054054055
ATP6V0B,-0.8491891891891891,-0.8578378378378381
OXT,-0.1954054054054054,-0.2424324324324324
CAPN5,-0.2075675675675675,-0.0643243243243244
RTFDC1,-0.1499999999999999,-0.2245945945945945
CCDC167,-0.4208108108108107,-0.3618918918918919
GNAS,0.2064864864864864,0.1089189189189187
CPT1A,-0.5800000000000001,-0.7562162162162164
TMEM128,0.2848648648648648,0.1305405405405404
DUSP3,-0.8162162162162163,-0.523243243243243
OR2D3,0.2448648648648649,0.0937837837837837
MTX1P1,-0.3229729729729728,-0.3548648648648649
PGK1,-0.658108108108108,-0.4143243243243242
RNASET2,-1.223513513513513,-1.6586486486486482
SRSF5,0.3048648648648649,0.2170270270270267
FAM129A,-0.3327027027027026,-0.6362162162162164
SYNE3,0.2245945945945945,0.3670270270270268
TUBA4A,-0.4556756756756756,-0.691081081081081
KMT2C,0.1905405405405406,0.1524324324324324
RN7SL338P,0.2770270270270271,0.3024324324324324
TPST2,-0.4386486486486486,-0.4454054054054054
COQ5,0.1921621621621622,0.2143243243243243
GLRX5,-0.4437837837837836,-0.284054054054054
ST7,-0.3467567567567565,-0.2462162162162161
ZBTB26,0.3886486486486488,0.174054054054054
PDSS1P2,0.1108108108108107,0.1008108108108107
ELOVL6,2.0832432432432437,3.272162162162162
RN7SKP139,-0.1054054054054054,-0.0389189189189189
PMS2P3,0.382972972972973,0.3813513513513514
CDR2L,-0.267027027027027,-0.2435135135135134
SERPINH1,-0.9705405405405404,-0.958918918918919
ANKRD20A5P,0.3694594594594595,0.3318918918918919
DDX46,0.2143243243243244,0.035945945945946
HLA-DPB2,-0.7235135135135136,-0.7483783783783783
MBOAT2,-0.3040540540540539,-0.5302702702702703
RNA5SP449,0.2970270270270271,0.5194594594594596
TOR1AIP2,-0.2013513513513514,-0.15
LIMCH1,-0.8016216216216219,-0.6172972972972974
MTCH2,-0.9383783783783788,-0.5037837837837837
RPRD2,0.3697297297297295,0.52
FST,0.7037837837837835,0.1908108108108107
NNAT,-0.9275675675675678,-0.2783783783783784
FIGF,1.325945945945946,0.751081081081081
CLIC1P1,-0.1105405405405405,-0.1124324324324324
BNIP3P28,0.2275675675675676,0.1932432432432432
PCK1,0.977567567567568,1.4681081081081082
EIF3F,0.382162162162162,0.2740540540540538
RNASEH1,-0.1899999999999999,-0.1491891891891891
UBE2Q2P6,0.377027027027027,0.6300000000000004
LILRB3,-0.6464864864864864,-0.6583783783783783
FAM192A,-0.3262162162162162,-0.265945945945946
FMNL3,-0.3778378378378377,-0.1951351351351351
MSH2,0.28,0.0127027027027028
CLINT1,-0.4572972972972975,-0.4362162162162164
PLIN4,-0.5127027027027028,-0.1662162162162163
CRY1,-0.6154054054054054,-0.2581081081081081
SEPT9,-0.5102702702702703,-0.5316216216216215
BID,-0.6424324324324323,-0.8035135135135134
IL1F10,0.1383783783783783,0.0402702702702703
CYP4A44P,0.2616216216216216,0.2664864864864865
VIPR1,0.4102702702702702,0.5145945945945943
FAM86JP,-0.1929729729729729,-0.1427027027027025
SLC19A1,0.6016216216216214,0.4172972972972972
NFE2L2,-0.2667567567567566,-0.3724324324324322
ITGAE,-0.469189189189189,-0.3672972972972973
INPP5D,-0.4583783783783786,-0.6045945945945945
GOLGA8A,0.368918918918919,0.2783783783783784
YTHDF1,-0.1759459459459457,-0.17
PRPF8,0.281891891891892,0.302972972972973
STS,-1.113243243243243,-0.7089189189189188
CTDP1,-0.2137837837837836,-0.3254054054054053
CORO1C,-1.4562162162162164,-1.0832432432432433
PRPF38A,0.2337837837837839,-0.0483783783783781
ZNF460,0.2799999999999998,-0.011891891891892
PDIA2,-0.1070270270270269,-0.1183783783783783
HSPA8,-0.984054054054054,-0.8332432432432434
TMOD1,0.5337837837837835,0.5364864864864867
ADAM17,-0.6902702702702701,-0.8178378378378378
NDUFA5P9,-0.1921621621621622,-0.0581081081081081
PARP14,-0.4167567567567568,-0.6475675675675676
SNX18P26,0.4810810810810812,0.4551351351351352
CREBZF,0.3645945945945946,0.3532432432432432
FAM117B,-0.1878378378378377,-0.2635135135135134
EXOC8,-0.2094594594594594,-0.1616216216216217
PPP1R11P2,0.2308108108108109,0.0681081081081081
FAM35BP,-0.3432432432432431,-0.2991891891891891
MATK,-0.2813513513513515,-0.2067567567567567
DHRS1,-0.2691891891891891,-0.0913513513513514
ETF1,-0.6948648648648651,-0.4108108108108109
PHBP4,-0.1983783783783782,-0.0145945945945945
ACADVL,-0.2086486486486487,0.0183783783783781
LZTR1,-0.2902702702702703,-0.1483783783783784
TMEM107,-0.2183783783783783,-0.2913513513513512
DAPP1,-0.6700000000000002,-0.8113513513513514
ARHGEF9,0.3397297297297297,0.1310810810810811
PNISR,0.294054054054054,0.3262162162162161
GLRX,-0.9202702702702702,-0.9208108108108106
RN7SL314P,-0.2962162162162162,-0.0713513513513513
CYB561A3,-1.2478378378378376,-0.9694594594594594
XPOTP1,-0.2308108108108107,-0.1643243243243243
RALGAPA1P,0.4237837837837839,0.3540540540540542
SLC22A12,-0.5705405405405406,-0.3875675675675676
GAPDHP26,-0.2481081081081081,-0.1402702702702702
ANP32A-IT1,0.3924324324324324,0.4462162162162161
CD300LF,-0.2427027027027027,-0.4497297297297297
ACOT9,-0.5364864864864866,-0.5740540540540542
TRIM53CP,0.2167567567567567,0.1797297297297297
HIST1H3B,-0.774054054054054,-0.7789189189189191
TJP2,0.295135135135135,0.3743243243243244
MT-TA,0.4689189189189192,0.0281081081081082
USP53,0.2997297297297297,-0.0229729729729729
CRNKL1,0.2778378378378376,0.0418918918918918
MTFR2,-0.2645945945945945,-0.1256756756756757
ARFGAP2,0.3243243243243242,0.1940540540540538
SNRPEP3,-0.1172972972972972,-0.1918918918918919
DPYSL2,-0.2848648648648649,-0.3516216216216215
PAK2,-0.3151351351351352,-0.2037837837837838
TSPAN33,-0.933243243243243,-0.93027027027027
PHC3,0.2043243243243241,0.3545945945945946
TRAM2,-1.1764864864864868,-1.1694594594594598
CDC42-IT1,0.3332432432432434,0.4035135135135136
MS4A7,-2.758648648648649,-3.575675675675676
CPN2,-0.1851351351351351,-0.1581081081081081
OR7E13P,0.486756756756757,0.425945945945946
DLG4,-0.450810810810811,-0.5281081081081083
ACRBP,-0.381081081081081,-0.3937837837837838
C1QA,-1.7632432432432434,-2.284054054054054
FBXO3,0.2370270270270269,0.1256756756756758
RFK,-0.6081081081081081,-0.6351351351351353
UBD,-0.2262162162162163,-0.0194594594594594
GALT,0.315945945945946,0.347027027027027
APOL4,0.4778378378378381,0.2829729729729729
GPATCH1,0.3029729729729729,0.1013513513513512
SEC11C,-0.3081081081081082,-0.3210810810810811
CA12,-0.311081081081081,-0.4172972972972972
ZNF814,-0.2664864864864866,-0.3605405405405406
SYAP1,-0.2175675675675676,-0.0378378378378379
PTGDR,0.3621621621621622,-0.0145945945945945
ADH7,0.4467567567567567,0.2862162162162162
ZDHHC11B,0.2378378378378378,0.2745945945945946
TREML2,-0.2054054054054054,-0.2008108108108107
CTSZ,-1.2494594594594597,-1.3527027027027023
CSPG5,0.314054054054054,0.2970270270270269
EZH2P1,-0.2386486486486486,-0.164054054054054
CBX2,0.1616216216216215,0.1818918918918918
SMPD1,-0.6524324324324323,-0.4491891891891891
REV1,0.4724324324324327,0.1959459459459459
DOK3,-0.3713513513513514,-0.5024324324324325
OR2Q1P,-0.1191891891891892,0.1383783783783784
ZNF493,0.2718918918918918,0.3045945945945946
FIG4,-0.2132432432432433,-0.4413513513513513
VGLL3,-1.4991891891891889,-0.5232432432432431
TMEM139,-0.4667567567567568,-0.1543243243243243
TUBB7P,-0.2486486486486486,-0.1543243243243243
IMMP2L,0.4497297297297296,0.3045945945945946
PHLPP2,0.2532432432432431,0.1505405405405404
MGAT4B,-0.2770270270270269,-0.3983783783783782
VAMP4,-0.4043243243243242,-0.2343243243243241
CPNE2,-0.5097297297297297,-0.1637837837837837
DPYSL3,-0.2443243243243243,-0.4135135135135135
GAR1,-0.3302702702702704,-0.0213513513513514
PPIAL4G,-0.1724324324324325,-0.0232432432432433
SRRM2,0.3564864864864864,0.4345945945945946
ZNF776,0.2081081081081083,-0.0056756756756756
TMEM63A,0.1932432432432431,0.3262162162162164
ZNF471,0.3918918918918919,0.3402702702702703
GLCE,-0.1743243243243242,-0.3308108108108109
EGFR,0.5567567567567567,0.6227027027027029
MTMR2,-0.2456756756756754,-0.3105405405405401
CEP104,-0.3556756756756757,-0.334054054054054
DPY19L3,-0.1759459459459459,-0.3497297297297298
UFD1L,-0.4554054054054054,-0.4189189189189188
MKKS,-0.2262162162162161,-0.4232432432432433
VCAM1,-0.7205405405405404,-1.3237837837837836
KCTD2,0.3964864864864865,0.3648648648648648
CD69,-0.3681081081081082,-0.9778378378378378
SCARNA9,0.317027027027027,0.0962162162162161
METRNL,-0.6505405405405406,-0.4664864864864866
RIIAD1,0.1721621621621621,-0.1045945945945946
PM20D2,0.5143243243243243,0.2729729729729729
ZDHHC2,-0.2078378378378377,-0.3256756756756757
RAB3GAP2,0.1916216216216213,0.1113513513513511
EIF1,0.2354054054054055,0.2483783783783783
ATP6AP1,-0.7648648648648652,-0.9172972972972976
PUS7L,-0.3056756756756755,-0.3578378378378379
RN7SL474P,0.0727027027027028,0.1432432432432433
PDHA2,-0.1589189189189189,-0.1002702702702702
DOCK10,-1.3099999999999996,-1.9221621621621616
TERF1,-0.1721621621621623,-0.0159459459459459
ABHD15,0.2927027027027027,0.2937837837837838
GAPDHP40,-0.2797297297297298,-0.1456756756756758
RN7SL531P,0.0754054054054056,0.0254054054054053
ADGRG4,-0.3348648648648648,-0.2810810810810811
MEOX2,0.2627027027027025,0.0116216216216215
PAXBP1,0.2689189189189189,-0.052162162162162
AUH,0.5681081081081084,0.5224324324324328
BTF3P11,0.3194594594594593,0.2740540540540538
OR7E122P,0.3345945945945946,0.3224324324324324
TNFRSF11A,-0.7783783783783785,-0.914054054054054
ENTPD1,-1.4340540540540545,-1.5889189189189188
FGD1,0.2054054054054055,0.2967567567567569
RFC2,-0.291081081081081,-0.2494594594594594
B3GNT2,-0.6340540540540542,-0.8237837837837839
HGH1,-0.3775675675675676,-0.3535135135135135
FAR2,-1.3102702702702702,-1.3035135135135136
MAS1L,0.1962162162162162,0.0127027027027027
KBTBD8,-0.431891891891892,-0.3581081081081081
TCAIM,0.3456756756756755,0.1986486486486486
LZTS2,0.2002702702702703,0.1902702702702702
CAB39,-0.5764864864864865,-0.5170270270270267
OLFML2B,-0.8708108108108108,-1.1681081081081075
FRMD4B,-1.3037837837837831,-1.7472972972972975
FAM221A,0.2105405405405405,0.252972972972973
FPGS,0.3391891891891891,0.6475675675675677
NODAL,0.187027027027027,0.0008108108108108
WFDC1,-0.2002702702702701,-0.1459459459459458
CTTNBP2,0.331891891891892,0.1970270270270272
FUZ,0.4305405405405405,0.2932432432432431
LAT,-0.1832432432432433,-0.1708108108108107
KRIT1,0.382972972972973,0.4505405405405406
MCM7,0.2516216216216214,0.2072972972972971
MUC1,-0.2135135135135135,-0.0540540540540541
UBE2G2,-0.3464864864864864,-0.2221621621621621
USP25,0.2699999999999999,0.374864864864865
TMSB4XP1,-0.3637837837837832,-0.3524324324324322
CEP95,0.7075675675675676,0.4824324324324324
AJUBA,-0.2513513513513514,-0.1205405405405405
S100A11P1,-0.8597297297297299,-0.680810810810811
SMCO2,-0.2027027027027028,-0.1237837837837837
PNPLA6,-0.5764864864864866,-0.4835135135135135
PMEPA1,-0.9637837837837836,-0.7467567567567568
IGSF9,0.1078378378378378,-0.0462162162162162
SNAR-A8,-0.4116216216216215,-0.3940540540540541
UBL7,-0.2116216216216214,-0.1937837837837835
ACP6,0.5464864864864867,0.7148648648648649
PRKCB,-1.226216216216216,-1.7554054054054051
ZNF280D,0.7472972972972969,0.651081081081081
CES4A,-0.2956756756756756,-0.1835135135135135
CAMSAP1,0.2954054054054053,0.2432432432432432
AGAP5,0.3624324324324324,0.6086486486486488
ZFP91-CNTF,-0.3435135135135135,-0.2491891891891891
PTPN3,1.3381081081081083,1.4056756756756752
STK24P1,0.1632432432432431,0.1072972972972972
INMT,-0.7483783783783783,-0.8629729729729729
PPT1,-1.2686486486486488,-1.562702702702702
ADRB2,0.4183783783783782,0.3843243243243242
MARCH2,-0.5378378378378377,-0.4051351351351351
CEP350,0.1797297297297297,0.0432432432432431
FAM127C,-0.2478378378378378,0.0413513513513512
NCL,-0.209189189189189,-0.1975675675675674
RNA5SP301,0.3735135135135135,0.2951351351351351
PTPN12,-0.2789189189189189,-0.4013513513513513
CLDN15,-0.406216216216216,-0.3937837837837837
GPLD1,-1.376756756756757,-0.9591891891891896
FAM177B,-0.2891891891891892,-0.4232432432432431
CASP1P1,-0.2164864864864865,-0.1916216216216215
OR1M4P,0.2391891891891891,0.2048648648648647
AQP7P4,0.5748648648648648,0.8491891891891891
SREBF2,-0.4364864864864864,-0.0732432432432431
ZNF33BP1,0.3837837837837837,0.3818918918918918
FAM20B,-0.2648648648648649,-0.1578378378378379
MAPRE2,-0.258918918918919,-0.327837837837838
TRIM24,0.2102702702702702,0.2245945945945944
RWDD2A,0.7948648648648653,0.7116216216216219
CALML3,0.1351351351351351,0.0575675675675676
HMGB2,0.8016216216216215,0.465945945945946
ZNF235,0.231081081081081,-0.0013513513513512
PLTP,-1.2667567567567566,-1.5035135135135138
RECQL5,0.2059459459459458,0.0678378378378377
SPSB3,0.272972972972973,0.1843243243243242
VDAC1P6,-0.1837837837837837,-0.0651351351351351
NAV1,-0.5108108108108109,-0.2051351351351354
ERBB4,-0.6118918918918919,-0.4116216216216217
OR8U1,0.1764864864864864,0.0551351351351351
TRAJ35,-0.6267567567567567,-0.973243243243243
SEC16B,0.2243243243243244,0.1221621621621622
CD22,-0.3724324324324323,-0.5129729729729728
RNA5SP376,0.144054054054054,0.0924324324324324
ASB3,0.2381081081081079,0.0410810810810809
PANK4,0.2064864864864865,0.2172972972972972
MAPT-IT1,-0.1308108108108108,-0.1108108108108108
SEL1L3,-0.8632432432432434,-0.8697297297297295
PPIAP15,-0.2654054054054054,0.0218918918918919
SASH3,-0.2689189189189189,-0.3445945945945946
SPNS1,-0.2229729729729729,-0.2005405405405405
DDB2,-0.1913513513513513,-0.1521621621621622
GOLGA5,-0.3475675675675676,-0.3167567567567568
ZDHHC14,-0.337027027027027,-0.2089189189189189
IPO5,0.2813513513513513,0.1770270270270272
GRIP1,0.2905405405405404,0.401081081081081
PPP2R2D,0.3332432432432432,0.1091891891891892
OR7E161P,0.1818918918918919,0.23
HOXA5,0.4578378378378376,0.4729729729729731
BZW1,-0.5932432432432432,-0.525945945945946
SDHD,0.2048648648648648,0.1010810810810809
TRAPPC6A,-0.212972972972973,-0.0354054054054054
PPIAP23,-0.1489189189189189,-0.0208108108108108
MMP12,-0.7818918918918918,-0.7002702702702702
PSPH,-0.1356756756756757,-0.1786486486486487
HIST1H2AJ,-0.345135135135135,-0.4886486486486486
ALOX15P2,-0.1602702702702702,-0.0475675675675675
C1GALT1,-0.6089189189189191,-0.5859459459459462
SLC17A9,-0.4581081081081082,-0.3794594594594593
TRBV21-1,0.1375675675675675,0.0197297297297297
OTUD3,-0.1908108108108107,-0.234864864864865
PLAGL1,0.8954054054054057,0.8064864864864868
HINT1,-0.2337837837837839,-0.2372972972972974
NUCB2,-0.4110810810810813,-0.7478378378378381
LSP1,-0.3005405405405406,-0.5935135135135137
FTLP10,-0.2167567567567567,-0.19
SPG11,0.2751351351351351,0.0724324324324325
PTCD3,0.2994594594594593,0.1429729729729728
FTH1P1,-0.6462162162162162,-0.465135135135135
SIRT5,0.2172972972972972,0.1943243243243243
SLC19A3,1.4048648648648647,1.6554054054054057
RN7SL678P,-0.1813513513513514,-0.0413513513513513
RASSF9,-0.4597297297297297,-0.5424324324324326
GALNT10,-0.5654054054054055,-0.5237837837837839
ANXA2P1,-0.3891891891891892,-0.1945945945945946
ANKRD30BP2,0.2129729729729729,0.0824324324324324
TRAC,-0.4905405405405406,-0.5483783783783784
CFL1P3,-0.7389189189189188,-0.6089189189189189
UBE2Q2P11,0.2467567567567568,0.4808108108108109
PRKACB,-0.4497297297297297,-0.5551351351351352
PABPC1P12,-0.1335135135135135,-0.1378378378378378
FAM206A,-0.2213513513513514,-0.257837837837838
EFHD2,-0.5551351351351353,-0.784054054054054
KRT19P1,-0.1132432432432432,-0.131081081081081
RNA5SP236,0.1070270270270269,0.0472972972972972
AGMO,0.565945945945946,0.3481081081081081
RNF13,-0.211081081081081,-0.3035135135135136
HSPE1,-0.2056756756756759,0.1170270270270268
CACNG1,0.1205405405405405,0.1197297297297297
SGEF,0.3572972972972975,0.3854054054054053
CEP170P1,-0.2213513513513513,-0.4967567567567568
STEAP3,-0.6543243243243244,-0.6316216216216217
TSC2,0.2989189189189189,0.2216216216216217
NVL,0.2454054054054054,0.2048648648648651
PLA2G4A,-0.8289189189189189,-0.6189189189189189
WASH3P,0.5345945945945949,0.4237837837837839
EGFLAM,1.0116216216216216,0.7613513513513512
HMGN3,0.5062162162162164,0.5897297297297299
PFKP,-0.1967567567567566,-0.2845945945945945
DVL3,-0.2743243243243243,-0.1608108108108107
KRT8P15,0.1164864864864864,0.0799999999999999
BHLHE40,-0.8297297297297298,-0.57972972972973
CFAP69,0.2854054054054055,0.4016216216216217
SLC5A4,0.2843243243243242,0.0762162162162161
ACTG1P14,-0.4264864864864866,-0.2391891891891892
FAT3,0.2213513513513512,0.3432432432432431
TMEM106C,0.2272972972972972,0.2167567567567566
PIK3R6,-0.3118918918918918,-0.2113513513513513
KCNN4,-0.2372972972972974,-0.237027027027027
BUD31,0.5505405405405407,0.4635135135135135
SDHB,0.2270270270270271,0.3037837837837837
DYRK2,-0.264054054054054,-0.2548648648648648
TMEM120B,0.5494594594594594,0.8756756756756756
KCNQ1OT1,0.4005405405405406,0.4016216216216215
ATIC,-0.2986486486486487,-0.0981081081081081
ASPA,0.4648648648648651,0.3502702702702706
IP6K2,0.2267567567567567,0.1151351351351351
DGKH,-0.2275675675675676,-0.2635135135135135
FBXO45,-0.1362162162162161,-0.0972972972972973
EIF3EP1,0.1991891891891891,0.2264864864864864
FOXK2,-0.2102702702702703,-0.04
IL18,-1.818648648648648,-1.8999999999999997
PDE4A,-0.2778378378378379,-0.0656756756756757
MUC20,0.2629729729729731,0.3321621621621622
OR2S1P,0.4775675675675674,0.4208108108108108
BRD9P1,0.1721621621621621,0.0486486486486486
GPR137,-0.2502702702702703,-0.1
THADA,-0.4567567567567567,-0.3108108108108107
CDC42P5,-0.2675675675675677,-0.1799999999999999
VAMP5,-0.2027027027027027,-0.2716216216216215
PPIAP3,-0.121081081081081,0.027027027027027
ITPRIPL2,-0.5389189189189192,-0.3400000000000001
HMGN1,-0.1956756756756756,-0.2016216216216214
RN7SL37P,0.2732432432432433,0.0837837837837838
FGF13,-0.5027027027027029,-0.1794594594594595
FOLR3,-0.1935135135135135,-0.267027027027027
ECE1,0.3535135135135134,0.1748648648648648
FAAP100,-0.1789189189189189,-0.1875675675675675
HEATR5A,-0.2186486486486486,-0.0664864864864863
FAM193B,0.5018918918918918,0.4456756756756756
IGSF10,1.2318918918918915,0.4754054054054054
GLTSCR2,0.2621621621621621,0.0213513513513513
ZNF74,0.1383783783783783,0.062972972972973
SNRPGP17,-0.1943243243243243,-0.1372972972972972
CD300C,-0.3240540540540539,-0.2075675675675675
RN7SL422P,-0.261891891891892,-0.0440540540540541
PHTF2,-0.6359459459459457,-0.6772972972972974
BMP2,-0.4483783783783784,-0.3683783783783783
TPTE2P6,0.314054054054054,0.2902702702702703
C1QTNF7,0.6243243243243245,0.5735135135135137
ARIH1,0.3872972972972971,0.3735135135135136
KCNH1,0.2954054054054055,0.1970270270270271
INAFM1,-0.2054054054054053,-0.2486486486486487
KRT87P,0.1105405405405405,0.0991891891891892
HACE1,0.1964864864864865,0.0735135135135134
FAM198A,0.1062162162162162,0.0235135135135134
PLPP3,1.2705405405405403,0.7732432432432432
ARHGAP15,-0.6245945945945945,-1.2164864864864866
FDX1L,-0.3016216216216215,-0.3745945945945945
ATP6V0C,-0.4227027027027025,-0.139189189189189
ADAM28,-0.7727027027027025,-0.927027027027027
CTTN,-0.3337837837837838,-0.2432432432432433
MTHFD1,0.6156756756756755,0.8251351351351347
MTND2P16,0.3,0.1575675675675676
HIBADH,0.2599999999999999,0.0735135135135135
GPS2,-0.258918918918919,-0.2799999999999999
TLR7,-1.8883783783783783,-2.244054054054054
PCNP,0.2021621621621621,0.1656756756756757
FOSL1,-0.3059459459459459,-0.1759459459459458
GPR107,-0.3124324324324323,-0.2708108108108107
CAPSL,0.1989189189189188,0.1132432432432432
ECI2,0.5472972972972971,0.4278378378378378
LSM6P2,0.2818918918918919,0.1013513513513513
CDK5PS,-0.2516216216216214,-0.109189189189189
RHOC,-0.9037837837837838,-0.694054054054054
YPEL1,0.3483783783783785,0.3694594594594594
CHST3,-0.9743243243243244,-0.8086486486486487
MRPL10,0.4243243243243244,0.3940540540540541
ATG101,-0.1797297297297296,-0.2148648648648646
GFRA1,1.235405405405405,0.9262162162162164
HSD17B8,0.2994594594594595,0.2964864864864865
SNN,-0.2845945945945947,-0.0621621621621622
INTS2,-0.378918918918919,-0.3602702702702702
CCDC144NL,0.1954054054054053,0.0332432432432431
KAZN,-0.6864864864864865,0.0013513513513514
TAF13,-0.903513513513513,-0.7881081081081078
HNRNPA1P27,0.3102702702702702,0.4172972972972973
RAB6C,-0.3832432432432433,-0.1764864864864865
CCT3,-0.4078378378378378,-0.3262162162162161
ZNF418,0.2451351351351351,0.0443243243243244
NOTCH2NL,0.1224324324324323,0.0613513513513512
DUSP5,-0.6421621621621623,-0.8613513513513514
PSIP1,0.3308108108108109,0.0924324324324324
PLPP1,-0.8297297297297295,-0.6478378378378377
MRPS12,-0.1845945945945946,-0.1062162162162162
NUP43,0.2321621621621621,0.1329729729729731
TMEM154,-0.53,-1.1213513513513511
FTL,-0.8502702702702702,-0.8572972972972976
SLC38A6,-0.7997297297297298,-1.0216216216216218
EDNRB,-0.5448648648648646,-0.625945945945946
IQCJ,0.2191891891891891,0.0791891891891891
TRMT1,0.2872972972972972,0.3037837837837836
MFSD8,0.1902702702702703,0.2197297297297296
FEM1C,-0.2970270270270271,-0.2113513513513514
TEX29,0.2267567567567567,0.1618918918918918
KLHDC2,0.4245945945945946,0.3627027027027028
MBTD1,0.4808108108108112,0.3808108108108109
SDHAF1,0.0810810810810811,0.0437837837837838
STX4,-0.4064864864864865,-0.3310810810810813
EEF1A1P1,0.1172972972972972,-0.0183783783783783
RN7SL549P,-0.1813513513513513,-0.0754054054054053
COX7CP1,0.282162162162162,0.2086486486486484
ATAT1,-0.3197297297297297,-0.0959459459459459
GALNT1,-1.0305405405405406,-0.9194594594594594
RHOT1P2,0.7983783783783782,0.8383783783783786
UGT2B7,0.1548648648648649,0.1154054054054054
NR6A1,-0.1905405405405405,-0.1005405405405405
RANBP17,0.4037837837837838,-0.0402702702702701
PAPSS2,-0.4467567567567566,-0.6167567567567566
DNASE1L1,-0.3218918918918919,-0.3548648648648648
APBB1IP,-0.7810810810810812,-0.2172972972972973
RAB31,-1.4856756756756757,-1.6910810810810808
PECAM1,-0.4510810810810812,-0.5959459459459459
G3BP1,-0.3751351351351351,-0.4227027027027026
L3MBTL1,0.192972972972973,0.0386486486486486
PANK1,0.2643243243243242,0.1399999999999999
SCG5,0.2229729729729729,0.0027027027027026
PROS2P,-0.3597297297297296,-0.6637837837837837
GOLGA8B,0.407027027027027,0.3070270270270269
BET1L,0.2862162162162162,0.1910810810810811
CDKN2AIP,0.5356756756756756,0.157027027027027
OR52H2P,0.1964864864864864,0.0732432432432433
CCL22,-1.415675675675676,-1.3813513513513518
TMEM256P1,0.1491891891891892,0.1951351351351351
OR7A10,0.2743243243243243,0.0435135135135135
SH2D1A,-0.2554054054054054,-0.2886486486486488
N4BP3,0.1332432432432432,-0.0440540540540539
ZNF501,0.145945945945946,0.0327027027027027
SGTB,-0.6862162162162163,-0.7037837837837838
SCUBE2,-0.601891891891892,-0.5432432432432432
EIF3LP2,0.3472972972972973,0.1716216216216217
PEX5,0.3391891891891893,0.2651351351351352
CRBN,0.5605405405405406,0.445675675675676
ERVK3-1,-0.1959459459459459,-0.2216216216216216
SEC31A,-0.4178378378378378,-0.3394594594594594
SCP2,-0.7216216216216215,-0.5813513513513513
ARHGDIB,-0.9372972972972972,-1.3124324324324326
CES1,-2.359189189189189,-1.7343243243243245
ALMS1P,0.1578378378378378,0.025945945945946
PKI55,-0.7145945945945943,-0.3708108108108108
ZC3H6,0.5418918918918918,0.374864864864865
LARP6,0.5008108108108108,0.2440540540540541
LOXL4,-0.4886486486486486,-0.4243243243243243
GPR53P,0.1275675675675676,0.1129729729729729
KPRP,-0.2127027027027027,-0.0332432432432431
MEFV,-0.1932432432432433,-0.2345945945945947
KIAA1524,-0.1983783783783783,-0.3778378378378379
RAB6B,-0.7575675675675676,-0.570810810810811
ACTBP9,-0.6243243243243244,-0.4072972972972972
FLNB,-0.275945945945946,-0.2086486486486486
CD300LG,0.3708108108108108,0.3264864864864865
ST13P13,0.251891891891892,0.3740540540540542
GOLGA8J,0.8413513513513516,0.8208108108108106
DUSP23,-0.2837837837837837,-0.3686486486486486
SDHAP3,0.4975675675675676,0.5091891891891893
HIST1H1B,-0.9694594594594592,-1.0437837837837838
CDS2,0.2183783783783785,0.1064864864864866
ANKRD20A18P,0.3764864864864863,0.3548648648648647
TMEM181,-0.4743243243243244,-0.4043243243243243
SLC25A1P4,0.0899999999999999,0.0724324324324323
EIF4EBP2P3,0.2424324324324326,0.2510810810810812
UPF3AP3,0.2002702702702703,0.1681081081081081
DOCK8,-0.2929729729729727,-0.4975675675675673
PLB1,-0.7313513513513511,-0.964324324324324
GSC,0.2254054054054054,0.0554054054054053
RCC1,-0.2986486486486486,-0.2627027027027027
WHAMM,0.1991891891891893,0.1908108108108109
ACVR1C,2.174324324324325,2.153243243243244
IL7,-0.4889189189189189,-0.7181081081081079
NPR2,0.3029729729729731,0.2383783783783785
STAT6,-0.3108108108108106,-0.4032432432432433
HNRNPA1P6,0.2737837837837837,0.2391891891891891
LAMP2,-0.7813513513513514,-0.9221621621621624
PPIAP13,-0.3208108108108108,-0.1399999999999998
NDC80,-0.2135135135135136,-0.2472972972972972
SBF2,0.3056756756756757,0.2589189189189187
ZBTB20,0.1070270270270272,0.0918918918918921
EVI2A,-2.1308108108108104,-2.7578378378378385
CCDC59,0.550810810810811,0.3648648648648647
HSD17B13,0.4902702702702702,0.4494594594594597
PDE3B,1.2716216216216212,1.591891891891892
ALDH18A1,-0.2924324324324324,-0.23
OACYLP,-0.2243243243243244,-0.1316216216216216
RHOQP3,-0.5048648648648648,-0.2302702702702701
ZNF767P,0.479189189189189,0.5405405405405403
ACSS3,2.285675675675676,2.1002702702702702
ING3,0.2697297297297297,0.1532432432432432
INTS6,0.4762162162162162,0.221081081081081
SALL4P7,0.3072972972972972,0.5545945945945945
MKNK1,-0.2989189189189191,-0.3645945945945947
ADH1B,1.2970270270270272,1.183783783783784
KCND3,-0.2513513513513514,-0.1043243243243243
TNFRSF21,-0.3940540540540539,-0.1513513513513512
DNAJA1,-0.5972972972972972,-0.6754054054054053
MTFR1,-0.2148648648648649,-0.188108108108108
ARHGAP9,-0.6800000000000002,-0.85
COPS2,0.5367567567567568,0.3235135135135135
AZGP1P2,0.5021621621621624,0.4989189189189188
LCN2,0.1564864864864864,0.1821621621621622
PDCL2P2,-0.1872972972972973,-0.114054054054054
MRPL15P1,0.6243243243243244,1.093513513513514
BUB1B,-0.1718918918918919,-0.1316216216216216
SRPK1,-0.2329729729729729,-0.329189189189189
MGAT4A,-0.5472972972972973,-0.6116216216216216
DHDDS,-1.0097297297297296,-0.4702702702702704
TARSL2,0.776756756756757,0.7118918918918918
FAM195B,-0.23,0.0167567567567568
ABCA9,0.6305405405405405,0.2540540540540541
GCC1,-0.2245945945945945,-0.1237837837837837
SHC4,0.3081081081081081,-0.0627027027027027
SH3BP4,-0.2972972972972974,-0.5337837837837838
NEFH,-0.1432432432432431,-0.0824324324324323
CCL3L3,-0.933783783783784,-0.8675675675675676
SEMA4B,0.2627027027027026,0.0743243243243244
CIDEA,2.7664864864864867,2.488108108108108
TUBA1A,-0.9467567567567566,-0.992702702702702
DBX2,-0.2205405405405405,-0.348918918918919
SPO11,-0.1505405405405405,-0.0105405405405405
MRPL44,0.2475675675675674,0.0721621621621621
PMVK,-0.2432432432432432,-0.1575675675675675
CDC45,-0.1399999999999999,-0.0543243243243243
IDE,-0.6321621621621624,-0.3740540540540542
PPIAL4C,-0.2272972972972972,-0.1178378378378377
CDC42SE1,-0.4827027027027026,-0.5567567567567566
LTV1,-0.337027027027027,-0.3502702702702703
TECPR1,0.1735135135135135,0.1043243243243243
XPO5,-0.2137837837837837,-0.0562162162162162
ARL4AP1,-0.3513513513513513,-0.1037837837837837
MTCO3P20,0.2372972972972971,0.081081081081081
HAUS6,0.2005405405405405,-0.0548648648648647
PLA2G5,0.3283783783783784,0.2627027027027027
STAT2,-0.2164864864864864,-0.1575675675675675
ACTBP11,-0.425945945945946,-0.1783783783783783
BUB1,-0.5124324324324324,-0.5005405405405404
ETV3,-0.6300000000000001,-0.5762162162162162
TMEM184B,-0.6462162162162159,-0.1489189189189189
TBC1D3C,0.2321621621621622,0.0129729729729729
FN1,-2.417027027027027,-2.03
TIGAR,-1.378918918918919,-0.9929729729729726
EQTN,0.4259459459459461,0.4521621621621621
GOLT1B,-0.3021621621621622,-0.3500000000000002
ACA59,0.2802702702702701,0.2129729729729729
PHYHD1,0.2267567567567567,0.1783783783783783
GTF2A1L,0.5491891891891888,0.3340540540540541
TCTEX1D1,-0.3862162162162162,-0.3994594594594595
DUXAP3,-0.1989189189189189,0.1372972972972972
IHH,0.1445945945945946,-0.0448648648648648
MAPKAPK3,-0.4343243243243243,-0.4
HIST1H2AG,-0.9540540540540536,-1.141891891891892
MAP3K12,-0.3264864864864863,-0.3951351351351351
DKFZP434L187,0.2310810810810811,0.2351351351351352
NRAV,-0.2118918918918919,-0.0948648648648648
GSTCD,-0.201081081081081,-0.1921621621621621
ABI3BP,-0.7097297297297299,-0.6351351351351353
SLC25A6,0.2975675675675669,0.2872972972972969
PAPL,0.111081081081081,0.0208108108108108
LRR1,-0.3772972972972973,-0.2983783783783784
RN7SL442P,-0.3002702702702703,-0.104054054054054
COX17,-0.3975675675675675,-0.2627027027027026
DCST1,-0.1337837837837837,-0.0229729729729729
VNN1,-1.1732432432432434,-1.410540540540541
RNLS,0.1905405405405406,0.2100000000000001
ZZEF1,-0.2116216216216216,-0.0337837837837838
APOC4-APOC2,-0.3572972972972974,-0.2986486486486486
LACTB,-0.7843243243243241,-0.7754054054054056
CYB561,-0.3124324324324325,-0.4621621621621621
MOB1A,-0.4859459459459457,-0.5948648648648649
FMNL2,-0.4600000000000003,-0.1121621621621624
DCSTAMP,-0.794054054054054,-0.7254054054054055
CCDC50,0.3894594594594593,0.4759459459459458
UBTD1,0.3343243243243243,0.330810810810811
USP9YP17,0.2348648648648649,0.0248648648648648
CD276,-0.2956756756756757,-0.238918918918919
HTATIP2,-0.768918918918919,-0.9002702702702705
VASP,-0.7286486486486485,-0.8427027027027026
GABPB2,0.1716216216216213,0.0997297297297297
SRM,-0.7981081081081081,-0.6491891891891892
TWIST1,0.471891891891892,0.4281081081081079
ANGEL1,-0.16,-0.1
ABCA10,0.5921621621621622,0.4
AKR1C1,-1.0951351351351355,-0.6456756756756761
PPWD1,0.5816216216216216,0.2921621621621622
RHOU,-0.2137837837837838,-0.3821621621621622
GMPSP1,0.2810810810810809,0.1975675675675675
LRRC32,-0.7524324324324323,-0.5016216216216215
MAPRE1P1,-0.5502702702702702,-0.4502702702702703
DDX42,0.2329729729729732,0.2862162162162165
KLHL21,0.4094594594594595,0.6097297297297297
SCPEP1,-0.5708108108108108,-0.7727027027027025
H2AFZP6,0.1629729729729729,-0.0178378378378378
RGS10,-1.5091891891891895,-2.2089189189189185
ZC3H12D,-0.2835135135135135,-0.3027027027027026
PAK4,-0.1329729729729729,0.044054054054054
GMFBP1,-0.5337837837837837,-0.4921621621621622
SLC6A9,-0.3308108108108107,-0.3267567567567567
ATP11A,-0.3235135135135135,-0.3559459459459461
CNN3P1,-0.3097297297297297,-0.1637837837837836
DOCK11P1,-0.2318918918918919,-0.0543243243243243
NAPA,-0.248108108108108,-0.0448648648648647
HORMAD2,-0.3632432432432432,-0.2791891891891892
RBM43,0.3075675675675675,0.1270270270270269
PTCHD4,-0.1878378378378378,-0.1078378378378378
MAGI3,0.2359459459459459,0.2037837837837837
RHBDF1,0.1383783783783783,0.0775675675675675
FAM156B,0.7286486486486485,0.5556756756756756
UCK1,0.1545945945945946,0.0943243243243243
HIST1H2AE,-0.6351351351351351,-0.9775675675675676
ARPC3,-0.5970270270270268,-0.6475675675675677
ASNA1,-0.2483783783783782,-0.3086486486486484
IFT20,-0.3908108108108108,-0.4686486486486483
RNA5SP372,0.3037837837837838,0.2754054054054054
LUCAT1,-0.8924324324324323,-1.1610810810810812
NR4A3,-1.4140540540540545,-1.9991891891891889
MORN4,0.199189189189189,0.0459459459459458
COA7,-0.247027027027027,-0.2786486486486486
PGR,0.2802702702702703,0.2654054054054054
MTND1P22,0.15,0.1970270270270269
FCGR2C,-2.6478378378378378,-3.48972972972973
PARM1,0.2710810810810811,0.1067567567567567
HPR,-0.691891891891892,-0.7321621621621623
ARPC4-TTLL3,-0.3643243243243242,-0.3227027027027025
TMEM72,-0.1375675675675675,-0.0721621621621621
RANP1,-0.3618918918918917,-0.2905405405405404
EEPD1,0.2483783783783785,0.4627027027027026
MAPK3,-0.3070270270270269,-0.2681081081081081
ZNF498,0.2775675675675675,0.4399999999999998
MAPK1,-0.3978378378378379,-0.4808108108108112
ZFP90,0.1454054054054053,0.0918918918918918
ANKRD10-IT1,0.3645945945945946,0.1378378378378378
TRPM4,-0.2186486486486486,-0.1878378378378378
RSF1,0.3216216216216215,0.1110810810810813
ZNF383,0.3116216216216217,0.2435135135135135
TMEM219,-0.1632432432432432,-0.065945945945946
MFAP3,-0.2467567567567569,-0.4002702702702703
HMGN2P6,0.2045945945945947,0.0416216216216217
GLULP6,0.6386486486486487,0.5208108108108108
RNA5SP63,0.2075675675675675,0.082972972972973
DNAH12,0.1789189189189189,0.1043243243243243
ADIPOQ,0.1383783783783785,0.1502702702702706
PAX2,0.1175675675675675,-0.0148648648648649
IAH1,0.2154054054054053,0.2097297297297295
CLPX,0.3151351351351351,0.087027027027027
FAF1,-0.2827027027027027,-0.2313513513513514
MPZ,-0.2345945945945947,-0.2348648648648649
ZNF160,0.4775675675675674,0.4554054054054051
EWSAT1,-0.1891891891891892,-0.072972972972973
TBC1D2,-0.4854054054054055,-0.5172972972972972
REEP2,-0.5683783783783785,-0.4194594594594595
NFE2L1,-0.2205405405405403,-0.1775675675675675
TRPC6,-0.2183783783783783,-0.4908108108108106
IFI6,-1.0656756756756756,-1.4118918918918917
IKZF2,-0.2351351351351351,-0.2221621621621621
HK3,-0.6518918918918918,-0.7559459459459458
NRROS,-0.3235135135135135,-0.4013513513513513
CCSAP,-0.2427027027027027,-0.3456756756756757
GMCL1,0.9510810810810812,0.7386486486486487
FAM85A,0.8462162162162161,0.7708108108108105
WFS1,-0.4070270270270269,0.0032432432432433
THOC3,-0.2883783783783783,-0.4940540540540541
PLEKHM1,-0.4183783783783784,-0.1721621621621621
DDX11,0.1964864864864866,0.0640540540540542
ALG3P1,-0.1962162162162162,0.0416216216216216
ELF4,-0.5310810810810813,-0.4783783783783785
DDX41,-0.3167567567567568,-0.2572972972972974
SHISA4,-0.2172972972972973,-0.1116216216216216
RN7SKP202,-0.181081081081081,-0.2116216216216216
HRASLS5,-0.2608108108108107,-0.0535135135135134
ITPRIP,-0.1670270270270271,-0.1340540540540541
PLAU,-0.6462162162162162,-0.7027027027027026
EEF1A1P3,0.1197297297297297,0.1329729729729729
NRG2,0.1921621621621622,0.2024324324324324
BORA,-0.2402702702702703,-0.3308108108108106
PAPLN,-0.1672972972972974,-0.265945945945946
ZBTB16,0.7278378378378378,0.5743243243243241
RAC1P5,-0.2351351351351351,0.1072972972972972
FLJ27243,0.3275675675675675,0.1748648648648648
NDUFB4P3,0.1483783783783782,0.2102702702702702
SLC25A18,0.1670270270270271,0.1016216216216216
ZNF780A,0.2094594594594594,0.2821621621621621
VN1R53P,-0.3967567567567567,-0.1437837837837838
BRD8,0.365135135135135,0.3013513513513512
UBE2N,-0.1456756756756757,-0.1335135135135133
PPIL2,-0.2205405405405406,-0.2835135135135135
KANTR,0.2413513513513513,0.0954054054054054
LDHAP4,-0.3756756756756758,0.0718918918918919
KRT8P41,0.1624324324324324,0.1505405405405405
ATXN7L3B,0.2443243243243243,0.0775675675675676
EMCN,0.2927027027027026,-0.1618918918918918
HOXA2,0.2064864864864865,0.0464864864864865
PDHB,0.3772972972972972,0.3864864864864863
SCGB1A1,0.1983783783783784,0.0105405405405405
ADSS,-0.287027027027027,-0.3472972972972973
KDELC2,0.1924324324324323,0.1300000000000001
PLCXD1,0.6472972972972972,0.7002702702702702
BVES,-0.5905405405405407,-0.5024324324324325
LGALS9C,-1.529189189189189,-1.496216216216216
MORC3,0.2467567567567567,0.1102702702702702
USP47,0.185945945945946,0.182972972972973
ANKRD20A1,0.2321621621621622,0.3802702702702702
KRTAP2-3,-0.1964864864864865,-0.0197297297297297
CLK2,0.4505405405405407,0.2786486486486486
DTWD1,0.3908108108108108,0.2194594594594595
TP53I3,-0.2651351351351352,-0.3472972972972973
DISP1,-0.3648648648648649,-0.4732432432432433
DPPA5P4,0.091081081081081,0.171081081081081
BOD1L2,0.1451351351351351,0.0675675675675675
FAM178B,0.1835135135135135,0.401891891891892
SLC16A1,-0.3778378378378378,-0.3516216216216217
ACSM5P1,0.7035135135135134,0.6224324324324325
COX6A1,0.3732432432432433,0.2518918918918919
TMEM101,0.2035135135135135,0.011081081081081
TOMM34,-0.3945945945945945,-0.3978378378378379
ATP6V0CP3,-0.2583783783783785,0.1191891891891891
TTC3,0.2810810810810814,0.3918918918918921
OSBP2,-0.4472972972972971,-0.4591891891891891
RNF125,0.7994594594594594,0.6056756756756756
GRIN2C,-0.1018918918918918,-0.0259459459459459
CAPN6,0.7597297297297295,0.5218918918918919
AGTRAP,-0.5516216216216219,-0.7564864864864865
PTPN11,-0.7616216216216218,-0.5294594594594596
PMF1,-0.1783783783783784,-0.1732432432432433
HES1,-0.4075675675675678,-0.4275675675675677
DMRTA1,0.3775675675675677,0.2062162162162162
TMEM75,-0.1502702702702701,-0.0435135135135134
UBE2V1,-0.3048648648648648,-0.0789189189189189
TP53,-0.3627027027027028,-0.168918918918919
PDCD2,-0.1632432432432431,-0.2162162162162161
FTH1P21,-0.7083783783783785,-0.4483783783783784
CPNE5,-0.194054054054054,-0.0675675675675675
SLC12A2,-0.3016216216216214,-0.2813513513513512
NFKB1,-0.3435135135135136,-0.3843243243243243
AP1G1,-0.2797297297297297,-0.3113513513513511
NAV3,-0.681081081081081,-0.3351351351351352
FBXO11,0.5043243243243243,0.4448648648648651
MTND2P14,0.2835135135135134,0.2110810810810811
GSTP1,-0.4299999999999999,-0.4799999999999998
TCTN1,-0.3727027027027027,-0.4232432432432433
SLC7A4,-0.4862162162162162,-0.4264864864864865
NDRG2,-0.3094594594594596,-0.2202702702702702
GREB1L,0.3294594594594595,0.5472972972972971
DNM2,-0.5262162162162162,-0.4805405405405404
MB21D1,-0.1821621621621621,-0.361081081081081
NUMA1,0.4848648648648648,0.5737837837837837
EZH1,0.5299999999999999,0.6043243243243245
SIDT2,-0.2202702702702704,-0.0889189189189191
ETNK1,-0.1716216216216217,-0.2251351351351354
DAD1L,-0.4345945945945945,-0.3737837837837838
SNRPGP10,-0.2686486486486486,-0.0954054054054053
OR8K4P,0.144054054054054,0.0978378378378379
BZW1P2,-0.4494594594594595,-0.3502702702702702
COX19,0.2143243243243243,0.1018918918918918
ALG13,0.2618918918918919,0.3675675675675675
SUMO3,-0.708648648648649,-0.6264864864864866
GOLIM4,-0.5186486486486486,-0.6116216216216214
SAP130,0.2075675675675677,0.2808108108108109
MAP3K14,-0.165945945945946,-0.2964864864864865
RNF144A,0.76,0.6797297297297298
SH2D1B,-0.2610810810810809,-0.4548648648648648
MEF2C,-0.194054054054054,-0.4862162162162162
FOXM1,-0.2737837837837837,-0.3143243243243242
IVNS1ABP,-0.6924324324324324,-0.9072972972972976
YIPF5,-0.2145945945945946,-0.3316216216216217
TRBV16,0.1324324324324323,0.078108108108108
TMC5,-0.7851351351351352,-0.8078378378378378
RNA5SP269,0.2424324324324324,0.2591891891891892
DENND4A,-0.2697297297297294,-0.3410810810810809
TAF9B,0.5918918918918916,0.2586486486486484
YBX1P10,-0.3962162162162164,-0.2756756756756757
GLMP,-0.8694594594594593,-0.7748648648648648
RCE1,-0.2321621621621622,-0.1672972972972972
TGM2,-0.3243243243243244,0.0108108108108107
GMCL1P2,0.2356756756756757,0.2867567567567567
MBD2,-0.3251351351351349,-0.1348648648648649
ARAP2,-0.6172972972972972,-0.8064864864864862
FAM116A,0.3651351351351352,0.2435135135135134
SLC2A4RG,0.336216216216216,0.6489189189189188
FMOD,-1.0402702702702702,-0.72
P2RY13,-0.9456756756756756,-1.3537837837837836
TSPYL2,0.898108108108108,0.884324324324324
CELF2,0.3789189189189187,0.2121621621621621
CHST13,-0.0916216216216216,-0.1121621621621621
TNFRSF9,-0.3756756756756758,-0.3745945945945946
ATP6AP1L,0.6732432432432436,0.7470270270270273
PLCG2,-0.4502702702702701,-0.6489189189189191
ANAPC7,-0.4002702702702703,-0.3186486486486489
SLC35A1,-0.2532432432432431,-0.4154054054054052
RASA4B,-0.1894594594594594,-0.225135135135135
TPGS2,-0.7221621621621619,-0.4178378378378377
CCDC51,-0.2983783783783784,-0.1508108108108107
STK32B,-0.6637837837837839,-0.5116216216216216
SAMD9,-0.3908108108108107,-0.7954054054054056
CCDC142,0.3427027027027026,0.2427027027027024
CENPT,0.1154054054054053,0.0718918918918918
AHCTF1,0.374054054054054,0.3391891891891893
NIPSNAP3A,1.4437837837837837,1.4927027027027029
ACTB,-0.9678378378378376,-0.8589189189189189
PRADC1,-0.3216216216216217,-0.2421621621621622
INHBB,-0.5113513513513512,-0.4224324324324323
RAB27A,-0.2335135135135134,-0.4172972972972973
FCGR2A,-2.8472972972972967,-3.751081081081081
FAM179B,0.3118918918918916,0.1445945945945944
MYO9B,-0.6335135135135136,-0.645135135135135
TAGAP,-0.4289189189189187,-0.7605405405405403
GOLGA8F,0.2294594594594593,0.2499999999999999
MATN2,1.2489189189189187,0.8218918918918918
PSMB1,-0.2227027027027027,-0.1008108108108108
CBWD3,-0.2216216216216218,-0.1889189189189191
LY75-CD302,0.6764864864864865,0.5035135135135133
IFI27L2,-0.2194594594594596,-0.49
RNA5SP188,0.175945945945946,0.1167567567567568
HIST1H2BM,-1.0778378378378377,-1.054054054054054
CSMD1,0.2724324324324323,0.422162162162162
TCF3,-0.257027027027027,-0.3297297297297296
TMEM30A,-0.4970270270270272,-0.6318918918918921
GOLGA6L3,0.1937837837837837,0.1375675675675674
ARL6IP5,-0.2537837837837838,-0.2464864864864866
GNL3L,-0.234054054054054,-0.3337837837837837
PENK,-0.2991891891891892,-0.284054054054054
AMFR,-0.2675675675675675,-0.1716216216216216
BCAR1,-0.6751351351351349,-0.4110810810810809
DLGAP4,-0.7564864864864865,-0.3794594594594594
WHAMMP2,0.5686486486486486,0.5310810810810811
CRIP1,-1.139189189189189,-1.0559459459459457
CHP1,0.3772972972972976,0.7137837837837838
CALM1P2,-0.1972972972972972,-0.1089189189189189
GANAB,-0.2156756756756757,-0.2132432432432432
TXLNG,0.281081081081081,0.3883783783783785
BLOC1S5-TXNDC5,-0.3824324324324324,-0.4270270270270272
SULF2,-0.5013513513513514,-0.6697297297297298
ITGB8,-0.4094594594594595,-0.3667567567567568
OR4K8P,0.1902702702702702,0.0813513513513513
COX5B,0.2608108108108107,0.2664864864864863
MCTP1,-0.7667567567567568,-1.0305405405405408
CAP1P2,-0.5035135135135135,-0.4235135135135134
PORCN,-0.4899999999999999,-0.3278378378378379
RNA5SP175,0.2327027027027028,0.2259459459459459
FPR3,-3.2813513513513515,-3.755945945945945
HSP90AA2P,-0.4362162162162159,0.0286486486486487
ITGB1,-0.265135135135135,-0.2048648648648646
XPC,0.301081081081081,0.0670270270270268
SKA2,-0.3527027027027025,-0.4518918918918918
HIGD1AP1,-0.3413513513513515,-0.0164864864864864
BFSP2,0.1435135135135134,0.0597297297297297
TMEM65,-0.3408108108108109,-0.25
KCNIP2,0.6989189189189189,1.0659459459459455
MOSPD2,-0.3348648648648648,-0.4824324324324325
SPATA7,0.2637837837837837,0.0186486486486486
KEAP1,-0.2705405405405406,-0.2921621621621623
SHPRH,0.3945945945945945,0.2405405405405405
CTSD,-1.924324324324324,-1.5154054054054056
LAMB2,-0.3229729729729728,-0.2805405405405405
RNY4P27,0.1910810810810811,-0.1075675675675675
ST13P5,0.5816216216216217,0.7494594594594594
GATAD2A,-0.5413513513513513,-0.5518918918918917
KSR1,-0.3237837837837837,-0.1835135135135135
PPIC,-0.3972972972972973,-0.5170270270270267
PLN,0.3516216216216213,-0.0894594594594595
FGF23,0.1743243243243243,0.0656756756756756
ATAD1,0.1464864864864865,0.1456756756756756
FOXP2,0.6251351351351351,0.7105405405405405
TSACC,-0.3102702702702703,-0.14
RN7SL278P,-0.2272972972972972,-0.0151351351351351
SNX14,-0.1745945945945948,-0.142972972972973
ALG3,-0.4875675675675675,-0.2086486486486485
PVRL3,0.4108108108108108,0.3402702702702703
ARL6,-0.3543243243243243,-0.1683783783783782
ARL8B,-0.2021621621621621,-0.231081081081081
RNF24,-0.715135135135135,-0.812702702702703
CIDECP,0.1918918918918919,0.3497297297297296
SAP18P3,-0.1621621621621621,-0.0672972972972972
UQCRBP2,0.1402702702702702,0.2762162162162161
BCAS2,-0.1837837837837838,-0.2113513513513514
ABCB5,0.5197297297297299,-0.0191891891891891
CLEC4E,-0.5394594594594595,-1.064324324324324
TRGV8,-0.3435135135135135,-0.3727027027027028
S100A3,-0.4224324324324325,-0.5170270270270271
SPTLC2,-0.2721621621621622,-0.4478378378378379
CKS1B,0.4635135135135136,0.5016216216216217
HOMER3,-0.1910810810810811,-0.3164864864864865
SIPA1L3,-0.3708108108108108,-0.1027027027027027
NFIA,0.2818918918918919,0.3986486486486487
CCT8L2,0.1481081081081081,-0.0048648648648649
TERF2,0.2140540540540538,-0.0124324324324323
KIAA1549L,-0.6727027027027027,-0.5864864864864867
TMSB10,-0.4951351351351351,-0.5175675675675675
GLIS2,-0.4827027027027027,-0.3956756756756758
RAD51D,-0.2313513513513513,-0.0889189189189189
TMOD3,-0.2794594594594595,-0.3210810810810811
CLEC14A,-0.2032432432432431,-0.2745945945945946
LY6G6C,-0.1721621621621621,-0.0472972972972973
FRS3,0.2443243243243244,0.3024324324324324
ANGPT4,-0.1743243243243243,-0.2340540540540539
DIDO1,0.225945945945946,0.0386486486486485
EIF4EBP2P2,0.4335135135135134,0.5940540540540542
GALNT12,-0.3072972972972973,-0.1883783783783783
KCTD1,0.2489189189189188,0.0743243243243243
PTGER4P3,-0.4254054054054054,-0.2662162162162161
ROCK1,-0.3056756756756756,-0.2572972972972971
CFC1,-0.1208108108108108,-0.0662162162162161
CLEC3A,-0.1348648648648648,-0.1183783783783783
PANK2,-0.312972972972973,-0.5464864864864866
GBAP1,-0.4332432432432433,-0.4789189189189188
PSENEN,-0.2556756756756756,-0.4210810810810811
SUN1,0.3872972972972974,0.221081081081081
TUBB4BP1,-0.257027027027027,-0.1724324324324325
TIMM8B,-0.4827027027027026,-0.4194594594594595
SMS,-0.3248648648648649,-0.3872972972972972
GNS,-0.6924324324324322,-0.7013513513513511
TMEM86A,-0.2975675675675676,-0.3489189189189188
SEC22A,0.1727027027027026,-0.0232432432432431
MON2,0.2172972972972973,0.0632432432432432
SEC24D,-0.9054054054054054,-0.7862162162162163
RAB3IP,-0.287027027027027,-0.0921621621621621
MYH4,-0.1854054054054054,-0.0975675675675675
IFNL2,0.1113513513513513,0.1005405405405405
GPSM2,-0.4821621621621622,-0.5529729729729732
CLOCK,-0.4045945945945947,-0.2232432432432432
KIF11,-0.4056756756756758,-0.5167567567567569
B4GALT6,-1.5013513513513512,-0.4767567567567569
FHL3,-0.5291891891891893,-0.5027027027027028
ABHD17AP6,-0.2502702702702704,-0.2289189189189188
P2RY12,-0.7883783783783784,-0.7664864864864867
JARID2,-0.3,-0.3537837837837839
UNC93B2,-0.3186486486486486,-0.2218918918918916
RSL1D1,0.2672972972972974,0.0513513513513515
GCGR,0.1172972972972973,0.0264864864864864
ACTG1P16,-0.1821621621621621,-0.2713513513513513
SEPT14P24,0.3575675675675676,0.1691891891891894
TREM1,-0.8408108108108108,-1.2824324324324323
APLP2,-0.3059459459459459,-0.5129729729729728
PTGR1,0.7662162162162163,0.745945945945946
CRYM,-0.2372972972972972,0.025945945945946
MYO1F,-1.4745945945945946,-2.2067567567567568
CFL1P7,-0.221081081081081,-0.1854054054054054
STON2,-0.2845945945945946,-0.4351351351351352
QKI,-0.1562162162162162,-0.1024324324324324
LRWD1,-0.2078378378378377,-0.1629729729729729
NAGA,-0.732162162162162,-0.868918918918919
TRAF7,-0.55,-0.3394594594594592
PROS1,-0.5532432432432433,-0.8283783783783786
PLCL1,0.1824324324324324,0.2037837837837837
CRABP2,-0.2883783783783784,-0.4945945945945947
FGF2,0.6786486486486486,0.6545945945945943
CLN5,-0.2821621621621623,-0.2889189189189191
LHCGR,-1.814594594594595,-1.412972972972973
PRLR,-0.2364864864864865,-0.334864864864865
PSMD8P1,-0.3116216216216217,-0.0294594594594595
ERCC2,-0.3605405405405405,-0.187027027027027
HIF1A,-0.8772972972972971,-0.8286486486486487
RN7SL101P,0.1751351351351351,0.1586486486486485
SQLE,-0.5778378378378377,-0.4232432432432432
IPO13,-0.3440540540540539,-0.2978378378378377
CRY2,0.3494594594594594,0.3156756756756756
GUSBP3,0.461891891891892,0.3332432432432433
GDPD1,-0.4667567567567565,-0.4816216216216216
FDX1,-0.638918918918919,-0.3883783783783783
KRTAP21-1,-0.2275675675675675,-0.1483783783783784
ZNF765,0.1702702702702702,0.1278378378378378
C1QB,-2.253783783783784,-3.0783783783783787
CETN3,0.3172972972972973,0.2672972972972973
SLX1A,-0.4416216216216213,-0.4032432432432431
SEPT11,-0.5421621621621622,-0.3545945945945947
MTND4LP25,0.1872972972972972,0.0129729729729729
CNN2P2,0.2118918918918917,0.3016216216216215
PBX3,-0.1970270270270269,-0.2989189189189188
CCNL2,0.4505405405405404,0.362972972972973
NUB1,0.3164864864864864,0.1859459459459459
UBE2L3,-0.3170270270270269,-0.1481081081081079
TFG,-0.3775675675675674,-0.2086486486486486
NIT1,0.4051351351351351,0.4213513513513512
EAF1,-0.3000000000000001,-0.3324324324324325
CHRNA1,-0.2313513513513514,-0.2256756756756756
TTC13,-0.3735135135135135,-0.2554054054054054
MSR1,-3.888108108108108,-4.277027027027027
CYTIP,-1.151891891891892,-1.595675675675676
SNRPGP3,0.1810810810810811,0.2524324324324327
SNX3,-0.1878378378378375,-0.1813513513513512
NMB,-0.3662162162162163,-0.0510810810810811
NUP35,0.1994594594594595,0.0699999999999999
ARHGAP27,-0.1983783783783783,-0.2948648648648648
AP1B1,-0.7597297297297299,-0.8040540540540542
GPR132,-0.2613513513513513,-0.2913513513513512
KRT8P39,0.1708108108108108,0.0567567567567567
UBAP1,-0.2462162162162162,-0.0321621621621623
RN7SL462P,-0.261891891891892,-0.0440540540540541
E2F3,-0.488918918918919,-0.5143243243243242
ZNF225,0.2327027027027026,0.0518918918918919
EPN2,0.3540540540540542,0.2278378378378377
UTS2B,1.0097297297297296,1.0840540540540538
MIF,-0.729189189189189,-0.988378378378378
HSPA8P4,-0.1843243243243243,-0.2597297297297297
RN7SL121P,0.0524324324324319,0.0510810810810807
SMARCA1,0.6016216216216216,0.4008108108108107
TRIM47,-0.3705405405405405,-0.3837837837837837
ARMC2,-0.1445945945945946,-0.0424324324324325
GLYCTK,0.6091891891891893,0.546756756756757
KDM6A,0.3216216216216218,0.2200000000000003
PIR,-0.2448648648648649,-0.2148648648648649
PPP2R3C,-0.1937837837837838,-0.2497297297297298
RAD51L3-RFFL,-0.2805405405405405,-0.099189189189189
MERTK,-1.615675675675676,-1.918108108108108
ARHGDIA,-0.53,-0.1370270270270269
ATR,-0.7305405405405405,-0.5027027027027028
PDCD7,0.4402702702702706,0.3275675675675676
FZD7,0.2464864864864863,-0.102972972972973
FAM87B,0.2597297297297297,0.2602702702702701
IL10RA,-1.6356756756756758,-1.9805405405405403
TKT,0.3629729729729729,0.5208108108108105
LTBR,-0.3940540540540541,-0.3732432432432431
GUK1,-0.3456756756756755,-0.402162162162162
TMEM8A,-0.4481081081081081,-0.4864864864864864
SDAD1,-0.2191891891891893,-0.2778378378378379
RARRES3,-0.3489189189189189,-0.5294594594594595
ZDHHC12,-0.2789189189189188,-0.2451351351351349
WDR75,0.2513513513513513,0.1551351351351352
COG5,0.1913513513513512,0.044324324324324
TXNP1,-0.9164864864864868,-0.9024324324324324
RNA5SP199,0.5245945945945945,0.4056756756756756
CERS6,0.5578378378378378,0.4313513513513514
PIP5KL1,0.1162162162162161,0.0759459459459459
ARL4C,-0.5651351351351352,-0.8018918918918919
KRT15,0.1416216216216216,0.1181081081081081
PRH1,0.4543243243243242,0.2524324324324323
DAG1,-0.8351351351351349,-0.6381081081081079
FAM161A,0.2421621621621621,0.218108108108108
GTF2F2,-0.2737837837837836,-0.2467567567567566
TCEA1P2,0.1556756756756756,0.0583783783783782
CCDC69,-0.1927027027027025,-0.1713513513513511
OR7E11P,0.1602702702702703,0.1135135135135134
MRPL32,0.5013513513513514,0.4324324324324324
GAPDHP44,-0.4135135135135135,-0.192162162162162
RNF11B,-0.1586486486486486,-0.0443243243243243
SFPQ,0.2337837837837837,0.2278378378378376
DCXR,0.7018918918918919,0.9527027027027032
KCNMB1,-0.1848648648648648,-0.0805405405405405
OFD1P8Y,0.2262162162162163,0.0337837837837838
PWP1,-0.3197297297297298,-0.2343243243243242
METTL8,-0.5183783783783785,-0.42
GPC4,-0.6716216216216215,-1.127837837837838
ISG15,-0.1383783783783784,-0.1927027027027026
AZGP1,2.1524324324324327,2.117027027027027
CCT5,-0.7267567567567571,-0.5854054054054055
ADAM12,-2.0643243243243248,-2.0248648648648646
IGFBP2,-0.3748648648648648,-0.4083783783783783
HSD17B12,0.4878378378378377,0.9332432432432436
LTF,-0.367027027027027,-0.2675675675675674
ICOS,-0.3294594594594595,-0.4221621621621622
TRAF6,0.2954054054054052,0.2254054054054053
CRYGN,0.2413513513513512,0.0705405405405406
KRT16,-0.3289189189189189,-0.1335135135135133
PLCE1,0.6570270270270272,0.7962162162162162
TNN,0.3251351351351351,0.3535135135135133
KCNA3,-0.3783783783783783,-0.5256756756756756
LTBP2,-0.3651351351351352,-0.4586486486486486
KALRN,0.3567567567567567,0.6440540540540538
HERC4,0.2064864864864865,0.2697297297297298
HSPH1,-1.1832432432432431,-1.0375675675675673
TYMP,-0.5175675675675677,-0.5491891891891891
TTC39C,0.335945945945946,0.3162162162162162
DYNLL1P2,-0.4043243243243242,-0.3845945945945947
OR7E156P,0.1454054054054054,0.0329729729729729
HMGN2P15,0.4081081081081083,0.2486486486486487
ACADS,0.3105405405405405,0.4505405405405406
RN7SKP254,0.145135135135135,0.107027027027027
KHNYN,0.2897297297297297,0.0959459459459459
NBPF10,0.2454054054054056,0.2002702702702702
DENND2A,0.4043243243243243,0.3986486486486486
GAPDHP33,0.3027027027027028,0.2316216216216217
COL6A1,-0.7945945945945944,-0.6462162162162163
RAB29,-0.6170270270270269,-0.4005405405405405
UBR2,0.4270270270270271,0.3516216216216216
GLP2R,-0.2408108108108106,-0.1662162162162161
SSPN,0.4718918918918915,0.3935135135135132
TGFA-IT1,0.1575675675675674,0.0272972972972972
CHRNB3,0.1837837837837837,0.0705405405405404
KCNJ8,0.7097297297297297,0.311891891891892
AAMDC,-0.3402702702702704,-0.0632432432432433
MARCKS,-0.2221621621621622,-0.1375675675675675
SPDYE6,0.3489189189189189,0.2132432432432432
NRCAM,-2.1521621621621625,-1.8540540540540544
RNA5SP215,0.4329729729729729,0.4491891891891891
WIPF1,-0.6145945945945949,-0.5854054054054056
CANX,-0.3743243243243243,-0.4456756756756753
ANXA2P2,-0.2827027027027027,-0.1872972972972968
CANT1,-0.2127027027027026,-0.1172972972972973
TCF7L1-IT1,0.4767567567567567,0.3232432432432433
OSTM1,-0.8910810810810812,-0.7151351351351352
OMA1,0.2256756756756755,0.2664864864864862
TMEM87B,-0.4754054054054053,-0.4575675675675675
GPRASP1,0.521081081081081,0.4805405405405404
NAT8L,0.4529729729729728,0.742162162162162
PTPRF,0.4602702702702703,0.6091891891891894
PMM2,-0.3427027027027025,-0.2191891891891891
DSE,0.4535135135135139,0.2945945945945946
CIR1,0.2959459459459458,0.1313513513513515
HDAC1P2,-0.2878378378378378,-0.084054054054054
SLC39A4,-0.242972972972973,-0.1851351351351351
REREP3,0.2656756756756758,0.3013513513513513
MBTPS2,0.2289189189189189,0.271891891891892
PREX2,0.2670270270270268,0.1883783783783783
GBP2,0.2618918918918917,0.1670270270270269
MMAB,0.4991891891891891,0.7400000000000001
ZNF208,0.4394594594594594,0.2332432432432431
ZMPSTE24,-0.7359459459459461,-0.6683783783783785
VDAC1P5,-0.1848648648648649,-0.1002702702702702
ERO1A,-0.7262162162162159,-0.7186486486486483
CLK4,0.7113513513513515,0.3478378378378378
RAB7B,-1.842972972972973,-1.5570270270270263
HSP90AA6P,-0.2170270270270268,-0.0043243243243242
PACERR,0.1967567567567566,0.168108108108108
MRPS30,0.3824324324324323,0.2037837837837837
WBP5,-0.3827027027027029,-0.4437837837837838
RNVU1-19,0.651891891891892,0.7137837837837839
FSCN1P1,-0.1397297297297297,-0.2110810810810811
CTSS,-2.895675675675676,-3.82054054054054
PATZ1,0.621081081081081,0.4056756756756756
MT1M,-0.4591891891891892,-0.782972972972973
GAPDHP59,-0.2683783783783785,-0.1413513513513515
PLPP7,-0.2548648648648648,-0.0545945945945946
ORMDL3,1.9394594594594592,1.8540540540540544
RPUSD3,-0.2159459459459461,-0.1675675675675676
AKIRIN1P1,0.1848648648648649,0.2118918918918919
TOMM5,-0.3810810810810811,-0.3078378378378378
TMEM265,-0.185135135135135,-0.0589189189189189
RRM2P3,-0.425945945945946,-0.3256756756756754
PLXND1,-0.5202702702702703,-0.4456756756756757
COL3A1,-0.8572972972972973,-0.977567567567568
ZFP62,0.5927027027027025,0.3121621621621622
NCK2,-0.2616216216216218,-0.3562162162162164
AAED1,-0.3589189189189189,-0.2713513513513513
MPZL1,-0.2643243243243245,-0.2672972972972974
SCAF8,0.3651351351351349,0.2505405405405406
ARL6IP1,0.338108108108108,0.2775675675675677
WDR61,-0.3032432432432431,-0.2989189189189188
HECW2,0.5808108108108107,0.6040540540540543
LEMD3,0.2443243243243243,0.087027027027027
IL17RD,0.5002702702702704,0.2802702702702702
ADCYAP1R1,0.6005405405405407,0.6821621621621621
PARP4,-0.5372972972972974,-0.4059459459459459
ACTG1P2,-0.445945945945946,-0.4754054054054054
SYT1,-0.2654054054054053,-0.2762162162162161
AGPAT4,-0.7170270270270273,-0.6970270270270273
SVILP1,0.9689189189189188,0.9816216216216218
SLAMF9,-0.2535135135135135,-0.204054054054054
METTL21A,-0.2172972972972973,-0.2686486486486487
SRGN,-1.2654054054054054,-1.668918918918919
FKBP11,-0.5062162162162163,-0.5243243243243242
ADAMTSL4,0.2094594594594594,0.3959459459459459
PRDM5,0.3316216216216217,0.021081081081081
HNRNPA1P26,0.2016216216216216,0.0672972972972972
UBE2A,-0.6881081081081082,-0.4608108108108107
RABL3,-0.2989189189189188,-0.1637837837837835
TRDV3,0.1740540540540539,0.107027027027027
AGPAT3,-0.9521621621621624,-0.6540540540540539
SULT1A4,-0.5327027027027025,-0.6486486486486485
INTS12,-0.1705405405405407,-0.225945945945946
PLEKHH1,0.5521621621621623,1.0829729729729731
NAAA,-0.5145945945945946,-0.7110810810810811
KLHL5,-0.6386486486486486,-0.4327027027027026
PRDX3P4,0.2713513513513513,0.2521621621621621
RN7SL394P,-0.241081081081081,0.0067567567567568
CCR5,-1.3375675675675671,-1.14
YTHDC1,0.5243243243243244,0.3916216216216215
BTF3,0.477027027027027,0.4235135135135136
ERP44,-0.1459459459459462,-0.2867567567567569
TRGV7,-0.2443243243243243,-0.2945945945945945
NUDT19,-0.2348648648648649,-0.0294594594594594
PUS7,-0.4313513513513514,-0.2772972972972973
DDX53,0.2327027027027028,0.1597297297297296
LGI4,0.6645945945945946,0.2094594594594595
ABL2,-0.4145945945945944,-0.4637837837837837
HSD11B1,-2.646756756756757,-2.6332432432432435
E2F3-IT1,-0.3010810810810811,-0.1391891891891891
UBE3AP2,0.1851351351351352,0.3602702702702703
UTP15,-0.5948648648648649,-0.4113513513513512
HPS1,-0.2908108108108108,-0.3737837837837836
KLHDC9,0.2678378378378379,0.1527027027027026
SNX24,-0.9789189189189188,-1.124864864864865
RNA5SP355,0.3370270270270269,0.2840540540540541
SRP68,0.2608108108108107,0.2070270270270268
PDZD8,-0.2621621621621621,-0.3040540540540539
GGTA1P,-1.5943243243243244,-2.1740540540540545
CCL19,-1.0064864864864866,-1.2581081081081085
MED20,-0.3227027027027026,-0.2975675675675674
DLST,0.6778378378378378,0.7664864864864865
POGZ,0.2732432432432433,0.138108108108108
TMSB4Y,-0.7408108108108107,-0.715945945945946
TMSB10P2,-0.6375675675675675,-0.6183783783783783
RASGEF1B,-0.67,-0.9900000000000002
ST6GALNAC4,-0.1386486486486486,-0.1694594594594594
RBP7,0.3413513513513512,0.0221621621621617
HLA-J,-0.3156756756756758,-0.3464864864864863
B3GLCT,-0.195135135135135,-0.3035135135135134
FTLP15,-0.2032432432432432,-0.1348648648648649
MCCD1P1,0.1713513513513514,0.09
PWWP2B,-0.1845945945945946,-0.0589189189189189
UXS1,-0.4564864864864866,-0.6354054054054052
TRIM23,0.4002702702702703,0.1175675675675675
PAICSP2,-0.1213513513513513,-0.0662162162162162
USP30,0.6283783783783784,0.7578378378378379
F2RL2,-0.618108108108108,-0.5443243243243242
WDR77,-0.242162162162162,-0.0783783783783782
PLS3,-0.4110810810810812,-0.3978378378378379
CALCOCO1,0.3275675675675674,0.2562162162162162
ADAMTSL1,0.4897297297297298,0.6102702702702703
RAC1,-0.3264864864864863,-0.2554054054054052
VPS8,-0.2981081081081081,-0.1705405405405405
SLC1A5,0.5016216216216215,0.6218918918918919
CBWD5,-0.268108108108108,-0.3378378378378377
COQ6,0.3324324324324325,0.2705405405405406
BCORL1,0.2862162162162162,0.3316216216216217
TSPAN15,0.3694594594594594,0.5351351351351349
AKR1E2,0.6035135135135136,0.3364864864864867
KIAA1715,0.2370270270270269,0.1775675675675674
GLOD5,0.2091891891891891,0.1191891891891891
SLC25A44,-0.3927027027027027,-0.2235135135135136
FNBP1L,0.5394594594594595,0.5243243243243242
FAM105A,-0.7616216216216214,-0.9956756756756756
VPS18,-0.1964864864864864,-0.2783783783783783
TAF5,0.2213513513513514,0.1408108108108108
RAPH1,-0.4302702702702702,-0.364054054054054
ZNF132,0.2967567567567566,0.2489189189189188
EIF4BP1,0.2216216216216217,0.4232432432432432
RAB10,-0.2821621621621621,-0.2597297297297297
PLPPR2,-0.8148648648648649,-0.8248648648648648
ZNF725P,0.2929729729729729,0.3224324324324324
IGSF8,0.5418918918918922,0.3527027027027026
CHD6,0.1818918918918919,0.0745945945945946
BCAR1P2,-0.1559459459459459,-0.0851351351351351
ZNF823,0.4016216216216217,0.2505405405405406
NFIX,-0.4516216216216216,-0.05972972972973
MSH5,0.2486486486486487,0.4702702702702702
LACRT,-0.1237837837837837,-0.1245945945945946
MLIP,0.245945945945946,0.1318918918918918
CIZ1,-0.3354054054054055,-0.1983783783783784
SFT2D2,-0.5427027027027028,-0.6197297297297297
TMEM108,-0.2572972972972972,-0.1683783783783784
TPM3P8,-0.815945945945946,-0.7913513513513515
TIMP4,0.3259459459459458,0.5651351351351352
TSPAN9,0.2089189189189189,0.1281081081081081
ALDH7A1,0.7572972972972971,0.5967567567567569
SSBP2,0.3583783783783785,0.0894594594594594
SLC22A5,-1.1167567567567565,-0.7175675675675672
CCDC141,-0.2781081081081081,-0.4651351351351351
RN7SKP198,0.2548648648648647,0.1718918918918918
CHL1,0.4162162162162163,0.6175675675675677
OSTCP5,-0.4418918918918918,-0.4043243243243242
CNST,-0.2645945945945946,-0.2808108108108108
TSPYL1,0.1416216216216215,0.0608108108108107
SCARNA21,-0.2386486486486486,-0.4664864864864862
FKSG59,0.1437837837837837,0.1745945945945944
KLRB1,-0.5437837837837838,-0.7078378378378378
IRF8,-2.3454054054054057,-2.190810810810812
HR,0.204054054054054,0.1278378378378378
ZC2HC1A,0.4075675675675677,0.1705405405405406
KLHL22,0.1935135135135135,0.1672972972972973
SLC31A1,-1.1405405405405409,-0.9989189189189192
GLRX3,-0.182972972972973,0.028108108108108
RGS19,-0.2083783783783784,-0.27
RIOK1,-0.2764864864864864,-0.4475675675675675
PPIL1,-0.9708108108108108,-0.8089189189189189
OIP5,-0.1978378378378377,-0.1737837837837837
MTA3,0.3683783783783784,0.3675675675675675
LYPD6,0.1581081081081081,0.0554054054054054
CORO2B,0.4970270270270271,0.6229729729729729
TMLHE,0.6210810810810811,0.4505405405405406
GNLY,-0.5427027027027025,-0.956216216216216
OPHN1P1,0.2286486486486486,-0.011081081081081
ATP1A1OS,0.3854054054054053,0.0851351351351351
GAPLINC,-0.2948648648648648,-0.3689189189189188
MAGOH2P,0.3000000000000001,0.2851351351351352
UBR3,0.3891891891891892,0.3405405405405406
SLAMF8,-1.491081081081081,-1.408918918918919
FKBP1A,-0.7683783783783787,-0.6964864864864864
TMEM150B,-0.4408108108108107,-0.3972972972972972
SOCS7,0.2843243243243242,0.4299999999999999
CBX7,0.2472972972972972,0.2529729729729728
CDC27,-0.3227027027027025,-0.1164864864864865
RFFL,-0.8605405405405406,-0.8124324324324323
CCM2L,0.1824324324324323,0.128108108108108
RBM38,-0.2797297297297298,-0.2270270270270269
MTHFSD,0.2764864864864865,0.0586486486486485
RAB4A,-0.3027027027027026,-0.4248648648648648
KMT2A,0.5372972972972971,0.5040540540540542
CD59,-0.530810810810811,-0.5986486486486488
TXNIP,0.6264864864864866,0.3378378378378379
CCDC117,0.1567567567567567,0.1464864864864865
LRPPRC,0.556756756756757,0.574054054054054
AK4P3,0.2751351351351351,0.5156756756756756
CCL13,-1.5464864864864865,-1.793243243243243
EEF1A1P19,0.2105405405405407,0.1748648648648649
CRIP1P4,-0.4294594594594595,-0.5056756756756758
ST6GALNAC2,0.3599999999999999,0.338108108108108
STARD8,-0.3116216216216215,-0.2683783783783783
SMC5,0.2502702702702704,0.001081081081081
ZNF26,0.2713513513513514,0.4218918918918919
SUSD4,-0.2097297297297297,-0.1335135135135135
SNCAIP,-0.6683783783783783,-0.8200000000000003
EEF1D,0.2867567567567565,-0.1429729729729733
TTBK2,0.3491891891891891,0.365135135135135
BNIP3P39,0.2297297297297297,0.0472972972972972
SMN1,0.1972972972972973,0.2194594594594595
CENPN,-0.7902702702702701,-0.5502702702702702
COPB1,-0.3408108108108107,-0.3081081081081079
STX10,-0.2278378378378379,-0.4167567567567568
SCAMP2,-0.7437837837837838,-0.4751351351351351
GPR39,-0.1262162162162162,-0.2013513513513514
TRAPPC5,-0.3145945945945946,-0.4313513513513512
RAD51AP1,-0.2986486486486486,-0.3632432432432432
RNA5SP399,0.4343243243243244,0.3632432432432432
GAPDHP25,-0.2056756756756756,-0.1640540540540541
SYNGR1,-0.2216216216216217,-0.1743243243243243
MFSD6,-0.4921621621621623,-0.6045945945945947
SUPT16H,0.335945945945946,0.0999999999999998
ADAM19,-0.1875675675675675,-0.2137837837837838
ARID5B,0.7048648648648648,0.516216216216216
NKTR,0.2835135135135134,0.2408108108108107
FAM219A,-0.3137837837837837,-0.1048648648648648
THTPA,-0.1813513513513514,0.0437837837837837
MOGAT1,0.7027027027027029,0.7683783783783783
CEP78,-0.6227027027027026,-0.518108108108108
MRPL46,0.3945945945945944,0.3254054054054053
SLC2A3P4,-0.2002702702702703,-0.1997297297297296
CDC6,-0.254054054054054,-0.2964864864864865
PSMA6P2,-0.3097297297297297,-0.1151351351351351
BTN2A2,-0.2540540540540539,-0.2916216216216215
STK39,0.3924324324324326,0.8516216216216218
FKBP9P1,-0.4356756756756756,-0.2159459459459459
ACTR1A,-0.5021621621621621,-0.4548648648648646
AKT2,0.4610810810810808,0.7832432432432431
RNY4,0.4291891891891892,0.3967567567567566
TRAM1,-0.3551351351351351,-0.5932432432432432
ARL4AP2,-0.3870270270270269,-0.1648648648648648
ESYT1,0.482972972972973,0.6267567567567567
UBXN7,0.3494594594594594,0.2599999999999999
ENC1,-0.872162162162162,-0.7072972972972974
WDR41,-0.2440540540540541,-0.346216216216216
ZNF595,0.7594594594594593,0.4575675675675675
UQCRB,0.4443243243243243,0.5637837837837839
CEP57,0.3872972972972974,0.2505405405405406
SNX2,-0.3264864864864867,-0.3281081081081085
ZNF322,0.2832432432432433,0.0713513513513512
HSPB1P1,-0.8154054054054054,-0.6554054054054054
SEC22C,-0.4554054054054054,-0.4475675675675676
WDR33,0.3202702702702705,0.1591891891891892
CD2,-0.6145945945945946,-0.701081081081081
TCAF2P1,0.1467567567567567,0.1454054054054053
ATF2,0.5062162162162163,0.421081081081081
PHF10,0.5627027027027028,0.4967567567567567
GJC3,0.7545945945945944,0.9045945945945943
DGAT2,-0.2927027027027021,-0.0937837837837833
DTNA,-0.4681081081081079,-0.4689189189189189
CCM2,-0.4427027027027028,-0.528918918918919
LENG8,0.2710810810810811,0.3645945945945946
SLC22A3,0.6070270270270269,0.5262162162162161
GRP,0.1745945945945947,0.0578378378378379
HMGN1P9,-0.1054054054054054,-0.097027027027027
RAVER2,0.3951351351351351,0.4691891891891893
AGPAT5,-0.3156756756756755,-0.5237837837837838
LRIF1,-0.3202702702702704,-0.2059459459459458
OR52B1P,0.1794594594594594,0.07
EIF4BP9,0.2586486486486486,0.327027027027027
RALGAPA1,0.3997297297297296,0.2735135135135134
RFX5,-0.1772972972972971,-0.2070270270270268
KRT18P64,0.1656756756756756,-0.0859459459459459
BIRC3,-0.9145945945945948,-1.1605405405405405
PTPRA,0.1740540540540539,-0.0308108108108109
CCPG1,-0.6570270270270269,-0.6932432432432433
HNRNPLP2,0.1881081081081081,0.1367567567567568
PTPRE,-1.078108108108108,-1.2864864864864864
RTTN,0.3491891891891892,0.1764864864864866
B4GALT7,-0.258918918918919,-0.161081081081081
KCNC3,-0.1616216216216216,-0.1537837837837838
HCN2,0.1410810810810811,0.0556756756756756
TRIM6,-0.7659459459459459,-0.4394594594594594
MT1HL1,-0.2345945945945947,-0.1427027027027027
PLXNA3,-0.2948648648648649,-0.1613513513513514
RMND5B,0.2224324324324324,0.1302702702702704
FAM173B,-0.4662162162162162,-0.2821621621621622
COPG1,-0.4589189189189189,-0.3843243243243242
MED13L,0.3627027027027026,0.199189189189189
NUP62,-0.314054054054054,-0.3875675675675676
GFPT1,0.4921621621621623,0.5818918918918919
RN7SKP285,0.2678378378378379,0.1578378378378378
FMNL1,-0.5683783783783785,-0.6902702702702702
MTHFD2P3,-0.3102702702702703,-0.4118918918918919
MAP7,-0.1986486486486486,-0.0518918918918918
SORBS3,-0.3702702702702704,-0.3824324324324326
GDA,-0.2929729729729731,-0.2527027027027027
MATN4,-0.1321621621621622,-0.0713513513513513
EIF2B2,0.1981081081081081,0.1421621621621621
CD68,-2.4978378378378374,-3.0540540540540544
GRAMD1B,-0.2262162162162162,-0.3154054054054054
NCAM1,0.405135135135135,0.1278378378378378
RBPMS,0.4397297297297298,0.4613513513513513
LATS1,0.1732432432432431,0.2778378378378379
GFRA2,-0.8270270270270269,-1.0086486486486483
SMG5,-0.2213513513513514,-0.0824324324324325
NCALD,0.1918918918918918,-0.0097297297297297
XRCC6,0.149189189189189,0.0237837837837837
DDR2,-0.568918918918919,-0.3786486486486486
RELL2,-0.1410810810810811,-0.0991891891891891
PLA2G6,0.4516216216216214,0.4489189189189189
NANOGP3,-0.402162162162162,-0.2132432432432431
SAMHD1,-1.3862162162162162,-1.8610810810810807
ACTG1P21,-0.4486486486486486,-0.2897297297297297
TMCO1,-0.1878378378378377,-0.3213513513513513
SDHAP1,0.3632432432432432,0.4862162162162162
DKK3,-0.7643243243243244,-0.6402702702702705
GPR183,-2.953243243243243,-3.5729729729729742
TMED5,-0.8599999999999998,-0.4827027027027027
PDHX,0.3727027027027028,0.5821621621621623
NDUFB2,-0.3581081081081082,-0.2732432432432433
LRIG1,0.927837837837838,0.8218918918918922
CTNNAL1,0.3148648648648648,0.094054054054054
INSR,0.5478378378378377,0.5667567567567567
IDS,-0.3727027027027026,-0.2640540540540541
SLC8B1,-0.7759459459459458,-0.8978378378378382
CD200R1,-0.9437837837837836,-1.3383783783783787
GOLGA3,-0.4883783783783784,-0.4643243243243244
ESRRA,-0.1591891891891892,0.0532432432432432
CTLA4,-0.1486486486486486,-0.1983783783783783
PEX12,0.1591891891891891,0.204054054054054
F11R,-0.2081081081081081,-0.1510810810810812
CALD1,-0.7070270270270274,-0.757297297297297
ZNF594,0.4732432432432432,0.3835135135135135
FAM107B,-0.6872972972972973,-0.4127027027027027
FCMR,-1.668108108108108,-1.9672972972972975
RNA5SP430,0.2702702702702702,0.1897297297297298
FGL2,-0.3108108108108111,-0.9075675675675676
METTL15,0.3986486486486488,0.3272972972972974
BCLAF1P2,0.2278378378378378,0.3227027027027026
BTF3P2,0.2656756756756757,0.2610810810810811
PEX26,-0.1854054054054054,-0.1767567567567567
ZNF780B,0.2543243243243243,0.201891891891892
TTC39B,-0.3032432432432432,-0.6056756756756758
HYI,0.6986486486486487,0.6851351351351348
GEMIN6,-0.2821621621621622,-0.2581081081081081
CTNS,-0.3043243243243243,-0.2897297297297296
SYNGR2,-0.5643243243243241,-0.5318918918918915
USP3,0.3375675675675675,0.3216216216216215
SCAPER,0.2991891891891894,0.0148648648648649
EZR,-0.9597297297297296,-1.4124324324324324
AARS,-0.4062162162162159,-0.2924324324324323
TMX2P1,-0.2478378378378378,-0.0943243243243243
HNRNPA1P45,0.2654054054054054,0.2213513513513514
PIK3C2B,0.3216216216216215,0.211081081081081
BICC1,-0.314054054054054,-0.8840540540540539
SRA1,-0.3948648648648649,-0.3108108108108109
P3H2,0.538108108108108,0.1213513513513514
ENGASE,0.3448648648648649,0.2467567567567567
NAA10,-0.6751351351351351,-0.5548648648648647
COQ10A,0.2724324324324325,0.2121621621621622
APOC2,-0.465945945945946,-0.2924324324324325
NTAN1,-0.4756756756756757,-0.5329729729729732
FRMPD2,0.1694594594594594,-0.0227027027027026
PPP1R3B,0.2359459459459458,0.0678378378378378
CYSLTR2,-0.2783783783783784,-0.4594594594594595
CORO2A,-0.3243243243243244,-0.5175675675675676
MYD88,-1.2389189189189194,-1.3483783783783787
CHFR,-0.1578378378378378,-0.2878378378378378
BNIP3L,0.5062162162162163,0.465135135135135
NUTM1,0.1597297297297298,0.0691891891891891
ZDHHC24,-0.2059459459459461,-0.2478378378378379
ADRB1,0.7445945945945948,0.6216216216216216
KAT7,0.3118918918918919,0.2499999999999998
ZNF204P,0.6418918918918916,0.474054054054054
RCAN3AS,0.2062162162162162,0.0724324324324324
VPS37A,-0.2572972972972973,-0.158108108108108
SFTA3,-0.1597297297297297,-0.0902702702702703
DDA1,-0.424054054054054,-0.0359459459459458
LYRM9,-0.1545945945945945,0.0013513513513513
EIF4EP1,-0.2999999999999999,-0.0764864864864864
TBC1D10A,-0.3581081081081081,-0.4364864864864864
ATP6V1C2,-0.3481081081081081,-0.1472972972972973
ATP6V0D2,-0.4364864864864863,-0.3321621621621622
KRBOX4,0.2099999999999999,0.0029729729729729
FAM13C,0.4854054054054056,-0.0062162162162161
CTSB,-1.543783783783784,-1.6105405405405402
WDR1,-0.6602702702702701,-0.7359459459459459
PHLPP1,1.3064864864864862,1.2556756756756755
NBPF20,0.2132432432432432,0.2916216216216216
DNM1,-0.5597297297297298,-0.457837837837838
CENPQ,0.2135135135135135,0.0343243243243243
ALG1,-0.4267567567567568,-0.4643243243243243
ACPP,-0.5145945945945947,-0.6664864864864863
LTC4S,-0.2321621621621621,-0.2589189189189189
PBX2,0.1675675675675677,0.0008108108108107
FYTTD1,-0.3332432432432431,-0.3172972972972971
ERAP2,-0.2402702702702703,-0.2889189189189188
GBF1,-0.2194594594594595,-0.0605405405405408
ESF1,-0.2935135135135134,-0.2772972972972971
MAP3K1,-0.5654054054054054,-0.8275675675675674
UBE2F,-0.421891891891892,-0.3294594594594594
DYNC2H1,0.5502702702702703,0.7567567567567569
PCYOX1,0.1783783783783781,0.1427027027027028
PUM2,0.358108108108108,0.1462162162162164
MRPL50,-0.1818918918918918,-0.2927027027027026
DNAJC15,-0.3791891891891892,-0.4167567567567568
ZNF43,0.2670270270270269,0.1840540540540538
LILRB4,-1.6089189189189188,-1.7486486486486488
DTL,-0.4894594594594595,-0.3832432432432431
MAGI1,0.3613513513513512,0.347027027027027
FAM35A,-0.4172972972972973,-0.4129729729729728
ZFPM2,0.5221621621621622,0.4194594594594594
SAMD8,0.2713513513513513,0.1389189189189189
ARHGEF26,1.2056756756756757,1.0210810810810809
RAMP1,0.1540540540540539,0.0737837837837837
UBE3A,0.3554054054054053,0.3443243243243242
EIF3M,0.2502702702702701,-0.010810810810811
PHF3,0.3643243243243245,0.4645945945945945
RBPJP2,-0.194054054054054,-0.0554054054054054
HIST2H2AC,0.2802702702702701,0.1216216216216215
GAPDHP72,-0.2759459459459459,-0.2005405405405406
PCOLCE2,-0.511891891891892,-0.3083783783783783
TPK1,-0.5994594594594594,-0.7594594594594596
SLC25A32,-0.2264864864864863,-0.2813513513513513
TMEM138,-1.0437837837837836,-0.712432432432432
RNA5SP184,0.2321621621621622,0.1583783783783783
COL12A1,-1.6194594594594596,-1.6248648648648651
ZNF559-ZNF177,0.4972972972972972,0.0540540540540539
GOLGB1,0.3524324324324325,0.4845945945945946
POSTN,-0.4783783783783784,-0.7881081081081083
TNFRSF10A,-0.5435135135135137,-0.4902702702702702
LRRC3C,0.1662162162162161,0.101081081081081
GSTP1P1,-0.1267567567567568,-0.0754054054054054
PXDC1,-1.1578378378378376,-0.8921621621621617
BFAR,0.4162162162162161,0.2886486486486485
HSD17B4,-0.3218918918918917,-0.3081081081081082
IRAK3,0.2772972972972972,0.0010810810810809
SEMA7A,-0.2575675675675676,-0.1348648648648649
SLC34A2,-0.1991891891891892,-0.1175675675675676
HSPA9P1,-0.4086486486486484,-0.1099999999999999
EIF2AK3,-0.2154054054054053,-0.2275675675675674
HIST1H2BO,-0.1894594594594595,-0.0654054054054053
CES1P1,-1.0051351351351352,-0.7808108108108107
ZNF671,0.1964864864864864,-0.0216216216216217
DPYSL4,-0.1854054054054054,-0.0472972972972973
CYP4F29P,0.5551351351351349,0.7670270270270274
TMEM189-UBE2V1,-0.8681081081081079,-0.4259459459459459
CSRP2P,0.2629729729729729,0.1394594594594595
WIPI1,-0.6951351351351351,-0.2808108108108109
TSSC1,-0.5781081081081082,-0.5032432432432432
ZNF962P,0.2183783783783784,0.3759459459459459
HS6ST1,-0.177027027027027,-0.1956756756756756
MAST3,-0.2724324324324324,-0.1021621621621621
MARS,-0.5989189189189187,-0.5397297297297295
SPATA13,-0.5810810810810811,-0.5608108108108109
PSMB3,-0.4954054054054055,-0.401891891891892
CDKL5,0.4194594594594594,0.5678378378378378
BMS1P15,-0.3008108108108109,-0.1656756756756756
CACNA2D3,0.2102702702702702,0.1678378378378378
CCNT2,0.2008108108108109,0.1281081081081083
ZNF300P1,0.1889189189189189,0.1354054054054054
AFF3,-0.5356756756756759,-0.2200000000000001
SIPA1L2,-0.3043243243243244,-0.5205405405405406
DDIT4,-0.5097297297297299,0.076216216216216
NGDN,0.2621621621621622,-0.0037837837837836
PTGFR,-0.7610810810810814,-0.9759459459459456
RAB18,0.1470270270270271,0.2005405405405404
IQCE,-0.2029729729729729,-0.1267567567567567
ANKRD18EP,-0.2778378378378378,-0.3332432432432431
CSF2RA,-0.5654054054054054,-0.3391891891891891
PHLDA1,-0.973243243243243,-1.0972972972972974
SAPCD2P3,-0.1237837837837838,-0.0208108108108108
NEK9,0.1867567567567567,0.0937837837837837
HRASLS,-0.365945945945946,-0.1286486486486486
TUBAP2,-1.0472972972972971,-0.8281081081081076
LACE1,-1.2283783783783782,-1.0462162162162163
TCTN3,-0.4075675675675677,-0.3545945945945946
HNRNPA1P34,0.2167567567567567,0.2267567567567567
CCL8,-1.0172972972972971,-1.371351351351351
AK9,0.2183783783783784,0.3029729729729729
CDC25B,-0.385135135135135,-0.4910810810810811
SPATA6L,0.2551351351351351,0.155135135135135
SELPLG,-1.6027027027027023,-2.2408108108108102
ACP2,-0.7624324324324324,-0.9475675675675674
RNA5SP523,0.1743243243243243,0.1718918918918919
GOLGA5P1,-0.3386486486486487,-0.5237837837837839
ZNF526,0.164054054054054,0.0064864864864864
CLIC4,-0.4129729729729729,-0.4581081081081081
NCK1,-0.1862162162162163,-0.4764864864864867
KRTAP2-2,-0.1424324324324324,0.0118918918918919
METTL9,0.2243243243243243,0.1113513513513511
BOD1L1,0.2294594594594593,0.1802702702702703
PPFIBP2,-0.4902702702702702,-0.6072972972972973
FARSB,-0.2297297297297297,-0.0718918918918918
LGALS1,-0.3856756756756757,-0.3562162162162163
CAPZA1,-0.402972972972973,-0.4983783783783785
SPHK1,-0.2272972972972974,-0.1321621621621621
KPNA4,-0.3737837837837837,-0.1629729729729728
ALAS1,-0.9724324324324324,-0.4905405405405405
PFAS,-0.1937837837837838,-0.0259459459459459
F10,0.2213513513513513,0.205135135135135
KIAA1429,0.5243243243243242,0.3675675675675675
ARID2,0.2316216216216214,0.1072972972972971
TOMM20,0.2551351351351351,0.3389189189189189
CES1P2,-0.3548648648648648,-0.3697297297297298
RASL10B,1.2294594594594592,1.1427027027027026
PAIP2B,0.6024324324324326,0.4348648648648651
PRR3,0.414054054054054,0.2602702702702702
FLVCR1,-0.2632432432432431,-0.1297297297297297
CEP41,-0.3391891891891893,-0.3078378378378378
UMAD1,0.3567567567567566,0.2916216216216215
FLYWCH1,0.2032432432432432,0.2491891891891891
FANCD2P2,-0.1472972972972972,-0.0213513513513513
KCNAB2,-1.3405405405405406,-1.5891891891891896
RPN1,-0.6691891891891896,-0.6340540540540539
ARPP21,-0.3762162162162163,-0.2932432432432433
NARS,-0.3462162162162163,-0.2562162162162163
HNRNPA3,0.4821621621621622,0.3497297297297298
TPM3P1,-0.3994594594594594,-0.3083783783783783
MAML3,0.2791891891891891,0.0237837837837837
G0S2,0.3070270270270269,0.2664864864864865
MAGT1,-0.4227027027027026,-0.6618918918918918
RTN4R,-0.1727027027027028,-0.0745945945945946
FRS2,0.2313513513513512,0.1478378378378375
IFT57,-0.232162162162162,-0.358108108108108
PJA2,0.2391891891891891,0.0397297297297297
SAFB,0.4491891891891893,0.3999999999999999
CHCHD4,-0.4381081081081081,-0.2221621621621622
NEDD1,-0.2421621621621621,-0.1267567567567567
MAB21L1,0.4048648648648648,0.4316216216216215
LAPTM5,-2.323783783783785,-2.768648648648649
FAM13B,-0.3905405405405404,-0.4067567567567567
UBE2V1P1,-0.5332432432432433,0.0818918918918918
KIAA0930,-1.6132432432432435,-1.5908108108108108
NAPSB,-0.2886486486486486,-0.2529729729729731
PCDHA9,-0.1264864864864865,-0.0894594594594596
SPIRE1,-0.52,-0.1994594594594594
RGS1,-3.078108108108108,-3.3924324324324324
MTND3P9,0.2208108108108107,0.1145945945945945
CCDC126,0.6064864864864864,0.1329729729729731
OSCP1,-0.3037837837837838,-0.1048648648648649
HUWE1,0.1767567567567568,0.2067567567567569
RNASE7,-0.2500000000000001,-0.1445945945945947
TYMS,-0.3794594594594595,-0.4613513513513512
IGBP1,0.4829729729729727,0.2999999999999997
HOXC10,0.4448648648648649,0.3921621621621624
AKAP11,0.4305405405405404,0.2683783783783783
CSTB,-0.7486486486486489,-0.7067567567567571
RN7SL737P,-0.2024324324324325,-0.217027027027027
TPX2,-0.7324324324324322,-0.6408108108108106
MSL3P1,-0.4745945945945947,-0.4118918918918919
NEK1,0.4494594594594593,0.2213513513513513
DNAJC4,-0.2567567567567568,-0.1372972972972972
DISC1,-0.1537837837837838,-0.2397297297297297
PRRX2,-0.0951351351351351,-0.0610810810810811
CEP170B,-0.3927027027027026,-0.2843243243243244
CAP2,-0.8905405405405407,-0.3002702702702701
SCRN2,0.6110810810810808,0.6283783783783783
SMIM7,0.2510810810810812,0.1940540540540541
BANF1P3,-0.3554054054054053,-0.0967567567567567
RNMTL1,0.3389189189189189,0.0667567567567567
COL5A2,-0.7372972972972975,-0.7994594594594594
GAS2L3,-1.8191891891891887,-1.947297297297298
PPP2R3A,0.2640540540540539,0.4140540540540539
GPHN,0.6591891891891892,0.7524324324324322
PSMD11,-0.3918918918918918,-0.3289189189189189
TPM3,-1.1494594594594596,-1.161621621621621
CCDC73,0.2305405405405405,0.1589189189189189
PEA15,-0.9354054054054054,-0.8145945945945946
DYX1C1-CCPG1,-0.3183783783783784,-0.2899999999999999
ZNF519,0.284054054054054,0.2410810810810812
NLN,-1.4081081081081082,-1.2886486486486484
SETMAR,0.1772972972972973,0.1435135135135135
MAP3K13,0.3189189189189189,0.1259459459459459
TXNDC17,-0.4143243243243242,-0.4756756756756755
CHMP4BP1,-0.2197297297297298,-0.0856756756756756
LGI1,-0.240810810810811,0.0508108108108106
PRKAR2B,1.0435135135135134,1.1613513513513514
HELQ,0.3540540540540541,0.1978378378378378
CCDC53,-0.3789189189189188,-0.4529729729729729
USP35,-0.3432432432432434,-0.16
PDLIM5,-0.285945945945946,-0.2597297297297299
UCHL3,-0.6410810810810811,-0.6027027027027028
NPEPPS,0.2651351351351352,0.3664864864864865
TGIF1,-0.2394594594594593,-0.2475675675675676
PNP,-0.8481081081081081,-0.873783783783784
PTRF,-0.652702702702703,-0.4789189189189188
ZNF732,0.2464864864864865,0.1891891891891891
SLC35C2,0.1989189189189188,0.1421621621621621
NPM1P34,0.1783783783783783,0.1359459459459459
GULP1,0.5302702702702704,0.1764864864864865
GMCL1P1,0.2102702702702702,0.2127027027027027
PCDH17,-0.3556756756756757,-0.5210810810810809
GPT,0.5097297297297299,0.6643243243243242
SALRNA1,0.1705405405405405,0.0216216216216215
ARPC4,-0.5702702702702706,-0.4491891891891893
FUCA2,-0.5624324324324327,-0.5375675675675677
MALSU1,0.2894594594594595,0.2110810810810812
HBB,-1.0854054054054054,-0.7675675675675674
ELN,-0.4475675675675675,-0.5021621621621623
TGDS,0.5291891891891891,0.2616216216216215
MPDU1,-0.3340540540540539,-0.2754054054054054
CERCAM,-0.5305405405405406,-0.6597297297297299
ERLIN1,-0.4172972972972974,-0.4275675675675676
RUVBL1,-0.2927027027027026,-0.2851351351351351
YBX1P6,-0.1589189189189189,-0.0037837837837837
RHOF,-0.3783783783783783,-0.2348648648648649
UBA2,0.4967567567567566,0.3113513513513513
ITGB5,-1.3945945945945948,-1.238918918918919
ATE1,0.2772972972972973,0.2845945945945945
CALM3,-0.6627027027027026,-0.9648648648648652
ZNF417,0.3486486486486486,0.0772972972972972
LPAR5,-0.4902702702702702,-0.4613513513513512
DDX11L5,-0.2586486486486485,-0.0978378378378377
ATAD3A,-0.1902702702702703,-0.0856756756756756
FCER2,-0.3532432432432433,-0.3440540540540541
SPRED2,0.2543243243243244,0.3424324324324325
ALDOAP1,-0.2221621621621621,0.017027027027027
SYNJ2,-0.2637837837837838,-0.1862162162162162
PROX2,-0.1810810810810811,-0.1394594594594594
CYP46A1,-0.2567567567567568,-0.2283783783783783
FCGBP,-1.0599999999999998,-1.0875675675675671
ZSWIM6,-0.6329729729729732,-0.4254054054054054
ANTXR2,0.9248648648648646,0.824864864864865
FAM126B,0.7554054054054055,0.5894594594594595
RPP30,-0.3021621621621619,-0.2586486486486485
TRIM16,-0.4145945945945944,-0.4135135135135134
ACTBP7,-0.6905405405405407,-0.4883783783783785
ABHD17AP5,-0.2170270270270269,-0.1229729729729729
COPB2,-0.2705405405405404,-0.1472972972972971
PFN1P12,-0.1278378378378378,-0.0691891891891891
CLCN4,-0.2062162162162162,-0.0291891891891891
HMGN2P41,-0.1821621621621622,0.0905405405405405
TRIM14,-0.617027027027027,-0.7978378378378377
METTL12,0.15,0.0624324324324324
ZNF271P,-0.2310810810810811,-0.2308108108108108
LTA4H,-0.2394594594594596,-0.2691891891891892
EIF4A2,0.9583783783783784,0.5759459459459461
BAZ1A,-0.3786486486486486,-0.5381081081081083
PEPD,-1.0018918918918918,-0.9172972972972968
ENPP4,-0.2840540540540541,-0.2678378378378378
LURAP1L,-0.658108108108108,-0.54
AFM,0.1267567567567568,-0.0016216216216216
CRIPT,0.3605405405405406,0.3448648648648649
DNAJC19P9,0.3786486486486485,0.1075675675675673
KLHL31,-1.7186486486486483,-1.3308108108108103
SMOC2,0.6248648648648648,0.1535135135135135
HYOU1,-0.9991891891891892,-1.1724324324324324
ZFP14,0.3197297297297298,0.2778378378378378
SETDB2,-0.2056756756756756,-0.2937837837837838
PHB2,0.3278378378378376,0.1921621621621622
MMP7,-1.3356756756756765,-1.288648648648649
SCHLAP1,-0.4032432432432432,-0.4354054054054055
PPARGC1A,0.5408108108108107,0.5910810810810811
EEF1A1P7,0.1937837837837837,0.1848648648648647
SEPSECS,0.2635135135135135,0.0718918918918919
KCTD3,0.2170270270270268,0.0872972972972973
STK10,-0.7594594594594595,-0.9827027027027028
ICAM2,-0.3421621621621623,-0.3710810810810811
TMEM169,0.245945945945946,0.2697297297297298
AZGP1P1,0.7264864864864863,0.7459459459459462
ARF4P1,-0.7270270270270272,-0.4886486486486487
LGI2,-1.1994594594594596,-1.3916216216216213
RN7SL336P,-0.2108108108108108,0.0735135135135136
TMEM70,-0.3591891891891892,-0.323243243243243
RNF2P1,-0.2143243243243243,-0.0489189189189188
CMPK1,-0.5897297297297297,-0.3721621621621623
SNCG,-1.0072972972972976,-0.8359459459459458
RAPGEFL1,-0.1197297297297297,-0.0545945945945945
APOBEC3B,-0.2462162162162161,-0.3724324324324325
PPP1R2P10,-0.1551351351351352,-0.1527027027027027
CYTL1,-0.1602702702702702,-0.1291891891891892
RNF20,-0.1562162162162161,-0.102162162162162
NOTCH3,-0.9702702702702704,-0.7181081081081083
EIF4E3,0.2581081081081081,0.1918918918918918
OR4C49P,0.2129729729729729,0.1524324324324324
HNRNPA1,0.5775675675675678,0.269189189189189
PPP2CB,-0.2278378378378378,-0.1783783783783782
DIEXF,-0.2837837837837839,-0.3189189189189189
HNRNPA1P40,0.4040540540540543,0.1802702702702703
MARC2,0.8256756756756758,0.6878378378378381
SLC22A15,-0.3716216216216216,-0.3064864864864866
FCGR1B,-1.3391891891891894,-1.0975675675675678
NCAPD2P1,0.1213513513513513,0.0556756756756756
OR3A1,0.1521621621621622,-0.0216216216216215
SVEP1,0.2908108108108109,0.2240540540540542
ZAK,0.2840540540540541,0.284864864864865
ITGAX,-1.628918918918919,-1.7178378378378385
RXRA,0.3586486486486485,0.2724324324324323
SGCB,-0.3794594594594593,-0.4618918918918916
MTHFD1P1,0.1862162162162161,0.2851351351351351
ASPN,-1.0075675675675673,-1.358918918918919
PAXIP1,0.1808108108108107,0.2043243243243243
MEIS2,0.5681081081081084,0.2567567567567569
RND3,-1.0635135135135136,-1.0589189189189188
ZNF569,0.221081081081081,0.062162162162162
DOT1L,-0.3562162162162163,-0.2435135135135135
GUSBP1,0.3737837837837839,0.085135135135135
TRADD,-0.224054054054054,-0.2813513513513513
CUL1,0.1783783783783783,0.1208108108108109
EIF4E,-0.3391891891891891,-0.4643243243243241
HLA-E,-0.2494594594594594,-0.4197297297297298
MIRLET7E,0.1616216216216216,0.1613513513513513
LZTFL1,-0.2435135135135135,-0.2705405405405405
RRP1,-0.2867567567567565,-0.2778378378378378
HMGB3P6,-0.3475675675675674,-0.1448648648648648
GYS1,0.3589189189189186,0.7835135135135132
AGAP3,0.1572972972972973,0.3075675675675675
SCAMP3,-0.2445945945945947,-0.2162162162162161
CHMP5,0.1943243243243242,0.0294594594594593
SDPR,-0.5448648648648649,-0.3481081081081081
IREB2,0.2713513513513515,0.1859459459459458
BLOC1S6,-0.2194594594594592,-0.1745945945945945
SLC24A4,-0.3270270270270268,-0.4113513513513514
CPSF3,-0.1321621621621621,-0.0313513513513513
MAT1A,-0.1264864864864865,-0.0402702702702702
CENPF,-0.2951351351351352,-0.4759459459459459
CYP2C9,-0.2594594594594595,0.0537837837837837
BUD13,0.3402702702702703,0.1824324324324325
DRAM1,-1.07972972972973,-1.199189189189189
KCNK15,-0.5991891891891892,-0.4945945945945946
WARS,-0.6997297297297298,-0.4783783783783784
TLE2,-0.2818918918918919,-0.1267567567567567
PLAUR,-1.2700000000000002,-1.438378378378378
SFMBT2,-0.1986486486486486,-0.6027027027027027
PPP2R5D,0.2629729729729729,0.3062162162162162
ABCD2,0.4086486486486486,0.6689189189189187
PPP1R11,-0.3978378378378379,-0.1351351351351352
PPIAP9,-0.1602702702702702,-0.0702702702702702
F8,0.2335135135135135,0.1867567567567565
SLC7A11,-0.4508108108108106,-0.2862162162162162
PLEKHO1,-1.0913513513513515,-1.2286486486486483
FAM76A,0.3251351351351351,0.3448648648648648
COMMD7,-0.3778378378378378,-0.3472972972972972
TRIM8,-0.5967567567567569,-0.1018918918918919
APOO,-0.1829729729729729,-0.1151351351351352
AKR1C4,-0.2856756756756756,-0.125945945945946
OR7E4P,0.2459459459459458,0.3659459459459458
ICE2,0.4597297297297301,0.3413513513513513
P2RY2,-0.1918918918918918,-0.2445945945945946
CIAO1,-0.1881081081081081,-0.1321621621621622
PRDX1P1,-0.3210810810810809,-0.2786486486486485
REV3L-IT1,0.1735135135135134,0.224054054054054
CREB3L2,-0.8040540540540542,-0.4143243243243243
MBOAT7,-0.2156756756756756,-0.0716216216216216
GGT5,-0.2154054054054055,-0.2448648648648649
SNX27,-0.1537837837837835,-0.3297297297297297
FBXW8,-0.2021621621621621,-0.2081081081081081
SLC6A13,0.1618918918918919,0.118108108108108
GLIPR1,-2.7827027027027027,-3.366756756756757
EEF1A1P13,0.104324324324324,0.1159459459459461
TTYH3,-1.0151351351351354,-0.9905405405405407
PSME4,-0.4789189189189189,-0.3083783783783785
ISOC2,-0.3786486486486486,-0.0881081081081079
CLEC5A,-0.2518918918918918,-0.1924324324324325
CPE,-0.4186486486486485,-0.5224324324324323
RN7SL544P,0.2113513513513513,0.4508108108108107
SHTN1,-1.916756756756756,-1.677297297297297
LMF1,0.184054054054054,0.2643243243243242
GAPDHP47,-0.4972972972972972,-0.2348648648648648
SLC9A9,-0.7302702702702706,-1.0083783783783788
ZUFSP,-0.272162162162162,-0.1175675675675675
DDOST,-0.3894594594594595,-0.7045945945945945
PTCD2,0.3078378378378378,0.2621621621621621
EIF5A,-0.5289189189189191,-0.3405405405405405
COL6A5,0.1791891891891892,0.2224324324324324
CD300A,-1.259189189189189,-1.6081081081081083
GNB4,-0.61,-0.8337837837837836
PSMA6,-0.3886486486486487,-0.3375675675675675
RASA4DP,-0.4467567567567567,-0.4645945945945945
OR2A4,0.2786486486486484,0.2372972972972973
SCN9A,-1.2840540540540544,-1.5851351351351357
CYP4B1,0.5356756756756756,0.528108108108108
SMCHD1,0.1989189189189189,-0.1091891891891892
UTP11L,-0.3837837837837837,-0.3902702702702703
SLC25A51,-0.3710810810810809,-0.1364864864864864
TAAR3,-0.1899999999999999,-0.0289189189189189
MS4A4E,-1.148108108108108,-1.2870270270270274
SMIM4,-0.2672972972972973,-0.1129729729729729
MTRF1L,-0.1908108108108109,-0.1770270270270271
MARS2,-0.1497297297297297,-0.0716216216216216
RSPH3,-0.5213513513513511,-0.4521621621621622
OTOA,-0.1448648648648648,-0.2705405405405406
TXNP4,-0.2202702702702702,-0.2005405405405405
ARF1,-0.2848648648648648,-0.2591891891891892
G3BP2,-0.3940540540540541,-0.3175675675675675
FAXDC2,0.4927027027027029,0.4908108108108109
ZFAND2B,-0.205945945945946,-0.3294594594594594
PTPRZ1,-0.8818918918918918,-0.712162162162162
ROGDI,-0.1670270270270271,-0.4008108108108107
RAB13,-0.5013513513513512,-0.3199999999999997
ANO4,-0.2002702702702702,-0.0837837837837837
ATP9B,0.1629729729729729,0.168108108108108
TST,0.474864864864865,0.4875675675675677
SLC7A6,0.7429729729729726,0.9035135135135136
MR1,-0.7713513513513514,-0.7432432432432432
CYCSP25,0.2227027027027028,0.2462162162162163
PHKA2,0.6886486486486486,0.6972972972972972
PLEKHA6,-0.1918918918918918,-0.0121621621621621
DOCK2,-1.6148648648648654,-1.9456756756756757
PFDN2,0.2051351351351351,0.2183783783783783
FRMD4A,0.4567567567567567,0.5018918918918919
ZNF483,0.3724324324324324,0.2740540540540541
CARD10,0.1581081081081081,0.0591891891891892
TNFRSF11B,-1.785135135135135,-1.5978378378378375
MPV17L2,-0.2905405405405404,-0.1143243243243243
NUS1P3,-0.4886486486486487,-0.315945945945946
DYNC1H1,-0.3343243243243241,-0.2162162162162161
SEMA5A,-0.6337837837837836,-0.8559459459459458
CTDSP1,0.1448648648648648,0.2013513513513513
NFATC2,-0.4810810810810808,-0.5108108108108109
VAV3,-0.3983783783783784,-0.4772972972972974
TIMM23,-0.4794594594594597,-0.258918918918919
FKBP1AP3,-0.2635135135135134,-0.1278378378378378
TNFRSF10D,-0.8689189189189187,-0.9527027027027024
CSNK1A1,-0.2745945945945947,-0.0754054054054055
SNRPEP5,-0.1913513513513512,-0.1143243243243242
OR5AR1,0.3002702702702702,0.2616216216216215
TMEM200B,0.3764864864864864,0.4624324324324323
SGIP1,-0.8245945945945948,-0.7648648648648649
IL20RB,-0.6427027027027027,-0.681891891891892
LRRC8A,-0.2286486486486486,-0.2616216216216216
MFGE8,-0.5602702702702704,-0.455135135135135
PTDSS1,-0.7335135135135136,-0.7929729729729731
TOP3BP1,0.1772972972972972,0.0254054054054053
PCDH7,-0.6981081081081081,-0.4789189189189189
TPM4,-0.9340540540540544,-0.9627027027027024
MYBPC2,0.1164864864864865,0.0024324324324323
OLMALINC,0.9278378378378378,1.4735135135135138
MATN1,-0.1224324324324324,-0.1237837837837837
RAB6A,-0.4478378378378378,-0.3272972972972973
HN1,-0.8008108108108107,-0.9462162162162164
SLC48A1,-0.6118918918918919,-0.4713513513513513
PLLP,-0.2275675675675674,-0.31
RLF,0.4124324324324325,0.1813513513513514
PGM3,0.7318918918918919,0.8581081081081077
RIPK2,-0.6016216216216218,-0.5254054054054054
SLC5A4P1,0.2075675675675675,0.0202702702702702
HNRNPA1P44,0.3764864864864867,0.2559459459459459
SEPT7P9,0.2191891891891892,0.2272972972972973
DCAF13,-0.3902702702702704,-0.5037837837837839
KCTD10,-1.1305405405405409,-0.7859459459459457
TPRG1,-0.7154054054054054,-0.714864864864865
CASP6,0.304054054054054,0.2456756756756757
COL15A1,-0.4613513513513512,-0.5402702702702703
GOSR1,0.1832432432432433,0.117027027027027
TRPV2,-0.3999999999999999,-0.4567567567567568
CASD1,0.2699999999999999,0.0756756756756758
MTA1,0.2175675675675676,0.0378378378378379
FERMT3,-0.9505405405405406,-1.0937837837837838
NDUFA9P1,0.362162162162162,0.1662162162162161
TBC1D3B,0.3962162162162163,0.1691891891891891
CXADR,-0.2483783783783783,-0.157027027027027
PSMA4,-0.6754054054054053,-0.6199999999999999
MRPL18,-0.294054054054054,-0.3413513513513513
MS4A14,-1.6924324324324325,-1.9470270270270271
GPR176,-0.4616216216216218,-0.5964864864864865
CTDSP2,0.2837837837837838,0.198918918918919
YIF1B,-0.5756756756756757,-0.4127027027027027
HIST1H2AM,-0.5635135135135134,-0.5170270270270273
TIMELESS,-0.2654054054054055,-0.2048648648648649
SUN5,0.1372972972972972,0.1124324324324324
RNA5SP151,-0.1424324324324324,0.0254054054054054
AADAT,0.3610810810810809,0.2232432432432431
KCNMB3,0.1610810810810812,-0.0318918918918917
USP12PX,-0.2135135135135135,-0.1494594594594594
TSC22D3,0.5427027027027027,0.2340540540540541
COL14A1,-0.6018918918918917,-0.9616216216216216
METTL4,-0.2070270270270269,-0.3040540540540539
TRIM33,0.2664864864864864,0.2078378378378376
LCLAT1,-0.7289189189189189,-0.838648648648649
HLFP1,-0.1897297297297297,-0.0054054054054053
DNM1L,-0.2886486486486488,-0.4189189189189189
CCDC152,0.3567567567567568,0.2264864864864865
LTBP3,-0.1497297297297297,-0.0848648648648648
BMS1P11,-0.2491891891891893,-0.2359459459459459
POLR1E,0.2848648648648648,0.0489189189189189
TGFBR3,0.3127027027027027,0.3835135135135135
HADH,1.6059459459459464,1.4072972972972972
TNPO1P3,-0.1994594594594594,-0.1143243243243243
MKL1,-0.3521621621621622,-0.2602702702702702
ZBTB8OSP1,0.2175675675675676,0.1208108108108108
SRP9P1,0.2437837837837839,0.0340540540540541
PIP5K1B,-0.238108108108108,-0.1240540540540539
GPR146,0.7464864864864866,0.469189189189189
ADH1C,1.0451351351351352,0.9145945945945948
KIF14,-0.2227027027027026,-0.3035135135135135
ZHX2,0.2716216216216217,0.2454054054054054
CCDC92,-0.4635135135135136,0.0527027027027026
SLC43A1,0.6327027027027026,0.2986486486486486
HSP90B2P,-0.5521621621621623,-0.5383783783783784
AHSA2,0.5724324324324322,0.7786486486486485
SLC6A12,-0.2345945945945945,-0.1716216216216215
MXRA5,-3.712162162162161,-3.492702702702703
LILRP1,-0.3270270270270269,-0.3151351351351352
BROX,-0.2913513513513514,-0.242162162162162
HNRNPA1P59,0.3570270270270269,0.2718918918918916
PYCARD,-0.8235135135135134,-1.0921621621621622
SLU7,0.2308108108108109,0.0491891891891893
ALG9,-0.8205405405405407,-0.362972972972973
LEMD2,0.2389189189189189,0.2140540540540541
SLC25A39,-0.1491891891891892,-0.1583783783783784
TUSC5,0.7297297297297296,0.93
ALG1L2,-0.1727027027027026,-0.2594594594594594
GPRIN3,-1.1337837837837836,-1.0772972972972974
ARMC9,-0.225135135135135,-0.2354054054054054
HSP90AA4P,-0.3229729729729729,-0.1178378378378378
BCL2L1,-0.5289189189189188,-0.3562162162162161
VAPA,-0.237027027027027,0.0389189189189188
EIF4EBP2P1,0.2343243243243242,0.2789189189189189
ADCK3,0.765675675675676,0.8564864864864864
GPR137B,-1.502432432432432,-2.078648648648648
DPH3,-0.6605405405405402,-0.5535135135135134
PSAT1,-0.9475675675675678,-0.9724324324324324
RNY1P6,0.2364864864864864,0.2259459459459459
FOXN2,0.9137837837837834,0.7343243243243244
TAPBP,-0.8099999999999998,-0.8424324324324324
ERCC6,0.395945945945946,0.178108108108108
DNAJC21,-0.2183783783783781,-0.0594594594594594
GSDMB,2.244054054054054,2.1583783783783783
ABHD4,-0.6151351351351353,-0.357027027027027
GAPDHP61,-0.6475675675675678,-0.3154054054054055
PLOD3,-0.2405405405405405,-0.2902702702702702
TEX26,-0.7091891891891896,-0.8548648648648648
KCTD12,-0.5294594594594594,-0.4472972972972973
SUGP2,-0.2445945945945946,-0.1072972972972972
PRND,-0.4256756756756757,-0.5821621621621622
PLEKHM1P,-0.3962162162162159,-0.294054054054054
UHRF2P1,0.3254054054054053,0.2616216216216215
MAML1,0.298108108108108,0.3189189189189188
RAD23B,-0.2683783783783787,-0.1851351351351353
NCAPG,-0.6032432432432432,-0.5424324324324323
PRKCI,0.1975675675675673,0.077297297297297
TMEM248,-0.357027027027027,-0.3235135135135135
TRBV25-1,-0.3627027027027028,-0.6381081081081081
GIT2,-0.4910810810810812,-0.4562162162162163
SERBP1P6,0.2756756756756756,0.3802702702702703
ST14,-1.702972972972973,-1.7210810810810813
R3HDM4,-0.2867567567567567,-0.3251351351351352
RELL1,-0.4116216216216216,-0.3567567567567566
CCZ1,-0.2648648648648649,-0.3981081081081081
BRI3P1,-0.1702702702702703,-0.0129729729729731
SKAP2,-0.2589189189189189,-0.11
EDNRA,1.051891891891892,0.6378378378378378
LAMB1,0.2610810810810809,-0.0310810810810814
OR7E83P,-0.1721621621621621,-0.1505405405405405
PRICKLE1,0.2429729729729729,0.0337837837837837
ZRSR2,-0.2443243243243243,-0.2775675675675674
SFRP2,-2.4072972972972977,-2.504594594594595
SLC9C1,-0.5294594594594595,-0.4637837837837836
LDHAP1,-0.1664864864864864,-0.0108108108108107
BTBD8,0.7767567567567566,0.681081081081081
ENTPD5,-0.4118918918918919,-0.1091891891891892
MGST1,-0.4954054054054053,-0.1518918918918918
BCL2,0.2427027027027026,0.5175675675675674
EHBP1,-0.3454054054054052,-0.1827027027027028
RNASEK,-0.1586486486486487,0.0259459459459457
IFIT1P1,-0.1402702702702702,-0.0775675675675675
ANKRD20A11P,1.1781081081081088,1.5451351351351352
TAPBPL,-0.6486486486486485,-0.4948648648648646
IPO4,-0.1697297297297296,-0.295135135135135
CYBB,-2.65,-3.5367567567567573
TRIM64EP,0.2097297297297298,0.1462162162162162
DPY19L1P1,0.4005405405405405,0.3848648648648649
GMPPB,-0.145135135135135,-0.1262162162162161
ANXA8L1,-0.1805405405405405,-0.1905405405405404
THBD,-0.1916216216216216,-0.3156756756756757
ECM2,0.3910810810810811,0.2905405405405405
RGL1,-1.0416216216216214,-1.1364864864864863
FAP,-0.6700000000000002,-1.4110810810810812
CASP8AP2,0.2754054054054056,0.1651351351351351
TLR8,-1.909729729729729,-2.347567567567568
LTBP4,-0.2635135135135136,0.2667567567567568
ATP2B4,-0.2843243243243243,-0.0802702702702704
FPR2,-0.877027027027027,-1.2456756756756755
ESR1,0.408108108108108,0.3232432432432432
GOLGA2P7,0.2659459459459459,0.1451351351351351
SLC9A7,-0.4981081081081081,-0.4508108108108107
ZNF502,0.1389189189189188,0.1489189189189188
MAP2K6,0.6137837837837836,0.4056756756756757
SERPINB1,-0.4624324324324322,-0.6591891891891891
UNC13C,-0.7635135135135137,-0.7048648648648645
ITGB1P1,-0.2613513513513512,-0.2832432432432432
PAH,0.2210810810810811,0.0086486486486486
TRIM45,0.1797297297297297,0.1048648648648649
NLRP3,-1.0613513513513513,-0.9962162162162164
SLC7A2,-0.3475675675675676,-0.457837837837838
SLC1A4,-0.8124324324324323,-0.7554054054054056
FSCN1,-0.6443243243243245,-0.7162162162162162
ARPC3P2,-0.3105405405405406,-0.1024324324324324
OLR1,-0.9783783783783786,-1.0275675675675675
RAB42P1,-0.2097297297297297,-0.1021621621621622
CALCOCO2,0.3394594594594595,0.1318918918918919
ZFAND4,0.2770270270270268,0.085135135135135
TPMT,-0.5927027027027031,-0.7708108108108108
CRYAB,-1.077567567567568,-0.5437837837837841
TNFRSF1A,-0.4421621621621621,-0.3281081081081081
PLEKHB2,-0.6570270270270271,-0.8251351351351353
SLC15A4,-0.2024324324324324,-0.3383783783783785
PSG4,0.2543243243243243,0.1743243243243242
ATP6V1G1P4,-0.1710810810810811,-0.1013513513513513
DYNLL2,-0.3683783783783785,-0.0175675675675674
LILRB2,-1.151891891891892,-1.2986486486486486
STK35,0.3532432432432433,0.354054054054054
ZNF644,0.3629729729729726,0.0840540540540537
RN7SL376P,0.1097297297297298,0.114864864864865
P2RX6,-1.0205405405405406,-0.9608108108108108
FCER1G,-3.032162162162161,-3.793783783783784
PLP2,-0.8124324324324323,-0.7532432432432432
WNK1,0.4775675675675674,0.3045945945945946
PLIN1,0.3608108108108111,0.4316216216216219
SPINT1,-0.3370270270270271,-0.3081081081081082
TEC,-0.3043243243243242,-0.5029729729729732
DIAPH1,-0.6559459459459458,-0.6799999999999997
OR51V1,0.2137837837837836,-0.0032432432432432
TBX15,0.7818918918918919,0.6502702702702697
CD248,-2.773783783783784,-2.059999999999999
ZBTB37,0.2521621621621624,0.2045945945945947
RAB3C,-0.5608108108108109,-0.8418918918918918
TIMM10,-0.3243243243243243,-0.0505405405405404
HMGXB4,0.3810810810810811,0.3064864864864865
HIGD1AP17,0.3035135135135134,0.117027027027027
ALPL,-0.7251351351351351,-0.66972972972973
PGP,-0.2218918918918921,-0.101891891891892
DLC1,-0.4262162162162161,-0.1772972972972973
CEBPZ,0.2975675675675677,0.1789189189189189
PIK3R5,-0.9967567567567568,-1.36
HMHB1,0.2821621621621622,0.3270270270270271
FTLP4,-0.284054054054054,-0.2348648648648648
JPX,0.3556756756756756,0.0543243243243245
RCOR1,0.2410810810810809,0.2354054054054052
FANCD2,-0.3651351351351352,-0.285945945945946
EBF3,0.3694594594594594,0.184054054054054
KIF5B,-0.3013513513513514,-0.1340540540540541
SPRYD3,-0.4954054054054053,-0.5172972972972973
RSL24D1,0.4470270270270268,0.1497297297297297
JPH2,-0.415135135135135,-0.277027027027027
NMD3,0.3537837837837839,0.1402702702702703
LACC1,-0.9772972972972972,-1.044324324324324
ZNF638,0.3083783783783782,0.1918918918918917
PER4,0.1089189189189189,0.0497297297297297
PARPBP,-0.614054054054054,-0.5121621621621623
HACD2,0.4662162162162161,0.5835135135135135
CASP10,-0.3059459459459461,-0.3078378378378379
NPM1P31,-0.214054054054054,-0.0329729729729729
PBX1,0.221081081081081,0.2251351351351349
SIGLEC22P,-0.2199999999999999,-0.1872972972972972
TGFBI,-1.275945945945946,-1.7537837837837842
HDAC5,0.3618918918918919,0.3929729729729731
NAP1L5,-0.3327027027027027,-0.1362162162162162
GOLGA8Q,0.7205405405405405,0.8405405405405406
CHST8,-0.204054054054054,-0.0464864864864864
COPZ2,-0.2697297297297298,-0.0967567567567569
MYL12BP1,-0.3472972972972976,-0.1627027027027029
ALS2CL,0.1943243243243244,0.1297297297297297
CHIT1,-2.8321621621621618,-2.988108108108109
SLC7A8,-0.6227027027027028,-0.4532432432432432
TTC9B,0.1051351351351351,0.0416216216216216
PSMD7,-0.6151351351351353,-0.5897297297297297
ELFN1,-0.2718918918918919,-0.0656756756756757
UBA1,-0.3408108108108108,-0.3245945945945945
ZNF264,0.2005405405405405,0.0991891891891892
CAMK2N1,-0.3078378378378379,-0.2400000000000001
EAF2,-0.3513513513513512,-0.3791891891891891
CAP1,-0.7024324324324325,-0.6702702702702702
SH3D19,0.1716216216216216,0.0867567567567568
FAM166AP9,0.1345945945945946,0.1548648648648649
MKNK2,0.5475675675675675,0.5327027027027026
YESP,0.8316216216216216,0.9248648648648649
METTL17,0.2351351351351352,0.2627027027027028
CYBA,-1.0494594594594595,-1.1362162162162162
LRRCC1,0.3389189189189189,0.1813513513513513
RBBP9,-0.5508108108108107,-0.5418918918918916
HIGD1A,-0.5456756756756758,-0.1505405405405403
TPRX1P1,0.1556756756756757,0.0694594594594594
CDC20,-0.4627027027027026,-0.438918918918919
CD48,-0.9951351351351352,-1.4197297297297298
PTGES2,-0.2913513513513512,-0.128108108108108
NPY4R,0.2118918918918918,0.1194594594594595
RACGAP1,-0.3624324324324323,-0.4275675675675675
ZNF519P1,0.1981081081081081,0.1883783783783784
HSPB1,-0.8440540540540542,-0.7554054054054052
DCAF5,0.3159459459459461,0.2940540540540541
SUPT20H,0.3005405405405407,0.1689189189189191
CLTA,-0.3051351351351353,-0.4497297297297298
BOLA2,-0.6459459459459457,-0.7505405405405403
PRRC2C,-0.1059459459459459,-0.2005405405405405
MRPS31,0.312972972972973,0.2467567567567567
IFNL3P1,-0.1543243243243243,-0.0151351351351351
NCS1,-0.3218918918918918,-0.418108108108108
KLHL24,0.6291891891891892,0.4516216216216218
FAM160A2,0.3045945945945946,0.3937837837837838
MYADM,-0.3245945945945946,-0.1216216216216216
SMARCC1,-0.276216216216216,-0.3675675675675672
SLITRK6,-0.2435135135135135,-0.2075675675675675
ANGPTL8,-0.5881081081081083,-0.4151351351351351
LDHD,0.3413513513513513,0.3651351351351352
ZBTB8A,0.3635135135135135,0.2705405405405405
SHCBP1,-0.3972972972972972,-0.3129729729729729
BMS1P16,-0.2272972972972974,-0.1148648648648649
JUND,0.4218918918918919,0.2627027027027026
PDXK,0.2745945945945944,0.4802702702702699
LAMTOR1,-0.3199999999999999,-0.1899999999999999
HRH1,-0.3391891891891891,-0.3927027027027027
ADGRG2,0.5135135135135134,0.6275675675675674
TENC1,0.2483783783783783,0.3132432432432433
RNA5SP264,0.3664864864864864,0.1245945945945945
TNFSF10,0.6405405405405408,0.0745945945945945
RNF10P1,-0.2213513513513512,-0.1067567567567567
KLHL9,0.2254054054054053,0.0297297297297296
SSH1,-0.5945945945945946,-0.4940540540540543
SH3BP2,-0.5324324324324327,-0.7172972972972975
OSER1,-0.2364864864864865,-0.2751351351351351
PCP4,-0.4075675675675676,-0.2854054054054055
RASSF7,-0.1943243243243243,-0.3208108108108108
SULT1A1,-1.1218918918918923,-1.0859459459459455
MTIF3,0.1764864864864865,0.2672972972972973
EIF4A1P2,-0.2986486486486486,-0.4243243243243242
ATG7,-0.6529729729729729,-0.9010810810810808
LGR4,0.5989189189189189,0.5078378378378379
ATP5G1P6,-0.1672972972972972,-0.121081081081081
OGG1,0.29,0.1216216216216216
ZNF420,0.2616216216216217,0.1440540540540541
GALNT7,-0.5086486486486487,-0.6594594594594596
SRD5A3,-0.5613513513513511,-0.5224324324324324
MOCS1P1,0.6813513513513509,0.6937837837837838
MARVELD1,-0.447027027027027,-0.5481081081081083
MSMO1,-1.1345945945945946,-0.3097297297297297
DCUN1D3,-0.599189189189189,-0.2918918918918917
SRP19,-0.534054054054054,-0.3883783783783782
MRPS18B,0.2827027027027026,0.2835135135135133
BRCC3P1,-0.2783783783783782,-0.2313513513513514
LRRFIP1,-0.4494594594594594,-0.5918918918918918
EIF4EBP1P1,0.3002702702702702,0.1921621621621621
SMARCA4,-0.4294594594594594,-0.3862162162162159
ANP32A,0.2313513513513512,-0.0091891891891892
ECSIT,0.2978378378378378,0.3010810810810813
SLC16A6,-0.6229729729729728,-0.7170270270270269
STAG3L4,0.352972972972973,0.605135135135135
FAM136A,-0.2,-0.1759459459459459
SAT2,0.1908108108108108,0.0951351351351351
SNAR-B2,-0.1559459459459459,-0.1964864864864864
RASA4CP,-0.1656756756756757,-0.1810810810810811
ANKRD10,0.2397297297297296,0.1613513513513513
ZNF35,-0.1848648648648647,-0.1872972972972972
TK2,-0.2659459459459459,-0.0370270270270269
SYF2P2,0.2237837837837838,0.147027027027027
CLK1,0.2783783783783784,0.1748648648648648
ZNF451,0.2475675675675674,0.1721621621621619
RORA,0.6610810810810812,0.4321621621621623
MGA,0.1705405405405406,0.0694594594594594
SYDE2,0.4729729729729729,0.5489189189189191
RBBP8,-0.5008108108108109,-0.6305405405405403
ABCA8,0.5908108108108108,0.3589189189189189
MAP2K5,0.3832432432432432,0.3191891891891892
ATP5G2P1,0.2005405405405404,0.1697297297297296
DYNLL1P3,-0.2167567567567568,-0.1205405405405405
PPIAP22,-0.3675675675675673,-0.2335135135135133
SEPT6,-0.2751351351351351,-0.5908108108108108
ZFAND5,1.2951351351351348,0.8286486486486485
TCEB1P5,0.1478378378378378,0.0732432432432432
HAS2,-0.4127027027027027,-0.312972972972973
WWP1P1,-0.3767567567567568,-0.3854054054054053
FPR1,-1.154054054054054,-2.21945945945946
PARVB,-0.2264864864864864,-0.0902702702702702
CD47,-0.485135135135135,-0.5475675675675675
ZNF12,0.495945945945946,0.2083783783783782
HP,-1.9832432432432432,-1.907837837837838
GGTLC1,0.1091891891891891,0.0372972972972973
TUBA3E,-0.2475675675675675,-0.1105405405405405
FXNP1,-0.2032432432432432,-0.1881081081081081
PART1,-0.1378378378378378,-0.1756756756756757
HCLS1,-1.2716216216216218,-1.7454054054054062
RNA5SP117,0.1835135135135136,0.2694594594594595
PGM2,-0.307027027027027,-0.4008108108108109
RN7SL446P,0.1656756756756757,0.2048648648648649
PTCH1,0.395135135135135,0.4764864864864865
NCAPG2,-0.2562162162162161,-0.0872972972972973
FLNA,-0.9559459459459458,-0.7172972972972975
SMAP2,-1.0689189189189192,-1.4848648648648652
CBY1,0.3540540540540539,0.2729729729729728
ATP6V0A2,-0.3932432432432431,-0.2862162162162163
NPTN,-0.1808108108108108,-0.4002702702702701
TTC32,0.2759459459459458,0.3532432432432433
SUZ12P1,0.4683783783783783,0.365135135135135
LGALS16,0.1540540540540541,0.1124324324324324
OLFM1,-0.5064864864864865,-0.8118918918918918
HCFC1R1,-0.3786486486486486,-0.3148648648648648
VAV2,-0.1686486486486485,-0.3613513513513512
CSF1,-1.0851351351351348,-0.8843243243243243
UBE2V2P4,0.2275675675675676,0.3227027027027027
CTSL,-0.4497297297297297,-0.7137837837837838
AHSA1,-0.3883783783783784,-0.1556756756756758
TSHZ3,-0.3364864864864865,-0.2459459459459458
AOC2,-0.777027027027027,-0.6405405405405403
SLC30A10,-0.2091891891891891,-0.1229729729729729
HPSE,-0.3745945945945946,-0.577027027027027
PPIAL4E,-0.1597297297297297,-0.1356756756756757
RNF7,-0.1994594594594596,-0.3527027027027026
CTGF,-1.3683783783783785,-1.2862162162162167
NCF2,-1.4075675675675676,-1.761351351351351
ZNF334,0.721891891891892,0.4991891891891892
RNFT1,-0.4456756756756755,-0.4332432432432432
RAP2B,-0.676216216216216,-0.8945945945945944
RCBTB2,-0.2878378378378377,-0.4859459459459456
SLC33A1,-0.296216216216216,-0.2308108108108107
MICU2,-0.2024324324324324,-0.1702702702702703
ADCK1,-0.3251351351351351,-0.2145945945945945
MT-TQ,0.7421621621621622,0.4910810810810812
TNS3,-0.7521621621621621,-0.2508108108108109
FAM96A,-0.3664864864864866,-0.4686486486486485
BCAR1P1,-0.1608108108108108,-0.1159459459459459
PDK4,0.3486486486486485,0.0694594594594592
PFN1P8,-0.2194594594594593,0.0305405405405405
EEF1E1,-0.3148648648648648,-0.4048648648648648
MMP9,-3.7454054054054073,-3.605675675675676
WDTC1,0.3118918918918917,0.2648648648648647
CRELD1,0.2351351351351352,0.2221621621621622
SETX,-0.1872972972972973,-0.1297297297297297
WBP2NL,0.1637837837837837,0.2062162162162161
RASSF4,-1.0651351351351348,-0.9567567567567564
PGD,-0.3100000000000001,-0.0597297297297298
ZER1,0.3002702702702703,0.245945945945946
SMIM3,0.254864864864865,0.3305405405405407
SLC25A2,0.1621621621621621,-0.0045945945945946
PDLIM2,-0.5618918918918919,-0.6640540540540539
ACTN3,-0.1624324324324325,-0.187027027027027
SCIMP,-1.2367567567567568,-1.4754054054054055
CYCSP43,-0.2267567567567567,-0.011891891891892
CDKN1B,0.7705405405405407,0.3783783783783784
PRELID1,-0.3702702702702702,-0.3883783783783782
KDR,0.2159459459459459,0.2548648648648648
FAM3C,-0.4494594594594593,-0.5432432432432428
LRP10,-0.3410810810810811,-0.1970270270270269
BSCL2,-0.2889189189189188,-0.4237837837837838
NRXN3,-0.3494594594594593,-0.477027027027027
LASP1,-0.5221621621621622,-0.3964864864864866
ZDHHC4,0.2410810810810811,0.1362162162162161
CALM2,0.1478378378378379,-0.0194594594594593
VTRNA1-3,-0.35,-0.484864864864865
RN7SKP49,0.2105405405405404,0.0321621621621621
ZNF709,0.2545945945945947,0.1094594594594595
ACADM,0.8251351351351351,0.7848648648648646
SDF4,-0.5278378378378377,-0.5570270270270267
STAG3L1,0.5281081081081085,0.577027027027027
ADPRHL2,-0.1659459459459459,-0.1891891891891891
MORN1,0.4551351351351352,0.0297297297297297
CNTN6,-0.8797297297297296,-0.7810810810810808
NCLN,-0.5013513513513514,-0.4878378378378377
CASC15,0.2027027027027027,0.1335135135135135
SPTAN1,-0.9605405405405404,-0.8267567567567566
LRRC17,0.4813513513513514,0.3116216216216216
CCT6A,-0.2299999999999999,-0.1651351351351351
LIN9,0.3618918918918918,0.2743243243243244
PUS3,-0.2235135135135135,-0.3245945945945945
FITM2,-0.5445945945945946,-0.3283783783783782
KRT16P1,-0.7510810810810812,-0.3486486486486486
LSINCT5,0.1175675675675675,0.0956756756756756
TMEM200A,-0.4518918918918919,-0.4229729729729731
OTUB2,-0.2562162162162163,-0.1986486486486486
EPHX1,-0.2470270270270269,0.0897297297297298
ACTN4,-0.7754054054054056,-0.4978378378378378
VN1R83P,0.3213513513513513,0.1237837837837837
HEIH,0.3591891891891892,0.2521621621621621
ESCO1,0.2424324324324326,-0.0105405405405405
ERBB2,-0.1656756756756756,-0.1829729729729729
GH2,-0.1294594594594595,-0.1227027027027026
MRPL47,-0.2578378378378379,-0.1783783783783786
CKLF,-0.6332432432432433,-0.5613513513513514
TMEM42,0.1956756756756757,0.2067567567567567
NLGN2,-0.1486486486486486,-0.1978378378378378
COLEC12,-0.6627027027027025,-1.3964864864864863
PON3,0.5143243243243244,0.3116216216216216
VSTM4,1.3327027027027023,1.0797297297297297
GP1BB,0.3145945945945946,0.2718918918918919
CTNNB1,-0.398918918918919,-0.4264864864864865
HIST1H3E,-0.2670270270270271,-0.2578378378378379
ALCAM,-3.477837837837838,-3.524054054054053
NFATC3,0.2764864864864866,0.2154054054054054
SECISBP2L,0.2505405405405403,0.4616216216216215
APMAP,0.9345945945945948,0.6905405405405407
AHCY,-0.2875675675675674,-0.4137837837837838
KLHDC1,0.8416216216216218,0.6270270270270271
CYP7B1,-0.5300000000000001,-0.9151351351351352
HIST1H3C,-0.3251351351351351,-0.1829729729729729
RNA5SP366,0.2683783783783783,0.4005405405405405
ARMCX4,0.2524324324324324,0.287027027027027
GLYCAM1,-0.2708108108108108,-0.0027027027027026
SERAC1,-0.4062162162162162,-0.4037837837837837
MPP1,-0.8213513513513515,-0.9235135135135136
CACNB1,-0.1897297297297298,-0.2227027027027026
RPEP3,0.1824324324324324,0.2370270270270271
DAB2IP,-0.5932432432432432,-0.4416216216216215
TXNL1,-0.1724324324324324,-0.1891891891891892
ACVR2B,0.2116216216216216,0.0762162162162161
CCDC85A,0.354054054054054,0.1932432432432433
GAPDH,-0.5821621621621625,-0.4829729729729733
SAMSN1,-1.5324324324324323,-2.072702702702704
MANEA,-0.2483783783783782,0.025945945945946
TMEM176A,-0.8272972972972971,-0.8835135135135135
UBE2CP3,-0.1702702702702702,-0.2783783783783783
FEN1,-0.4027027027027026,-0.587837837837838
S100A13,0.2794594594594591,0.5086486486486484
NDUFAF7,0.2045945945945947,0.0437837837837838
WISP2,-0.9786486486486486,-1.1808108108108104
SLC35F5,-0.2640540540540539,-0.0937837837837836
CALCRL,1.681351351351351,1.6564864864864863
ANXA1,-0.1732432432432433,-0.1408108108108105
CEND1P1,-0.1286486486486486,0.0197297297297297
HLA-H,-0.2748648648648648,-0.4213513513513511
SLC37A2,-1.5029729729729726,-1.653243243243243
LEPROTL1,-0.3921621621621621,-0.3118918918918918
AKTIP,-0.2140540540540542,-0.2275675675675676
CREB3,-0.618108108108108,-0.7116216216216216
RASGRP1,-0.3283783783783783,-0.5583783783783784
BCL2L11,0.2408108108108107,-0.1475675675675676
CYCSP12,-0.2467567567567568,-0.0775675675675674
NDUFS1,0.2627027027027028,0.544864864864865
NAP1L2,0.3291891891891894,0.1086486486486486
RASSF3,-0.4067567567567566,-0.4170270270270269
ATG13,-0.3289189189189188,-0.1859459459459458
EIF5A2,-0.3772972972972972,-0.3710810810810812
MRPS21P9,0.1851351351351352,0.1405405405405404
FBXO42,0.2054054054054054,0.1875675675675675
FTLP1,-0.3697297297297298,-0.3354054054054053
CMBL,0.1354054054054053,-0.061081081081081
WDR45B,-0.3664864864864866,-0.3062162162162161
MANSC1,-0.6383783783783784,-0.2818918918918917
MRPL45P2,0.4086486486486487,0.2645945945945946
RBAK,0.2789189189189188,0.2816216216216217
SLC2A8,-0.3229729729729729,-0.3737837837837839
SHROOM1,0.2029729729729729,0.2440540540540541
EIF4BP2,0.2827027027027027,0.2983783783783783
DNM1P28,0.3781081081081081,0.5210810810810809
MYEOV,-0.4783783783783784,-0.3267567567567568
RN7SKP269,0.1564864864864865,0.0672972972972973
GAPDHP71,-0.3689189189189188,-0.2005405405405405
AEN,-0.4870270270270271,-0.3859459459459459
PRRG1,-0.2894594594594596,-0.1243243243243243
DDX11L16,-0.3024324324324324,-0.1889189189189188
CISH,2.338648648648649,2.0316216216216216
MATR3,0.3721621621621622,0.2010810810810809
AMT,0.2386486486486486,0.1962162162162162
TOMM40L,-0.3324324324324324,-0.2478378378378377
ZBTB44,0.185135135135135,0.1456756756756755
GIPR,0.1862162162162161,0.154054054054054
ISG20,0.2351351351351352,0.1805405405405406
GTF2A1,0.4005405405405405,0.2227027027027024
N4BP2,0.1583783783783784,0.161081081081081
DNAJC27,0.4464864864864866,0.4548648648648649
ADAM23,-0.4113513513513513,-0.3964864864864866
SF1,0.3416216216216216,0.4594594594594595
UBE2V1P11,-0.2656756756756756,0.1816216216216218
FAM20C,-0.3529729729729728,-0.3256756756756757
IDI1,-0.5167567567567568,-0.277837837837838
MICA,0.3035135135135133,0.0321621621621621
SIGLEC11,0.1508108108108108,-0.0735135135135134
PIGB,-0.2432432432432432,-0.3332432432432431
FAM47E,0.7905405405405407,0.7467567567567569
TMEM164,0.4270270270270269,0.8637837837837838
SCFD2,-0.5808108108108104,-0.4713513513513512
STXBP5,-0.228918918918919,-0.2416216216216216
MROH1,-0.2194594594594595,-0.1135135135135134
MTATP6P19,0.2978378378378378,0.268918918918919
AIF1,-2.714324324324324,-3.57918918918919
MUT,0.7091891891891894,0.6213513513513516
ADSSL1,1.6535135135135133,1.7097297297297296
SH3RF2,-0.1345945945945946,-0.1983783783783784
RAPSN,-0.2232432432432431,-0.2378378378378378
AKR1C2,-0.8935135135135136,-0.5667567567567565
ACSL1,0.467027027027027,0.5599999999999995
ZNF816,0.2132432432432433,0.0086486486486486
MSTO2P,-0.9702702702702702,-0.7013513513513512
SEC62,-0.2591891891891892,-0.3348648648648649
TRI-TAT2-3,0.2413513513513513,0.0962162162162162
VPS41,-0.1529729729729731,-0.2102702702702703
PLGLB1,0.442162162162162,0.469189189189189
OR7E129P,0.3324324324324324,0.4902702702702703
DHRS4L2,0.2262162162162161,0.1354054054054056
MAFK,-0.2456756756756756,-0.3294594594594595
FREM1,-0.3632432432432433,-0.2321621621621622
RNA5SP28,0.2194594594594593,0.0910810810810808
WHAMMP1,0.8348648648648647,0.871081081081081
SERPINA3,-0.3316216216216216,-0.3129729729729729
FAHD2A,0.2991891891891892,0.432972972972973
HIST1H4H,-0.187027027027027,-0.2421621621621622
TTK,-0.4459459459459459,-0.4718918918918918
TULP4,-0.7199999999999999,-0.2875675675675674
LMNB1,-0.6405405405405407,-0.8827027027027028
FGF10,0.9035135135135132,0.7259459459459461
ADIRF,1.16,1.3548648648648651
ZNF292,0.2394594594594595,0.2240540540540539
CCAR1,-0.3491891891891893,-0.2272972972972974
CROT,-0.5078378378378382,-0.3989189189189191
APTR,0.2045945945945945,0.0062162162162162
PARD3,0.7089189189189191,0.5708108108108108
CD180,-2.171351351351351,-2.3851351351351355
ZNF721,0.6356756756756758,0.2135135135135137
CPM,0.5881081081081082,0.5435135135135134
ARSD,-0.5359459459459459,-0.3162162162162161
RASSF8,0.201081081081081,-0.0629729729729728
HNRNPA3P3,0.2375675675675673,0.2616216216216215
ADAMTS7,-0.3505405405405405,-0.182162162162162
SFXN5,-0.3175675675675675,-0.5399999999999999
MSRB3,-0.9794594594594596,-0.7616216216216216
HSPA6,-0.4327027027027026,-0.5759459459459457
PCDHB17P,0.1924324324324324,0.2083783783783784
STAT1,-0.4213513513513513,-0.3043243243243245
HLA-A,-0.5499999999999999,-0.7027027027027029
ALMS1-IT1,0.2178378378378379,0.0013513513513512
CD86,-1.7959459459459457,-2.068108108108108
FADS2,-0.6162162162162165,0.2527027027027028
POP5,-0.4727027027027026,-0.302162162162162
FILIP1L,-1.334324324324324,-1.2072972972972968
HLA-DRB9,-0.2778378378378378,-0.453243243243243
UBE2D4,-0.7945945945945947,-0.6089189189189194
PTRH2,-0.3294594594594594,-0.4297297297297296
FTLP2,-0.9954054054054052,-0.9083783783783784
PHKBP1,0.1554054054054054,0.1145945945945945
CCRL2,-0.7475675675675675,-0.8516216216216214
HNRNPCP4,0.1629729729729729,-0.0224324324324324
SYNPO,-1.868918918918919,-1.3943243243243242
ANKRD34A,0.127027027027027,0.1602702702702702
MRPL39,0.3221621621621624,0.3451351351351353
CDCA5,-0.2059459459459459,-0.247027027027027
HOTAIRM1,-0.5791891891891892,-0.432972972972973
SYS1-DBNDD2,-0.4289189189189189,-0.3951351351351351
PPP1R9B,-0.422162162162162,-0.481891891891892
PSD3,-0.2624324324324325,-0.4378378378378379
PIGF,-0.4208108108108105,-0.3832432432432431
BRCC3,-0.3332432432432431,-0.311081081081081
ZNF763,0.4178378378378378,0.2954054054054055
PEBP1P1,-0.2124324324324325,-0.1413513513513513
SNRPCP13,0.2002702702702703,0.1648648648648649
RN7SL659P,-0.222162162162162,0.1470270270270271
SNAR-A1,-0.3994594594594593,-0.3918918918918919
ACTG1P9,-0.3291891891891891,-0.2502702702702703
PDK3,-0.4405405405405406,-0.4859459459459457
PPP1R12B,0.2913513513513514,0.4843243243243244
ZNF326,0.282162162162162,-0.0005405405405408
DNPH1,-0.2972972972972972,-0.15
SPTB,0.1570270270270269,0.15
ZC3H8,0.3029729729729729,0.03
PSMD1,-0.5748648648648651,-0.4535135135135137
ERH,-0.1951351351351351,-0.175135135135135
MCOLN1,-0.7589189189189189,-0.8600000000000001
ALG14,-0.4251351351351351,-0.3805405405405404
BOLA2B,-0.7924324324324321,-0.6962162162162162
GRB2,-0.5186486486486486,-0.5924324324324323
SEC61A1,-0.860810810810811,-0.7632432432432436
NAA40,-0.4759459459459459,-0.265135135135135
SLC25A27,0.8227027027027031,0.667567567567568
EPHX2,0.2100000000000001,0.2713513513513513
CH25H,-1.1375675675675676,-1.2389189189189187
PGA5,-0.2272972972972973,-0.2764864864864866
ACADL,0.3551351351351351,0.6094594594594596
RNA5SP518,0.2075675675675676,0.298918918918919
MTND6P16,0.1999999999999999,0.2556756756756756
PPIAP31,-0.3716216216216219,-0.1645945945945948
EIF4BP3,0.7575675675675675,0.6491891891891891
MRPL42P3,0.1456756756756757,0.1364864864864864
TXK,-0.2321621621621621,-0.3681081081081081
SLC25A36,0.4172972972972972,0.3816216216216213
DPCD,-0.195945945945946,-0.2364864864864864
MT1XP1,-0.5132432432432434,-0.5097297297297297
CPNE8,-0.3394594594594597,-0.4491891891891895
CDKN2A,-0.2167567567567568,-0.1675675675675675
GPATCH2,-0.2994594594594595,-0.3127027027027028
POLD2,0.315945945945946,0.3872972972972974
DLX5,-0.2445945945945945,-0.2197297297297297
PRRG4,-0.368918918918919,-0.4405405405405406
RNA5SP368,0.5340540540540542,0.4627027027027027
ARV1,-0.177027027027027,-0.2462162162162163
SLC20A2,0.2727027027027026,0.5059459459459459
AK2,0.2008108108108107,0.2189189189189187
CDADC1,0.294054054054054,0.1372972972972972
KIAA1109,0.224054054054054,0.2324324324324325
FMO2,1.117027027027027,0.4432432432432432
PLAA,-0.1483783783783783,-0.1764864864864864
SPG21,-0.2443243243243242,-0.0589189189189188
HIST2H2AA4,-0.3718918918918917,-0.3789189189189187
CLCN5,-0.5427027027027028,-0.4783783783783784
PGRMC1,0.5105405405405405,0.5151351351351352
CYP11A1,-0.4208108108108108,-0.3772972972972973
PRPSAP2,0.3197297297297298,0.0386486486486487
CORO1A,-1.2545945945945944,-1.901891891891892
ARRB2,-1.978108108108108,-2.584054054054054
AQP1,-0.585135135135135,-0.5429729729729729
RN7SKP110,0.1654054054054053,0.1686486486486486
HSPA12A,-0.6054054054054052,-0.2286486486486484
BNIP3P42,0.2713513513513513,0.2681081081081081
MDM4,0.2821621621621623,0.1359459459459459
SGCG,0.4583783783783784,0.4027027027027028
FAM35DP,-0.1924324324324324,-0.1435135135135135
SNAPC5,-0.1332432432432432,-0.1759459459459459
HNRNPA3P8,0.234864864864865,0.0327027027027028
CKS1BP7,0.4305405405405406,0.4189189189189189
DONSON,0.3921621621621621,0.1986486486486486
CREBBP,0.1691891891891892,0.127027027027027
XPNPEP3,0.4902702702702702,0.3337837837837839
SFRP1,0.674864864864865,0.8083783783783784
PLSCR3,-0.2510810810810811,0.0297297297297296
NSMAF,-0.3945945945945945,-0.4635135135135138
NNMT,-0.3756756756756756,-0.4356756756756757
CHST15,-1.2056756756756757,-1.4821621621621623
SEC24A,-0.1994594594594593,-0.0405405405405404
MYOF,-0.7478378378378376,-0.9037837837837838
B4GALT5,-0.8227027027027026,-0.6067567567567564
PDPR,0.1497297297297296,0.2324324324324325
STAG3L5P-PVRIG2P-PILRB,0.628918918918919,0.6786486486486488
ATL2,0.6705405405405405,0.6567567567567568
FAM9C,-0.2089189189189189,-0.208108108108108
EGFEM1P,0.7535135135135138,1.1681081081081084
MARK1,-0.5951351351351353,-0.4845945945945946
TUFT1,-0.3781081081081081,0.0432432432432432
FAM102B,-0.7437837837837837,-0.8164864864864864
FDFT1,0.7416216216216216,0.7986486486486488
ZNF266,0.3121621621621621,0.1459459459459459
ZNF135,0.2848648648648649,0.0964864864864865
PMS2P7,0.1637837837837837,0.3078378378378377
ZNF492,0.1883783783783783,0.114054054054054
SUPV3L1,0.33,0.3716216216216217
BPIFA4P,0.1202702702702702,0.0732432432432432
YY1,0.2170270270270272,0.187837837837838
GLYR1,-0.3010810810810813,-0.3467567567567569
B4GALT4,-0.1910810810810811,-0.1797297297297297
CSPG4P5,0.1213513513513513,0.157027027027027
OPRK1,-0.3581081081081081,-0.1321621621621622
SLC29A2,0.3518918918918919,0.4454054054054054
RAB33B,0.3540540540540541,0.2994594594594594
KIAA1958,0.3662162162162162,0.4675675675675675
FAM66D,-0.2418918918918919,-0.2054054054054055
CYP20A1,0.2654054054054053,-0.0718918918918918
TACC1,0.1494594594594596,0.055945945945946
ATP6V0E2,-0.4205405405405405,-0.1164864864864864
MED28,0.3713513513513515,0.0205405405405407
ACCSL,-0.1278378378378379,-0.0591891891891892
SMC3,0.3151351351351351,0.2243243243243244
IL6R,-0.5797297297297298,-0.7381081081081081
FYN,-0.474054054054054,-0.7102702702702703
DNASE2,-0.7810810810810812,-0.6351351351351353
AGBL5,0.1802702702702701,0.1986486486486486
TMEM258,-0.206216216216216,-0.5281081081081079
NPM1P32,0.2264864864864864,0.2113513513513513
ENOPH1,-0.1643243243243243,-0.1494594594594593
RN7SL784P,0.1754054054054054,0.0581081081081081
EHD4,-0.6270270270270273,-0.5908108108108109
SLC4A4,0.9672972972972972,1.474594594594595
HCG11,0.2783783783783782,0.1824324324324323
ETHE1,-0.2294594594594595,-0.2894594594594593
TRIM64DP,0.1375675675675676,0.0275675675675675
GHR,0.86972972972973,1.0397297297297297
CLCN7,-0.4059459459459459,-0.208918918918919
ZNF337,0.364054054054054,0.3256756756756756
ZBTB7A,-0.2386486486486487,-0.0743243243243243
PTH1R,0.2394594594594594,0.1324324324324325
FLNC,-0.4827027027027027,-0.5343243243243242
MOAP1,0.1659459459459458,0.1316216216216214
HPS5,-0.3705405405405405,-0.2954054054054053
TBCD,0.2505405405405405,0.267027027027027
SNX13,0.237027027027027,0.0113513513513513
KANSL3,0.326756756756757,0.2878378378378379
GM2A,-0.4056756756756757,-0.3767567567567568
AASDHPPT,0.2345945945945947,0.1916216216216214
SIM1,0.4159459459459461,0.3394594594594595
YBX1P1,-0.4621621621621622,-0.2543243243243243
SRD5A3P1,-0.1648648648648649,-0.072972972972973
SEC13,-0.4756756756756755,-0.5454054054054053
SCRN3,-0.1940540540540541,-0.0351351351351352
PRKAG2,0.6610810810810813,0.3862162162162162
MALRD1,0.2056756756756757,0.0370270270270269
AGGF1,-0.288108108108108,-0.2981081081081079
DLD,0.2108108108108108,0.2621621621621622
PDP1,-0.3118918918918919,-0.4078378378378378
BAD,-0.2721621621621622,-0.3770270270270271
DTX3L,-0.3810810810810812,-0.3727027027027028
MED23,0.2700000000000001,0.28
ANXA7,-0.4227027027027026,-0.3986486486486485
KATNBL1P5,-0.1983783783783783,-0.0508108108108108
PSMF1,-0.235135135135135,0.0656756756756755
POLR1A,-0.4143243243243242,-0.3586486486486487
WDR46,-0.2302702702702703,-0.0781081081081082
CMKLR1,-1.60972972972973,-1.9740540540540537
DIXDC1,-0.7783783783783784,-0.4827027027027025
RNF10,-0.2756756756756757,-0.1429729729729729
PPAP2B,1.7164864864864866,1.2481081081081082
MRPL27,-0.2062162162162162,-0.0794594594594595
ADAM22,-0.6975675675675678,-0.7383783783783784
MED30,0.2851351351351351,0.0548648648648648
ZFAND3,-0.1729729729729729,0.0005405405405404
PTGR2,-0.3562162162162163,-0.1986486486486487
MTMR14,-0.2327027027027028,-0.2062162162162162
AMD1,-0.5818918918918919,-0.8489189189189187
NFYB,-0.1991891891891891,-0.2489189189189189
GALC,-0.3278378378378377,-0.5654054054054053
SYT11,-0.7391891891891893,-0.7105405405405407
FAM3C2,-0.411081081081081,-0.5424324324324322
HMOX1,-1.801081081081081,-1.5486486486486486
KLHL2,-0.4502702702702703,-0.5445945945945947
PLBD1,-0.2881081081081079,-0.6275675675675673
RERE,0.1794594594594593,0.3845945945945945
BCKDHA,0.4494594594594593,0.4164864864864864
THRB,0.3989189189189189,0.4613513513513513
NINJ2,-0.2475675675675675,-0.3989189189189189
LRP5,0.2997297297297299,0.5364864864864863
TSKU,-0.4308108108108108,-0.5208108108108107
KIN,0.2316216216216216,0.1124324324324324
ASB17,0.2145945945945946,0.0854054054054054
PLEKHH2,0.4540540540540539,0.8791891891891894
HMGN2P4,0.2302702702702701,0.1083783783783783
FTH1P16,-0.8724324324324325,-0.6478378378378379
ZNF844,0.6872972972972973,0.3908108108108108
AURKA,-0.2599999999999999,-0.0359459459459458
IRAK2,0.5632432432432434,0.6040540540540541
SLC2A3P1,-0.2675675675675675,-0.0789189189189187
CCNG1,0.7686486486486488,0.7289189189189189
CKAP2,-0.4748648648648649,-0.3751351351351351
PNPLA4,-0.3827027027027025,-0.2418918918918916
HOXA3,0.3967567567567567,0.4148648648648648
AQP7P2,0.4505405405405406,0.8975675675675674
TUSC2,-0.1991891891891891,-0.1445945945945946
NR3C2,0.5878378378378378,0.424054054054054
FAM162B,0.3778378378378378,0.0700000000000001
PDE7B,-0.5291891891891896,-0.9075675675675676
CRYBG3,0.6599999999999998,0.8040540540540538
KLK10,-0.1494594594594595,-0.1113513513513513
FTH1P20,-0.9145945945945944,-0.7667567567567569
FAM168A,-0.2354054054054054,-0.0016216216216215
CHML,-0.2402702702702703,-0.3372972972972973
DCAF6,-0.2140540540540539,-0.1597297297297298
TBX3,0.2075675675675678,0.1794594594594595
HOMEZ,0.7221621621621618,0.667027027027027
IGF1,0.934324324324324,0.8316216216216216
PGK1P2,-0.2972972972972972,-0.1929729729729729
OR1J1,0.16,0.0451351351351351
OR7E2P,1.7429729729729733,1.6810810810810817
BTG3,0.4145945945945946,0.3556756756756757
ABHD12,-0.2675675675675675,-0.3383783783783783
MMP2,-0.3854054054054051,-0.6656756756756753
ZNF136,0.307027027027027,0.0645945945945946
SCAI,0.9689189189189188,0.92
PGAM5,-0.1775675675675675,-0.1764864864864864
FUBP1,0.3521621621621624,0.3781081081081081
HSF1,0.1613513513513513,0.1305405405405405
USP44,0.2551351351351351,0.1029729729729728
DOK5,-0.5240540540540539,-0.5618918918918918
STK4,-0.318918918918919,-0.3202702702702703
UBLCP1,-0.4397297297297298,-0.1097297297297296
RN7SL73P,0.1205405405405407,-0.0075675675675671
EEF1A1P33,0.1537837837837839,0.0697297297297298
SEMA3E,0.4159459459459459,0.2405405405405406
PCDHB16,0.2983783783783783,0.3032432432432433
ZNF705CP,-0.5324324324324323,-0.4083783783783784
EIF4ENIF1,0.2313513513513514,0.3208108108108106
FAM184A,0.3608108108108108,0.1172972972972973
PAF1,-0.1935135135135136,-0.0305405405405406
ARL4A,-0.3302702702702703,-0.3391891891891891
TRGV10,-0.3272972972972973,-0.4245945945945947
BTC,-0.1494594594594594,0.0491891891891892
SEC13P1,-0.2254054054054054,-0.2054054054054055
ADAM15,-0.4378378378378379,-0.3724324324324325
SQRDL,-0.3586486486486487,-0.485135135135135
THBS1,-1.9010810810810816,-2.4778378378378383
DYNLT1,-0.2594594594594592,-0.3686486486486485
ARHGDIG,-0.1789189189189188,-0.1575675675675676
SAMD4A,-0.6586486486486484,-0.3751351351351351
H2AFZ,-0.4121621621621623,-0.6316216216216217
CPED1,0.4902702702702702,0.6091891891891893
YIF1A,-0.5991891891891891,-0.3159459459459459
EIF3L,0.6400000000000002,0.1813513513513512
HSDL2,0.4475675675675674,0.4513513513513512
DUSP4,0.8205405405405408,1.03972972972973
MPDZ,1.0037837837837835,0.758918918918919
FAM217B,0.4105405405405404,0.2072972972972972
DST,0.1489189189189189,0.0105405405405405
EEF2,0.3064864864864864,0.2627027027027024
TMEM167A,-0.4521621621621621,0.0491891891891891
GPX3,0.330540540540541,0.2748648648648649
OR2L8,-0.152972972972973,-0.0645945945945946
DHPS,0.2032432432432431,0.1481081081081081
CD163,-2.4616216216216213,-3.091891891891892
ZBTB7C,0.2532432432432432,0.1686486486486487
MTERF2,0.2278378378378377,0.0272972972972971
EIF2A,0.2951351351351353,0.1537837837837837
PSTPIP1,-0.2335135135135135,-0.3175675675675676
FCGRT,-0.5645945945945946,-0.9329729729729728
TWF1P1,-0.3072972972972974,-0.2464864864864863
TMEM184C,-0.4651351351351349,-0.296216216216216
PTGER1,-0.1091891891891891,-0.0172972972972972
HECTD3,0.2518918918918917,0.614054054054054
KCNIP4-IT1,-0.3021621621621621,-0.4467567567567567
NFAM1,-0.3172972972972973,-0.5935135135135137
PTCRA,0.1121621621621621,0.0262162162162161
PIM1,-0.7881081081081074,-0.4562162162162157
ALPK3,1.4816216216216218,1.5264864864864862
TLR2,-0.4410810810810809,-0.5478378378378379
BCYRN1,-0.9621621621621622,-0.7010810810810811
DEFB103A,-0.2321621621621621,-0.2178378378378379
HSPA7,-0.5308108108108109,-0.6900000000000001
WDR12,-0.2705405405405406,-0.2421621621621622
PREB,-0.6654054054054054,-0.4102702702702702
HCFC1,-0.2583783783783782,0.0183783783783784
SUCLA2,0.3445945945945944,0.3662162162162161
ARNT,0.3570270270270271,0.2845945945945945
ADIPOR1,-0.2889189189189186,-0.0291891891891889
KRBOX1,0.3267567567567569,0.2275675675675676
MTCO3P39,0.3764864864864867,0.5721621621621622
MORF4L1,-0.2224324324324324,-0.0994594594594594
ICK,0.4183783783783784,0.3618918918918919
MFSD9,0.262972972972973,0.1035135135135135
FTH1P15,-0.4448648648648647,-0.3618918918918918
HLTF,0.4329729729729729,0.3694594594594595
CAPN2,-0.2197297297297296,-0.1729729729729727
ACACB,1.1864864864864866,1.2740540540540537
NXPH3,0.4929729729729729,0.3056756756756756
PRPF3,0.2556756756756757,0.2543243243243243
G6PC3,-0.5078378378378379,-0.1605405405405405
ANKRD29,0.3043243243243243,0.0767567567567567
MAF1,0.3686486486486486,0.3364864864864864
GGA1,-0.1994594594594594,-0.1227027027027026
U8,0.7729729729729732,0.835405405405405
RECK,0.2097297297297297,0.0118918918918919
MCCC2,0.3491891891891893,0.3500000000000001
ORC3,0.2381081081081081,0.3632432432432432
PSMB10,-0.2664864864864865,-0.381081081081081
SEMA6B,-0.2724324324324323,-0.298108108108108
MSL3,-0.4786486486486486,-0.4243243243243244
ZNF140,0.237027027027027,0.1475675675675675
USP2,-0.6972972972972973,-0.6356756756756756
MFSD12,-1.053783783783784,-1.0427027027027025
ABCA3,0.1872972972972973,0.1278378378378378
MYCBP,-0.6905405405405407,-0.5237837837837835
ITM2C,0.4240540540540541,0.232972972972973
KRT18P16,0.117027027027027,0.1397297297297297
PSMA2,-0.2213513513513514,-0.1435135135135134
HLA-C,-0.291081081081081,-0.4505405405405405
CDKL1,-0.8543243243243243,-0.8132432432432435
RCL1,0.8635135135135137,0.6608108108108108
SCARNA5,0.4537837837837836,0.1324324324324323
AGTPBP1,-0.2148648648648648,-0.2994594594594594
ANKRD16,0.2689189189189189,0.1683783783783783
HNRNPA1P72,0.1608108108108108,0.1954054054054054
TMEM25,0.3272972972972973,0.3735135135135135
SUPT3H,0.3732432432432432,0.2621621621621621
ZDHHC1,-0.1756756756756755,-0.0535135135135135
CCDC7,0.3883783783783786,0.1194594594594595
FAM73B,0.1427027027027027,0.0991891891891891
HSPB1P2,-0.4862162162162161,-0.424054054054054
PLEKHJ1,0.3043243243243244,0.3451351351351354
BGN,-1.6581081081081075,-1.9121621621621616
PLD1,0.7727027027027022,0.4786486486486486
KRT6C,0.1256756756756756,0.0559459459459459
CPNE3,0.2235135135135134,0.2097297297297296
TRPM7,0.1732432432432433,0.0135135135135135
MTMR12,-0.355135135135135,-0.2348648648648649
TIGD2,0.1872972972972972,0.0899999999999999
CSAG1,-0.1494594594594595,0.0413513513513513
TRIM22,-0.1813513513513515,-0.3062162162162163
SOCS2,0.3332432432432431,0.032162162162162
FIGN,0.2756756756756758,0.6600000000000003
NPRL2,0.2932432432432432,0.0818918918918919
CD151,-0.6351351351351351,-0.507027027027027
SERF2,-0.5275675675675677,-0.4759459459459461
DSC2,-0.4413513513513514,-0.447027027027027
SPN,-0.3948648648648649,-0.3932432432432432
TCP11L2,0.3397297297297296,-0.0843243243243243
OR7E130P,0.1637837837837838,0.1202702702702702
ST3GAL2,-0.1986486486486486,-0.2113513513513513
LYN,-1.47918918918919,-1.75027027027027
ZNF624,0.2275675675675675,-0.0067567567567567
PYGO1,0.5002702702702704,0.4375675675675677
NADK,-0.4951351351351353,-0.3486486486486488
HSPA13,-0.5513513513513514,-0.6989189189189189
HNRNPA1P28,0.5429729729729732,0.3075675675675673
DNAH6,0.5178378378378379,0.5370270270270268
ALG1L3P,-0.1718918918918917,-0.0156756756756756
ARL6IP1P2,0.2362162162162162,0.2300000000000001
FAM60A,-0.2697297297297296,-0.7394594594594596
MANF,-0.4954054054054053,-0.2516216216216215
VEGFB,-0.2548648648648649,0.0243243243243243
ZADH2,0.2302702702702702,0.0624324324324324
MAN1A1,-0.5567567567567568,-0.6667567567567568
SLC35A4,-0.4227027027027024,-0.1783783783783782
ZC3H12A,-0.3040540540540542,-0.3364864864864866
CREG1,-0.57027027027027,-0.6678378378378378
CD9,-2.07054054054054,-2.147567567567568
PTPRO,-1.3837837837837834,-1.4683783783783786
ATP6V1E2,-0.2062162162162162,-0.1718918918918918
ZNF346,0.3164864864864866,0.1448648648648648
PLD3,-1.78972972972973,-1.941891891891892
EFR3A,-0.6427027027027027,-0.5824324324324324
PKN1,-0.1408108108108109,0.0135135135135135
KIAA0368,0.3013513513513512,0.3116216216216212
ZNF133,0.2391891891891891,0.2099999999999999
ANKRD36BP2,0.2254054054054055,0.220810810810811
TPTE2P1,0.3656756756756758,0.2413513513513515
MT1G,-0.5670270270270271,-0.5829729729729727
PTCH2,-0.2756756756756757,-0.2967567567567568
CREM,-0.5843243243243247,-0.7610810810810812
ADCY4,0.2081081081081082,0.0870270270270271
TXN,-1.158918918918919,-1.3783783783783787
INTS3,0.1559459459459459,0.2667567567567568
ZNF571,0.3354054054054053,0.1578378378378377
GOLGA8N,0.889189189189189,0.9475675675675674
TANC1,-0.2143243243243242,-0.2932432432432431
ARHGAP30,-1.0324324324324323,-1.4389189189189189
CIART,0.7813513513513515,0.8451351351351352
HTR7,-0.2194594594594595,-0.1743243243243244
SDCBP,-0.5194594594594595,-0.5045945945945942
ITPRIPL1,0.3135135135135135,0.0445945945945945
UBE2Q2L,0.3908108108108107,0.3918918918918919
UBE4B,0.278918918918919,0.2345945945945946
LDHAP7,-0.3010810810810811,0.0718918918918918
USP6NL,0.2610810810810808,0.1805405405405405
PSMB8,-0.3459459459459458,-0.6540540540540539
CIT,-0.2818918918918919,-0.2678378378378377
ENTPD3,0.3137837837837838,0.2205405405405405
SMARCA5,0.2767567567567566,0.2229729729729731
GTF2IRD2B,0.3524324324324324,0.4151351351351353
MRPL35P2,0.2483783783783785,0.2018918918918919
MYC,-0.5778378378378378,-0.5913513513513514
ORC4,0.4235135135135134,0.3121621621621622
FAM95B1,0.1651351351351351,0.1540540540540541
ADAMTS15,-1.1397297297297295,-0.7137837837837839
CRLS1,0.9929729729729728,0.894054054054054
SLC7A7,-1.083243243243243,-1.3291891891891887
FADD,-0.2724324324324323,-0.3091891891891892
ATP10D,-0.2616216216216217,-0.3240540540540543
SH3GLB1,-0.247027027027027,-0.1086486486486486
TMEM117,-0.2945945945945946,-0.3005405405405406
ARHGAP25,-0.5783783783783784,-0.762972972972973
NBEAL1,0.3037837837837837,0.2824324324324324
ZNF862,0.3405405405405406,0.2859459459459459
MRPL16,0.2162162162162162,0.2105405405405404
VASN,-0.4272972972972974,-0.1783783783783784
CSAD,0.8513513513513515,0.9935135135135132
NQO1,-2.60054054054054,-2.25945945945946
RHOB,0.3913513513513513,0.2508108108108109
APOE,1.8537837837837845,0.6318918918918917
UQCRC2,0.5640540540540542,0.6399999999999999
OXA1L,0.4478378378378377,0.3791891891891892
MOCS1,1.7927027027027025,1.5464864864864862
SP110,-0.3443243243243242,-0.5072972972972971
SLC30A7,-0.4748648648648647,-0.6256756756756756
MCCC1,0.7840540540540544,0.8824324324324324
FAM78A,-0.2364864864864864,-0.298108108108108
RAB1A,-0.5324324324324323,-0.3921621621621621
DYNC1LI2,-0.3632432432432432,-0.1978378378378379
CTSC,-1.048918918918919,-1.6659459459459462
C5,0.9543243243243246,0.7097297297297299
DTD1,-0.3029729729729731,-0.3778378378378378
DACT1,-0.3208108108108107,-0.3097297297297298
TNFRSF10C,-0.4445945945945945,-0.7591891891891892
GNAT1,-0.1878378378378377,-0.232162162162162
NOV,-0.6724324324324324,-0.7021621621621623
LIN7B,0.1508108108108108,0.1005405405405405
HFE,-0.1691891891891891,-0.2729729729729729
GPR173,-0.1454054054054054,-0.1478378378378378
NDST1,-0.515135135135135,-0.2700000000000001
HCST,-1.100810810810811,-1.2778378378378377
KPNA2,-1.8356756756756756,-1.417297297297297
ENAH,-0.5118918918918919,-0.5708108108108105
RNA5SP300,0.487027027027027,0.8427027027027028
VDR,-0.3864864864864864,-0.4667567567567567
ZNF282,0.2175675675675676,0.1440540540540541
NPM1P8,0.2408108108108106,0.1556756756756755
IRF5,-0.1721621621621621,-0.1508108108108108
PCAT14,0.2016216216216215,0.1959459459459459
DCPS,-0.2794594594594596,-0.3340540540540541
TSC22D1,0.3997297297297296,0.0894594594594593
BOLA2P1,-0.2248648648648648,-0.0170270270270269
ACOX2,0.6178378378378376,0.5472972972972971
MRPL35,0.1872972972972975,0.1637837837837839
RCAN2,0.4297297297297296,0.4516216216216217
HIST1H2BC,-0.5818918918918922,-0.3756756756756759
ANKRD36C,0.2464864864864865,0.2432432432432432
SLC39A7,-0.5902702702702702,-0.2208108108108109
TMEFF1,-0.3327027027027029,-0.3021621621621621
ABCC3,-4.051891891891892,-3.416216216216216
FIBIN,0.3700000000000001,0.1127027027027028
SLC35E2B,0.3864864864864865,0.5056756756756757
GPHB5,-0.1699999999999999,-0.2140540540540541
PHKA1P1,0.2259459459459458,0.1505405405405405
TYROBP,-3.00081081081081,-4.047567567567569
DPM2,-0.2964864864864866,-0.3281081081081081
TRI-TAT2-2,0.274054054054054,0.184054054054054
ZNF521,0.3905405405405406,0.2918918918918921
CYC1,0.3489189189189186,0.4059459459459458
EEF1A1P30,0.3654054054054054,0.4405405405405403
MRAS,-0.4645945945945946,-0.1145945945945945
DCP1B,0.2583783783783783,0.0648648648648649
DNAJB6,-0.4343243243243243,-0.2970270270270271
HNRNPA1P39,0.247027027027027,0.0732432432432432
APOBEC3G,-0.2864864864864865,-0.5418918918918918
MAGI2-IT1,0.3062162162162162,0.2656756756756757
BAIAP2,-0.3513513513513513,-0.3908108108108107
KRT10,-0.1708108108108108,-0.0672972972972972
SLC41A2,-0.8432432432432432,-0.9629729729729728
PDPN,-0.7310810810810812,-0.94
PGLYRP2,0.1351351351351351,0.0527027027027027
APOBEC3D,-0.1954054054054053,-0.2375675675675675
ABCC5,-0.354054054054054,-0.4000000000000001
SFSWAP,0.2140540540540539,0.2589189189189187
TUBB3P2,0.2037837837837838,0.1327027027027028
SRBD1,0.2602702702702703,0.2102702702702703
PHF14,0.1927027027027029,0.076756756756757
NOB1,0.4183783783783786,-0.0464864864864865
POP7,-0.2932432432432432,-0.1643243243243244
NR1D2,0.4194594594594594,0.3248648648648649
GJA3,-0.1435135135135135,-0.1770270270270271
BTBD1,-0.2259459459459459,-0.1608108108108107
IQSEC1,-0.2667567567567568,-0.1064864864864864
PLEK2,-0.2575675675675675,-0.2597297297297297
GINS2,-0.1899999999999999,-0.2002702702702702
CLTB,-0.3683783783783783,-0.3367567567567567
LRRC71,0.1916216216216216,0.0167567567567568
GAPDHP65,-0.7702702702702702,-0.4678378378378381
PPP1R12BP2,0.5599999999999999,0.7370270270270267
CLEC4M,-0.3518918918918919,-0.2624324324324324
CNN2P6,0.292162162162162,0.3502702702702703
COMMD9,-0.338108108108108,-0.4018918918918919
RBM5,0.2067567567567567,0.1172972972972973
NPM1,0.3429729729729729,0.0921621621621621
PPP2R2DP1,0.2062162162162162,0.2302702702702702
EPB41L5,0.3116216216216214,0.1391891891891892
LIN52,0.273243243243243,0.4062162162162159
LRP1,-0.3459459459459464,-0.1570270270270274
LST1,-1.1135135135135137,-1.5221621621621622
TBX4,0.2256756756756757,0.1856756756756756
ADAMTS12,-0.305135135135135,-0.2756756756756756
SPARC,-0.3421621621621624,-0.2708108108108111
DOCK5,-0.978108108108108,-1.2086486486486483
TXNDC9,-0.4556756756756754,-0.3770270270270269
PTPRC,-1.9640540540540543,-2.651081081081081
SLC16A4,0.4645945945945945,0.2386486486486487
ILF2,0.3372972972972972,0.2605405405405405
CLIP2,-0.161081081081081,-0.227027027027027
RELA,-0.3270270270270269,-0.0216216216216216
CACUL1,-0.4937837837837838,-0.5518918918918919
TPT1P4,0.2543243243243244,0.1554054054054053
CCT5P1,-0.18,-0.1186486486486486
PRKD3,0.2145945945945946,-0.009189189189189
GNAI3,-0.1748648648648648,-0.2924324324324323
BOK,0.6870270270270271,0.7878378378378382
SLC39A11,-0.437027027027027,-0.3294594594594596
NDUFA9,0.3386486486486488,0.1905405405405404
RNA5SP445,0.2543243243243243,0.2624324324324323
ZBTB47,-0.4105405405405405,-0.1575675675675676
CFL1P6,-0.161081081081081,-0.0705405405405404
IGHMBP2,0.1878378378378378,-0.0745945945945946
SNX18P25,0.2843243243243243,0.3791891891891894
RNF149,-0.3548648648648649,-0.7554054054054055
MRPS9,0.355945945945946,0.2762162162162161
PHF8,0.3178378378378378,0.1708108108108107
SNF8,-0.3062162162162162,-0.2840540540540541
ITGB2,-2.664594594594594,-3.117567567567567
QSOX1,-0.5181081081081083,-0.5391891891891892
YPEL4,-0.194054054054054,-0.1221621621621621
IFT46,0.4635135135135133,0.3335135135135134
TMED10P2,0.3067567567567567,0.1059459459459458
ACTA1,-0.617837837837838,-0.4581081081081083
PTPN1,-0.465945945945946,-0.4589189189189189
SEC61G,-0.2581081081081083,-0.2194594594594595
OR4D12P,0.2108108108108109,0.1802702702702702
CIB3,0.1983783783783783,0.1989189189189189
NCAPH,-0.5575675675675676,-0.6756756756756759
INADL,0.2029729729729729,0.0824324324324324
PUDP,-0.3962162162162163,-0.401891891891892
SLC39A1,-0.2248648648648648,-0.260810810810811
METTL25,0.2270270270270271,0.0891891891891892
MMACHC,-0.2421621621621622,-0.2308108108108108
HMBS,-0.4105405405405406,-0.3032432432432433
EGR2,-1.301891891891892,-1.392702702702703
TMEM106B,-0.190810810810811,-0.0451351351351351
SLC35E3,-0.3462162162162164,-0.3245945945945948
HIGD1AP10,-0.2556756756756757,-0.1559459459459459
TSEN15,-0.3562162162162162,-0.0667567567567567
MAN2B1,-0.8108108108108111,-0.9483783783783788
KCNMA1,-0.4413513513513515,-0.6251351351351352
FICD,-0.7791891891891892,-0.6529729729729731
GZMK,-0.3632432432432433,-0.6532432432432432
XAGE1E,0.1543243243243242,0.0162162162162161
SLC7A5P1,-0.158918918918919,-0.1372972972972974
RNF182,-0.4037837837837838,-0.5529729729729727
CMYA5,0.4099999999999999,0.1886486486486486
GLRX2,-0.618108108108108,-0.4935135135135137
PDIA3P2,-0.5467567567567567,-0.6489189189189187
NSRP1,-0.2027027027027027,-0.2005405405405404
FASTKD2,0.2191891891891891,0.217027027027027
GKAP1,0.8186486486486484,0.9056756756756754
FAM58A,-0.487027027027027,-0.5381081081081082
VAMP3,0.1875675675675677,0.1502702702702703
BMPR1B,-0.228108108108108,-0.238108108108108
TDGF1P3,0.1991891891891891,0.1289189189189189
CYB561D2,-0.2045945945945946,-0.2654054054054054
VDAC2,0.6091891891891889,0.4410810810810811
ACTR10,0.1732432432432431,0.2335135135135135
ATP5G2P4,0.2154054054054053,0.231081081081081
OR7E10P,0.1575675675675675,0.3591891891891892
GATS,-0.4697297297297298,-0.2502702702702703
LRRC8D,-0.2389189189189191,-0.3162162162162163
COL24A1,-0.2881081081081081,-0.2037837837837837
CTGLF12P,0.3351351351351351,0.4510810810810811
CDYL2,-0.2905405405405405,-0.0289189189189189
COL8A1,0.5875675675675677,0.6413513513513514
USP17L15,0.252972972972973,0.151081081081081
FH,0.2505405405405406,0.3216216216216217
PDE1C,-0.3186486486486486,-0.5175675675675675
KXD1,-0.5432432432432431,-0.1297297297297298
DOCK6,-0.4548648648648649,-0.32
NDNL2,-0.1251351351351352,-0.2751351351351351
FRZB,-2.050810810810811,-1.6816216216216218
TNFSF15,-0.4716216216216217,-0.5989189189189191
VTRNA2-1,0.3172972972972973,-0.1075675675675674
EIF3J,-0.3105405405405406,-0.2510810810810811
NTN4,-0.3962162162162163,-0.4848648648648646
CDH11,-0.5394594594594593,-1.12027027027027
BMP3,0.2689189189189188,0.525135135135135
HMGCS1,-0.3359459459459456,-0.0791891891891891
OSGIN1,-0.9213513513513512,-0.6064864864864866
FAHD2B,0.1918918918918919,0.1591891891891892
RBM6,0.2964864864864865,0.3040540540540542
TRAK1,-0.3205405405405405,-0.2635135135135135
PNRC2P1,-0.2218918918918919,-0.1581081081081081
GYG1P1,-0.3478378378378378,-0.2186486486486486
S100A11P2,-0.5745945945945948,-0.3440540540540541
IPMK,-0.4078378378378378,-0.6194594594594593
TRPC1,0.3940540540540542,0.185945945945946
CDC14C,0.2035135135135135,0.1383783783783784
TREML1,-0.2278378378378378,-0.2291891891891892
ATP11B,0.3743243243243244,0.3991891891891894
NWD2,0.4962162162162162,0.6451351351351351
UBE2J1,-0.1754054054054053,-0.3524324324324325
WDR82P1,0.1645945945945947,0.0916216216216216
CLSTN3,-0.2716216216216215,-0.4145945945945946
SAMD5,-0.252972972972973,-0.2108108108108109
CCZ1B,-0.2194594594594595,-0.3675675675675676
RN7SL785P,0.1070270270270272,0.1691891891891894
ACTN4P1,-0.3886486486486486,-0.074054054054054
HSPA8P8,-0.5886486486486486,-0.3794594594594595
SON,0.1664864864864864,0.1597297297297296
GALNS,-0.3548648648648645,-0.1894594594594595
GALNT2,-0.7010810810810811,-0.5424324324324327
SMARCE1P3,0.1521621621621621,0.0813513513513513
PDGFRB,-0.2632432432432432,-0.268108108108108
HBA1,-0.8386486486486485,-0.2462162162162159
RN7SL722P,0.2937837837837838,0.4472972972972974
UGT1A1,-0.4602702702702704,-0.3632432432432432
CAB39L,0.4337837837837837,0.29
GNG5,-0.4967567567567568,-0.5932432432432433
MMEL1,0.1686486486486485,0.1448648648648648
SRPX2,-1.9902702702702704,-1.3113513513513513
FBXO4,0.1978378378378378,0.1489189189189189
HDGF,-0.3716216216216216,-0.3616216216216216
BTF3L4P3,0.2589189189189189,0.2032432432432432
MTCO3P42,0.2654054054054053,0.2121621621621621
COQ10B,-0.3135135135135135,-0.2602702702702702
PIK3AP1,-0.8751351351351354,-1.2013513513513514
INO80B,0.2310810810810809,0.3254054054054053
ARID4B,0.3451351351351348,0.1905405405405403
ZBTB38,-0.1854054054054053,-0.2075675675675676
RNY1P16,0.3329729729729731,0.6832432432432433
FTLP13,-0.1581081081081081,-0.1248648648648648
SLITRK2,-0.18,-0.1854054054054054
ZNF358,-0.4289189189189191,-0.3118918918918922
CISD2,-0.4921621621621622,-0.7567567567567569
DKC1,-0.2672972972972971,-0.1783783783783782
HIGD1B,0.311081081081081,0.2302702702702703
ARSB,-0.732162162162162,-0.8751351351351354
SLC16A10,-0.7135135135135134,-0.6327027027027027
DMTF1,0.335945945945946,0.2070270270270271
RBM12,0.2121621621621621,0.214054054054054
IL3RA,-0.3164864864864865,-0.5937837837837837
SEMA3A,0.2445945945945943,0.4832432432432433
UQCRC1,0.1954054054054053,0.3745945945945946
PPIAP29,-0.2483783783783783,-0.148918918918919
ACVR1,0.5824324324324324,0.4581081081081082
TTN,-0.4954054054054054,-0.6156756756756756
CCL24,-0.5540540540540538,-0.7408108108108106
FAM20A,-0.6786486486486485,-0.9491891891891892
OR4E1,0.1759459459459459,0.0075675675675675
MTMR3,0.321081081081081,0.0664864864864865
CHMP1A,-0.1472972972972972,0.0518918918918918
HIST1H2BG,-0.3832432432432433,-0.5767567567567571
UBE2Z,-0.2745945945945944,-0.1248648648648648
PCNXL3,-0.4324324324324325,-0.4027027027027026
ATP7A,-0.2021621621621621,-0.1564864864864865
PNPO,-0.5783783783783784,-0.4067567567567566
CKAP4,-0.2202702702702702,-0.317027027027027
EMP3,-1.4186486486486485,-1.579729729729729
CNIH3,-0.4124324324324326,-0.3735135135135136
COX17P1,-0.3486486486486485,-0.3402702702702702
GPAA1,-0.181081081081081,0.0921621621621621
CPEB4,-0.8064864864864864,-0.7118918918918918
HSPA8P1,-0.9016216216216218,-0.4391891891891891
KCNA2,-0.5132432432432432,-0.3948648648648648
TMEM33,-0.5464864864864867,-0.4778378378378378
SMURF1,0.3983783783783784,0.33
RNA5SP60,-0.2256756756756757,-0.0491891891891892
HNRNPAB,-0.7124324324324324,-0.6810810810810811
PHF1,0.4497297297297297,0.3691891891891891
FLJ27354,0.3475675675675675,0.4691891891891891
POU2F1,0.209189189189189,0.2324324324324323
SOX5P1,-0.1794594594594595,-0.1351351351351351
COMT,-0.8437837837837838,-0.7751351351351351
ZSCAN18,0.2224324324324323,-0.0186486486486486
ATP7B,0.1664864864864864,0.3240540540540541
CDC7,-0.2440540540540541,-0.3810810810810811
TBXAS1,-2.0548648648648644,-2.8802702702702687
PLA2G7,-4.3808108108108135,-4.713783783783782
STT3B,-0.2162162162162158,-0.3729729729729728
TMED7-TICAM2,-0.3127027027027025,-0.3310810810810811
PRPS2,-0.2799999999999999,-0.5829729729729731
ITGA9,-0.2143243243243243,-0.2291891891891891
FAM175A,0.3459459459459461,-0.0413513513513514
TPI1,-0.267837837837838,-0.2724324324324326
PEX13,0.2764864864864864,0.0427027027027028
SELENBP1,0.3264864864864863,0.3421621621621621
C1DP5,-0.2283783783783783,-0.2835135135135134
TNFAIP6,-1.677027027027027,-1.774324324324325
SLC36A1,-0.7870270270270272,-0.6686486486486486
HIGD2A,0.2997297297297298,0.2797297297297297
TRIM44,-0.1683783783783785,-0.0032432432432434
S100A1,0.4856756756756756,1.1632432432432434
PHBP18,-0.1113513513513513,0.0318918918918918
TFAP4,0.2659459459459459,0.2321621621621621
KRBA2,0.2454054054054054,0.1448648648648649
UGDH,-0.4654054054054055,-0.6681081081081085
EIF5AP4,-0.4283783783783784,-0.1910810810810811
ZFAND1,0.8427027027027026,0.664864864864865
OR7E86P,0.2683783783783784,0.2748648648648648
MTND5P15,-0.2840540540540541,-0.1627027027027026
SASH1,-0.2232432432432433,-0.3297297297297297
PKN2,0.7467567567567565,0.5783783783783784
APOL1,-0.4321621621621622,-0.5713513513513515
TMEM200C,-0.0721621621621621,-0.0672972972972973
ZCCHC8,0.3891891891891893,0.2735135135135138
MARCO,-0.7854054054054055,-0.7624324324324324
HYAL3,-0.0921621621621621,-0.0294594594594594
CHSY3,-0.2678378378378379,-0.3902702702702703
LONP2,0.3537837837837838,0.4613513513513513
SLC25A37,-0.5116216216216216,-0.6967567567567567
FAM73A,0.3678378378378378,0.3691891891891891
SERPINB9,-0.7597297297297299,-0.8159459459459462
PNO1,-0.7648648648648646,-0.6518918918918918
SOD2,-0.874054054054054,-0.9854054054054054
TP53I13,0.3824324324324324,0.5297297297297295
OLAH,-0.1672972972972972,-0.0656756756756757
MAPKAPK2,-0.2935135135135133,-0.2216216216216213
MINOS1,-0.2308108108108107,-0.1259459459459459
NANS,-0.291081081081081,-0.3486486486486486
CTSH,-1.2129729729729726,-1.5681081081081083
SEMA3G,-0.8835135135135138,-0.8202702702702704
TFPI2,-1.0081081081081078,-0.7664864864864863
ADAMDEC1,-0.4445945945945945,-0.4824324324324323
MXRA8,-0.2345945945945945,-0.0872972972972972
DDX11L2,-0.2029729729729728,-0.1308108108108107
PHLDB2,0.9172972972972976,0.9313513513513514
ADAMTS5,-0.6924324324324328,-0.367027027027027
SZRD1,-0.3248648648648649,-0.2518918918918921
WASH2P,0.2302702702702704,0.334864864864865
RNA5SP128,0.2105405405405405,0.2843243243243244
CHKA,0.7854054054054052,0.9072972972972974
USP46,-0.3162162162162163,-0.3213513513513514
CCR10,0.1181081081081081,0.1497297297297297
CINP,0.2564864864864864,0.1516216216216214
RRP7A,0.346216216216216,0.2537837837837839
PRNP,-0.6513513513513514,-0.7732432432432432
MACF1,-0.5378378378378378,-0.3110810810810809
ACO1,0.1632432432432433,0.2199999999999999
GOLPH3L,0.2354054054054055,0.1783783783783781
PSME1,-0.1967567567567568,-0.4189189189189188
FBXO27,0.7305405405405405,0.674054054054054
CCL2,-2.0143243243243245,-2.490540540540541
TSGA10,0.8105405405405406,0.8251351351351349
IL6,-1.4191891891891888,-1.4224324324324322
ZNF805,0.2459459459459458,0.0213513513513512
USF1P1,0.1440540540540541,0.1162162162162162
LDHAP5,-0.5764864864864865,-0.0527027027027026
TMEM150C,0.294864864864865,-0.0175675675675673
RBMX,0.5856756756756757,0.2864864864864865
ITGAV,-1.2245945945945949,-1.0143243243243247
RANBP3L,-1.5924324324324322,-0.8667567567567568
HIST1H2AA,-0.2191891891891891,-0.0132432432432432
SDC3,-0.7875675675675676,-0.5481081081081082
ADGRF5P2,0.2867567567567567,0.2645945945945945
SLC39A8,-0.8375675675675673,-0.835945945945946
CCDC102B,-0.3756756756756757,-0.6470270270270271
RN7SL732P,-0.2264864864864866,0.05
EMC2,0.217027027027027,0.1394594594594595
CHRDL1,-0.4343243243243242,-0.5570270270270273
THUMPD3,-0.2937837837837836,-0.3267567567567568
DAND5,-0.1081081081081081,-0.0405405405405405
HSF2,0.3551351351351351,0.1402702702702703
FAM231B,0.1764864864864865,0.1654054054054054
WBSCR22,-0.2097297297297295,-0.1037837837837836
ZNF182,0.1710810810810812,-0.0381081081081081
NRGN,-0.2205405405405405,-0.2816216216216216
TXNDC5,-0.4567567567567569,-0.5524324324324326
CLMN,0.7772972972972975,0.9656756756756756
KRT8P33,0.2645945945945945,0.2256756756756756
ADGRB3,0.4202702702702703,0.2143243243243243
PODXL2,-0.2078378378378377,-0.2064864864864864
BDKRB2,-0.4656756756756758,-0.2251351351351352
AFF2,-1.2505405405405403,-0.2391891891891892
SIGLEC1,-0.5859459459459457,-0.6632432432432432
LYRM2,-0.3835135135135134,-0.3086486486486484
MAPK14,0.3745945945945946,0.3240540540540541
DPH2,-0.2116216216216216,-0.1875675675675676
SLC10A6,0.4840540540540538,0.0078378378378378
MESDC2,0.2043243243243244,0.1394594594594594
BTNL9,0.4086486486486487,0.5605405405405406
PI4KB,-0.2967567567567569,-0.2405405405405407
ANKRD13A,-0.3186486486486487,-0.3124324324324325
SLC6A8,0.541891891891892,1.4713513513513512
AKR1A1,-0.4408108108108107,-0.4816216216216214
SCARB1,-0.8829729729729731,-0.6064864864864864
SHISA6,0.206216216216216,0.2124324324324323
LONRF3,-0.444054054054054,-0.5921621621621622
MTCYBP5,0.1621621621621621,0.2102702702702702
BMS1P4,0.3854054054054054,0.3248648648648649
ABCC6P1,-0.5089189189189188,-0.1770270270270269
AGO3,0.3332432432432431,0.3667567567567567
TPR,0.1491891891891894,0.1062162162162161
MAP2K3,-0.3151351351351353,-0.1137837837837838
RNF103-CHMP3,-0.2972972972972972,-0.2805405405405403
RRP7BP,0.1556756756756757,0.1962162162162162
ALDOAP2,-0.1748648648648648,0.1310810810810812
FAM234A,-0.1864864864864864,-0.0578378378378379
EPCAM,-0.3478378378378379,-0.4270270270270269
SH3RF3,-0.3532432432432432,-0.2137837837837838
PCDHB15,0.2156756756756757,-0.0262162162162162
TRAPPC2P2,0.2532432432432431,0.2699999999999999
TOMM7,0.6135135135135132,0.3483783783783784
HAAO,0.2024324324324324,0.0354054054054054
PKDCC,0.2816216216216216,0.2351351351351349
NONO,0.2783783783783782,0.261351351351351
IFNA17,0.2118918918918919,0.1267567567567566
ASCC1,0.2402702702702702,0.2397297297297296
MAN2A2,0.3108108108108109,0.3813513513513512
RN7SL519P,0.1205405405405405,-0.0132432432432432
GNAI2P1,-0.4621621621621622,-0.2518918918918919
MICB,-0.365945945945946,-0.3035135135135136
AES,-0.6002702702702702,-0.1197297297297297
NAA50,-0.2405405405405406,-0.2043243243243246
RBX1,-0.3997297297297298,-0.4700000000000001
SLC16A7,0.917027027027027,1.145945945945946
GLB1L,-0.2472972972972973,-0.2345945945945945
NIP7,-0.4183783783783786,-0.4351351351351352
ND2,-0.1640540540540541,0.031351351351351
INSM1,-0.2067567567567567,-0.1167567567567567
IKZF5,0.363783783783784,0.2832432432432435
TSR3,-0.3162162162162161,-0.4010810810810811
PKD1L2,1.8510810810810812,1.694594594594594
NOX4,-0.437027027027027,-0.4354054054054054
SPCS3,-0.6351351351351351,-0.7456756756756756
SHC1P2,-0.2864864864864865,-0.1399999999999999
CNOT3,0.2270270270270269,0.3027027027027026
HDAC4,0.4294594594594594,0.2254054054054054
C2,-0.9921621621621618,-1.0116216216216218
CTPS1,-0.4927027027027026,-0.3756756756756754
STRAP,-0.2732432432432433,-0.1043243243243242
OR52B3P,0.114054054054054,0.0494594594594594
BMP2K,-1.471081081081081,-1.4308108108108109
HNRNPDL,0.5986486486486486,0.3767567567567566
GCH1,-0.3502702702702704,-0.3356756756756755
PDP2,0.48,0.4824324324324324
FKBP2,-0.3983783783783783,-0.128918918918919
CRTC3,0.4127027027027027,0.4235135135135136
POLR2J,0.0999999999999999,0.0843243243243243
RSL24D1P3,0.1913513513513513,0.2181081081081082
BABAM1,-0.2702702702702701,-0.1043243243243242
ITGAL,-0.3454054054054054,-0.513783783783784
CRYBB2P1,0.3556756756756757,0.2805405405405406
THNSL1,0.2856756756756757,0.1537837837837838
SPI1,-1.6124324324324326,-1.9967567567567568
C1QC,-2.391351351351352,-3.0105405405405405
ADAMTS10,-0.3097297297297295,-0.2002702702702702
OR7E28P,-0.2256756756756756,-0.0275675675675676
SBDSP1,-0.2913513513513512,-0.1302702702702702
N4BP2L2,0.5683783783783783,0.3264864864864863
CNTN1,0.3059459459459461,0.1367567567567568
WHSC1L1,0.5654054054054053,0.4700000000000001
EVL,-0.6397297297297296,-0.6394594594594597
P2RX2,-0.1505405405405404,-0.1367567567567567
NRDC,0.16,0.3237837837837836
TSSK1A,0.1051351351351351,0.0399999999999999
BPGM,-0.6808108108108111,-0.7386486486486488
BNC2,0.6621621621621618,0.4064864864864862
MED6,0.4356756756756758,0.2737837837837839
TAS2R12,0.3767567567567568,0.1345945945945946
GAS5,0.8324324324324324,0.3897297297297296
GSPT1,-0.5062162162162164,-0.3208108108108107
ZNF227,0.2694594594594595,-0.0321621621621622
FKBP9,-0.4878378378378379,-0.3748648648648649
FAM115B,0.8643243243243243,0.8591891891891893
USPL1,0.3424324324324325,0.2045945945945946
MIB1,0.2059459459459459,0.2537837837837836
SLC25A19,-0.6848648648648648,-0.6040540540540539
OR11H1,0.1505405405405405,0.0527027027027026
SUMO1P3,-0.2508108108108108,-0.2486486486486486
HRCT1,-0.3994594594594594,-0.0656756756756757
ATF3,-0.905945945945946,-1.0070270270270267
DPH7,0.1810810810810811,-0.0032432432432433
HSP90AA1,-0.3762162162162162,-0.1764864864864864
HBG2,-0.8259459459459458,-0.9254054054054056
CNBP,0.3540540540540541,0.1686486486486487
METTL1,-0.411081081081081,-0.3248648648648649
RALGAPB,-0.1648648648648652,-0.0532432432432433
LAMTOR5,-0.1932432432432433,-0.084054054054054
RBFOX2,0.2762162162162162,0.0975675675675676
XPOT,-0.5921621621621621,-0.3872972972972973
RNF170,0.295945945945946,0.3427027027027027
AAK1,-0.4800000000000001,-0.4886486486486487
RABGGTA,-1.0983783783783785,-0.9089189189189192
DYNLL1P4,-0.2591891891891891,-0.0954054054054054
TRMT11,0.3332432432432431,0.274054054054054
CLIP4,0.4370270270270269,0.3862162162162162
TUBA3GP,-0.1981081081081081,-0.1881081081081081
DNAL1,-0.3499999999999998,-0.2213513513513514
AEBP2,0.2372972972972974,0.0710810810810813
THYN1,0.6186486486486487,0.5432432432432431
SLAMF6,-1.0286486486486486,-1.1689189189189189
MAL2,-0.665945945945946,0.1340540540540542
MSANTD4,-0.3251351351351348,-0.3702702702702701
DUSP10,-1.0294594594594593,-0.7775675675675675
TMEM37,-0.2532432432432432,-0.3151351351351349
PRDM10,-0.1781081081081081,-0.0797297297297297
LAMA3,0.3005405405405403,-0.0291891891891892
ZFP82,0.2051351351351351,0.058108108108108
LPXN,-1.3308108108108108,-1.62
TMEM233,-0.2459459459459459,-0.0972972972972973
SLC7A1,-0.5137837837837838,-0.6835135135135133
E2F4,-0.3343243243243242,-0.1959459459459458
ASPG,0.0989189189189189,0.0502702702702703
ADCY6,0.5889189189189189,0.634054054054054
SHC1,-0.2516216216216216,-0.1529729729729729
QSER1,0.426756756756757,0.3278378378378381
CDK19,0.2397297297297296,-0.0189189189189191
SP1,0.4056756756756757,0.4735135135135136
GPR65,-1.4405405405405411,-1.7175675675675677
PMM1,0.8881081081081081,0.7537837837837837
CCNK,-0.17,-0.1902702702702702
SNTB2,0.1399999999999999,-0.0091891891891892
EFTUD2,-0.3372972972972973,-0.1635135135135136
APPBP2,0.5143243243243247,0.3975675675675677
CYCSP10,0.5645945945945947,0.7489189189189188
TNFSF8,-0.994054054054054,-1.2716216216216212
ATL3,-0.7170270270270273,-0.519189189189189
SEL1L,-0.6075675675675679,-0.6243243243243244
AUP1,-0.2005405405405405,-0.2462162162162161
TPM3P7,-0.3956756756756758,-0.3705405405405406
UQCRH,0.3235135135135133,0.4351351351351351
IL24,-0.1621621621621621,-0.0891891891891891
MTMR4,0.3267567567567566,0.2216216216216215
KRR1,0.2681081081081081,0.068108108108108
IFITM3,-0.5116216216216223,-0.6016216216216218
BTBD3,-0.2462162162162162,-0.1562162162162162
MLYCD,0.5291891891891891,0.5251351351351351
ZNF211,0.2313513513513513,-0.0021621621621621
ZGRF1,-0.4075675675675675,-0.2675675675675675
MYO1G,-0.2524324324324324,-0.3308108108108107
RARRES1,-1.3664864864864867,-1.5424324324324323
TXNRD1,-1.2843243243243243,-1.1837837837837837
CXCL1,-0.4148648648648649,-0.3397297297297297
ODC1,-0.5740540540540542,-0.5516216216216215
APOBEC3H,-0.214054054054054,-0.148108108108108
PYHIN1,-0.4454054054054054,-0.6518918918918921
ADAM33,0.2056756756756755,0.1435135135135134
DAGLB,-0.1554054054054054,-0.3008108108108108
OR7E163P,0.1883783783783784,0.2591891891891891
MCOLN3,0.8848648648648649,1.3459459459459455
FAM185A,0.2818918918918918,0.3486486486486487
HMGB1P47,0.2164864864864864,0.2043243243243243
NF2,-0.2878378378378379,-0.3143243243243243
FAM161B,0.2905405405405404,0.247027027027027
DCTN4,0.2478378378378379,0.2232432432432433
AKAP2,-0.2381081081081081,0.0010810810810811
FZD1,-0.5267567567567567,-0.5167567567567566
SNRPGP2,-0.2283783783783782,-0.0235135135135134
SNRNP48,0.2170270270270269,-0.007027027027027
THEMIS2,-0.7686486486486487,-0.912972972972973
CYP3A5,0.7978378378378379,0.7937837837837837
ELOVL1,-0.6194594594594595,-0.4002702702702702
OR4B1,0.1454054054054054,0.0586486486486486
MYADML,-0.1451351351351351,0.0627027027027026
TRIM73,0.2913513513513512,0.2224324324324324
EBLN3,0.2745945945945947,0.2054054054054054
TSPY21P,0.1670270270270269,0.0824324324324324
GANC,0.2475675675675677,0.2291891891891892
YPEL3,0.4010810810810811,0.3148648648648647
MAP3K5,1.3875675675675674,1.0470270270270272
DNAJB4,-0.24,-0.1548648648648648
CFI,-0.3543243243243243,-0.5718918918918919
TMED1,-0.1948648648648648,-0.2048648648648647
RNA5SP343,0.3124324324324323,0.3351351351351349
CHI3L1,-4.381351351351353,-4.18162162162162
DNMT1,-0.3872972972972973,-0.3524324324324324
PRC1,-0.3078378378378378,-0.3356756756756758
CAPN11,0.2672972972972972,0.1748648648648648
PRRG3,0.2256756756756756,0.0708108108108107
NDUFB4P10,0.1572972972972972,0.115135135135135
MVB12A,-0.2516216216216216,-0.2818918918918919
HLA-DRB6,-0.8194594594594599,-0.7351351351351352
RFTN2,0.6502702702702703,0.2208108108108108
EI24P2,-0.1243243243243243,0.0954054054054053
OTUD5,0.1978378378378377,0.2445945945945946
PTX3,-0.3854054054054054,-0.2740540540540541
STRADB,0.2651351351351352,0.2597297297297297
SLC4A7,-0.807027027027027,-0.9564864864864864
CYTH1,-0.625135135135135,-0.8345945945945946
CRYZ,0.2010810810810809,0.3559459459459458
TAF7,0.3172972972972973,0.2659459459459459
SSC4D,-0.3227027027027028,-0.302972972972973
CHMP2B,-0.1516216216216216,-0.1256756756756756
TBC1D1,-0.3332432432432431,-0.2456756756756757
MBNL2,-0.1951351351351353,-0.1297297297297297
KRI1,0.1235135135135134,-0.001081081081081
DOK2,-1.708648648648649,-1.9
DEFB130,0.1689189189189189,0.2302702702702702
EPHB2,-0.86972972972973,-0.7478378378378379
MMRN1,-0.4129729729729731,-0.3867567567567568
PWWP2A,0.2548648648648648,0.1564864864864865
CBWD1,-0.357837837837838,-0.2567567567567567
RNY5,1.172432432432433,-0.0889189189189186
ASAH1,-1.2559459459459466,-0.9162162162162164
OSR2,0.3805405405405406,0.6313513513513517
PTS,-0.2451351351351351,0.064054054054054
TANGO2,-0.2343243243243242,-0.2862162162162163
ZNF414,-0.1964864864864865,-0.1267567567567568
HNRNPA1P2,0.208108108108108,0.1659459459459459
RNA5SP130,0.2586486486486485,0.3721621621621621
CCNB1IP1P1,0.2248648648648648,0.2848648648648647
TYRO3P,0.2656756756756755,0.3078378378378378
CFAP206,-0.1927027027027026,-0.2029729729729729
PTPRK,0.3897297297297295,0.435945945945946
H1FX,0.2391891891891892,0.2821621621621622
C1GALT1C1,-0.2813513513513515,-0.2889189189189191
RSBN1L,0.3956756756756755,0.1283783783783781
RNASE2,-0.4594594594594595,-0.6062162162162164
P2RY14,-1.2381081081081078,-1.7243243243243245
MAOB,0.9410810810810812,0.9229729729729728
ANKRD20A12P,0.7705405405405404,0.5013513513513512
ZNF708,0.2997297297297295,0.2551351351351349
GOLGA8G,0.1502702702702703,0.1237837837837838
U6,0.3705405405405406,0.3635135135135135
DNLZ,-0.1905405405405405,-0.2329729729729729
SLC25A43,-0.6381081081081079,-0.5494594594594592
CBR1,-0.6991891891891894,-0.9021621621621624
PARP11,-0.2297297297297297,-0.3364864864864866
WDSUB1,0.402972972972973,0.2891891891891892
BRWD1-IT2,-0.1437837837837838,0.0491891891891892
PRR13,-0.2221621621621621,-0.1356756756756757
RASGRF2,-0.1927027027027025,0.1245945945945945
PLIN3,-0.4264864864864866,-0.644864864864865
KIAA0125P1,0.2202702702702703,0.1286486486486487
AGO4,-0.3108108108108108,-0.3345945945945946
PWRN1,0.3199999999999999,0.5062162162162162
PHIP,0.7113513513513512,0.6718918918918919
TRBV12-3,-0.1113513513513513,-0.0464864864864864
SRGAP2,-0.5210810810810811,-0.4521621621621621
DHFR,0.4875675675675677,0.7970270270270271
PRKCE,0.3199999999999999,0.252162162162162
ATF7,0.6859459459459458,0.7635135135135139
RN7SL868P,0.1472972972972973,0.1278378378378378
FZD5,-0.2264864864864865,-0.0862162162162162
RNF213,-0.2754054054054053,-0.3175675675675675
SET,-0.2656756756756754,-0.2613513513513513
REXO2,-0.6554054054054053,-0.6297297297297295
ENTPD4,-0.3435135135135136,-0.2945945945945946
STAT3,-1.0186486486486488,-0.7648648648648649
TMEM232,0.1848648648648649,0.2202702702702702
CARD16,-0.5281081081081083,-0.7386486486486488
MORF4L1P1,-0.2570270270270269,-0.3556756756756755
DISC1FP1,0.3029729729729731,0.2770270270270271
ANAPC10,0.1967567567567567,0.0943243243243243
RNA5SP513,0.3132432432432432,0.5670270270270268
